time_s,tilt_deg,rate_dps,arm_l,arm_r,target_l,target_r,torque_l,torque_r,phase,supported,wheel_rad_s
0.0,87.5,0.0,0.0,0.0,0.0,0.0,0.0,0.0,1,0.0,0
0.02,87.5,0.0,0.0,0.0,0.0,0.0,0.0,-0.0,1,0.0,0
0.04,87.5,0.0,0.0,0.0,0.0,0.0,0.0,-0.0,1,0.0,0
0.06,87.5,0.0,0.0,0.0,0.0,0.0,0.0,-0.0,1,0.0,0
0.08,87.5,0.0,0.0,0.0,0.0,0.0,0.0,-0.0,1,0.0,0
0.1,87.5,0.0,0.0,0.0,0.0,0.0,0.0,-0.0,1,0.0,0
0.12,87.5,0.0,0.0,0.0,0.0,0.0,0.0,-0.0,1,0.0,0
0.14,87.5,0.0,0.0,0.0,0.0,0.0,0.0,-0.0,1,0.0,0
0.16,87.5,0.0,0.0,0.0,0.0,0.0,0.0,-0.0,1,0.0,0
0.18,87.5,0.0,0.0,0.0,0.0,0.0,0.0,-0.0,1,0.0,0
0.2,87.5,0.0,0.0,0.0,0.0,0.0,0.0,-0.0,1,0.0,0
0.22,87.5,0.0,0.0,0.0,0.0,0.0,0.0,-0.0,1,0.0,0
0.24,87.5,0.0,0.0,0.0,0.0,0.0,0.0,-0.0,1,0.0,0
0.26,87.5,0.0,0.0,0.0,0.0,0.0,0.0,-0.0,1,0.0,0
0.28,87.5,0.0,0.0,0.0,0.0,0.0,0.0,-0.0,1,0.0,0
0.3,87.5,0.0,0.0,0.0,0.0,0.0,0.0,-0.0,1,0.0,0
0.32,87.5,0.0,0.0,0.0,0.0,0.0,0.0,-0.0,1,0.0,0
0.34,87.5,0.0,0.0,0.0,0.0,0.0,0.0,-0.0,1,0.0,0
0.36,87.5,0.0,0.0,0.0,0.0,0.0,0.0,-0.0,1,0.0,0
0.38,87.5,0.0,0.0,0.0,0.0,0.0,0.0,-0.0,1,0.0,0
0.4,87.5,0.0,0.0,0.0,0.0,0.0,0.0,-0.0,1,0.0,0
0.42,87.5,0.0,0.0,0.0,0.0,0.0,0.0,-0.0,1,0.0,0
0.44,87.5,0.0,0.0,0.0,0.0,0.0,0.0,-0.0,1,0.0,0
0.46,87.5,0.0,0.0,0.0,0.0,0.0,0.0,-0.0,1,0.0,0
0.48,87.5,0.0,0.0,0.0,0.0,0.0,0.0,-0.0,2,0.0,0
0.5,87.5,0.0,0.0,0.0,-0.004999999888241291,0.004999999888241291,0.0,-0.0,2,0.0,0
0.52,87.50000906839296,0.0010522999901047775,-0.00112150057622148,0.00112150057622148,-0.009999999776482582,0.009999999776482582,0.0002018700614023929,-0.0002018700614023929,2,0.0,0
0.54,87.50006423282272,0.004473780234199609,-0.003112949014548776,0.003112949014548776,-0.014999999664723873,0.014999999664723873,0.0005603299176427684,-0.0005603299176427684,2,0.0,0
0.56,87.50022173303489,0.010978311661768207,-0.005779215904893543,0.005779215904893543,-0.019999999552965164,0.019999999552965164,0.0010402530722312107,-0.0010402530722312107,2,0.0,0
0.58,87.50054708085652,0.020857464271125156,-0.008968939387316082,0.008968939387316082,-0.02499999850988388,0.02499999850988388,0.0016143874454552587,-0.0016143874454552587,2,0.0,0
0.6,87.50110818964376,0.03411465416185545,-0.012564707876367853,0.012564707876367853,-0.029999997466802597,0.029999997466802597,0.0022615879097928095,-0.0022615879097928095,2,0.0,0
0.62,87.50197077284578,0.050563931990219205,-0.016475445428231834,0.016475445428231834,-0.034999996423721313,0.034999996423721313,0.002965446015906073,-0.002965446015906073,2,0.0,0
0.64,87.50319540496818,0.06990200936363052,-0.02063050444424177,0.02063050444424177,-0.03999999538064003,0.03999999538064003,0.003713227384325325,-0.003713227384325325,2,0.0,0
0.66,87.50483578667671,0.09176010994020252,-0.024975083590608158,0.024975083590608158,-0.044999994337558746,0.044999994337558746,0.004495047711036469,-0.004495047711036469,2,0.0,0
0.68,87.50693786943549,0.11574068318202513,-0.02946667347930077,0.02946667347930077,-0.04999999329447746,0.04999999329447746,0.005303233695615393,-0.005303233695615393,2,0.0,0
0.7000000000000001,87.50953958189515,0.14144282541870784,-0.034072299583136664,0.034072299583136664,-0.05499999225139618,0.05499999225139618,0.006131827335788253,-0.006131827335788253,2,0.0,0
0.72,87.51267096641874,0.16847933502303403,-0.03876638356534543,0.03876638356534543,-0.059999991208314896,0.059999991208314896,0.006976201391660853,-0.006976201391660853,2,0.0,0
0.74,87.51635458442962,0.196487623232699,-0.043529084313170305,0.043529084313170305,-0.06499999016523361,0.06499999016523361,0.007832761068083309,-0.007832761068083309,2,0.0,0
0.76,87.52060608737244,0.225136160986389,-0.04834501107783187,0.04834501107783187,-0.06999999284744263,0.06999999284744263,0.00869871257317835,-0.00869871257317835,2,0.0,0
0.78,87.52543487884691,0.25412772834799735,-0.05320222609293591,0.05320222609293591,-0.07499999552965164,0.07499999552965164,0.009571883705940068,-0.009571883705940068,2,0.0,0
0.8,87.53084481507734,0.28320041314631267,-0.05809146839894293,0.05809146839894293,-0.07999999821186066,0.07999999821186066,0.010450584207384555,-0.010450584207384555,2,0.0,0
0.8200000000000001,87.53683490699946,0.3121270670532063,-0.06300555427065185,0.06300555427065185,-0.08500000089406967,0.08500000089406967,0.011333497863671785,-0.011333497863671785,2,0.0,0
0.84,87.54339999927785,0.34071374278177746,-0.0679389112932881,0.0679389112932881,-0.09000000357627869,0.09000000357627869,0.01221959864351923,-0.01221959864351923,2,0.0,0
0.86,87.55053141037372,0.3687974947679519,-0.07288721694538118,0.07288721694538118,-0.0950000062584877,0.0950000062584877,0.013108085633791884,-0.013108085633791884,2,0.0,0
0.88,87.5582175242048,0.39624382093419525,-0.07784711824754623,0.07784711824754623,-0.10000000894069672,0.10000000894069672,0.013998332560387542,-0.013998332560387542,2,0.0,0
0.9,87.56644432856066,0.4229439436423217,-0.08281601429407766,0.08281601429407766,-0.10500001162290573,0.10500001162290573,0.014889848625642464,-0.014889848625642464,2,0.0,0
0.92,87.57519589869979,0.44881206840490656,-0.08779188756273237,0.08779188756273237,-0.11000001430511475,0.11000001430511475,0.015782248125967055,-0.015782248125967055,2,0.0,0
0.9400000000000001,87.58445482680615,0.4737827146093927,-0.09277317306174908,0.09277317306174908,-0.11500001698732376,0.11500001698732376,0.016675226881755375,-0.016675226881755375,2,0.0,0
0.96,87.59420259948367,0.49780817977475283,-0.0977586568272067,0.0977586568272067,-0.12000001966953278,0.12000001966953278,0.01756854395259921,-0.01756854395259921,2,0.0,0
0.98,87.60441992641489,0.5208561749113109,-0.1027473971874377,0.1027473971874377,-0.1250000149011612,0.1250000149011612,0.01846200745301944,-0.01846200745301944,2,0.0,0
1.0,87.61508702384444,0.5429076496761294,-0.10773866201667659,0.10773866201667659,-0.1300000101327896,0.1300000101327896,0.019355463250377593,-0.019355463250377593,2,0.0,0
1.02,87.62618385681941,0.5639548195798151,-0.11273188507622138,0.11273188507622138,-0.13500000536441803,0.13500000536441803,0.020248787095524915,-0.020248787095524915,2,0.0,0
1.04,87.63769034423329,0.5839993919928403,-0.11772662713477892,0.11772662713477892,-0.14000000059604645,0.14000000059604645,0.021141877620657033,-0.021141877620657033,2,0.0,0
1.06,87.64958653054299,0.6030509828474372,-0.12272254748068799,0.12272254748068799,-0.14499999582767487,0.14499999582767487,0.02203465120759226,-0.02203465120759226,2,0.0,0
1.08,87.66185272788813,0.6211257155021609,-0.12771938182395395,0.12771938182395395,-0.14999999105930328,0.14999999105930328,0.022927038007477855,-0.022927038007477855,2,0.0,0
1.1,87.67446963211883,0.6382449893460307,-0.13271692515485972,0.13271692515485972,-0.1549999862909317,0.1549999862909317,0.023818978853679947,-0.023818978853679947,2,0.0,0
1.12,87.68741841597507,0.6544344045631153,-0.13771501844739245,0.13771501844739245,-0.15999998152256012,0.15999998152256012,0.02471042286751473,-0.02471042286751473,2,0.0,0
1.1400000000000001,87.70068080238423,0.6697228290887914,-0.14271353834509307,0.14271353834509307,-0.16499997675418854,0.16499997675418854,0.025601325601401402,-0.025601325601401402,2,0.0,0
1.16,87.71423912056373,0.6841415939318032,-0.14771238916037108,0.14771238916037108,-0.16999997198581696,0.16999997198581696,0.02649164759887099,-0.02649164759887099,2,0.0,0
1.18,87.72807634734608,0.6977238035360992,-0.15271149666837416,0.15271149666837416,-0.17499996721744537,0.17499996721744537,0.027381353277904526,-0.027381353277904526,2,0.0,0
1.2,87.74217613588343,0.7105037485853613,-0.1577108032928931,0.1577108032928931,-0.1799999624490738,0.1799999624490738,0.028270410065051474,-0.028270410065051474,2,0.0,0
1.22,87.75652283364724,0.7225164095165698,-0.16271026437206954,0.16271026437206954,-0.1849999576807022,0.1849999576807022,0.029158787724053115,-0.029158787724053115,2,0.0,0
1.24,87.77110149141403,0.7337970399399508,-0.1677098452617052,0.1677098452617052,-0.18999995291233063,0.18999995291233063,0.030046457835319684,-0.030046457835319684,2,0.0,0
1.26,87.78589786472314,0.7443808201123175,-0.17270951908829968,0.17270951908829968,-0.19499994814395905,0.19499994814395905,0.030933393392403627,-0.030933393392403627,2,0.0,0
1.28,87.80089840910554,0.7543025715470093,-0.17770926500608192,0.17770926500608192,-0.19999994337558746,0.19999994337558746,0.03181956848920786,-0.03181956848920786,2,0.0,0
1.3,87.81609027021494,0.7635965247433948,-0.18270906684498983,0.18270906684498983,-0.20499993860721588,0.20499993860721588,0.032704958077560804,-0.032704958077560804,2,0.0,0
1.32,87.83146126984137,0.7722961328686606,-0.1877089120619082,0.1877089120619082,-0.2099999338388443,0.2099999338388443,0.03358953777936072,-0.03358953777936072,2,0.0,0
1.34,87.84699988865377,0.7804339250158031,-0.19270879092714405,0.19270879092714405,-0.21499992907047272,0.21499992907047272,0.03447328374103747,-0.03447328374103747,2,0.0,0
1.36,87.86269524639782,0.7880413933905716,-0.19770869589337578,0.19770869589337578,-0.21999992430210114,0.21999992430210114,0.03535617252082969,-0.03535617252082969,2,0.0,0
1.3800000000000001,87.87853708017109,0.7951489094458668,-0.20270862110614685,0.20270862110614685,-0.22499991953372955,0.22499991953372955,0.03623818100150817,-0.03623818100150817,2,0.0,0
1.4000000000000001,87.89451572130386,0.8017856645851985,-0.20770856202415602,0.20770856202415602,-0.22999991476535797,0.22999991476535797,0.03711928632283083,-0.03711928632283083,2,0.0,0
1.42,87.91062207129315,0.8079796316008032,-0.21270851512471653,0.21270851512471653,-0.2349999099969864,0.2349999099969864,0.03799946582929746,-0.03799946582929746,2,0.0,0
1.44,87.92684757716627,0.8137575434991496,-0.21770847767528065,0.21770847767528065,-0.2399999052286148,0.2399999052286148,0.03887869702976734,-0.03887869702976734,2,0.0,0
1.46,87.9431842065882,0.8191448868015649,-0.22270844755621141,0.22270844755621141,-0.24499990046024323,0.24499990046024323,0.039756957566275036,-0.039756957566275036,2,0.0,0
1.48,87.95962442297323,0.8241659067943675,-0.2277084231233067,0.2277084231233067,-0.24999989569187164,0.24999989569187164,0.040634225189977585,-0.040634225189977585,2,0.0,0
1.5,87.97616116081477,0.8288436225452116,-0.23270840310115914,0.23270840310115914,-0.25499990582466125,0.25499990582466125,0.04151047774263085,-0.04151047774263085,2,0.0,0
1.52,87.99278780143413,0.8331998529408986,-0.2377083898427676,0.2377083898427676,-0.2599999010562897,0.2599999010562897,0.04238569372705462,-0.04238569372705462,2,0.0,0
1.54,88.00949814926258,0.8372552403759557,-0.24270837848868856,0.24270837848868856,-0.2649998962879181,0.2649998962879181,0.043259850409692116,-0.043259850409692116,2,0.0,0
1.56,88.02628640865217,0.8410292845763628,-0.2477083686117845,0.2477083686117845,-0.2699998915195465,0.2699998915195465,0.04413292586100987,-0.04413292586100987,2,0.0,0
1.58,88.04314716149042,0.8445403834984629,-0.25270835988072493,0.25270835988072493,-0.2749998867511749,0.2749998867511749,0.04500489819553983,-0.04500489819553983,2,0.0,0
1.6,88.06007534561502,0.8478058736800468,-0.2577083520384968,0.2577083520384968,-0.27999988198280334,0.27999988198280334,0.045875745568594535,-0.045875745568594535,2,0.0,0
1.62,88.0770662340583,0.8508420724978718,-0.26270834488573497,0.26270834488573497,-0.28499987721443176,0.28499987721443176,0.04674544617384301,-0.04674544617384301,2,0.0,0
1.6400000000000001,88.09411541515146,0.8536643216169171,-0.2677083382677922,0.2677083382677922,-0.2899998724460602,0.2899998724460602,0.04761397824155371,-0.04761397824155371,2,0.0,0
1.6600000000000001,88.1112187735053,0.8562870310359314,-0.27270833206470846,0.27270833206470846,-0.2949998676776886,0.2949998676776886,0.048481320037354336,-0.048481320037354336,2,0.0,0
1.68,88.1283724718737,0.8587237232365106,-0.27770832618343083,0.27770832618343083,-0.299999862909317,0.299999862909317,0.04934744986139219,-0.04934744986139219,2,0.0,0
1.7,88.14557293389738,0.8609870770315449,-0.28270832055177814,0.28270832055177814,-0.30499985814094543,0.30499985814094543,0.05021234604780476,-0.05021234604780476,2,0.0,0
1.72,88.16281682771806,0.8630889707849101,-0.28770831511375944,0.28770831511375944,-0.30999985337257385,0.30999985337257385,0.05107598696443062,-0.05107598696443062,2,0.0,0
1.74,88.18010105044723,0.8650405247395119,-0.29270830982594276,0.29270830982594276,-0.31499984860420227,0.31499984860420227,0.05193835101270649,-0.05193835101270649,2,0.0,0
1.76,88.19742271346956,0.8668521422463015,-0.29770830465463766,0.29770830465463766,-0.3199998438358307,0.3199998438358307,0.052799416627708096,-0.052799416627708096,2,0.0,0
1.78,88.21477912855694,0.86853354973435,-0.3027082995737105,0.3027082995737105,-0.3249998390674591,0.3249998390674591,0.053659162278302745,-0.053659162278302745,2,0.0,0
1.8,88.23216779476645,0.8700938353021703,-0.3077082945628896,0.3077082945628896,-0.3299998342990875,0.3299998342990875,0.05451756646738797,-0.05451756646738797,2,0.0,0
1.82,88.24958638609394,0.8715414858443934,-0.3127082896064502,0.3127082896064502,-0.33499982953071594,0.33499982953071594,0.055374607732196685,-0.055374607732196685,2,0.0,0
1.84,88.26703273985298,0.8728844226563441,-0.31770828469219436,0.31770828469219436,-0.33999982476234436,0.33999982476234436,0.05623026464465382,-0.05623026464465382,2,0.0,0
1.86,88.28450484574854,0.8741300354829404,-0.3227082798106604,0.3227082798106604,-0.3449998199939728,0.3449998199939728,0.05708451581177268,-0.05708451581177268,2,0.0,0
1.8800000000000001,88.30200083561402,0.8752852149979768,-0.3277082749545088,0.3277082749545088,-0.3499998152256012,0.3499998152256012,0.05793733987608168,-0.05793733987608168,2,0.0,0
1.9000000000000001,88.31951897377994,0.8763563837162555,-0.3327082701180463,0.3327082701180463,-0.3549998104572296,0.3549998104572296,0.058788715516074515,-0.058788715516074515,2,0.0,0
1.92,88.3370576480438,0.8773495253542754,-0.3377082652968566,0.3377082652968566,-0.35999980568885803,0.35999980568885803,0.05963862144667849,-0.05963862144667849,2,0.0,0
1.94,88.35461536120967,0.8782702126657869,-0.342708260487514,0.342708260487514,-0.36499980092048645,0.36499980092048645,0.060487036419736205,-0.060487036419736205,2,0.0,0
1.96,88.37219072316773,0.8791236337872835,-0.34770825568736125,0.34770825568736125,-0.36999979615211487,0.36999979615211487,0.06133393922449799,-0.06133393922449799,2,0.0,0
1.98,88.38978244348432,0.8799146171350085,-0.35270825089433694,0.35270825089433694,-0.3749997913837433,0.3749997913837433,0.06217930868812188,-0.06217930868812188,2,0.0,0
2.0,88.40738932447418,0.8806476549001682,-0.3577082461068423,0.3577082461068423,-0.3799997866153717,0.3799997866153717,0.06302312367617967,-0.06302312367617967,2,0.0,0
2.02,88.42501025472718,0.8813269251928175,-0.36270824132363694,0.36270824132363694,-0.3849997818470001,0.3849997818470001,0.06386536309316705,-0.06386536309316705,2,0.0,0
2.04,88.4426442030634,0.8819563128875098,-0.36770823654375884,0.36770823654375884,-0.38999977707862854,0.38999977707862854,0.06470600588301709,-0.06470600588301709,2,0.0,0
2.06,88.46029021289075,0.8825394292254366,-0.3727082317664616,0.3727082317664616,-0.39499977231025696,0.39499977231025696,0.06554503102961566,-0.06554503102961566,2,0.0,0
2.08,88.47794739694162,0.8830796302287333,-0.3777082269911664,0.3777082269911664,-0.3999997675418854,0.3999997675418854,0.06638241755731854,-0.06638241755731854,2,0.0,0
2.1,88.49561493236452,0.8835800339827947,-0.38270822221742423,0.38270822221742423,-0.4049997627735138,0.4049997627735138,0.06721814453146917,-0.06721814453146917,2,0.0,0
2.12,88.51329205614945,0.8840435368422165,-0.38770821744488665,0.38770821744488665,-0.4099997580051422,0.4099997580051422,0.06805219105891698,-0.06805219105891698,2,0.0,0
2.14,88.53097806086578,0.8844728286152017,-0.3927082126732834,0.3927082126732834,-0.41499975323677063,0.41499975323677063,0.06888453628853587,-0.06888453628853587,2,0.0,0
2.16,88.54867229069279,0.8848704067801884,-0.3977082079024051,0.3977082079024051,-0.41999974846839905,0.41999974846839905,0.06971515941174247,-0.06971515941174247,2,0.0,0
2.18,88.56637413772414,0.8852385897871795,-0.40270820313208905,0.40270820313208905,-0.42499974370002747,0.42499974370002747,0.07054403966301391,-0.07054403966301391,2,0.0,0
2.2,88.58408303852862,0.8855795294945839,-0.40770819836220906,0.40770819836220906,-0.4299997389316559,0.4299997389316559,0.07137115632040515,-0.07137115632040515,2,0.0,0
2.22,88.60179847095036,0.8858952227907283,-0.41270819359266747,0.41270819359266747,-0.4349997341632843,0.4349997341632843,0.07219648870606571,-0.07219648870606571,2,0.0,0
2.24,88.61951995113273,0.8861875224473389,-0.4177081888233883,0.4177081888233883,-0.4399997293949127,0.4399997293949127,0.07302001618675547,-0.07302001618675547,2,0.0,0
2.2600000000000002,88.63724703075115,0.8864581472503855,-0.42270818405431276,0.42270818405431276,-0.44499972462654114,0.44499972462654114,0.0738417181743596,-0.0738417181743596,2,0.0,0
2.2800000000000002,88.65497929444078,0.886708691451645,-0.4277081792853951,0.4277081792853951,-0.44999971985816956,0.44999971985816956,0.07466157412640272,-0.07466157412640272,2,0.0,0
2.3000000000000003,88.67271635740599,0.8869406335824701,-0.4327081745165999,0.4327081745165999,-0.454999715089798,0.454999715089798,0.07547956354656182,-0.07547956354656182,2,0.0,0
2.32,88.69045786319937,0.887155344669166,-0.43770816974789967,0.43770816974789967,-0.4599997103214264,0.4599997103214264,0.07629566598517844,-0.07629566598517844,2,0.0,0
2.34,88.70820348165859,0.8873540958874614,-0.4427081649792732,0.4427081649792732,-0.4649997055530548,0.4649997055530548,0.07710986103976943,-0.07710986103976943,2,0.0,0
2.36,88.72595290699039,0.8875380656916028,-0.4477081602107039,0.4477081602107039,-0.4699997007846832,0.4699997007846832,0.07792212835553693,-0.07792212835553693,2,0.0,0
2.38,88.7437058559917,0.8877083464517049,-0.452708155442179,0.452708155442179,-0.47499969601631165,0.47499969601631165,0.07873244762587689,-0.07873244762587689,2,0.0,0
2.4,88.76146206639814,0.8878659506311344,-0.4577081506736884,0.4577081506736884,-0.47999969124794006,0.47999969124794006,0.07954079859288676,-0.07954079859288676,2,0.0,0
2.42,88.77922129535114,0.8880118165339902,-0.4627081459052246,0.4627081459052246,-0.4849996864795685,0.4849996864795685,0.08034716104787175,-0.08034716104787175,2,0.0,0
2.44,88.79698331797564,0.8881468136509045,-0.46770814113678144,0.46770814113678144,-0.4899996817111969,0.4899996817111969,0.08115151483184992,-0.08115151483184992,2,0.0,0
2.46,88.81474792606036,0.8882717476298173,-0.47270813636835435,0.47270813636835435,-0.4949996769428253,0.4949996769428253,0.08195383983605613,-0.08195383983605613,2,0.0,0
2.48,88.83251492683334,0.8883873648968014,-0.47770813159993974,0.47770813159993974,-0.49999967217445374,0.49999967217445374,0.08275411600244476,-0.08275411600244476,2,0.0,0
2.5,88.85028414182646,0.8884943569504373,-0.48270812683153475,0.48270812683153475,-0.5049996972084045,0.5049996972084045,0.083552323324191,-0.083552323324191,2,0.0,0
2.52,88.86805540587629,0.8885933706240313,-0.48770812874780173,0.48770812874780173,-0.509999692440033,0.509999692440033,0.084348442909144,-0.084348442909144,2,0.0,0
2.54,88.88582856620594,0.8886850008246414,-0.4927081291647035,0.4927081291647035,-0.5149996876716614,0.5149996876716614,0.08514245354801689,-0.08514245354801689,2,0.0,0
2.56,88.903603481355,0.8887697934991756,-0.49770812841854783,0.49770812841854783,-0.5199996829032898,0.5199996829032898,0.08593433544567884,-0.08593433544567884,2,0.0,0
2.58,88.92138002033286,0.8888482550788595,-0.5027081267702086,0.5027081267702086,-0.5249996781349182,0.5249996781349182,0.08672406884776966,-0.08672406884776966,2,0.0,0
2.6,88.93915806185898,0.8889208551687799,-0.5077081244220458,0.5077081244220458,-0.5299996733665466,0.5299996733665466,0.08751163404400693,-0.08751163404400693,2,0.0,0
2.62,88.95693749365515,0.8889880290910642,-0.5127081215310298,0.5127081215310298,-0.534999668598175,0.534999668598175,0.0882970113708564,-0.0882970113708564,2,0.0,0
2.64,88.97471821178712,0.8890501802810263,-0.5177081182189227,0.5177081182189227,-0.5399996638298035,0.5399996638298035,0.08908018121370935,-0.08908018121370935,2,0.0,0
2.66,88.99250012005231,0.8891076825381868,-0.5227081145801753,0.5227081145801753,-0.5449996590614319,0.5449996590614319,0.08986112400867763,-0.08986112400867763,2,0.0,0
2.68,89.01028312941118,0.8891608821358568,-0.527708110688053,0.527708110688053,-0.5499996542930603,0.5499996542930603,0.09063982024409255,-0.09063982024409255,2,0.0,0
2.7,89.02806715745898,0.8892100997942962,-0.532708106599388,0.532708106599388,-0.5549996495246887,0.5549996495246887,0.09141625046177441,-0.09141625046177441,2,0.0,0
2.72,89.04585212793575,0.8892556325232566,-0.5377081023582648,0.5377081023582648,-0.5599996447563171,0.5599996447563171,0.09219039525812377,-0.09219039525812377,2,0.0,0
2.74,89.06363797027157,0.8892977553401702,-0.5427080979988798,0.5427080979988798,-0.5649996399879456,0.5649996399879456,0.09296223528507466,-0.09296223528507466,2,0.0,0
2.7600000000000002,89.08142461916495,0.8893367228705901,-0.5477080935477588,0.5477080935477588,-0.569999635219574,0.569999635219574,0.09373175125094077,-0.09373175125094077,2,0.0,0
2.7800000000000002,89.09921201419189,0.8893727708375001,-0.5527080890254787,0.5527080890254787,-0.5749996304512024,0.5749996304512024,0.09449892392117804,-0.09449892392117804,2,0.0,0
2.8000000000000003,89.1170000994436,0.8894061174461497,-0.5577080844480002,0.5577080844480002,-0.5799996256828308,0.5799996256828308,0.09526373411908241,-0.09526373411908241,2,0.0,0
2.82,89.13478882319073,0.8894369646708049,-0.5627080798277044,0.5627080798277044,-0.5849996209144592,0.5849996209144592,0.09602616272643735,-0.09602616272643735,2,0.0,0
2.84,89.15257813757236,0.8894654994497208,-0.567708075174195,0.567708075174195,-0.5899996161460876,0.5899996161460876,0.09678619068412148,-0.09678619068412148,2,0.0,0
2.86,89.17036799830798,0.8894918947943412,-0.572708070494922,0.572708070494922,-0.5949996113777161,0.5949996113777161,0.09754379899268595,-0.09754379899268595,2,0.0,0
2.88,89.18815836443052,0.8895163108183957,-0.5777080657956644,0.5777080657956644,-0.5999996066093445,0.5999996066093445,0.09829896871290683,-0.09829896871290683,2,0.0,0
2.9,89.20594919803935,0.8895388956924335,-0.5827080610809044,0.5827080610809044,-0.6049996018409729,0.6049996018409729,0.09905168096631899,-0.09905168096631899,2,0.0,0
2.92,89.22374046407143,0.8895597865288587,-0.5877080563541193,0.5877080563541193,-0.6099995970726013,0.6099995970726013,0.09980191693573462,-0.09980191693573462,2,0.0,0
2.94,89.24153213008948,0.8895791102023436,-0.5927080516180063,0.5927080516180063,-0.6149995923042297,0.6149995923042297,0.10054965786574964,-0.10054965786574964,2,0.0,0
2.96,89.25932416608593,0.8895969841101325,-0.5977080468746576,0.5977080468746576,-0.6199995875358582,0.6199995875358582,0.10129488506324046,-0.10129488506324046,2,0.0,0
2.98,89.27711654430132,0.889613516876539,-0.6027080421256964,0.6027080421256964,-0.6249995827674866,0.6249995827674866,0.10203757989785299,-0.10203757989785299,2,0.0,0
3.0,89.29490923905634,0.8896288090056,-0.6077080373723813,0.6077080373723813,-0.629999577999115,0.629999577999115,0.10277772380248483,-0.10277772380248483,2,0.0,0
3.02,89.31270222659619,0.8896429534856114,-0.6127080326156891,0.6127080326156891,-0.6349995732307434,0.6349995732307434,0.10351529827376263,-0.10351529827376263,2,0.0,0
3.04,89.33049548494675,0.8896560363490378,-0.6177080278563774,0.6177080278563774,-0.6399995684623718,0.6399995684623718,0.1042502848725145,-0.1042502848725145,2,0.0,0
3.06,89.34828899378128,0.8896681371910198,-0.6227080230950334,0.6227080230950334,-0.6449995636940002,0.6449995636940002,0.1049826652242387,-0.1049826652242387,2,0.0,0
3.08,89.36608273429717,0.8896793296494703,-0.6277080183321132,0.6277080183321132,-0.6499995589256287,0.6499995589256287,0.10571242101956906,-0.10571242101956906,2,0.0,0
3.1,89.38387668910185,0.8896896818495933,-0.6327080135679704,0.6327080135679704,-0.6549995541572571,0.6549995541572571,0.10643953401473728,-0.10643953401473728,2,0.0,0
3.12,89.40167084210722,0.8896992568154277,-0.6377080088028787,0.6377080088028787,-0.6599995493888855,0.6599995493888855,0.10716398603203253,-0.10716398603203253,2,0.0,0
3.14,89.41946517843198,0.8897081128507963,-0.6427080040370515,0.6427080040370515,-0.6649995446205139,0.6649995446205139,0.1078857589602589,-0.1078857589602589,2,0.0,0
3.16,89.43725968431119,0.8897163038919764,-0.6477079992706535,0.6477079992706535,-0.6699995398521423,0.6699995398521423,0.10860483475519,-0.10860483475519,2,0.0,0
3.18,89.45505434701265,0.889723879834101,-0.6527079945038129,0.6527079945038129,-0.6749995350837708,0.6749995350837708,0.10932119544002195,-0.10932119544002195,2,0.0,0
3.2,89.47284915475953,0.8897308868332945,-0.6577079897366289,0.6577079897366289,-0.6799995303153992,0.6799995303153992,0.11003482310582391,-0.11003482310582391,2,0.0,0
3.22,89.49064409665878,0.8897373675863005,-0.6627079849691786,0.6627079849691786,-0.6849995255470276,0.6849995255470276,0.11074569991198693,-0.11074569991198693,2,0.0,0
3.24,89.50843916263489,0.8897433615892291,-0.6677079802015217,0.6677079802015217,-0.689999520778656,0.689999520778656,0.11145380808667071,-0.11145380808667071,2,0.0,0
3.2600000000000002,89.52623434336846,0.8897489053770755,-0.6727079754337045,0.6727079754337045,-0.6949995160102844,0.6949995160102844,0.11215912992724834,-0.11215912992724834,2,0.0,0
3.2800000000000002,89.54402963023975,0.8897540327453419,-0.6777079706657629,0.6777079706657629,-0.6999995112419128,0.6999995112419128,0.11286164780074949,-0.11286164780074949,2,0.0,0
3.3000000000000003,89.56182501527609,0.8897587749550888,-0.6827079658977248,0.6827079658977248,-0.7049995064735413,0.7049995064735413,0.11356134414430147,-0.11356134414430147,2,0.0,0
3.3200000000000003,89.57962049110328,0.8897631609227195,-0.6877079611296119,0.6877079611296119,-0.7099995017051697,0.7099995017051697,0.11425820146556873,-0.11425820146556873,2,0.0,0
3.34,89.59741605090083,0.8897672173955893,-0.692707956361441,0.692707956361441,-0.7149994969367981,0.7149994969367981,0.1149522023431902,-0.1149522023431902,2,0.0,0
3.36,89.61521168836033,0.889770969114482,-0.6977079515932252,0.6977079515932252,-0.7199994921684265,0.7199994921684265,0.11564332942721507,-0.11564332942721507,2,0.0,0
3.38,89.63300739764708,0.8897744389639263,-0.7027079468249742,0.7027079468249742,-0.7249994874000549,0.7249994874000549,0.11633156543953659,-0.11633156543953659,2,0.0,0
3.4,89.65080317336452,0.8897776481113152,-0.7077079420566963,0.7077079420566963,-0.7299994826316833,0.7299994826316833,0.11701689317432434,-0.11701689317432434,2,0.0,0
3.42,89.6685990105214,0.8897806161355762,-0.7127079372883972,0.7127079372883972,-0.7349994778633118,0.7349994778633118,0.11769929549845415,-0.11769929549845415,2,0.0,0
3.44,89.68639490450128,0.889783361146255,-0.7177079325200821,0.7177079325200821,-0.7399994730949402,0.7399994730949402,0.11837875535193673,-0.11837875535193673,2,0.0,0
3.46,89.70419085103451,0.8897858998936637,-0.7227079277517542,0.7227079277517542,-0.7449994683265686,0.7449994683265686,0.11905525574834395,-0.11905525574834395,2,0.0,0
3.48,89.72198684617209,0.889788247870791,-0.7277079229834166,0.7277079229834166,-0.749999463558197,0.749999463558197,0.11972877977523388,-0.11972877977523388,2,0.0,0
3.5,89.73978288626165,0.8897904194075987,-0.7327079182150713,0.7327079182150713,-0.7549994587898254,0.7549994587898254,0.12039931059457333,-0.12039931059457333,2,0.0,0
3.52,89.75757896792521,0.889792427758241,-0.7377079134467203,0.7377079134467203,-0.7599994540214539,0.7599994540214539,0.12106683144315895,-0.12106683144315895,2,0.0,0
3.54,89.77537508803852,0.8897942851817652,-0.7427079086783644,0.7427079086783644,-0.7649994492530823,0.7649994492530823,0.12173132563303629,-0.12173132563303629,2,0.0,0
3.56,89.79317124371202,0.8897960030167504,-0.7477079039100052,0.7477079039100052,-0.7699994444847107,0.7699994444847107,0.12239277655191708,-0.12239277655191708,2,0.0,0
3.58,89.81096743227329,0.8897975917503738,-0.752707899141643,0.752707899141643,-0.7749994397163391,0.7749994397163391,0.1230511676635944,-0.1230511676635944,2,0.0,0
3.6,89.82876365125068,0.8897990610822827,-0.7577078943732789,0.7577078943732789,-0.7799994349479675,0.7799994349479675,0.1237064825083563,-0.1237064825083563,2,0.0,0
3.62,89.84655989835822,0.8898004199836962,-0.762707889604913,0.762707889604913,-0.784999430179596,0.784999430179596,0.12435870470339702,-0.12435870470339702,2,0.0,0
3.64,89.8643561714817,0.889801676752069,-0.7677078848365461,0.7677078848365461,-0.7899994254112244,0.7899994254112244,0.1250078179432269,-0.1250078179432269,2,0.0,0
3.66,89.8821524686658,0.8898028390616523,-0.772707880068178,0.772707880068178,-0.7949994206428528,0.7949994206428528,0.12565380600007967,-0.12565380600007967,2,0.0,0
3.68,89.89994878810205,0.8898039140102995,-0.7777078752998091,0.7777078752998091,-0.7999994158744812,0.7999994158744812,0.1262966527243184,-0.1262966527243184,2,0.0,0
3.7,89.91774512811799,0.8898049081626986,-0.7827078705314394,0.7827078705314394,-0.8049994111061096,0.8049994111061096,0.12693634204483914,-0.12693634204483914,2,0.0,0
3.72,89.93554148716672,0.8898058275904238,-0.7877078657630695,0.7877078657630695,-0.809999406337738,0.809999406337738,0.12757285796947274,-0.12757285796947274,2,0.0,0
3.74,89.95333786381767,0.8898066779089362,-0.792707860994699,0.792707860994699,-0.8149994015693665,0.8149994015693665,0.12820618458538457,-0.12820618458538457,2,0.0,0
3.7600000000000002,89.97113425674776,0.889807464311833,-0.7977078562263284,0.7977078562263284,-0.8199993968009949,0.8199993968009949,0.1288363060594725,-0.1288363060594725,2,0.0,0
3.7800000000000002,89.9889306647333,0.8898081916025351,-0.8027078514579576,0.8027078514579576,-0.8249993920326233,0.8249993920326233,0.12946320663876248,-0.12946320663876248,2,0.0,0
3.8000000000000003,90.00672708664263,0.8898088642235846,-0.8077078466895868,0.8077078466895868,-0.8299993872642517,0.8299993872642517,0.1300868706508026,-0.1300868706508026,2,0.0,0
3.8200000000000003,90.0245235214291,0.8898094862837264,-0.8127078419212157,0.8127078419212157,-0.8349993824958801,0.8349993824958801,0.13070728250405475,-0.13070728250405475,2,0.0,0
3.84,90.04231996812473,0.8898100615829951,-0.8177078371528443,0.8177078371528443,-0.8399993777275085,0.8399993777275085,0.13132442668828453,-0.13132442668828453,2,0.0,0
3.86,90.06011642583427,0.8898105936359033,-0.822707832384473,0.822707832384473,-0.844999372959137,0.844999372959137,0.13193828777494893,-0.13193828777494893,2,0.0,0
3.88,90.07791289372976,0.8898110856928866,-0.8277078276161015,0.8277078276161015,-0.8499993681907654,0.8499993681907654,0.132548850417582,-0.132548850417582,2,0.0,0
3.9,90.09570937104554,0.8898115407601201,-0.83270782284773,0.83270782284773,-0.8549993634223938,0.8549993634223938,0.1331560993521786,-0.1331560993521786,2,0.0,0
3.92,90.11350585707342,0.8898119616178802,-0.8377078180793586,0.8377078180793586,-0.8599993586540222,0.8599993586540222,0.13376001939757592,-0.13376001939757592,2,0.0,0
3.94,90.13130235115847,0.8898123508375171,-0.8427078133109871,0.8427078133109871,-0.8649993538856506,0.8649993538856506,0.13436059545583315,-0.13436059545583315,2,0.0,0
3.96,90.14909885269496,0.889812710797147,-0.8477078085426156,0.8477078085426156,-0.869999349117279,0.869999349117279,0.1349578125126087,-0.1349578125126087,2,0.0,0
3.98,90.16689536112277,0.8898130436961613,-0.852707803774244,0.852707803774244,-0.8749993443489075,0.8749993443489075,0.1355516556375357,-0.1355516556375357,2,0.0,0
4.0,90.1846918759238,0.8898133515686504,-0.8577077990058725,0.8577077990058725,-0.8799993395805359,0.8799993395805359,0.13614210998459536,-0.13614210998459536,2,0.0,0
4.0200000000000005,90.20248839661893,0.8898136362958531,-0.8627077942375009,0.8627077942375009,-0.8849993348121643,0.8849993348121643,0.13672916079248784,-0.13672916079248784,2,0.0,0
4.04,90.22028492276505,0.8898138996176065,-0.8677077894691293,0.8677077894691293,-0.8899993300437927,0.8899993300437927,0.13731279338500152,-0.13731279338500152,2,0.0,0
4.0600000000000005,90.23808145395236,0.8898141431429822,-0.8727077847007577,0.8727077847007577,-0.8949993252754211,0.8949993252754211,0.13789299317137985,-0.13789299317137985,2,0.0,0
4.08,90.25587798980186,0.8898143683601237,-0.8777077799323861,0.8777077799323861,-0.8999993205070496,0.8999993205070496,0.13846974564668604,-0.13846974564668604,2,0.0,0
4.1,90.27367452996305,0.8898145766453222,-0.8827077751640146,0.8827077751640146,-0.904999315738678,0.904999315738678,0.13904303639216575,-0.13904303639216575,2,0.0,0
4.12,90.29147107411175,0.8898147692714233,-0.887707770395643,0.887707770395643,-0.9099993109703064,0.9099993109703064,0.1396128510756075,-0.1396128510756075,2,0.0,0
4.14,90.30926762194822,0.889814947415592,-0.8927077656272714,0.8927077656272714,-0.9149993062019348,0.9149993062019348,0.1401791754517011,-0.1401791754517011,2,0.0,0
4.16,90.32706417319518,0.8898151121665199,-0.8977077608588998,0.8977077608588998,-0.9199993014335632,0.9199993014335632,0.14074199536239365,-0.14074199536239365,2,0.0,0
4.18,90.34486072759621,0.8898152645310653,-0.9027077560905282,0.9027077560905282,-0.9249992966651917,0.9249992966651917,0.1413012967372435,-0.1413012967372435,2,0.0,0
4.2,90.3626572849142,0.8898154054403984,-0.9077077513221566,0.9077077513221566,-0.9299992918968201,0.9299992918968201,0.14185706559377212,-0.14185706559377212,2,0.0,0
4.22,90.38045384492983,0.8898155357556974,-0.9127077465537851,0.9127077465537851,-0.9349992871284485,0.9349992871284485,0.1424092880378135,-0.1424092880378135,2,0.0,0
4.24,90.3982504074403,0.8898156562734109,-0.9177077417854135,0.9177077417854135,-0.9399992823600769,0.9399992823600769,0.14295795026386166,-0.14295795026386166,2,0.0,0
4.26,90.41604697225803,0.8898157677301037,-0.9227077370170419,0.9227077370170419,-0.9449992775917053,0.9449992775917053,0.14350303855541566,-0.14350303855541566,2,0.0,0
4.28,90.4338435392095,0.8898158708069841,-0.9277077322486703,0.9277077322486703,-0.9499992728233337,0.9499992728233337,0.1440445392853226,-0.1440445392853226,2,0.0,0
4.3,90.45164010813436,0.8898159661340557,-0.9327077274802987,0.9327077274802987,-0.9549992680549622,0.9549992680549622,0.1445824389161183,-0.1445824389161183,2,0.0,0
4.32,90.46943667888421,0.8898160542939513,-0.9377077227119271,0.9377077227119271,-0.9599992632865906,0.9599992632865906,0.1451167240003656,-0.1451167240003656,2,0.0,0
4.34,90.48723325132187,0.8898161358254999,-0.9427077179435556,0.9427077179435556,-0.964999258518219,0.964999258518219,0.14564738118099074,-0.14564738118099074,2,0.0,0
4.36,90.50502982532036,0.8898162112270329,-0.947707713175184,0.947707713175184,-0.9699992537498474,0.9699992537498474,0.14617439719161712,-0.14617439719161712,2,0.0,0
4.38,90.52282640076241,0.8898162809594276,-0.9527077084068124,0.9527077084068124,-0.9749992489814758,0.9749992489814758,0.14669775885689704,-0.14669775885689704,2,0.0,0
4.4,90.54062297753944,0.8898163454488985,-0.9577077036384408,0.9577077036384408,-0.9799992442131042,0.9799992442131042,0.14721745309284112,-0.14721745309284112,2,0.0,0
4.42,90.55841955555108,0.8898164050896276,-0.9627076988700692,0.9627076988700692,-0.9849992394447327,0.9849992394447327,0.14773346690714528,-0.14773346690714528,2,0.0,0
4.44,90.57621613470452,0.8898164602461619,-0.9677076941016977,0.9677076941016977,-0.9899992346763611,0.9899992346763611,0.14824578739951566,-0.14824578739951566,2,0.0,0
4.46,90.59401271491392,0.8898165112556367,-0.9727076893333261,0.9727076893333261,-0.9949992299079895,0.9949992299079895,0.14875440176199106,-0.14875440176199106,2,0.0,0
4.48,90.61180929609985,0.8898165584298473,-0.9777076845649545,0.9777076845649545,-0.9999992251396179,0.9999992251396179,0.14925929727926318,-0.14925929727926318,2,0.0,0
4.5,90.62960587818893,0.8898166020571452,-0.9827076797965829,0.9827076797965829,-1.0049992799758911,1.0049992799758911,0.14976046132899443,-0.14976046132899443,2,0.0,0
4.5200000000000005,90.6474024612213,0.8898166549486021,-0.9877076883975404,0.9877076883975404,-1.0099992752075195,1.0099992752075195,0.15025788270715268,-0.15025788270715268,2,0.0,0
4.54,90.66519904546753,0.8898167205048848,-0.9927076939997558,0.9927076939997558,-1.014999270439148,1.014999270439148,0.15075154733820031,-0.15075154733820031,2,0.0,0
4.5600000000000005,90.68299563109855,0.889816791765636,-0.9977076972758473,0.9977076972758473,-1.0199992656707764,1.0199992656707764,0.1512414429529379,-0.1512414429529379,2,0.0,0
4.58,90.70079221817113,0.8898168639075802,-1.0027076987475645,1.0027076987475645,-1.0249992609024048,1.0249992609024048,0.15172755735978127,-0.15172755735978127,2,0.0,0
4.6000000000000005,90.71858880666429,0.8898169336907418,-1.0077076988196292,1.0077076988196292,-1.0299992561340332,1.0299992561340332,0.15220987844887582,-0.15220987844887582,2,0.0,0
4.62,90.73638539650582,0.8898169990381114,-1.0127076978059832,1.0127076978059832,-1.0349992513656616,1.0349992513656616,0.15268839419533506,-0.15268839419533506,2,0.0,0
4.64,90.75418198759202,0.8898170587177473,-1.017707695950152,1.017707695950152,-1.03999924659729,1.03999924659729,0.153163092661805,-0.153163092661805,2,0.0,0
4.66,90.77197857980164,0.8898171121032692,-1.0227076934410377,1.0227076934410377,-1.0449992418289185,1.0449992418289185,0.15363396200050647,-0.15363396200050647,2,0.0,0
4.68,90.78977517300594,0.8898171589943678,-1.0277076904251718,1.0277076904251718,-1.0499992370605469,1.0499992370605469,0.15410099045487605,-0.15410099045487605,2,0.0,0
4.7,90.80757176707569,0.8898171994830508,-1.0327076870162188,1.0327076870162188,-1.0549992322921753,1.0549992322921753,0.15456416636089582,-0.15456416636089582,2,0.0,0
4.72,90.82536836188584,0.8898172338547045,-1.0377076833023477,1.0377076833023477,-1.0599992275238037,1.0599992275238037,0.15502347814818332,-0.15502347814818332,2,0.0,0
4.74,90.84316495731842,0.8898172625156056,-1.0427076793519523,1.0427076793519523,-1.0649992227554321,1.0649992227554321,0.15547891434089608,-0.15547891434089608,2,0.0,0
4.76,90.86096155326452,0.8898172859404044,-1.047707675218085,1.047707675218085,-1.0699992179870605,1.0699992179870605,0.1559304635584923,-0.1559304635584923,2,0.0,0
4.78,90.87875814962504,0.8898173046346274,-1.0527076709418979,1.0527076709418979,-1.074999213218689,1.074999213218689,0.1563781145163805,-0.1563781145163805,2,0.0,0
4.8,90.89655474631114,0.8898173191084531,-1.057707666555314,1.057707666555314,-1.0799992084503174,1.0799992084503174,0.15682185602648321,-0.15682185602648321,2,0.0,0
4.82,90.91435134324404,0.8898173298588745,-1.062707662083095,1.062707662083095,-1.0849992036819458,1.0849992036819458,0.1572616769977329,-0.1572616769977329,2,0.0,0
4.84,90.9321479403546,0.8898173373580426,-1.0677076575444489,1.0677076575444489,-1.0899991989135742,1.0899991989135742,0.1576975664365166,-0.1576975664365166,2,0.0,0
4.86,90.94994453758284,0.8898173420461504,-1.0727076529542754,1.0727076529542754,-1.0949991941452026,1.0949991941452026,0.15812951344707907,-0.15812951344707907,2,0.0,0
4.88,90.96774113487712,0.8898173443275822,-1.077707648324132,1.077707648324132,-1.099999189376831,1.099999189376831,0.15855750723189407,-0.15855750723189407,2,0.0,0
4.9,90.98553773219352,0.889817344569392,-1.082707643662984,1.082707643662984,-1.1049991846084595,1.1049991846084595,0.15898153709201082,-0.15898153709201082,2,0.0,0
4.92,91.003334329495,0.8898173431014221,-1.0877076389777858,1.0877076389777858,-1.109999179840088,1.109999179840088,0.15940159242737997,-0.15940159242737997,2,0.0,0
4.94,91.02113092675076,0.8898173402174915,-1.092707634273932,1.092707634273932,-1.1149991750717163,1.1149991750717163,0.15981766273716388,-0.15981766273716388,2,0.0,0
4.96,91.03892752393543,0.8898173361772963,-1.0977076295556065,1.0977076295556065,-1.1199991703033447,1.1199991703033447,0.16022973762003387,-0.16022973762003387,2,0.0,0
4.98,91.05672412102851,0.8898173312087636,-1.1027076248260554,1.1027076248260554,-1.1249991655349731,1.1249991655349731,0.16063780677445708,-0.16063780677445708,2,0.0,0
5.0,91.0745207180137,0.8898173255105869,-1.1077076200877973,1.1077076200877973,-1.1299991607666016,1.1299991607666016,0.16104185999897477,-0.16104185999897477,2,0.0,0
5.0200000000000005,91.0923173148784,0.8898173192548615,-1.1127076153427848,1.1127076153427848,-1.13499915599823,1.13499915599823,0.161441887192473,-0.161441887192473,2,0.0,0
5.04,91.11011391161314,0.8898173125896763,-1.1177076105925325,1.1177076105925325,-1.1399991512298584,1.1399991512298584,0.16183787835444732,-0.16183787835444732,2,0.0,0
5.0600000000000005,91.12791050821122,0.8898173056416203,-1.1227076058382162,1.1227076058382162,-1.1449991464614868,1.1449991464614868,0.1622298235852626,-0.1622298235852626,2,0.0,0
5.08,91.14570710466819,0.8898172985181515,-1.1277076010807474,1.1277076010807474,-1.1499991416931152,1.1499991416931152,0.1626177130864073,-0.1626177130864073,2,0.0,0
5.1000000000000005,91.16350370098161,0.8898172913098019,-1.1327075963208333,1.1327075963208333,-1.1549991369247437,1.1549991369247437,0.16300153716074425,-0.16300153716074425,2,0.0,0
5.12,91.18130029715063,0.8898172840922094,-1.137707591559022,1.137707591559022,-1.159999132156372,1.159999132156372,0.16338128621275722,-0.16338128621275722,2,0.0,0
5.14,91.19909689317582,0.8898172769279724,-1.1427075867957392,1.1427075867957392,-1.1649991273880005,1.1649991273880005,0.16375695074879423,-0.16375695074879423,2,0.0,0
5.16,91.21689348905882,0.8898172698683133,-1.1477075820313152,1.1477075820313152,-1.169999122619629,1.169999122619629,0.16412852137730735,-0.16412852137730735,2,0.0,0
5.18,91.23469008480221,0.8898172629545894,-1.1527075772660056,1.1527075772660056,-1.1749991178512573,1.1749991178512573,0.1644959888090894,-0.1644959888090894,2,0.0,0
5.2,91.25248668040929,0.8898172562196415,-1.1577075725000088,1.1577075725000088,-1.1799991130828857,1.1799991130828857,0.16485934385750775,-0.16485934385750775,2,0.0,0
5.22,91.27028327588393,0.8898172496889941,-1.1627075677334795,1.1627075677334795,-1.1849991083145142,1.1849991083145142,0.16521857743873522,-0.16521857743873522,2,0.0,0
5.24,91.28807987123045,0.8898172433818888,-1.1677075629665372,1.1677075629665372,-1.1899991035461426,1.1899991035461426,0.16557368057197783,-0.16557368057197783,2,0.0,0
5.26,91.3058764664535,0.8898172373122368,-1.1727075581992743,1.1727075581992743,-1.194999098777771,1.194999098777771,0.16592464437970017,-0.16592464437970017,2,0.0,0
5.28,91.3236730615579,0.8898172314894466,-1.1777075534317625,1.1777075534317625,-1.1999990940093994,1.1999990940093994,0.16627146008784777,-0.16627146008784777,2,0.0,0
5.3,91.34146965654865,0.8898172259191325,-1.1827075486640584,1.1827075486640584,-1.2049990892410278,1.2049990892410278,0.16661411902606704,-0.16661411902606704,2,0.0,0
5.32,91.3592662514309,0.8898172206037217,-1.1877075438962041,1.1877075438962041,-1.2099990844726562,1.2099990844726562,0.16695261262792196,-0.16695261262792196,2,0.0,0
5.34,91.3770628462097,0.8898172155430164,-1.1927075391282338,1.1927075391282338,-1.2149990797042847,1.2149990797042847,0.16728693243110895,-0.16728693243110895,2,0.0,0
5.36,91.39485944089013,0.8898172107346567,-1.1977075343601735,1.1977075343601735,-1.219999074935913,1.219999074935913,0.16761707007766827,-0.16761707007766827,2,0.0,0
5.38,91.41265603547718,0.8898172061745421,-1.2027075295920433,1.2027075295920433,-1.2249990701675415,1.2249990701675415,0.16794301731419323,-0.16794301731419323,2,0.0,0
5.4,91.43045262997578,0.8898172018571672,-1.207707524823859,1.207707524823859,-1.22999906539917,1.22999906539917,0.16826476599203657,-0.16826476599203657,2,0.0,0
5.42,91.4482492243907,0.889817197775915,-1.2127075200556325,1.2127075200556325,-1.2349990606307983,1.2349990606307983,0.1685823080675144,-0.1685823080675144,2,0.0,0
5.44,91.46604581872656,0.8898171939233299,-1.2177075152873738,1.2177075152873738,-1.2399990558624268,1.2399990558624268,0.16889563560210719,-0.16889563560210719,2,0.0,0
5.46,91.48384241298788,0.8898171902913129,-1.2227075105190897,1.2227075105190897,-1.2449990510940552,1.2449990510940552,0.16920474076265837,-0.16920474076265837,2,0.0,0
5.48,91.50163900717897,0.889817186871334,-1.2277075057507862,1.2277075057507862,-1.2499990463256836,1.2499990463256836,0.16950961582157015,-0.16950961582157015,2,0.0,0
5.5,91.51943560130394,0.8898171836545629,-1.2327075009824673,1.2327075009824673,-1.254999041557312,1.254999041557312,0.1698102531569968,-0.1698102531569968,2,0.0,0
5.5200000000000005,91.53723219536678,0.8898171806320055,-1.2377074962141363,1.2377074962141363,-1.2599990367889404,1.2599990367889404,0.17010664525303515,-0.17010664525303515,2,0.0,0
5.54,91.55502878937128,0.8898171777946186,-1.2427074914457963,1.2427074914457963,-1.2649990320205688,1.2649990320205688,0.17039878469991254,-0.17039878469991254,2,0.0,0
5.5600000000000005,91.57282538332103,0.8898171751333842,-1.2477074866774491,1.2477074866774491,-1.2699990272521973,1.2699990272521973,0.17068666419417214,-0.17068666419417214,2,0.0,0
5.58,91.59062197721946,0.889817172639394,-1.2527074819090966,1.2527074819090966,-1.2749990224838257,1.2749990224838257,0.1709702765388554,-0.1709702765388554,2,0.0,0
5.6000000000000005,91.60841857106979,0.8898171703039163,-1.2577074771407397,1.2577074771407397,-1.279999017715454,1.279999017715454,0.17124961464368207,-0.17124961464368207,2,0.0,0
5.62,91.62621516487512,0.8898171681184178,-1.2627074723723795,1.2627074723723795,-1.2849990129470825,1.2849990129470825,0.17152467152522746,-0.17152467152522746,2,0.0,0
5.64,91.64401175863836,0.8898171660746085,-1.2677074676040168,1.2677074676040168,-1.289999008178711,1.289999008178711,0.17179544030709704,-0.17179544030709704,2,0.0,0
5.66,91.6618083523622,0.889817164164488,-1.272707462835652,1.272707462835652,-1.2949990034103394,1.2949990034103394,0.17206191422009828,-0.17206191422009828,2,0.0,0
5.68,91.67960494604928,0.8898171623803409,-1.2777074580672858,1.2777074580672858,-1.2999989986419678,1.2999989986419678,0.17232408660241,-0.17232408660241,2,0.0,0
5.7,91.69740153970204,0.8898171607147527,-1.2827074532989187,1.2827074532989187,-1.3049989938735962,1.3049989938735962,0.17258195089974884,-0.17258195089974884,2,0.0,0
5.72,91.71519813332276,0.8898171591606304,-1.2877074485305502,1.2877074485305502,-1.3099989891052246,1.3099989891052246,0.17283550066553302,-0.17283550066553302,2,0.0,0
5.74,91.73299472691357,0.8898171577112002,-1.2927074437621813,1.2927074437621813,-1.314998984336853,1.314998984336853,0.17308472956104382,-0.17308472956104382,2,0.0,0
5.76,91.75079132047651,0.8898171563600156,-1.297707438993812,1.297707438993812,-1.3199989795684814,1.3199989795684814,0.17332963135558366,-0.17332963135558366,2,0.0,0
5.78,91.76858791401347,0.8898171551009434,-1.3027074342254417,1.3027074342254417,-1.3249989748001099,1.3249989748001099,0.17357019992663208,-0.17357019992663208,2,0.0,0
5.8,91.78638450752621,0.8898171539281723,-1.3077074294570712,1.3077074294570712,-1.3299989700317383,1.3299989700317383,0.1738064292599989,-0.1738064292599989,2,0.0,0
5.82,91.80418110101643,0.8898171528361893,-1.3127074246887005,1.3127074246887005,-1.3349989652633667,1.3349989652633667,0.17403831344997428,-0.17403831344997428,2,0.0,0
5.84,91.82197769448567,0.8898171518197827,-1.3177074199203296,1.3177074199203296,-1.3399989604949951,1.3399989604949951,0.17426584669947667,-0.17426584669947667,2,0.0,0
5.86,91.83977428793538,0.8898171508740362,-1.3227074151519587,1.3227074151519587,-1.3449989557266235,1.3449989557266235,0.1744890233201975,-0.1744890233201975,2,0.0,0
5.88,91.85757088136694,0.8898171499943023,-1.3277074103835875,1.3277074103835875,-1.349998950958252,1.349998950958252,0.17470783773274354,-0.17470783773274354,2,0.0,0
5.9,91.87536747478161,0.8898171491762139,-1.3327074056152164,1.3327074056152164,-1.3549989461898804,1.3549989461898804,0.17492228446677627,-0.17492228446677627,2,0.0,0
5.92,91.89316406818054,0.8898171484156692,-1.3377074008468453,1.3377074008468453,-1.3599989414215088,1.3599989414215088,0.1751323581611488,-0.1751323581611488,2,0.0,0
5.94,91.91096066156489,0.889817147708805,-1.3427073960784741,1.3427073960784741,-1.3649989366531372,1.3649989366531372,0.17533805356403967,-0.17533805356403967,2,0.0,0
5.96,91.92875725493568,0.8898171470519983,-1.3477073913101028,1.3477073913101028,-1.3699989318847656,1.3699989318847656,0.17553936553308436,-0.17553936553308436,2,0.0,0
5.98,91.94655384829385,0.8898171464418339,-1.3527073865417312,1.3527073865417312,-1.374998927116394,1.374998927116394,0.1757362890355037,-0.1757362890355037,2,0.0,0
6.0,91.9643504416403,0.8898171458751333,-1.3577073817733596,1.3577073817733596,-1.3799989223480225,1.3799989223480225,0.17592881914822978,-0.17592881914822978,2,0.0,0
6.0200000000000005,91.9821470349759,0.8898171453489131,-1.362707377004988,1.362707377004988,-1.3849989175796509,1.3849989175796509,0.17611695105802902,-0.17611695105802902,2,0.0,0
6.04,91.99994362830138,0.889817144860381,-1.3677073722366164,1.3677073722366164,-1.3899989128112793,1.3899989128112793,0.17630068006162242,-0.17630068006162242,2,0.0,0
6.0600000000000005,92.01774022161749,0.8898171444069215,-1.3727073674682448,1.3727073674682448,-1.3949989080429077,1.3949989080429077,0.17648000156580326,-0.17648000156580326,2,0.0,0
6.08,92.03553681492491,0.8898171439860895,-1.3777073626998733,1.3777073626998733,-1.3999989032745361,1.3999989032745361,0.17665491108755177,-0.17665491108755177,2,0.0,0
6.1000000000000005,92.05333340822426,0.8898171435956037,-1.3827073579315017,1.3827073579315017,-1.4049988985061646,1.4049988985061646,0.17682540425414742,-0.17682540425414742,2,0.0,0
6.12,92.07113000151615,0.8898171432333293,-1.38770735316313,1.38770735316313,-1.409998893737793,1.409998893737793,0.17699147680327798,-0.17699147680327798,2,0.0,0
6.140000000000001,92.08892659480105,0.8898171428972809,-1.3927073483947585,1.3927073483947585,-1.4149988889694214,1.4149988889694214,0.17715312458314636,-0.17715312458314636,2,0.0,0
6.16,92.10672318807956,0.8898171425856024,-1.397707343626387,1.397707343626387,-1.4199988842010498,1.4199988842010498,0.17731034355257413,-0.17731034355257413,2,0.0,0
6.18,92.12451978135203,0.88981714229657,-1.4027073388580154,1.4027073388580154,-1.4249988794326782,1.4249988794326782,0.1774631297811028,-0.1774631297811028,2,0.0,0
6.2,92.142316374619,0.8898171420285761,-1.4077073340896438,1.4077073340896438,-1.4299988746643066,1.4299988746643066,0.1776114794490918,-0.1776114794490918,2,0.0,0
6.22,92.1601129678808,0.8898171417801163,-1.4127073293212722,1.4127073293212722,-1.434998869895935,1.434998869895935,0.17775538884781436,-0.17775538884781436,2,0.0,0
6.24,92.17790956113787,0.8898171415497973,-1.4177073245529006,1.4177073245529006,-1.4399988651275635,1.4399988651275635,0.17789485437954983,-0.17789485437954983,2,0.0,0
6.26,92.19570615439052,0.8898171413363125,-1.422707319784529,1.422707319784529,-1.444998860359192,1.444998860359192,0.17802987255767375,-0.17802987255767375,2,0.0,0
6.28,92.21350274763908,0.889817141138447,-1.4277073150161574,1.4277073150161574,-1.4499988555908203,1.4499988555908203,0.17816044000674522,-0.17816044000674522,2,0.0,0
6.3,92.23129934088385,0.8898171409550806,-1.4327073102477859,1.4327073102477859,-1.4549988508224487,1.4549988508224487,0.178286553462591,-0.178286553462591,2,0.0,0
6.32,92.24909593412511,0.8898171407851695,-1.4377073054794143,1.4377073054794143,-1.4599988460540771,1.4599988460540771,0.1784082097723873,-0.1784082097723873,2,0.0,0
6.34,92.2668925273631,0.8898171406277388,-1.4427073007110427,1.4427073007110427,-1.4649988412857056,1.4649988412857056,0.17852540589473853,-0.17852540589473853,2,0.0,0
6.36,92.28468912059806,0.889817140481893,-1.4477072959426711,1.4477072959426711,-1.469998836517334,1.469998836517334,0.17863813889975327,-0.17863813889975327,2,0.0,0
6.38,92.30248571383022,0.8898171403467882,-1.4527072911742995,1.4527072911742995,-1.4749988317489624,1.4749988317489624,0.1787464059691177,-0.1787464059691177,2,0.0,0
6.4,92.32028230705983,0.8898171402216458,-1.457707286405928,1.457707286405928,-1.4799988269805908,1.4799988269805908,0.17885020439616583,-0.17885020439616583,2,0.0,0
6.42,92.33807890028702,0.8898171401057307,-1.4627072816375564,1.4627072816375564,-1.4849988222122192,1.4849988222122192,0.17894953158594737,-0.17894953158594737,2,0.0,0
6.44,92.35587549351197,0.8898171399983789,-1.4677072768691848,1.4677072768691848,-1.4899988174438477,1.4899988174438477,0.17904438505529247,-0.17904438505529247,2,0.0,0
6.46,92.37367208673489,0.8898171398989576,-1.4727072721008132,1.4727072721008132,-1.494998812675476,1.494998812675476,0.17913476243287388,-0.17913476243287388,2,0.0,0
6.48,92.39146867995589,0.8898171398068945,-1.4777072673324416,1.4777072673324416,-1.4999988079071045,1.4999988079071045,0.17922066145926616,-0.17922066145926616,2,0.0,0
6.5,92.40926527317512,0.8898171397216492,-1.48270726256407,1.48270726256407,-1.504998803138733,1.504998803138733,0.17930207998700223,-0.17930207998700223,2,0.0,0
6.5200000000000005,92.42706186639273,0.8898171396427194,-1.4877072577956985,1.4877072577956985,-1.5099987983703613,1.5099987983703613,0.17937901598062705,-0.17937901598062705,2,0.0,0
6.54,92.44485845960882,0.8898171395696419,-1.4927072530273269,1.4927072530273269,-1.5149987936019897,1.5149987936019897,0.17945146751674837,-0.17945146751674837,2,0.0,0
6.5600000000000005,92.46265505282352,0.8898171395019856,-1.4977072482589553,1.4977072482589553,-1.5199987888336182,1.5199987888336182,0.17951943278408508,-0.17951943278408508,2,0.0,0
6.58,92.48045164603691,0.889817139439353,-1.5027072434905837,1.5027072434905837,-1.5249987840652466,1.5249987840652466,0.1795829100835123,-0.1795829100835123,2,0.0,0
6.6000000000000005,92.4982482392491,0.889817139381378,-1.5077072387222121,1.5077072387222121,-1.529998779296875,1.529998779296875,0.1796418978281038,-0.1796418978281038,2,0.0,0
6.62,92.51604483246018,0.8898171393277178,-1.5127072339538405,1.5127072339538405,-1.5349987745285034,1.5349987745285034,0.1796963945431719,-0.1796963945431719,2,0.0,0
6.640000000000001,92.53384142567023,0.8898171392780461,-1.517707229185469,1.517707229185469,-1.5399987697601318,1.5399987697601318,0.17974639886630417,-0.17974639886630417,2,0.0,0
6.66,92.55163801887934,0.8898171392320714,-1.5227072244170974,1.5227072244170974,-1.5449987649917603,1.5449987649917603,0.1797919095473975,-0.1797919095473975,2,0.0,0
6.68,92.56943461208758,0.8898171391895118,-1.5277072196487258,1.5277072196487258,-1.5499987602233887,1.5499987602233887,0.1798329254486894,-0.1798329254486894,2,0.0,0
6.7,92.587231205295,0.8898171391501208,-1.5327072148803542,1.5327072148803542,-1.554998755455017,1.554998755455017,0.17986944554478643,-0.17986944554478643,2,0.0,0
6.72,92.60502779850165,0.889817139113665,-1.5377072101119826,1.5377072101119826,-1.5599987506866455,1.5599987506866455,0.17990146892268985,-0.17990146892268985,2,0.0,0
6.74,92.62282439170761,0.8898171390799274,-1.542707205343611,1.542707205343611,-1.564998745918274,1.564998745918274,0.17992899478181837,-0.17992899478181837,2,0.0,0
6.76,92.64062098491291,0.8898171390487067,-1.5477072005752395,1.5477072005752395,-1.5699987411499023,1.5699987411499023,0.1799520224340283,-0.1799520224340283,2,0.0,0
6.78,92.65841757811762,0.8898171390198174,-1.552707195806868,1.552707195806868,-1.5749987363815308,1.5749987363815308,0.17997055130363063,-0.17997055130363063,2,0.0,0
6.8,92.67621417132177,0.8898171389930882,-1.5577071910384963,1.5577071910384963,-1.5799987316131592,1.5799987316131592,0.17998458092740544,-0.17998458092740544,2,0.0,0
6.82,92.6940107645254,0.8898171389683606,-1.5627071862701247,1.5627071862701247,-1.5849987268447876,1.5849987268447876,0.17999411095461354,-0.17999411095461354,2,0.0,0
6.84,92.71180735772857,0.8898171389454858,-1.5677071815017531,1.5677071815017531,-1.589998722076416,1.589998722076416,0.1799991411470052,-0.1799991411470052,2,0.0,0
6.86,92.7296039509313,0.8898171389243203,-1.5727071767333816,1.5727071767333816,-1.5949987173080444,1.5949987173080444,0.1799996713788261,-0.1799996713788261,2,0.0,0
6.88,92.74740054413363,0.889817138904735,-1.57770717196501,1.57770717196501,-1.5999987125396729,1.5999987125396729,0.17999570163682058,-0.17999570163682058,2,0.0,0
6.9,92.76519713733558,0.8898171388866172,-1.5827071671966384,1.5827071671966384,-1.6049987077713013,1.6049987077713013,0.17998723202023167,-0.17998723202023167,2,0.0,0
6.92,92.78299373053719,0.8898171388698547,-1.5877071624282668,1.5877071624282668,-1.6099987030029297,1.6099987030029297,0.17997426274079903,-0.17997426274079903,2,0.0,0
6.94,92.80079032373847,0.8898171388543435,-1.5927071576598952,1.5927071576598952,-1.614998698234558,1.614998698234558,0.17995679412275334,-0.17995679412275334,2,0.0,0
6.96,92.81858691693945,0.8898171388399957,-1.5977071528915237,1.5977071528915237,-1.6199986934661865,1.6199986934661865,0.1799348266028083,-0.1799348266028083,2,0.0,0
6.98,92.83638351014017,0.8898171388267188,-1.602707148123152,1.602707148123152,-1.624998688697815,1.624998688697815,0.17990836073014965,-0.17990836073014965,2,0.0,0
7.0,92.85418010334064,0.8898171388144317,-1.6077071433547805,1.6077071433547805,-1.6299986839294434,1.6299986839294434,0.17987739716642168,-0.17987739716642168,2,0.0,0
7.0200000000000005,92.87197669654086,0.8898171388030659,-1.612707138586409,1.612707138586409,-1.6349986791610718,1.6349986791610718,0.1798419366857103,-0.1798419366857103,2,0.0,0
7.04,92.88977328974086,0.8898171387925489,-1.6177071338180373,1.6177071338180373,-1.6399986743927002,1.6399986743927002,0.17980198017452406,-0.17980198017452406,2,0.0,0
7.0600000000000005,92.90756988294068,0.8898171387828195,-1.6227071290496657,1.6227071290496657,-1.6449986696243286,1.6449986696243286,0.1797575286317717,-0.1797575286317717,2,0.0,0
7.08,92.92536647614031,0.8898171387738147,-1.6277071242812942,1.6277071242812942,-1.649998664855957,1.649998664855957,0.1797085831687374,-0.1797085831687374,2,0.0,0
7.1000000000000005,92.94316306933976,0.8898171387654822,-1.6327071195129226,1.6327071195129226,-1.6549986600875854,1.6549986600875854,0.1796551450090528,-0.1796551450090528,2,0.0,0
7.12,92.96095966253905,0.8898171387577678,-1.637707114744551,1.637707114744551,-1.6599986553192139,1.6599986553192139,0.1795972154886666,-0.1795972154886666,2,0.0,0
7.140000000000001,92.97875625573819,0.889817138750635,-1.6427071099761794,1.6427071099761794,-1.6649986505508423,1.6649986505508423,0.17953479605581102,-0.17953479605581102,2,0.0,0
7.16,92.99655284893718,0.889817138744041,-1.6477071052078078,1.6477071052078078,-1.6699986457824707,1.6699986457824707,0.1794678882709657,-0.1794678882709657,2,0.0,0
7.18,93.01434944213607,0.8898171387379417,-1.6527071004394362,1.6527071004394362,-1.6749986410140991,1.6749986410140991,0.17939649380681846,-0.17939649380681846,2,0.0,0
7.2,93.03214603533483,0.8898171387322972,-1.6577070956710647,1.6577070956710647,-1.6799986362457275,1.6799986362457275,0.17932061444822392,-0.17932061444822392,2,0.0,0
7.22,93.04994262853349,0.8898171387270754,-1.662707090902693,1.662707090902693,-1.684998631477356,1.684998631477356,0.17924025209215838,-0.17924025209215838,2,0.0,0
7.24,93.06773922173203,0.8898171387222475,-1.6677070861343215,1.6677070861343215,-1.6899986267089844,1.6899986267089844,0.17915540874767277,-0.17915540874767277,2,0.0,0
7.26,93.0855358149305,0.8898171387177811,-1.67270708136595,1.67270708136595,-1.6949986219406128,1.6949986219406128,0.17906608653584224,-0.17906608653584224,2,0.0,0
7.28,93.10333240812889,0.8898171387136445,-1.6777070765975783,1.6777070765975783,-1.6999986171722412,1.6999986171722412,0.17897228768971316,-0.17897228768971316,2,0.0,0
7.3,93.12112900132719,0.8898171387098146,-1.6827070718292068,1.6827070718292068,-1.7049986124038696,1.7049986124038696,0.1788740145542473,-0.1788740145542473,2,0.0,0
7.32,93.1389255945254,0.8898171387062741,-1.6877070670608352,1.6877070670608352,-1.709998607635498,1.709998607635498,0.1787712695862633,-0.1787712695862633,2,0.0,0
7.34,93.15672218772357,0.8898171387029961,-1.6927070622924636,1.6927070622924636,-1.7149986028671265,1.7149986028671265,0.17866405535437507,-0.17866405535437507,2,0.0,0
7.36,93.17451878092166,0.8898171386999647,-1.697707057524092,1.697707057524092,-1.7199985980987549,1.7199985980987549,0.17855237453892772,-0.17855237453892772,2,0.0,0
7.38,93.1923153741197,0.8898171386971636,-1.7027070527557204,1.7027070527557204,-1.7249985933303833,1.7249985933303833,0.1784362299319305,-0.1784362299319305,2,0.0,0
7.4,93.21011196731767,0.8898171386945694,-1.7077070479873488,1.7077070479873488,-1.7299985885620117,1.7299985885620117,0.17831562443698695,-0.17831562443698695,2,0.0,0
7.42,93.2279085605156,0.8898171386921753,-1.7127070432189773,1.7127070432189773,-1.7349985837936401,1.7349985837936401,0.1781905610692225,-0.1781905610692225,2,0.0,0
7.44,93.24570515371347,0.8898171386899665,-1.7177070384506057,1.7177070384506057,-1.7399985790252686,1.7399985790252686,0.1780610429552088,-0.1780610429552088,2,0.0,0
7.46,93.26350174691132,0.8898171386879237,-1.722707033682234,1.722707033682234,-1.744998574256897,1.744998574256897,0.1779270733328858,-0.1779270733328858,2,0.0,0
7.48,93.28129834010913,0.889817138686032,-1.7277070289138625,1.7277070289138625,-1.7499985694885254,1.7499985694885254,0.17778865555148068,-0.17778865555148068,2,0.0,0
7.5,93.29909493330689,0.889817138684282,-1.732707024145491,1.732707024145491,-1.7549985647201538,1.7549985647201538,0.1776457930714242,-0.1776457930714242,2,0.0,0
7.5200000000000005,93.31689152650462,0.8898171386826664,-1.7377070193771194,1.7377070193771194,-1.7599985599517822,1.7599985599517822,0.17749848946426405,-0.17749848946426405,2,0.0,0
7.54,93.33468811970232,0.8898171386811736,-1.7427070146087478,1.7427070146087478,-1.7649985551834106,1.7649985551834106,0.17734674841257578,-0.17734674841257578,2,0.0,0
7.5600000000000005,93.35248471290001,0.8898171386797904,-1.7477070098403762,1.7477070098403762,-1.769998550415039,1.769998550415039,0.17719057370987049,-0.17719057370987049,2,0.0,0
7.58,93.37028130609765,0.8898171386785086,-1.7527070050720046,1.7527070050720046,-1.7749985456466675,1.7749985456466675,0.1770299692605002,-0.1770299692605002,2,0.0,0
7.6000000000000005,93.38807789929527,0.8898171386773238,-1.757707000303633,1.757707000303633,-1.779998540878296,1.779998540878296,0.17686493907956008,-0.17686493907956008,2,0.0,0
7.62,93.40587449249287,0.8898171386762312,-1.7627069955352614,1.7627069955352614,-1.7849985361099243,1.7849985361099243,0.17669548729278825,-0.17669548729278825,2,0.0,0
7.640000000000001,93.42367108569046,0.8898171386752173,-1.7677069907668899,1.7677069907668899,-1.7899985313415527,1.7899985313415527,0.17652161813646242,-0.17652161813646242,2,0.0,0
7.66,93.44146767888803,0.8898171386742783,-1.7727069859985183,1.7727069859985183,-1.7949985265731812,1.7949985265731812,0.17634333595729418,-0.17634333595729418,2,0.0,0
7.68,93.45926427208558,0.8898171386734063,-1.7777069812301467,1.7777069812301467,-1.7999985218048096,1.7999985218048096,0.17616064521232022,-0.17616064521232022,2,0.0,0
7.7,93.47706086528311,0.889817138672594,-1.7827069764617751,1.7827069764617751,-1.804998517036438,1.804998517036438,0.17597355046879093,-0.17597355046879093,2,0.0,0
7.72,93.49485745848061,0.8898171386718442,-1.7877069716934035,1.7877069716934035,-1.8099985122680664,1.8099985122680664,0.17578205640405623,-0.17578205640405623,2,0.0,0
7.74,93.51265405167811,0.8898171386711535,-1.792706966925032,1.792706966925032,-1.8149985074996948,1.8149985074996948,0.17558616780544864,-0.17558616780544864,2,0.0,0
7.76,93.53045064487559,0.8898171386705163,-1.7977069621566604,1.7977069621566604,-1.8199985027313232,1.8199985027313232,0.1753858895701636,-0.1753858895701636,2,0.0,0
7.78,93.54824723807306,0.8898171386699278,-1.8027069573882888,1.8027069573882888,-1.8249984979629517,1.8249984979629517,0.17518122670513697,-0.17518122670513697,2,0.0,0
7.8,93.56604383127053,0.8898171386693817,-1.8077069526199172,1.8077069526199172,-1.82999849319458,1.82999849319458,0.17497218432691997,-0.17497218432691997,2,0.0,0
7.82,93.583840424468,0.8898171386688734,-1.8127069478515456,1.8127069478515456,-1.8349984884262085,1.8349984884262085,0.17475876766155124,-0.17475876766155124,2,0.0,0
7.84,93.60163701766544,0.8898171386683988,-1.817706943083174,1.817706943083174,-1.839998483657837,1.839998483657837,0.17454098204442609,-0.17454098204442609,2,0.0,0
7.86,93.61943361086287,0.8898171386679591,-1.8227069383148025,1.8227069383148025,-1.8449984788894653,1.8449984788894653,0.17431883292016317,-0.17431883292016317,2,0.0,0
7.88,93.63723020406029,0.8898171386675539,-1.8277069335464309,1.8277069335464309,-1.8499984741210938,1.8499984741210938,0.17409232584246853,-0.17409232584246853,2,0.0,0
7.9,93.6550267972577,0.8898171386671798,-1.8327069287780593,1.8327069287780593,-1.8549984693527222,1.8549984693527222,0.17386146647399645,-0.17386146647399645,2,0.0,0
7.92,93.67282339045512,0.8898171386668315,-1.8377069240096877,1.8377069240096877,-1.8599984645843506,1.8599984645843506,0.1736262605862081,-0.1736262605862081,2,0.0,0
7.94,93.69061998365251,0.8898171386665097,-1.8427069192413161,1.8427069192413161,-1.864998459815979,1.864998459815979,0.17338671405922723,-0.17338671405922723,2,0.0,0
7.96,93.7084165768499,0.8898171386662196,-1.8477069144729446,1.8477069144729446,-1.8699984550476074,1.8699984550476074,0.17314283288169313,-0.17314283288169313,2,0.0,0
7.98,93.72621317004729,0.8898171386659522,-1.852706909704573,1.852706909704573,-1.8749984502792358,1.8749984502792358,0.17289462315061088,-0.17289462315061088,2,0.0,0
8.0,93.74400976324466,0.8898171386657081,-1.8577069049362014,1.8577069049362014,-1.8799984455108643,1.8799984455108643,0.17264209107119904,-0.17264209107119904,2,0.0,0
8.02,93.76180635644204,0.8898171386654884,-1.8627069001678298,1.8627069001678298,-1.8849984407424927,1.8849984407424927,0.17238524295673432,-0.17238524295673432,2,0.0,0
8.040000000000001,93.77960294963941,0.8898171386652849,-1.8677068953994582,1.8677068953994582,-1.889998435974121,1.889998435974121,0.17212408522839404,-0.17212408522839404,2,0.0,0
8.06,93.79739954283679,0.8898171386650945,-1.8727068906310866,1.8727068906310866,-1.8949984312057495,1.8949984312057495,0.17185862441509528,-0.17185862441509528,2,0.0,0
8.08,93.81519613603415,0.8898171386649163,-1.877706885862715,1.877706885862715,-1.899998426437378,1.899998426437378,0.17158886715333194,-0.17158886715333194,2,0.0,0
8.1,93.8329927292315,0.889817138664756,-1.8827068810943435,1.8827068810943435,-1.9049984216690063,1.9049984216690063,0.17131482018700867,-0.17131482018700867,2,0.0,0
8.120000000000001,93.85078932242887,0.8898171386646071,-1.887706876325972,1.887706876325972,-1.9099984169006348,1.9099984169006348,0.1710364903672722,-0.1710364903672722,2,0.0,0
8.14,93.86858591562623,0.8898171386644673,-1.8927068715576003,1.8927068715576003,-1.9149984121322632,1.9149984121322632,0.17075388465234032,-0.17075388465234032,2,0.0,0
8.16,93.88638250882359,0.8898171386643361,-1.8977068667892287,1.8977068667892287,-1.9199984073638916,1.9199984073638916,0.17046701010732773,-0.17046701010732773,2,0.0,0
8.18,93.90417910202095,0.8898171386642143,-1.9027068620208571,1.9027068620208571,-1.92499840259552,1.92499840259552,0.17017587390406935,-0.17017587390406935,2,0.0,0
8.2,93.92197569521831,0.8898171386640966,-1.9077068572524856,1.9077068572524856,-1.9299983978271484,1.9299983978271484,0.16988048332094133,-0.16988048332094133,2,0.0,0
8.22,93.93977228841567,0.8898171386639817,-1.912706852484114,1.912706852484114,-1.9349983930587769,1.9349983930587769,0.16958084574267868,-0.16958084574267868,2,0.0,0
8.24,93.95756888161303,0.8898171386638724,-1.9177068477157424,1.9177068477157424,-1.9399983882904053,1.9399983882904053,0.169276968660191,-0.169276968660191,2,0.0,0
8.26,93.97536547481037,0.8898171386637714,-1.9227068429473708,1.9227068429473708,-1.9449983835220337,1.9449983835220337,0.16896885967037506,-0.16896885967037506,2,0.0,0
8.28,93.99316206800772,0.8898171386636773,-1.9277068381789992,1.9277068381789992,-1.949998378753662,1.949998378753662,0.1686565264759248,-0.1686565264759248,2,0.0,0
8.3,94.01095866120507,0.8898171386635887,-1.9327068334106277,1.9327068334106277,-1.9549983739852905,1.9549983739852905,0.168339976885139,-0.168339976885139,2,0.0,0
8.32,94.02875525440241,0.8898171386635078,-1.937706828642256,1.937706828642256,-1.959998369216919,1.959998369216919,0.16801921881172577,-0.16801921881172577,2,0.0,0
8.34,94.04655184759976,0.8898171386634299,-1.9427068238738845,1.9427068238738845,-1.9649983644485474,1.9649983644485474,0.167694260274605,-0.167694260274605,2,0.0,0
8.36,94.0643484407971,0.8898171386633545,-1.947706819105513,1.947706819105513,-1.9699983596801758,1.9699983596801758,0.16736510939770768,-0.16736510939770768,2,0.0,0
8.38,94.08214503399445,0.8898171386632822,-1.9527068143371413,1.9527068143371413,-1.9749983549118042,1.9749983549118042,0.1670317744097729,-0.1670317744097729,2,0.0,0
8.4,94.0999416271918,0.8898171386632137,-1.9577068095687697,1.9577068095687697,-1.9799983501434326,1.9799983501434326,0.1666942636441421,-0.1666942636441421,2,0.0,0
8.42,94.11773822038914,0.8898171386631468,-1.9627068048003982,1.9627068048003982,-1.984998345375061,1.984998345375061,0.16635258553855076,-0.16635258553855076,2,0.0,0
8.44,94.13553481358649,0.8898171386630799,-1.9677068000320266,1.9677068000320266,-1.9899983406066895,1.9899983406066895,0.1660067486349174,-0.1660067486349174,2,0.0,0
8.46,94.15333140678383,0.8898171386630171,-1.972706795263655,1.972706795263655,-1.9949983358383179,1.9949983358383179,0.16565676157913012,-0.16565676157913012,2,0.0,0
8.48,94.17112799998117,0.8898171386629569,-1.9777067904952834,1.9777067904952834,-1.9999983310699463,1.9999983310699463,0.16530263312083043,-0.16530263312083043,2,0.0,0
8.5,94.1889245931785,0.889817138662902,-1.9827067857269118,1.9827067857269118,-2.0049984455108643,2.0049984455108643,0.16494437211319443,-0.16494437211319443,2,0.0,0
8.52,94.20672118659203,0.8898171637516396,-1.9877068076971982,1.9877068076971982,-2.0099985599517822,2.0099985599517822,0.16458198556376422,-0.16458198556376422,2,0.0,0
8.540000000000001,94.22451778110457,0.8898172453260471,-1.9927068504086585,1.9927068504086585,-2.0149986743927,2.0149986743927,0.16421548290826032,-0.16421548290826032,2,0.0,0
8.56,94.242314378057,0.8898174004061328,-1.9977069092090447,1.9977069092090447,-2.019998788833618,2.019998788833618,0.16384487360497538,-0.16384487360497538,2,0.0,0
8.58,94.26011097901122,0.8898176359434596,-2.0027069804896094,2.0027069804896094,-2.024998903274536,2.024998903274536,0.16347016715167068,-0.16347016715167068,2,0.0,0
8.6,94.2779075855864,0.8898179520194887,-2.0077070614510464,2.0077070614510464,-2.029999017715454,2.029999017715454,0.16309137309882865,-0.16309137309882865,2,0.0,0
8.620000000000001,94.29570419934932,0.8898183442008399,-2.0127071499219342,2.0127071499219342,-2.034999132156372,2.034999132156372,0.1627085010600332,-0.1627085010600332,2,0.0,0
8.64,94.31350082174416,0.8898188052565547,-2.017707244217903,2.017707244217903,-2.03999924659729,2.03999924659729,0.16232156072008627,-0.16232156072008627,2,0.0,0
8.66,94.33129745405121,0.8898193263943257,-2.022707343032387,2.022707343032387,-2.044999361038208,2.044999361038208,0.1619305618413415,-0.1619305618413415,2,0.0,0
8.68,94.34909409736609,0.8898198981358109,-2.0277074453518815,2.0277074453518815,-2.049999475479126,2.049999475479126,0.16153551426863264,-0.16153551426863264,2,0.0,0
8.700000000000001,94.36689075259305,0.8898205109227242,-2.032707550390213,2.032707550390213,-2.054999589920044,2.054999589920044,0.16113642793309527,-0.16113642793309527,2,0.0,0
8.72,94.38468742044842,0.8898211555234473,-2.0377076575375455,2.0377076575375455,-2.059999704360962,2.059999704360962,0.1607333128551174,-0.1607333128551174,2,0.0,0
8.74,94.40248410147005,0.8898218232931914,-2.0427077663208304,2.0427077663208304,-2.06499981880188,2.06499981880188,0.16032617914660346,-0.16032617914660346,2,0.0,0
8.76,94.42028079603111,0.8898225063276799,-2.047707876373123,2.047707876373123,-2.069999933242798,2.069999933242798,0.1599150370126979,-0.1599150370126979,2,0.0,0
8.78,94.4380775043558,0.8898231975406188,-2.052707987409785,2.052707987409785,-2.075000047683716,2.075000047683716,0.15949989675308326,-0.15949989675308326,2,0.0,0
8.8,94.45587422653607,0.8898238906875157,-2.057708099210022,2.057708099210022,-2.080000162124634,2.080000162124634,0.15908076876294283,-0.15908076876294283,2,0.0,0
8.82,94.47367096254833,0.8898245803527188,-2.0627082116025637,2.0627082116025637,-2.0850002765655518,2.0850002765655518,0.15865766353365937,-0.15865766353365937,2,0.0,0
8.84,94.49146771226967,0.8898252619121475,-2.067708324454556,2.067708324454556,-2.0900003910064697,2.0900003910064697,0.1582305916533056,-0.1582305916533056,2,0.0,0
8.86,94.50926447549311,0.8898259314808775,-2.072708437662945,2.072708437662945,-2.0950005054473877,2.0950005054473877,0.15779956380697066,-0.15779956380697066,2,0.0,0
8.88,94.52706125194169,0.889826585852127,-2.07770855114779,2.07770855114779,-2.1000006198883057,2.1000006198883057,0.1573645907769571,-0.1573645907769571,2,0.0,0
8.9,94.5448580412813,0.8898272224324484,-2.082708664847083,2.082708664847083,-2.1050007343292236,2.1050007343292236,0.15692568344287564,-0.15692568344287564,2,0.0,0
8.92,94.56265484313232,0.8898278391763532,-2.087708778712722,2.087708778712722,-2.1100008487701416,2.1100008487701416,0.1564828527816592,-0.1564828527816592,2,0.0,0
8.94,94.58045165707969,0.8898284345226571,-2.092708892707396,2.092708892707396,-2.1150009632110596,2.1150009632110596,0.15603610986751262,-0.15603610986751262,2,0.0,0
8.96,94.59824848268202,0.8898290073340606,-2.0977090068021633,2.0977090068021633,-2.1200010776519775,2.1200010776519775,0.15558546587181207,-0.15558546587181207,2,0.0,0
8.98,94.6160453194794,0.8898295568407306,-2.1027091209745716,2.1027091209745716,-2.1250011920928955,2.1250011920928955,0.15513093206296386,-0.15513093206296386,2,0.0,0
9.0,94.63384216700013,0.889830082588516,-2.1077092352072073,2.1077092352072073,-2.1300013065338135,2.1300013065338135,0.15467251980623084,-0.15467251980623084,2,0.0,0
9.02,94.65163902476652,0.8898305843918787,-2.1127093494865603,2.1127093494865603,-2.1350014209747314,2.1350014209747314,0.15421024056353352,-0.15421024056353352,2,0.0,0
9.040000000000001,94.66943589229984,0.8898310622915597,-2.1177094638021523,2.1177094638021523,-2.1400015354156494,2.1400015354156494,0.15374410589322984,-0.15374410589322984,2,0.0,0
9.06,94.68723276912431,0.889831516516831,-2.122709578145855,2.122709578145855,-2.1450016498565674,2.1450016498565674,0.1532741274498785,-0.1532741274498785,2,0.0,0
9.08,94.70502965477054,0.8898319474521063,-2.127709692511363,2.127709692511363,-2.1500017642974854,2.1500017642974854,0.1528003169839888,-0.1528003169839888,2,0.0,0
9.1,94.72282654877829,0.8898323556075778,-2.1327098068937858,2.1327098068937858,-2.1550018787384033,2.1550018787384033,0.1523226863417585,-0.1523226863417585,2,0.0,0
9.120000000000001,94.74062345069864,0.8898327415935985,-2.137709921289329,2.137709921289329,-2.1600019931793213,2.1600019931793213,0.15184124746480318,-0.15184124746480318,2,0.0,0
9.14,94.75842036009587,0.8898331060984286,-2.1427100356950493,2.1427100356950493,-2.1650021076202393,2.1650021076202393,0.15135601238987723,-0.15135601238987723,2,0.0,0
9.16,94.77621727654865,0.8898334498690427,-2.1477101501086646,2.1477101501086646,-2.1700022220611572,2.1700022220611572,0.15086699324858835,-0.15086699324858835,2,0.0,0
9.18,94.79401419965116,0.8898337736947017,-2.152710264528404,2.152710264528404,-2.175002336502075,2.175002336502075,0.1503742022671064,-0.1503742022671064,2,0.0,0
9.200000000000001,94.81181112901365,0.8898340783929475,-2.1577103789528937,2.1577103789528937,-2.180002450942993,2.180002450942993,0.1498776517658672,-0.1498776517658672,2,0.0,0
9.22,94.82960806426291,0.8898343647977552,-2.162710493381069,2.162710493381069,-2.185002565383911,2.185002565383911,0.14937735415927184,-0.14937735415927184,2,0.0,0
9.24,94.84740500504257,0.8898346337496282,-2.167710607812102,2.167710607812102,-2.190002679824829,2.190002679824829,0.14887332195538241,-0.14887332195538241,2,0.0,0
9.26,94.86520195101299,0.8898348860873176,-2.1727107222453523,2.1727107222453523,-2.195002794265747,2.195002794265747,0.1483655677556134,-0.1483655677556134,2,0.0,0
9.28,94.88299890185124,0.8898351226410235,-2.1777108366803226,2.1777108366803226,-2.200002908706665,2.200002908706665,0.1478541042544205,-0.1478541042544205,2,0.0,0
9.3,94.90079585725084,0.8898353442268541,-2.182710951116627,2.182710951116627,-2.205003023147583,2.205003023147583,0.14733894423898602,-0.14733894423898602,2,0.0,0
9.32,94.91859281692143,0.8898355516424017,-2.187711065553966,2.187711065553966,-2.210003137588501,2.210003137588501,0.14682010058890124,-0.14682010058890124,2,0.0,0
9.34,94.93638978058841,0.889835745663212,-2.1927111799921075,2.1927111799921075,-2.215003252029419,2.215003252029419,0.14629758627584621,-0.14629758627584621,2,0.0,0
9.36,94.95418674799235,0.8898359270401052,-2.1977112944308717,2.1977112944308717,-2.220003366470337,2.220003366470337,0.14577141436326677,-0.14577141436326677,2,0.0,0
9.38,94.97198371888857,0.8898360964971938,-2.2027114088701194,2.2027114088701194,-2.225003480911255,2.225003480911255,0.14524159800604883,-0.14524159800604883,2,0.0,0
9.4,94.98978069304655,0.8898362547304459,-2.2077115233097415,2.2077115233097415,-2.230003595352173,2.230003595352173,0.14470815045019073,-0.14470815045019073,2,0.0,0
9.42,95.00757767024933,0.8898364024067853,-2.2127116377496545,2.2127116377496545,-2.235003709793091,2.235003709793091,0.14417108503247225,-0.14417108503247225,2,0.0,0
9.44,95.02537465029305,0.8898365401635835,-2.217711752189793,2.217711752189793,-2.240003824234009,2.240003824234009,0.14363041518012193,-0.14363041518012193,2,0.0,0
9.46,95.04317163298616,0.8898366686084762,-2.222711866630106,2.222711866630106,-2.2450039386749268,2.2450039386749268,0.14308615441048175,-0.14308615441048175,2,0.0,0
9.48,95.06096861814899,0.8898367883195142,-2.227711981070555,2.227711981070555,-2.2500040531158447,2.2500040531158447,0.14253831633066932,-0.14253831633066932,2,0.0,0
9.5,95.0787656056131,0.8898368998455142,-2.2327120955111086,2.2327120955111086,-2.2550041675567627,2.2550041675567627,0.1419869146372382,-0.1419869146372382,2,0.0,0
9.52,95.09656259522065,0.8898370037066042,-2.237712209951744,2.237712209951744,-2.2600042819976807,2.2600042819976807,0.14143196311583542,-0.14143196311583542,2,0.0,0
9.540000000000001,95.11435958682394,0.8898371003949266,-2.242712324392443,2.242712324392443,-2.2650043964385986,2.2650043964385986,0.14087347564085706,-0.14087347564085706,2,0.0,0
9.56,95.1321565802848,0.8898371903754255,-2.2477124388331906,2.2477124388331906,-2.2700045108795166,2.2700045108795166,0.1403114661751016,-0.1403114661751016,2,0.0,0
9.58,95.14995357547404,0.8898372740867765,-2.2527125532739776,2.2527125532739776,-2.2750046253204346,2.2750046253204346,0.1397459487694205,-0.1397459487694205,2,0.0,0
9.6,95.16775057227096,0.8898373519423388,-2.257712667714793,2.257712667714793,-2.2800047397613525,2.2800047397613525,0.13917693756236785,-0.13917693756236785,2,0.0,0
9.620000000000001,95.18554757056289,0.8898374243311575,-2.262712782155632,2.262712782155632,-2.2850048542022705,2.2850048542022705,0.1386044467798458,-0.1386044467798458,2,0.0,0
9.64,95.20334457024462,0.8898374916190157,-2.2677128965964877,2.2677128965964877,-2.2900049686431885,2.2900049686431885,0.13802849073475007,-0.13802849073475007,2,0.0,0
9.66,95.22114157121806,0.8898375541494775,-2.2727130110373577,2.2727130110373577,-2.2950050830841064,2.2950050830841064,0.13744908382661114,-0.13744908382661114,2,0.0,0
9.68,95.23893857339168,0.8898376122449478,-2.2777131254782392,2.2777131254782392,-2.3000051975250244,2.3000051975250244,0.13686624054123495,-0.13686624054123495,2,0.0,0
9.700000000000001,95.25673557668024,0.8898376662077232,-2.2827132399191283,2.2827132399191283,-2.3050053119659424,2.3050053119659424,0.13627997545034068,-0.13627997545034068,2,0.0,0
9.72,95.27450439529262,0.8862751733173456,-2.2835597519435664,2.2835597519435664,-2.3100054264068604,2.3100054264068604,0.7572278001118798,-0.7572278001118798,2,0.0,0
9.74,95.29212450697848,0.8760341442540568,-2.2838537886951658,2.2838537886951658,-2.3150055408477783,2.3150055408477783,0.780758188558473,-0.780758188558473,2,0.0,0
9.76,95.30947741367055,0.8604237237952204,-2.284143551287906,2.284143551287906,-2.3200056552886963,2.3200056552886963,0.8043099477993626,-0.8043099477993626,2,0.0,0
9.78,95.32646855276575,0.8405574492693316,-2.2844274202020722,2.2844274202020722,-2.3250057697296143,2.3250057697296143,0.8278911754331203,-0.8278911754331203,2,0.0,0
9.8,95.34302369095776,0.8173799044403983,-2.284704122465933,2.284704122465933,-2.3300058841705322,2.3300058841705322,0.8515082363184062,-0.8515082363184062,2,0.0,0
9.82,95.35908581110206,0.7916898836662689,-2.2849726785451567,2.2849726785451567,-2.33500599861145,2.33500599861145,0.8751660281268775,-0.8751660281268775,2,0.0,0
9.84,95.37461242746109,0.7641605146222543,-2.2852323565482324,2.2852323565482324,-2.340006113052368,2.340006113052368,0.8988682103160889,-0.8988682103160889,2,0.0,0
9.86,95.38957327299063,0.7353567308408366,-2.2854826327874638,2.2854826327874638,-2.345006227493286,2.345006227493286,0.922617401324522,-0.922617401324522,2,0.0,0
9.88,95.40394830958074,0.7057504354978956,-2.2857231578574706,2.2857231578574706,-2.350006341934204,2.350006341934204,0.9464153481790777,-0.9464153481790777,2,0.0,0
9.9,95.41772601849448,0.6757336543652718,-2.28595372750039,2.28595372750039,-2.350006341934204,2.350006341934204,0.9702630721690714,-0.9702630721690714,2,0.0,0
9.92,95.43090193376992,0.645629937851949,-2.2861742576208868,2.2861742576208868,-2.350006341934204,2.350006341934204,0.9691604215665867,-0.9691604215665867,2,0.0,0
9.94,95.44347738616938,0.6157042388761044,-2.2863847628962515,2.2863847628962515,-2.350006341934204,2.350006341934204,0.9681078951897631,-0.9681078951897631,2,0.0,0
9.96,95.45545842946102,0.5861714643386953,-2.286585338498656,2.286585338498656,-2.350006341934204,2.350006341934204,0.9671050171777412,-0.9671050171777412,2,0.0,0
9.98,95.46685492448465,0.5572038726745018,-2.286776144509405,2.286776144509405,-2.350006341934204,2.350006341934204,0.9661509871239954,-0.9661509871239954,2,0.0,0
10.0,95.47767975964855,0.528937467873657,-2.286957392659752,2.286957392659752,-2.350006341934204,2.350006341934204,0.9652447463722608,-0.9652447463722608,2,0.0,0
10.02,95.48794818929144,0.5014775210893978,-2.2871293350806563,2.2871293350806563,-2.350006341934204,2.350006341934204,0.964385034267739,-0.964385034267739,2,0.0,0
10.040000000000001,95.49767727377301,0.4749033341210887,-2.287292254785524,2.287292254785524,-2.350006341934204,2.350006341934204,0.9635704357434,-0.9635704357434,2,0.0,0
10.06,95.50688540727313,0.44927234437526387,-2.287446457646286,2.287446457646286,-2.350006341934204,2.350006341934204,0.9627994214395913,-0.9627994214395913,2,0.0,0
10.08,95.51559192112572,0.42462365809055913,-2.287592265654835,2.287592265654835,-2.350006341934204,2.350006341934204,0.9620703813968451,-0.9620703813968451,2,0.0,0
10.1,95.52381675211974,0.40098108742796534,-2.2877300112894052,2.2877300112894052,-2.350006341934204,2.350006341934204,0.9613816532239944,-0.9613816532239944,2,0.0,0
10.120000000000001,95.53158016660082,0.37835575726916587,-2.2878600328294714,2.2878600328294714,-2.2878599166870117,2.2878599166870117,0.9607315455236637,-0.9607315455236637,9,0.0,0
10.14,95.53869789744654,0.3390628811496532,-2.287860006778704,2.287860006778704,-2.2866599559783936,2.2866599559783936,0.1356729569543619,-0.1356729569543619,9,0.0,0
10.16,95.54487222656493,0.2861667016796727,-2.287590835239879,2.287590835239879,-2.2854599952697754,2.2854599952697754,0.13570479270970062,-0.13570479270970062,9,0.0,0
10.18,95.54986077655815,0.22226195597935086,-2.2871128875783344,2.2871128875783344,-2.2842600345611572,2.2842600345611572,0.13576129683614843,-0.13576129683614843,9,0.0,0
10.200000000000001,95.55346969968203,0.14964621707882622,-2.286472992303504,2.286472992303504,-2.283060073852539,2.283060073852539,0.13583689824295386,-0.13583689824295386,9,0.0,0
10.22,95.55554790609403,0.07033583317309895,-2.2857074742845227,2.2857074742845227,-2.281860113143921,2.281860113143921,0.13592726846714726,-0.13592726846714726,9,0.0,0
10.24,95.55598165551359,-0.013914468644465649,-2.2848445107180106,2.2848445107180106,-2.2806601524353027,2.2806601524353027,0.13602904672950752,-0.13602904672950752,9,0.0,0
10.26,95.55468956473646,-0.10159008118439562,-2.283905958651997,2.283905958651997,-2.2794601917266846,2.2794601917266846,0.13613962492665874,-0.13613962492665874,9,0.0,0
10.28,95.55161805413177,-0.19139437124736677,-2.282908772596011,2.282908772596011,-2.2782602310180664,2.2782602310180664,0.1362569798583473,-0.1362569798583473,9,0.0,0
10.3,95.54673723570777,-0.2822267571744508,-2.281866104161055,2.281866104161055,-2.2770602703094482,2.2770602703094482,0.13637954252973572,-0.13637954252973572,9,0.0,0
10.32,95.54003723132271,-0.3731615923591078,-2.2807881550502005,2.2807881550502005,-2.27586030960083,2.27586030960083,0.13650609646518272,-0.13650609646518272,9,0.0,0
10.34,95.53152490044303,-0.4634282267277858,-2.279682838723295,2.279682838723295,-2.274660348892212,2.274660348892212,0.13663569867113365,-0.13663569867113365,9,0.0,0
10.36,95.52122095121825,-0.5523924646947858,-2.2785562936501895,2.2785562936501895,-2.2734603881835938,2.2734603881835938,0.13676761824976066,-0.13676761824976066,9,0.0,0
10.38,95.50915740557576,-0.6395395276266619,-2.27741328144121,2.27741328144121,-2.2722604274749756,2.2722604274749756,0.13690128874939686,-0.13690128874939686,9,0.0,0
10.4,95.49537538780282,-0.7244585507237732,-2.2762574956769126,2.2762574956769126,-2.2710604667663574,2.2710604667663574,0.13703627119454112,-0.13703627119454112,9,0.0,0
10.42,95.4799232061255,-0.806828590273817,-2.2750918014672914,2.2750918014672914,-2.2698605060577393,2.2698605060577393,0.13717222541192617,-0.13717222541192617,9,0.0,0
10.44,95.46285469770595,-0.8864060812283284,-2.2739184212778247,2.2739184212778247,-2.268660545349121,2.268660545349121,0.13730888779708728,-0.13730888779708728,9,0.0,0
10.46,95.44422780895475,-0.9630136622638493,-2.272739079074716,2.272739079074716,-2.267460584640503,2.267460584640503,0.1374460540784835,-0.1374460540784835,9,0.0,0
10.48,95.42410338487342,-1.0365302723275975,-2.271555112138342,2.271555112138342,-2.2662606239318848,2.2662606239318848,0.1375835659580537,-0.1375835659580537,9,0.0,0
10.5,95.40254414314205,-1.1068824164246833,-2.27036755779693,2.27036755779693,-2.2650606632232666,2.2650606632232666,0.13772130075771666,-0.13772130075771666,9,0.0,0
10.52,95.37961381073356,-1.1740364970450543,-2.2691772207058616,2.2691772207058616,-2.2638607025146484,2.2638607025146484,0.1378591633962756,-0.1378591633962756,9,0.0,0
10.540000000000001,95.35537640289022,-1.2379921096332085,-2.2679847250362197,2.2679847250362197,-2.2626607418060303,2.2626607418060303,0.13799708017268444,-0.13799708017268444,9,0.0,0
10.56,95.32989562628508,-1.298776204743126,-2.266790554957438,2.266790554957438,-2.261460781097412,2.261460781097412,0.13813499394928197,-0.13813499394928197,9,0.0,0
10.58,95.30323439007668,-1.3564380251652497,-2.2655950860396867,2.2655950860396867,-2.260260820388794,2.260260820388794,0.13827286041991502,-0.13827286041991502,9,0.0,0
10.6,95.2754544103275,-1.411044732756261,-2.2643986096127047,2.2643986096127047,-2.259060859680176,2.259060859680176,0.13841064521871083,-0.13841064521871083,9,0.0,0
10.620000000000001,95.24661589488635,-1.4626776465128732,-2.2632013516609324,2.2632013516609324,-2.2578608989715576,2.2578608989715576,0.1385483216802039,-0.1385483216802039,9,0.0,0
10.64,95.21677729732635,-1.5114290203008234,-2.262003487480474,2.262003487480474,-2.2566609382629395,2.2566609382629395,0.13868586910411707,-0.13868586910411707,9,0.0,0
10.66,95.1859951298858,-1.5573992953706808,-2.2608051530484983,2.2608051530484983,-2.2554609775543213,2.2554609775543213,0.13882327141112433,-0.13882327141112433,9,0.0,0
10.68,95.15432382658418,-1.600694769222684,-2.259606453842476,2.259606453842476,-2.254261016845703,2.254261016845703,0.13896051610151547,-0.13896051610151547,9,0.0,0
10.700000000000001,95.12181564878485,-1.6414256284371667,-2.258407471681269,2.258407471681269,-2.253061056137085,2.253061056137085,0.13909759344851946,-0.13909759344851946,9,0.0,0
10.72,95.08852062646042,-1.6797042987164101,-2.2572082700317604,2.2572082700317604,-2.2528598308563232,2.2528598308563232,0.13923449587341447,-0.13923449587341447,9,0.0,0
10.74,95.05448834067708,-1.7154338767044128,-2.2562329146017763,2.2562329146017763,-2.2528598308563232,2.2528598308563232,0.13934569607506053,-0.13934569607506053,9,0.0,0
10.76,95.01977205778891,-1.748421989314122,-2.2554763315120314,2.2554763315120314,-2.2528598308563232,2.2528598308563232,0.13943186276736225,-0.13943186276736225,9,0.0,0
10.78,94.98442775866641,-1.778584864782444,-2.254889450100302,2.254889450100302,-2.2528598308563232,2.2528598308563232,0.13949864729493025,-0.13949864729493025,9,0.0,0
10.8,94.94851183390269,-1.8059454011937328,-2.2544342062598,2.2544342062598,-2.2528598308563232,2.2528598308563232,0.13955041895556727,-0.13955041895556727,9,0.0,0
10.82,94.91207935741126,-1.8305984990306197,-2.254081073667469,2.254081073667469,-2.2528598308563232,2.2528598308563232,0.13959055830873518,-0.13959055830873518,9,0.0,0
10.84,94.87518294729082,-1.8526854607198153,-2.2538071487580655,2.2538071487580655,-2.2528598308563232,2.2528598308563232,0.1396216824119155,-0.1396216824119155,9,0.0,0
10.86,94.8378720581716,-1.8723752698304876,-2.2535946652387824,2.2535946652387824,-2.2528598308563232,2.2528598308563232,0.13964581815991592,-0.13964581815991592,9,0.0,0
10.88,94.80019258706395,-1.8898510713662593,-2.2534298417984275,2.2534298417984275,-2.2528598308563232,2.2528598308563232,0.13966453591457434,-0.13966453591457434,9,0.0,0
10.9,94.76218670371888,-1.905300567116411,-2.2533019882755654,2.2533019882755654,-2.2528598308563232,2.2528598308563232,0.13967905266153,-0.13967905266153,9,0.0,0
10.92,94.72389283869683,-1.9189093426252533,-2.2532028123132566,2.2532028123132566,-2.2528598308563232,2.2528598308563232,0.13969031172791244,-0.13969031172791244,9,0.0,0
10.94,94.68534577928827,-1.930856375394608,-2.2531258815312203,2.2531258815312203,-2.2528598308563232,2.2528598308563232,0.13969904443809278,-0.13969904443809278,9,0.0,0
10.96,94.64657683634319,-1.9413111532455527,-2.253066206332846,2.253066206332846,-2.2528598308563232,2.2528598308563232,0.13970581783091962,-0.13970581783091962,9,0.0,0
10.98,94.60761405487746,-1.950431969560177,-2.2530199162886433,2.2530199162886433,-2.2528598308563232,2.2528598308563232,0.13971107160828414,-0.13971107160828414,9,0.0,0
11.0,94.56848244875523,-1.9583650678664681,-2.252984009106922,2.252984009106922,-2.2528598308563232,2.2528598308563232,0.13971514675657798,-0.13971514675657798,9,0.0,0
11.02,94.52920424534894,-1.9652443892437539,-2.252956155910379,2.252956155910379,-2.2528598308563232,2.2528598308563232,0.1397183077245575,-0.1397183077245575,9,0.0,0
11.040000000000001,94.48979913028593,-1.97119173797758,-2.2529345501891704,2.2529345501891704,-2.2528598308563232,2.2528598308563232,0.13972075961238803,-0.13972075961238803,9,0.0,0
11.06,94.45028448552854,-1.9763172281623176,-2.2529177906338274,2.2529177906338274,-2.2528598308563232,2.2528598308563232,0.13972266149656418,-0.13972266149656418,9,0.0,0
11.08,94.41067561635967,-1.9807199099227082,-2.2529047902487633,2.2529047902487633,-2.2528598308563232,2.2528598308563232,0.1397241367608622,-0.1397241367608622,9,0.0,0
11.1,94.37098596455348,-1.984488501217698,-2.252894705851632,2.252894705851632,-2.2528598308563232,2.2528598308563232,0.1397252811069372,-0.1397252811069372,9,0.0,0
11.120000000000001,94.33122730624943,-1.9877021718203807,-2.2528868833859907,2.2528868833859907,-2.2528598308563232,2.2528598308563232,0.13972616876626387,-0.13972616876626387,9,0.0,0
11.14,94.29140993393439,-1.9904313415945039,-2.252880815500333,2.252880815500333,-2.2528598308563232,2.2528598308563232,0.13972685731760845,-0.13972685731760845,9,0.0,0
11.16,94.25154282255824,-1.992738466811586,-2.252876108642158,2.252876108642158,-2.2528598308563232,2.2528598308563232,0.13972739142326046,-0.13972739142326046,9,0.0,0
11.18,94.2116337802332,-1.994678796898779,-2.2528724575328374,2.2528724575328374,-2.2528598308563232,2.2528598308563232,0.13972780572681862,-0.13972780572681862,9,0.0,0
11.200000000000001,94.1716895842426,-1.9963010903869174,-2.252869625367777,2.252869625367777,-2.2528598308563232,2.2528598308563232,0.13972812710075597,-0.13972812710075597,9,0.0,0
11.22,94.13171610325625,-1.9976482834886908,-2.25286742845768,2.25286742845768,-2.2528598308563232,2.2528598308563232,0.13972837638970864,-0.13972837638970864,9,0.0,0
11.24,94.09171840673996,-1.998758108097314,-2.2528657243147823,2.2528657243147823,-2.2528598308563232,2.2528598308563232,0.1397285697626548,-0.1397285697626548,9,0.0,0
11.26,94.05170086258371,-1.99966365837869,-2.252864402411341,2.252864402411341,-2.2528598308563232,2.2528598308563232,0.13972871976174644,-0.13972871976174644,9,0.0,0
11.28,94.01166722396955,-2.0003939067802876,-2.2528633770110003,2.2528633770110003,-2.2528598308563232,2.2528598308563232,0.13972883611585565,-0.13972883611585565,9,0.0,0
11.3,93.97162070647022,-2.0009741713858324,-2.2528625816080794,2.2528625816080794,-2.2528598308563232,2.2528598308563232,0.139728926371623,-0.139728926371623,9,0.0,0
11.32,93.93156405632342,-2.0014265372487037,-2.2528619646141292,2.2528619646141292,-2.2528598308563232,2.2528598308563232,0.13972899638295,-0.13972899638295,9,0.0,0
11.34,93.89149961076804,-2.001770234747464,-2.2528614860119967,2.2528614860119967,-2.2528598308563232,2.2528598308563232,0.13972905069069128,-0.13972905069069128,9,0.0,0
11.36,93.85142935126568,-2.0020219782058217,-2.25286111476038,2.25286111476038,-2.2528598308563232,2.2528598308563232,0.13972909281717757,-0.13972909281717757,9,0.0,0
11.38,93.81135495036517,-2.0021962680681846,-2.2528608267805463,2.2528608267805463,-2.2528598308563232,2.2528598308563232,0.1397291254946746,-0.1397291254946746,9,0.0,0
11.4,93.7712778129024,-2.0023056598670923,-2.2528606033946232,2.2528606033946232,-2.2528598308563232,2.2528598308563232,0.1397291508425972,-0.1397291508425972,9,0.0,0
11.42,93.73119911216426,-2.0023610030941925,-2.2528604301141897,2.2528604301141897,-2.2528598308563232,2.2528598308563232,0.1397291705049729,-0.1397291705049729,9,0.0,0
11.44,93.69111982158556,-2.002371652917977,-2.252860295700578,2.252860295700578,-2.2528598308563232,2.2528598308563232,0.13972918575707255,-0.13972918575707255,9,0.0,0
11.46,93.65104074249022,-2.0023456574969014,-2.2528601914359556,2.2528601914359556,-2.2528598308563232,2.2528598308563232,0.13972919758812263,-0.13972919758812263,9,0.0,0
11.48,93.61096252833629,-2.002289923429723,-2.2528601105579007,2.2528601105579007,-2.2528598308563232,2.2528598308563232,0.13972920676546569,-0.13972920676546569,9,0.0,0
11.5,93.57088570587526,-2.0022103616752656,-2.252860047820803,2.252860047820803,-2.2528598308563232,2.2528598308563232,0.13972921388432902,-0.13972921388432902,9,0.0,0
11.52,93.53081069359223,-2.002112016067435,-2.2528599991556444,2.2528599991556444,-2.2528598308563232,2.2528598308563232,0.13972921940643,-0.13972921940643,9,0.0,0
11.540000000000001,93.49073781775282,-2.0019991763533964,-2.252859961406086,2.252859961406086,-2.2528598308563232,2.2528598308563232,0.13972922368992294,-0.13972922368992294,9,0.0,0
11.56,93.45066732634648,-2.001875477494997,-2.2528599321237586,2.2528599321237586,-2.2528598308563232,2.2528598308563232,0.13972922701262766,-0.13972922701262766,9,0.0,0
11.58,93.41059706219883,-2.002095529457922,-2.2523618900494977,2.2523618900494977,-2.2528598308563232,2.2528598308563232,0.6524897040341276,-0.6524897040341276,9,0.0,0
11.6,93.3705113375204,-2.0032861530894475,-2.251682707049535,2.251682707049535,-2.2528598308563232,2.2528598308563232,0.6558856190339407,-0.6558856190339407,9,0.0,0
11.620000000000001,93.33039248398387,-2.0052791309357447,-2.2510027562482913,2.2510027562482913,-2.2528598308563232,2.2528598308563232,0.6592853730401599,-0.6592853730401599,9,0.0,0
11.64,93.29043002765496,-1.9903361839543334,-2.2503244992527103,2.2503244992527103,-2.2528598308563232,2.2528598308563232,0.6626766580180649,-0.6626766580180649,9,0.0,0
11.66,93.25092551679649,-1.9616863350044904,-2.2496531909406507,2.2496531909406507,-2.2528598308563232,2.2528598308563232,0.6660331995783625,-0.6660331995783625,9,0.0,0
11.68,93.21212141985522,-1.922079823061206,-2.2489930704930616,2.2489930704930616,-2.2528598308563232,2.2528598308563232,0.6693338018163081,-0.6693338018163081,9,0.0,0
11.700000000000001,93.1742099544027,-1.8738531528068385,-2.24834751206764,2.24834751206764,-2.2528598308563232,2.2528598308563232,0.6725615939434154,-0.6725615939434154,9,0.0,0
11.72,93.13734071268445,-1.818985638884475,-2.2477191549881046,2.2477191549881046,-2.2528598308563232,2.2528598308563232,0.6757033793410933,-0.6757033793410933,9,0.0,0
11.74,93.10162724135849,-1.759148536574379,-2.2471100161550064,2.2471100161550064,-2.2528598308563232,2.2528598308563232,0.6787490735065843,-0.6787490735065843,9,0.0,0
11.76,93.06715271276195,-1.6957477117735493,-2.246521587024086,2.246521587024086,-2.2528598308563232,2.2528598308563232,0.6816912191611851,-0.6816912191611851,9,0.0,0
11.78,93.03397480737868,-1.6299606818782466,-2.2459549171882753,2.2459549171882753,-2.2528598308563232,2.2528598308563232,0.6845245683402396,-0.6845245683402396,9,0.0,0
11.8,93.00212991176339,-1.5627687532585226,-2.2454106863319043,2.2454106863319043,-2.2528598308563232,2.2528598308563232,0.6872457226220946,-0.6872457226220946,3,1.0,0
11.82,92.97681695117345,-0.9898219503811782,-2.2470815303445493,2.2470815303445493,-2.249659776687622,2.249659776687622,0.6788915025588699,-0.6788915025588699,3,1.0,0
11.84,92.9643881411835,-0.3494530511242576,-2.2476598313093548,2.2476598313093548,-2.246459722518921,2.246459722518921,0.6599997268913366,-0.6599997268913366,3,1.0,0
11.86,92.96259585055587,0.07152390386340401,-2.2473906467633378,2.2473906467633378,-2.2432596683502197,2.2432596683502197,0.6546546212220844,-0.6546546212220844,3,1.0,0
11.88,92.96561249519873,0.1650492875226894,-2.2464640678084926,2.2464640678084926,-2.2400596141815186,2.2400596141815186,0.6660219972913645,-0.6660219972913645,3,1.0,0
11.9,92.96672616867824,-0.07228544491356524,-2.245027548089777,2.245027548089777,-2.2368595600128174,2.2368595600128174,0.6748396695412923,-0.6748396695412923,3,1.0,0
11.92,92.96038724719683,-0.511531835535872,-2.243195467381851,2.243195467381851,-2.233659505844116,2.233659505844116,0.140819324190432,-0.140819324190432,3,1.0,0
11.94,92.94514873055846,-0.956861671870408,-2.2410565500621638,2.2410565500621638,-2.230459451675415,2.230459451675415,0.14105880798147127,-0.14105880798147127,3,1.0,0
11.96,92.92098408242319,-1.4041358487626958,-2.2386796196196324,2.2386796196196324,-2.227259397506714,2.227259397506714,0.14132418380241285,-0.14132418380241285,3,1.0,0
11.98,92.88783820587412,-1.8548014271751003,-2.2361180624263337,2.2361180624263337,-2.2240593433380127,2.2240593433380127,0.14160927860887895,-0.14160927860887895,3,1.0,0
12.0,92.84562659780775,-2.3103464713947615,-2.233413290284669,2.233413290284669,-2.2208592891693115,2.2208592891693115,0.14190930428105977,-0.14190930428105977,3,1.0,0
12.02,92.79423454663637,-2.7722987311723193,-2.2305974263247776,2.2305974263247776,-2.2176592350006104,2.2176592350006104,0.14222054971801049,-0.14222054971801049,3,1.0,0
12.040000000000001,92.73351633773183,-3.2422259240579527,-2.227695388454849,2.227695388454849,-2.214459180831909,2.214459180831909,0.142540140203215,-0.142540140203215,3,1.0,0
12.06,92.66329443844758,-3.7217372893561786,-2.2247265054932663,2.2247265054932663,-2.211259126663208,2.211259126663208,0.14286584982299882,-0.14286584982299882,3,1.0,0
12.08,92.58335864021903,-4.212486163024246,-2.2217057708021275,2.2217057708021275,-2.208059072494507,2.208059072494507,0.1431959555266479,-0.1431959555266479,3,1.0,0
12.1,92.49346513954997,-4.716173383316464,-2.218644814730606,2.218644814730606,-2.2048590183258057,2.2048590183258057,0.14352912375492585,-0.14352912375492585,3,1.0,0
12.120000000000001,92.39333554294942,-5.234551383931951,-2.2155526589391594,2.2155526589391594,-2.2016589641571045,2.2016589641571045,0.14386432247154046,-0.14386432247154046,3,1.0,0
12.14,92.28265578332268,-5.769428867881426,-2.2124363015287187,2.2124363015287187,-2.1984589099884033,2.1984589099884033,0.14420075296741544,-0.14420075296741544,3,1.0,0
12.16,92.1610749371257,-6.32267598359356,-2.209301170925335,2.209301170925335,-2.195258855819702,2.195258855819702,0.14453779703080605,-0.14453779703080605,3,1.0,0
12.18,92.02820393290543,-6.8962299467465895,-2.2061514779584437,2.2061514779584437,-2.192058801651001,2.192058801651001,0.14487497604372357,-0.14487497604372357,3,1.0,0
12.200000000000001,91.88361414278047,-7.492101068338293,-2.20299048896793,2.20299048896793,-2.1888587474823,2.1888587474823,0.14521191932613314,-0.14521191932613314,3,1.0,0
12.22,91.72683584905226,-8.11237916267781,-2.1998207376532513,2.1998207376532513,-2.1856586933135986,2.1856586933135986,0.1455483396455743,-0.1455483396455743,3,1.0,0
12.24,91.55735657854451,-8.759240319126835,-2.19664418940477,2.19664418940477,-2.1824586391448975,2.1824586391448975,0.14588401427547665,-0.14588401427547665,3,1.0,0
12.26,91.37461929750188,-9.434954029170072,-2.193462368775558,2.193462368775558,-2.1792585849761963,2.1792585849761963,0.14621877034823472,-0.14621877034823472,3,1.0,0
12.280000000000001,91.17802045997863,-10.141890666236261,-2.1902764583612453,2.1902764583612453,-2.176058530807495,2.176058530807495,0.14655247353126755,-0.14655247353126755,3,1.0,0
12.3,90.96690790264874,-10.882529319980632,-2.187087375501123,2.187087375501123,-2.172858476638794,2.172858476638794,0.14688501927342323,-0.14688501927342323,3,1.0,0
12.32,90.74057857889922,-11.65946598973906,-2.183895831775167,2.183895831775167,-2.1696584224700928,2.1696584224700928,0.1472163260391014,-0.1472163260391014,3,1.0,0
12.34,90.49827612495127,-12.475422143756292,-2.1807023791558797,2.1807023791558797,-2.1696584224700928,2.1696584224700928,0.14754633007924342,-0.14754633007924342,3,1.0,0
12.36,90.23918602770144,-13.333515653970458,-2.178225218343136,2.178225218343136,-2.1696584224700928,2.1696584224700928,0.14780127805389545,-0.14780127805389545,3,1.0,0
12.38,89.96242747944636,-14.237137064622866,-2.1763036849985884,2.1763036849985884,-2.1696584224700928,2.1696584224700928,0.14799841662209867,-0.14799841662209867,3,1.0,0
12.4,89.66705115517838,-15.189744574209437,-2.174813151814303,2.174813151814303,-2.1696584224700928,2.1696584224700928,0.1481509606782166,-0.1481509606782166,3,1.0,0
12.42,89.35203750490255,-16.19489484433666,-2.1736569454025,2.1736569454025,-2.1696584224700928,2.1696584224700928,0.14826906241756674,-0.14826906241756674,3,1.0,0
12.44,89.01629447968233,-17.25626954495581,-2.172760076227908,2.172760076227908,-2.1696584224700928,2.1696584224700928,0.14836053742382033,-0.14836053742382033,3,1.0,0
12.46,88.66708135653718,-16.143445347414833,-2.1720643749170323,2.1720643749170323,-2.1696584224700928,2.1696584224700928,0.6620297622346977,-0.6620297622346977,3,1.0,0
12.48,88.41917319011459,-9.797300384589189,-2.171524719493849,2.171524719493849,-2.1664583683013916,2.1664583683013916,0.659331485118782,-0.659331485118782,3,1.0,0
12.5,88.27494029657947,-5.465062992345464,-2.170388336312113,2.170388336312113,-2.1632583141326904,2.1632583141326904,0.6696498400536061,-0.6696498400536061,3,1.0,0
12.52,88.19827882115193,-2.7727826101733917,-2.1687890714798277,2.1687890714798277,-2.1600582599639893,2.1600582599639893,0.6776537867356863,-0.6776537867356863,3,1.0,0
12.540000000000001,88.16060044447445,-1.3494620320474726,-2.1668307494068766,2.1668307494068766,-2.156858205795288,2.156858205795288,0.6838624472144367,-0.6838624472144367,3,1.0,0
12.56,88.14038085869987,-0.8590108035342753,-2.1645939066755213,2.1645939066755213,-2.153658151626587,2.153658151626587,0.6886785044011662,-0.6886785044011662,3,1.0,0
12.58,88.12226723288384,-1.0155693164814694,-2.1621410155029355,2.1621410155029355,-2.1504580974578857,2.1504580974578857,0.6924143193817428,-0.6924143193817428,3,1.0,0
12.6,88.09489759927654,-1.807506066050232,-2.159520535580469,2.159520535580469,-2.1472580432891846,2.1472580432891846,0.14969696457155482,-0.14969696457155482,3,1.0,0
12.620000000000001,88.0446934743022,-3.05774675781029,-2.1567700570848736,2.1567700570848736,-2.1440579891204834,2.1440579891204834,0.14997131954370302,-0.14997131954370302,3,1.0,0
12.64,87.96939087466956,-4.316944035521413,-2.1539187387117362,2.1539187387117362,-2.1408579349517822,2.1408579349517822,0.1502545353660081,-0.1502545353660081,3,1.0,0
12.66,87.86876178272547,-5.589450747911395,-2.150989198857715,2.150989198857715,-2.137657880783081,2.137657880783081,0.150544248453113,-0.150544248453113,3,1.0,0
12.68,87.74249050567919,-6.87967635553432,-2.1479989826103796,2.1479989826103796,-2.13445782661438,2.13445782661438,0.15083862961935265,-0.15083862961935265,3,1.0,0
12.700000000000001,87.59017241161274,-8.192098761627706,-2.1449616996920478,2.1449616996920478,-2.1312577724456787,2.1312577724456787,0.15113626367977145,-0.15113626367977145,3,1.0,0
12.72,87.41131242025703,-9.53127688802889,-2.1418879071626833,2.1418879071626833,-2.1280577182769775,2.1280577182769775,0.15143605595036774,-0.15143605595036774,3,1.0,0
12.74,87.2053232351089,-10.901863869657232,-2.1387857941324313,2.1387857941324313,-2.1248576641082764,2.1248576641082764,0.1517371597274456,-0.1517371597274456,3,1.0,0
12.76,86.97152330566159,-12.308620769417155,-2.135661712893047,2.135661712893047,-2.1248576641082764,2.1248576641082764,0.15203892009291964,-0.15203892009291964,3,1.0,0
12.780000000000001,86.70913230229496,-13.75669096429485,-2.1332383634513516,2.1332383634513516,-2.1248576641082764,2.1248576641082764,0.15227197376689497,-0.15227197376689497,3,1.0,0
12.8,86.42411612539216,-13.434471747358092,-2.131358571580855,2.131358571580855,-2.1248576641082764,2.1248576641082764,0.6825045373628941,-0.6825045373628941,3,1.0,0
12.82,86.2100283790856,-8.82884201429322,-2.129900417252971,2.129900417252971,-2.121657609939575,2.121657609939575,0.675213765723473,-0.675213765723473,3,1.0,0
12.84,86.07004457079347,-5.776284453935951,-2.1280515545813143,2.1280515545813143,-2.118457555770874,2.118457555770874,0.6819697232086958,-0.6819697232086958,3,1.0,0
12.86,85.97676844533247,-3.9524101045935005,-2.1258996194943784,2.1258996194943784,-2.115257501602173,2.115257501602173,0.6872103186175221,-0.6872103186175221,3,1.0,0
12.88,85.90907663978057,-3.0554002603782,-2.1235125911713593,2.1235125911713593,-2.1120574474334717,2.1120574474334717,0.6912754478459321,-0.6912754478459321,3,1.0,0
12.9,85.8514550676655,-2.822985717863548,-2.1209432010533806,2.1209432010533806,-2.1088573932647705,2.1088573932647705,0.6944287680995448,-0.6944287680995448,3,1.0,0
12.92,85.78674672932806,-3.875477472299184,-2.1182323529129827,2.1182323529129827,-2.1056573390960693,2.1056573390960693,0.15369513745754496,-0.15369513745754496,3,1.0,0
12.94,85.69091342052126,-5.506386598008577,-2.1154117758016056,2.1154117758016056,-2.102457284927368,2.102457284927368,0.15395878543308802,-0.15395878543308802,3,1.0,0
12.96,85.56227549463716,-7.154691504095671,-2.112506081940636,2.112506081940636,-2.099257230758667,2.099257230758667,0.15422910866661446,-0.15422910866661446,3,1.0,0
12.98,85.4004211916722,-8.826078362770843,-2.1095343630272425,2.1095343630272425,-2.096057176589966,2.096057176589966,0.1545042274581132,-0.1545042274581132,3,1.0,0
13.0,85.20482411011585,-10.526317189258485,-2.106511428488625,2.106511428488625,-2.0928571224212646,2.0928571224212646,0.15478268780826723,-0.15478268780826723,3,1.0,0
13.02,84.97484135485624,-12.261277509912569,-2.103448765995679,2.103448765995679,-2.0928571224212646,2.0928571224212646,0.15506336529474254,-0.15506336529474254,3,1.0,0
13.040000000000001,84.72956423062091,-10.913050902267221,-2.1010730590682103,2.1010730590682103,-2.0896570682525635,2.0896570682525635,0.6910796832347282,-0.6910796832347282,3,1.0,0
13.06,84.55018716289479,-7.670075289061503,-2.0985124509553987,2.0985124509553987,-2.0864570140838623,2.0864570140838623,0.6942769135141763,-0.6942769135141763,3,1.0,0
13.08,84.42056972835464,-5.714445286126037,-2.095808415015353,2.095808415015353,-2.083256959915161,2.083256959915161,0.6967570046574539,-0.6967570046574539,3,1.0,0
13.1,84.31895235357366,-4.700802545346029,-2.0929931221269693,2.0929931221269693,-2.08005690574646,2.08005690574646,0.6986808110590409,-0.6986808110590409,3,1.0,0
13.120000000000001,84.22314253280308,-5.395588142181042,-2.0900915272371408,2.0900915272371408,-2.076856851577759,2.076856851577759,0.1562704497015799,-0.1562704497015799,3,1.0,0
13.14,84.0940293163893,-7.283102431329465,-2.0871229878951687,2.0871229878951687,-2.0736567974090576,2.0736567974090576,0.15653493536302793,-0.15653493536302793,3,1.0,0
13.16,83.9269133544805,-9.194010848111473,-2.08410251974972,2.08410251974972,-2.0704567432403564,2.0704567432403564,0.15680263184451598,-0.15680263184451598,3,1.0,0
13.18,83.72125288555684,-11.134893392223468,-2.0810417704376585,2.0810417704376585,-2.0672566890716553,2.0672566890716553,0.15707243904425547,-0.15707243904425547,3,1.0,0
13.200000000000001,83.4945922601814,-10.246592612507953,-2.0779497750295004,2.0779497750295004,-2.064056634902954,2.064056634902954,0.7034654297892257,-0.7034654297892257,3,1.0,0
13.22,83.32136435620978,-7.620859971319695,-2.0748335420283577,2.0748335420283577,-2.060856580734253,2.060856580734253,0.7038845356270179,-0.7038845356270179,3,1.0,0
13.24,83.18722521122773,-6.132451573843705,-2.071698507929251,2.071698507929251,-2.0576565265655518,2.0576565265655518,0.7042096359749911,-0.7042096359749911,3,1.0,0
13.26,83.0490917821472,-7.807927090246406,-2.0685488898207156,2.0685488898207156,-2.0544564723968506,2.0544564723968506,0.15815840820177363,-0.15815840820177363,3,1.0,0
13.280000000000001,82.86956884255595,-9.888937487678184,-2.065387958897819,2.065387958897819,-2.0512564182281494,2.0512564182281494,0.15842927234404586,-0.15842927234404586,3,1.0,0
13.3,82.65829032924061,-9.98084134862908,-2.0622182526261845,2.0622182526261845,-2.0480563640594482,2.0480563640594482,0.7048091719901756,-0.7048091719901756,3,1.0,0
13.32,82.48698243150139,-7.638787801340792,-2.059041739317588,2.059041739317588,-2.044856309890747,2.044856309890747,0.7049268762906996,-0.7049268762906996,3,1.0,0
13.34,82.34424654119887,-7.538229493180883,-2.0558599457912394,2.0558599457912394,-2.041656255722046,2.041656255722046,0.15923615176985886,-0.15923615176985886,3,1.0,0
13.36,82.16884065217992,-9.732622746302182,-2.0526740564006145,2.0526740564006145,-2.0384562015533447,2.0384562015533447,0.1595027273663436,-0.1595027273663436,3,1.0,0
13.38,81.97282767543643,-8.8720356573356,-2.0494849898485645,2.0494849898485645,-2.0352561473846436,2.0352561473846436,0.705143941476099,-0.705143941476099,3,1.0,0
13.4,81.81703064586628,-7.091738798503675,-2.0462934587727784,2.0462934587727784,-2.0320560932159424,2.0320560932159424,0.705186556940674,-0.705186556940674,3,1.0,0
13.42,81.65843140506769,-8.928599064988214,-2.043100015966226,2.043100015966226,-2.028856039047241,2.028856039047241,0.16029407054132597,-0.16029407054132597,3,1.0,0
13.44,81.46345364226373,-9.35539855891192,-2.039905090230349,2.039905090230349,-2.02565598487854,2.02565598487854,0.7052452559155392,-0.7052452559155392,3,1.0,0
13.46,81.29950195859917,-7.44429671271058,-2.036709014186372,2.036709014186372,-2.022455930709839,2.022455930709839,0.7052651465391607,-0.7052651465391607,3,1.0,0
13.48,81.14133539015744,-8.886711115133151,-2.0335120458485414,2.0335120458485414,-2.0192558765411377,2.0192558765411377,0.16107184015646,-0.16107184015646,3,1.0,0
13.5,80.95201640594075,-8.870713657202066,-2.0303143853584755,2.0303143853584755,-2.0160558223724365,2.0160558223724365,0.7052925440866892,-0.7052925440866892,3,1.0,0
13.52,80.7945218267511,-7.231365043238028,-2.0271161879660036,2.0271161879660036,-2.0128557682037354,2.0128557682037354,0.7053018279678352,-0.7053018279678352,3,1.0,0
13.540000000000001,80.63145374814042,-9.223825762285012,-2.0239175740984003,2.0239175740984003,-2.009655714035034,2.009655714035034,0.1618353150118485,-0.1618353150118485,3,1.0,0
13.56,80.44202433721432,-8.70938333051926,-2.020718637171087,2.020718637171087,-2.006455659866333,2.006455659866333,0.7053146156802642,-0.7053146156802642,3,1.0,0
13.58,80.28618108825995,-7.201105160108761,-2.0175194496463966,2.0175194496463966,-2.003255605697632,2.003255605697632,0.7053189489003181,-0.7053189489003181,3,1.0,0
13.6,80.12276204890807,-9.276848207565124,-2.0143200677333506,2.0143200677333506,-2.0000555515289307,2.0000555515289307,0.16258412681347856,-0.16258412681347856,3,1.0,0
13.620000000000001,79.931602067059,-8.809849092668722,-2.01112053503328,2.01112053503328,-1.9968554973602295,1.9968554973602295,0.7053249175217463,-0.7053249175217463,3,1.0,0
13.64,79.77361181106725,-7.311154053655323,-2.007920885367733,2.007920885367733,-1.9936554431915283,1.9936554431915283,0.7053269400375167,-0.7053269400375167,3,1.0,0
13.66,79.61508856203454,-9.01177451654783,-2.0047211449720796,2.0047211449720796,-1.9904553890228271,1.9904553890228271,0.1633180699507442,-0.1633180699507442,3,1.0,0
13.68,79.42783451358677,-8.686483857228724,-2.001521334197094,2.001521334197094,-1.987255334854126,1.987255334854126,0.7053297258713337,-0.7053297258713337,3,1.0,0
13.700000000000001,79.2708298772182,-7.310665236472022,-1.9983214688288686,1.9983214688288686,-1.9840552806854248,1.9840552806854248,0.7053306698737133,-0.7053306698737133,3,1.0,0
13.72,79.11137949708777,-9.09314239966141,-1.9951215611126738,1.9951215611126738,-1.9808552265167236,1.9808552265167236,0.16403701418002337,-0.16403701418002337,3,1.0,0
13.74,78.9218827075413,-8.808728738108162,-1.991921620547164,1.991921620547164,-1.9776551723480225,1.9776551723480225,0.7053319701522015,-0.7053319701522015,3,1.0,0
13.76,78.76238702385375,-7.434691126009308,-1.9887216545004447,1.9887216545004447,-1.9744551181793213,1.9744551181793213,0.7053324107621112,-0.7053324107621112,3,1.0,0
13.780000000000001,78.6066721617568,-8.828247778148942,-1.9855216686879547,1.9855216686879547,-1.9712550640106201,1.9712550640106201,0.1647408645646934,-0.1647408645646934,3,1.0,0
13.8,78.42863542543779,-8.264306912928054,-1.9823216675431583,1.9823216675431583,-1.968055009841919,1.968055009841919,0.705333017662691,-0.705333017662691,3,1.0,0
13.82,78.27611778320853,-7.218102778834434,-1.9791216545050934,1.9791216545050934,-1.9648549556732178,1.9648549556732178,0.7053332233158721,-0.7053332233158721,3,1.0,0
13.84,78.10133074704477,-9.457456941610591,-1.975921632241422,1.975921632241422,-1.9616549015045166,1.9616549015045166,0.7053333828410208,-0.7053333828410208,3,1.0,0
13.86,77.93022428790589,-7.962292033950201,-1.9727216028214483,1.9727216028214483,-1.9584548473358154,1.9584548473358154,0.7053335065846583,-0.7053335065846583,3,1.0,0
13.88,77.77378444218017,-7.915763402024681,-1.9695215678503322,1.9695215678503322,-1.9552547931671143,1.9552547931671143,0.7053336025725837,-0.7053336025725837,3,1.0,0
13.9,77.59689708614337,-8.578229636636284,-1.9663215285731954,1.9663215285731954,-1.952054738998413,1.952054738998413,0.7053336770304058,-0.7053336770304058,3,1.0,0
13.92,77.4384143227293,-7.501529345690984,-1.963121485955879,1.963121485955879,-1.948854684829712,1.948854684829712,0.7053337347873295,-0.7053337347873295,3,1.0,0
13.94,77.26857807552098,-8.86860726311078,-1.9599214407475856,1.9599214407475856,-1.9456546306610107,1.9456546306610107,0.7053337795893683,-0.7053337795893683,3,1.0,0
13.96,77.10512158403516,-7.719381241430047,-1.9567213935294716,1.9567213935294716,-1.9424545764923096,1.9424545764923096,0.7053338143423044,-0.7053338143423044,3,1.0,0
13.98,76.93879809929207,-8.678976670241461,-1.9535213447523405,1.9535213447523405,-1.9392545223236084,1.9392545223236084,0.7053338413001548,-0.7053338413001548,3,1.0,0
14.0,76.77763496027475,-7.655087674723152,-1.9503212947658792,1.9503212947658792,-1.9360544681549072,1.9360544681549072,0.7053338622113542,-0.7053338622113542,3,1.0,0
14.02,76.60782851431763,-8.591373214191128,-1.9471212438413414,1.9471212438413414,-1.932854413986206,1.932854413986206,0.7053338784321711,-0.7053338784321711,3,1.0,0
14.040000000000001,76.44752752763435,-7.641449991040628,-1.943921192189137,1.943921192189137,-1.9296543598175049,1.9296543598175049,0.705333891014655,-0.705333891014655,3,1.0,0
14.06,76.27743364237175,-8.623506842979289,-1.9407211399724824,1.9407211399724824,-1.9264543056488037,1.9264543056488037,0.7053339007748877,-0.7053339007748877,3,1.0,0
14.08,76.1162198394283,-7.695091736455618,-1.9375210873179833,1.9375210873179833,-1.9232542514801025,1.9232542514801025,0.7053339083458982,-0.7053339083458982,3,1.0,0
14.1,75.95248042116572,-8.32150239557736,-1.9343210343238486,1.9343210343238486,-1.9200541973114014,1.9200541973114014,0.7053339142187304,-0.7053339142187304,3,1.0,0
14.120000000000001,75.79513333628502,-7.575260480746174,-1.931120981066258,1.931120981066258,-1.9168541431427002,1.9168541431427002,0.705333918774283,-0.705333918774283,3,1.0,0
14.14,75.61617593624078,-9.044085981665287,-1.9279209276043057,1.9279209276043057,-1.913654088973999,1.913654088973999,0.7053339223080274,-0.7053339223080274,3,1.0,0
14.16,75.44795182578676,-7.9945951550745145,-1.9247208739838293,1.9247208739838293,-1.9104540348052979,1.9104540348052979,0.7053339250491514,-0.7053339250491514,3,1.0,0
14.18,75.29535932254369,-7.398703383923257,-1.921520820240386,1.921520820240386,-1.9072539806365967,1.9072539806365967,0.7053339271754405,-0.7053339271754405,3,1.0,0
14.200000000000001,75.13819662262154,-8.285042201073713,-1.9183207664015574,1.9183207664015574,-1.9040539264678955,1.9040539264678955,0.7053339288248034,-0.7053339288248034,3,1.0,0
14.22,74.96595287255172,-8.375154067098475,-1.9151207124887386,1.9151207124887386,-1.9008538722991943,1.9008538722991943,0.7053339301042155,-0.7053339301042155,3,1.0,0
14.24,74.80662858170793,-7.70171251772578,-1.9119206585185253,1.9119206585185253,-1.8976538181304932,1.8976538181304932,0.705333931096655,-0.705333931096655,3,1.0,0
14.26,74.64930646427283,-8.158348216848525,-1.9087206045037908,1.9087206045037908,-1.894453763961792,1.894453763961792,0.7053339318664881,-0.7053339318664881,3,1.0,0
14.280000000000001,74.47843354675517,-8.350692951588274,-1.9055205504545216,1.9055205504545216,-1.8912537097930908,1.8912537097930908,0.7053339324636482,-0.7053339324636482,3,1.0,0
14.3,74.31875006532019,-7.74687889627446,-1.902320496378464,1.902320496378464,-1.8880536556243896,1.8880536556243896,0.7053339329268654,-0.7053339329268654,3,1.0,0
14.32,74.16772693872912,-7.431353273395093,-1.8991204422816261,1.8991204422816261,-1.8848536014556885,1.8848536014556885,0.7053339332861824,-0.7053339332861824,3,1.0,0
14.34,73.98884700489671,-9.14348295612489,-1.8959203881686697,1.8959203881686697,-1.8816535472869873,1.8816535472869873,0.7053339335649061,-0.7053339335649061,3,1.0,0
14.36,73.8167809967518,-8.243721090619497,-1.8927203340432095,1.8927203340432095,-1.8784534931182861,1.8784534931182861,0.705333933781111,-0.705333933781111,3,1.0,0
14.38,73.65837379720625,-7.711696776878169,-1.8895202799080504,1.8895202799080504,-1.875253438949585,1.875253438949585,0.7053339339488213,-0.7053339339488213,3,1.0,0
14.4,73.50753333507593,-7.438926722117463,-1.8863202257653677,1.8863202257653677,-1.8720533847808838,1.8720533847808838,0.7053339340789139,-0.7053339340789139,3,1.0,0
14.42,73.3600597753163,-7.341121784082866,-1.883120171616849,1.883120171616849,-1.8688533306121826,1.8688533306121826,0.7053339341798265,-0.7053339341798265,3,1.0,0
14.44,73.18159352929015,-9.175399277846385,-1.8799201174638038,1.8799201174638038,-1.8656532764434814,1.8656532764434814,0.7053339342581061,-0.7053339342581061,3,1.0,0
14.46,73.00791413664737,-8.354702946684805,-1.8767200633072467,1.8767200633072467,-1.8624532222747803,1.8624532222747803,0.7053339343188264,-0.7053339343188264,3,1.0,0
14.48,72.84682916341183,-7.858263159954603,-1.8735200091479658,1.8735200091479658,-1.859253168106079,1.859253168106079,0.7053339343659276,-0.7053339343659276,3,1.0,0
14.5,72.69294289585112,-7.592391546398253,-1.8703199549865719,1.8703199549865719,-1.856053113937378,1.856053113937378,0.705333934402464,-0.705333934402464,3,1.0,0
14.52,72.5424998587886,-7.483796264098374,-1.8671199008235388,1.8671199008235388,-1.8528530597686768,1.8528530597686768,0.7053339344308046,-0.7053339344308046,3,1.0,0
14.540000000000001,72.39300683480126,-7.476857630874412,-1.8639198466592346,1.8639198466592346,-1.8496530055999756,1.8496530055999756,0.7053339344527892,-0.7053339344527892,3,1.0,0
14.56,72.22427183564851,-8.57901784346421,-1.8607197924939438,1.8607197924939438,-1.8464529514312744,1.8464529514312744,0.7053339344698412,-0.7053339344698412,3,1.0,0
14.58,72.05789748322627,-8.145040644878046,-1.857519738327888,1.857519738327888,-1.8432528972625732,1.8432528972625732,0.7053339344830684,-0.7053339344830684,3,1.0,0
14.6,71.89806898630718,-7.8918362730841825,-1.8543196841612393,1.8543196841612393,-1.840052843093872,1.840052843093872,0.7053339344933302,-0.7053339344933302,3,1.0,0
14.620000000000001,71.74180304603914,-7.765135536283483,-1.85111962999413,1.85111962999413,-1.836852788925171,1.836852788925171,0.7053339345012893,-0.7053339345012893,3,1.0,0
14.64,71.5870601056523,-7.7230073281726,-1.8479195758266636,1.8479195758266636,-1.8336527347564697,1.8336527347564697,0.7053339345074633,-0.7053339345074633,3,1.0,0
14.66,71.43251787124993,-7.734032703552215,-1.8447195216589203,1.8447195216589203,-1.8304526805877686,1.8304526805877686,0.7053339345122528,-0.7053339345122528,3,1.0,0
14.68,71.27738224338596,-7.775429305569438,-1.841519467490962,1.841519467490962,-1.8272526264190674,1.8272526264190674,0.7053339345159676,-0.7053339345159676,3,1.0,0
14.700000000000001,71.10946100955216,-8.562973700835544,-1.8383194133228373,1.8383194133228373,-1.8240525722503662,1.8240525722503662,0.7053339345188497,-0.7053339345188497,3,1.0,0
14.72,70.94174923085838,-8.264608873884127,-1.8351193591545831,1.8351193591545831,-1.820852518081665,1.820852518081665,0.7053339345210846,-0.7053339345210846,3,1.0,0
14.74,70.77867662666492,-8.07909306503481,-1.8319193049862288,1.8319193049862288,-1.8176524639129639,1.8176524639129639,0.7053339345228188,-0.7053339345228188,3,1.0,0
14.76,70.61835882129921,-7.974357331496,-1.8287192508177967,1.8287192508177967,-1.8144524097442627,1.8144524097442627,0.7053339345241644,-0.7053339345241644,3,1.0,0
14.780000000000001,70.45947457439352,-7.925175522620526,-1.8255191966493043,1.8255191966493043,-1.8112523555755615,1.8112523555755615,0.705333934525208,-0.705333934525208,3,1.0,0
14.8,70.3011383857362,-7.912298472455931,-1.822319142480765,1.822319142480765,-1.8080523014068604,1.8080523014068604,0.7053339345260173,-0.7053339345260173,3,1.0,0
14.82,70.14279173799044,-7.9214908373427395,-1.8191190883121895,1.8191190883121895,-1.8048522472381592,1.8048522472381592,0.7053339345266457,-0.7053339345266457,3,1.0,0
14.84,69.98411359429934,-7.942581100191504,-1.8159190341435856,1.8159190341435856,-1.801652193069458,1.801652193069458,0.705333934527132,-0.705333934527132,3,1.0,0
14.86,69.82494909044367,-7.968590040528347,-1.81271897997496,1.81271897997496,-1.7984521389007568,1.7984521389007568,0.7053339345275095,-0.7053339345275095,3,1.0,0
14.88,69.66525443413609,-7.994970998366653,-1.8095189258063171,1.8095189258063171,-1.7952520847320557,1.7952520847320557,0.7053339345278015,-0.7053339345278015,3,1.0,0
14.9,69.50505561575264,-8.018973611897295,-1.8063188716376612,1.8063188716376612,-1.7920520305633545,1.7920520305633545,0.705333934528028,-0.705333934528028,3,1.0,0
14.92,69.34441846795119,-8.039128860036248,-1.8031188174689954,1.8031188174689954,-1.7888519763946533,1.7888519763946533,0.7053339345282045,-0.7053339345282045,3,1.0,0
14.94,69.18342775448093,-8.0548450977071,-1.7999187633003217,1.7999187633003217,-1.7856519222259521,1.7856519222259521,0.7053339345283421,-0.7053339345283421,3,1.0,0
14.96,69.02217322647219,-8.066100654984117,-1.796718709131642,1.796718709131642,-1.782451868057251,1.782451868057251,0.7053339345284487,-0.7053339345284487,3,1.0,0
14.98,68.86074089235092,-8.073217174639112,-1.7935186549629571,1.7935186549629571,-1.7792518138885498,1.7792518138885498,0.7053339345285309,-0.7053339345285309,3,1.0,0
15.0,68.69920806241002,-8.076698200850602,-1.7903186007942686,1.7903186007942686,-1.7760517597198486,1.7760517597198486,0.7053339345285942,-0.7053339345285942,3,1.0,0
15.02,68.53764102478388,-8.07711888513163,-1.7871185466255775,1.7871185466255775,-1.7728517055511475,1.7728517055511475,0.7053339345286441,-0.7053339345286441,3,1.0,0
15.040000000000001,68.37609447181948,-8.075054536954813,-1.783918492456884,1.783918492456884,-1.7696516513824463,1.7696516513824463,0.705333934528683,-0.705333934528683,3,1.0,0
15.06,68.21461201853792,-8.07103777438102,-1.7807184382881889,1.7807184382881889,-1.7664515972137451,1.7664515972137451,0.705333934528713,-0.705333934528713,3,1.0,0
15.08,68.05322733732348,-8.065536006980825,-1.777518384119492,1.777518384119492,-1.763251543045044,1.763251543045044,0.705333934528734,-0.705333934528734,3,1.0,0
15.1,67.89196557772664,-8.058942782977315,-1.7743183299507945,1.7743183299507945,-1.7600514888763428,1.7600514888763428,0.7053339345287529,-0.7053339345287529,3,1.0,0
15.120000000000001,67.73084485166375,-8.05157809216151,-1.771118275782096,1.771118275782096,-1.7568514347076416,1.7568514347076416,0.7053339345287662,-0.7053339345287662,3,1.0,0
15.14,67.56987764741471,-8.043694015980558,-1.7679182216133973,1.7679182216133973,-1.7536513805389404,1.7536513805389404,0.7053339345287785,-0.7053339345287785,3,1.0,0
15.16,67.40907209580968,-8.035483163720732,-1.7647181674446977,1.7647181674446977,-1.7504513263702393,1.7504513263702393,0.7053339345287862,-0.7053339345287862,3,1.0,0
15.18,67.24843305365772,-8.027088152111498,-1.7615181132759978,1.7615181132759978,-1.747251272201538,1.747251272201538,0.7053339345287929,-0.7053339345287929,3,1.0,0
15.200000000000001,67.08796299704964,-8.018611005894282,-1.7583180591072975,1.7583180591072975,-1.744051218032837,1.744051218032837,0.7053339345287973,-0.7053339345287973,3,1.0,0
15.22,66.927662734249,-8.010121812200172,-1.755118004938597,1.755118004938597,-1.7408511638641357,1.7408511638641357,0.7053339345288007,-0.7053339345288007,3,1.0,0
15.24,66.76753195740855,-8.001666284166198,-1.7519179507698965,1.7519179507698965,-1.7376511096954346,1.7376511096954346,0.705333934528804,-0.705333934528804,3,1.0,0
15.26,66.60756965662706,-7.993272108255106,-1.748717896601196,1.748717896601196,-1.7344510555267334,1.7344510555267334,0.7053339345288073,-0.7053339345288073,3,1.0,0
15.280000000000001,66.44777442068064,-7.984954090412618,-1.7455178424324953,1.7455178424324953,-1.7312510013580322,1.7312510013580322,0.7053339345288095,-0.7053339345288095,3,1.0,0
15.3,66.2881446474436,-7.976718199420517,-1.7423177882637941,1.7423177882637941,-1.728050947189331,1.728050947189331,0.7053339345288095,-0.7053339345288095,3,1.0,0
15.32,66.12867868451347,-7.968564648397751,-1.739117734095093,1.739117734095093,-1.7248508930206299,1.7248508930206299,0.7053339345288095,-0.7053339345288095,3,1.0,0
15.34,65.96937491752956,-7.960490170468322,-1.7359176799263918,1.7359176799263918,-1.7216508388519287,1.7216508388519287,0.7053339345288095,-0.7053339345288095,3,1.0,0
15.36,65.81023182056067,-7.952489642050423,-1.7327176257576906,1.7327176257576906,-1.7184507846832275,1.7184507846832275,0.7053339345288095,-0.7053339345288095,3,1.0,0
15.38,65.65124798000222,-7.94455719428058,-1.7295175715889894,1.7295175715889894,-1.7152507305145264,1.7152507305145264,0.7053339345288095,-0.7053339345288095,3,1.0,0
15.4,65.49242210081177,-7.936686934881064,-1.7263175174202883,1.7263175174202883,-1.7120506763458252,1.7120506763458252,0.7053339345288095,-0.7053339345288095,3,1.0,0
15.42,65.33375300169013,-7.9288733827717035,-1.723117463251587,1.723117463251587,-1.708850622177124,1.708850622177124,0.7053339345288095,-0.7053339345288095,3,1.0,0
15.44,65.17523960399193,-7.921111698123626,-1.719917409082886,1.719917409082886,-1.7056505680084229,1.7056505680084229,0.7053339345288095,-0.7053339345288095,3,1.0,0
15.46,65.01688091770019,-7.913397772653451,-1.7167173549141848,1.7167173549141848,-1.7024505138397217,1.7024505138397217,0.7053339345288095,-0.7053339345288095,3,1.0,0
15.48,64.8586760266827,-7.905728229402699,-1.7135173007454836,1.7135173007454836,-1.6992504596710205,1.6992504596710205,0.7053339345288095,-0.7053339345288095,3,1.0,0
15.5,64.70062407461322,-7.898100368261928,-1.7103172465767824,1.7103172465767824,-1.6960504055023193,1.6960504055023193,0.7053339345288095,-0.7053339345288095,3,1.0,0
15.52,64.54272425233766,-7.890512083015067,-1.7071171924080812,1.7071171924080812,-1.6928503513336182,1.6928503513336182,0.7053339345288095,-0.7053339345288095,3,1.0,0
15.540000000000001,64.38497578704511,-7.882961767478432,-1.70391713823938,1.70391713823938,-1.689650297164917,1.689650297164917,0.7053339345288095,-0.7053339345288095,3,1.0,0
15.56,64.22737793332564,-7.875448222082758,-1.700717084070679,1.700717084070679,-1.6864502429962158,1.6864502429962158,0.7053339345288095,-0.7053339345288095,3,1.0,0
15.58,64.06992996602334,-7.867970567670154,-1.6975170299019777,1.6975170299019777,-1.6832501888275146,1.6832501888275146,0.7053339345288095,-0.7053339345288095,3,1.0,0
15.6,63.912631174696166,-7.860528170029601,-1.6943169757332766,1.6943169757332766,-1.6800501346588135,1.6800501346588135,0.7053339345288095,-0.7053339345288095,3,1.0,0
15.620000000000001,63.75548085945057,-7.8531205764855,-1.6911169215645754,1.6911169215645754,-1.6768500804901123,1.6768500804901123,0.7053339345288095,-0.7053339345288095,3,1.0,0
15.64,63.59847832790865,-7.845747464431105,-1.6879168673958742,1.6879168673958742,-1.6736500263214111,1.6736500263214111,0.7053339345288095,-0.7053339345288095,3,1.0,0
15.66,63.441622893079185,-7.838408600852926,-1.684716813227173,1.684716813227173,-1.67044997215271,1.67044997215271,0.7053339345288095,-0.7053339345288095,3,1.0,0
15.68,63.2849138719275,-7.8311038114566465,-1.6815167590584719,1.6815167590584719,-1.6672499179840088,1.6672499179840088,0.7053339345288095,-0.7053339345288095,3,1.0,0
15.700000000000001,63.12835058446985,-7.823832957847601,-1.6783167048897707,1.6783167048897707,-1.6640498638153076,1.6640498638153076,0.7053339345288095,-0.7053339345288095,3,1.0,0
15.72,62.97193235324815,-7.816595921238504,-1.6751166507210695,1.6751166507210695,-1.6608498096466064,1.6608498096466064,0.7053339345288095,-0.7053339345288095,3,1.0,0
15.74,62.81565850307082,-7.809392591283239,-1.6719165965523684,1.6719165965523684,-1.6576497554779053,1.6576497554779053,0.7053339345288095,-0.7053339345288095,3,1.0,0
15.76,62.65952836093116,-7.802222858814995,-1.6687165423836672,1.6687165423836672,-1.654449701309204,1.654449701309204,0.7053339345288095,-0.7053339345288095,3,1.0,0
15.780000000000001,62.50354125603699,-7.795086611465605,-1.665516488214966,1.665516488214966,-1.651249647140503,1.651249647140503,0.7053339345288095,-0.7053339345288095,3,1.0,0
15.8,62.34769651990373,-7.787983731338853,-1.6623164340462648,1.6623164340462648,-1.6480495929718018,1.6480495929718018,0.7053339345288095,-0.7053339345288095,3,1.0,0
15.82,62.19199348647711,-7.780914094087946,-1.6591163798775637,1.6591163798775637,-1.6448495388031006,1.6448495388031006,0.7053339345288095,-0.7053339345288095,3,1.0,0
15.84,62.03643149226349,-7.773877568903398,-1.6559163257088625,1.6559163257088625,-1.6416494846343994,1.6416494846343994,0.7053339345288095,-0.7053339345288095,3,1.0,0
15.860000000000001,61.88100987645378,-7.766874019047962,-1.6527162715401613,1.6527162715401613,-1.6384494304656982,1.6384494304656982,0.7053339345288095,-0.7053339345288095,3,1.0,0
15.88,61.72572798103305,-7.7599033026791036,-1.6495162173714601,1.6495162173714601,-1.635249376296997,1.635249376296997,0.7053339345288095,-0.7053339345288095,3,1.0,0
15.9,61.57058515087213,-7.752965273783145,-1.646316163202759,1.646316163202759,-1.632049322128296,1.632049322128296,0.7053339345288095,-0.7053339345288095,3,1.0,0
15.92,61.41558073380057,-7.746059783105813,-1.6431161090340578,1.6431161090340578,-1.6288492679595947,1.6288492679595947,0.7053339345288095,-0.7053339345288095,3,1.0,0
15.94,61.26071408066154,-7.739186679012078,-1.6399160548653566,1.6399160548653566,-1.6256492137908936,1.6256492137908936,0.7053339345288095,-0.7053339345288095,3,1.0,0
15.96,61.105984545350914,-7.732345808238752,-1.6367160006966555,1.6367160006966555,-1.6224491596221924,1.6224491596221924,0.7053339345288095,-0.7053339345288095,3,1.0,0
15.98,60.95139148484236,-7.725537016527045,-1.6335159465279543,1.6335159465279543,-1.6192491054534912,1.6192491054534912,0.7053339345288095,-0.7053339345288095,3,1.0,0
16.0,60.796934259201386,-7.718760149135427,-1.6303158923592531,1.6303158923592531,-1.61604905128479,1.61604905128479,0.7053339345288095,-0.7053339345288095,3,1.0,0
16.02,60.64261223159025,-7.712015051242935,-1.627115838190552,1.627115838190552,-1.6128489971160889,1.6128489971160889,0.7053339345288095,-0.7053339345288095,3,1.0,0
16.04,60.48842476826596,-7.705301568255847,-1.6239157840218508,1.6239157840218508,-1.6096489429473877,1.6096489429473877,0.7053339345288095,-0.7053339345288095,3,1.0,0
16.06,60.334371238573084,-7.698619546034239,-1.6207157298531496,1.6207157298531496,-1.6064488887786865,1.6064488887786865,0.7053339345288095,-0.7053339345288095,3,1.0,0
16.080000000000002,60.18045101493273,-7.691968831052841,-1.6175156756844484,1.6175156756844484,-1.6032488346099854,1.6032488346099854,0.7053339345288095,-0.7053339345288095,3,1.0,0
16.1,60.02666347282895,-7.685349270510441,-1.6143156215157473,1.6143156215157473,-1.6000487804412842,1.6000487804412842,0.7053339345288095,-0.7053339345288095,3,1.0,0
16.12,59.873007990793425,-7.67876071240037,-1.611115567347046,1.611115567347046,-1.596848726272583,1.596848726272583,0.7053339345288095,-0.7053339345288095,3,1.0,0
16.14,59.71948395038905,-7.672203005551881,-1.607915513178345,1.607915513178345,-1.5936486721038818,1.5936486721038818,0.7053339345288095,-0.7053339345288095,3,1.0,0
16.16,59.566090736192955,-7.665675999651119,-1.6047154590096437,1.6047154590096437,-1.5904486179351807,1.5904486179351807,0.7053339345288095,-0.7053339345288095,3,1.0,0
16.18,59.41282773577929,-7.6591795452478335,-1.6015154048409426,1.6015154048409426,-1.5872485637664795,1.5872485637664795,0.7053339345288095,-0.7053339345288095,3,1.0,0
16.2,59.25969433970192,-7.652713493753063,-1.5983153506722414,1.5983153506722414,-1.5840485095977783,1.5840485095977783,0.7053339345288095,-0.7053339345288095,3,1.0,0
16.22,59.10668994147734,-7.646277697431273,-1.5951152965035402,1.5951152965035402,-1.5808484554290771,1.5808484554290771,0.7053339345288095,-0.7053339345288095,3,1.0,0
16.240000000000002,58.95381393756767,-7.639872009389544,-1.591915242334839,1.591915242334839,-1.577648401260376,1.577648401260376,0.7053339345288095,-0.7053339345288095,3,1.0,0
16.26,58.80106572736394,-7.633496283565671,-1.5887151881661379,1.5887151881661379,-1.5744483470916748,1.5744483470916748,0.7053339345288095,-0.7053339345288095,3,1.0,0
16.28,58.64844471316964,-7.627150374716281,-1.5855151339974367,1.5855151339974367,-1.5712482929229736,1.5712482929229736,0.7053339345288095,-0.7053339345288095,3,1.0,0
16.3,58.49595030018445,-7.620834138405604,-1.5823150798287355,1.5823150798287355,-1.5680482387542725,1.5680482387542725,0.7053339345288095,-0.7053339345288095,3,1.0,0
16.32,58.34358189648815,-7.614547430995352,-1.5791150256600344,1.5791150256600344,-1.5648481845855713,1.5648481845855713,0.7053339345288095,-0.7053339345288095,3,1.0,0
16.34,58.191338913024914,-7.608290109635684,-1.5759149714913332,1.5759149714913332,-1.5616481304168701,1.5616481304168701,0.7053339345288095,-0.7053339345288095,3,1.0,0
16.36,58.03922076358746,-7.602062032257601,-1.572714917322632,1.572714917322632,-1.558448076248169,1.558448076248169,0.7053339345288095,-0.7053339345288095,3,1.0,0
16.38,57.887226864801605,-7.595863057566019,-1.5695148631539309,1.5695148631539309,-1.5552480220794678,1.5552480220794678,0.7053339345288095,-0.7053339345288095,3,1.0,0
16.4,57.73535663611083,-7.589693045034073,-1.5663148089852297,1.5663148089852297,-1.5520479679107666,1.5520479679107666,0.7053339345288095,-0.7053339345288095,3,1.0,0
16.42,57.583609499760975,-7.5835518548981415,-1.5631147548165285,1.5631147548165285,-1.5488479137420654,1.5488479137420654,0.7053339345288095,-0.7053339345288095,3,1.0,0
16.44,57.43198488078501,-7.577439348153604,-1.5599147006478273,1.5599147006478273,-1.5456478595733643,1.5456478595733643,0.7053339345288095,-0.7053339345288095,3,1.0,0
16.46,57.2804822069879,-7.571355386550809,-1.5567146464791262,1.5567146464791262,-1.542447805404663,1.542447805404663,0.7053339345288095,-0.7053339345288095,3,1.0,0
16.48,57.12910090893156,-7.565299832591807,-1.553514592310425,1.553514592310425,-1.539247751235962,1.539247751235962,0.7053339345288095,-0.7053339345288095,3,1.0,0
16.5,56.977840419919815,-7.559272549526922,-1.5503145381417238,1.5503145381417238,-1.5360476970672607,1.5360476970672607,0.7053339345288095,-0.7053339345288095,3,1.0,0
16.52,56.826700175983525,-7.553273401351928,-1.5471144839730226,1.5471144839730226,-1.5328476428985596,1.5328476428985596,0.7053339345288095,-0.7053339345288095,3,1.0,0
16.54,56.675679615865626,-7.547302252805043,-1.5439144298043215,1.5439144298043215,-1.5296475887298584,1.5296475887298584,0.7053339345288095,-0.7053339345288095,3,1.0,0
16.56,56.52477818100641,-7.541358969364148,-1.5407143756356203,1.5407143756356203,-1.5264475345611572,1.5264475345611572,0.7053339345288095,-0.7053339345288095,3,1.0,0
16.580000000000002,56.37399531552868,-7.53544341724414,-1.5375143214669191,1.5375143214669191,-1.523247480392456,1.523247480392456,0.7053339345288095,-0.7053339345288095,3,1.0,0
16.6,56.223330466223075,-7.5295554633939465,-1.534314267298218,1.534314267298218,-1.5200474262237549,1.5200474262237549,0.7053339345288095,-0.7053339345288095,3,1.0,0
16.62,56.07278308253341,-7.523694975493966,-1.5311142131295168,1.5311142131295168,-1.5168473720550537,1.5168473720550537,0.7053339345288095,-0.7053339345288095,3,1.0,0
16.64,55.92235261654207,-7.517861821953172,-1.5279141589608156,1.5279141589608156,-1.5136473178863525,1.5136473178863525,0.7053339345288095,-0.7053339345288095,3,1.0,0
16.66,55.77203852295548,-7.512055871906421,-1.5247141047921144,1.5247141047921144,-1.5104472637176514,1.5104472637176514,0.7053339345288095,-0.7053339345288095,3,1.0,0
16.68,55.62184025908961,-7.506276995211524,-1.5215140506234133,1.5215140506234133,-1.5072472095489502,1.5072472095489502,0.7053339345288095,-0.7053339345288095,3,1.0,0
16.7,55.47175728485556,-7.50052506244657,-1.518313996454712,1.518313996454712,-1.504047155380249,1.504047155380249,0.7053339345288095,-0.7053339345288095,3,1.0,0
16.72,55.32178906274514,-7.494799944906937,-1.515113942286011,1.515113942286011,-1.5008471012115479,1.5008471012115479,0.7053339345288095,-0.7053339345288095,3,1.0,0
16.740000000000002,55.1719350578166,-7.489101514602358,-1.5119138881173098,1.5119138881173098,-1.4976470470428467,1.4976470470428467,0.7053339345288095,-0.7053339345288095,3,1.0,0
16.76,55.022194737680366,-7.483429644254249,-1.5087138339486086,1.5087138339486086,-1.4944469928741455,1.4944469928741455,0.7053339345288095,-0.7053339345288095,3,1.0,0
16.78,54.87256757248482,-7.47778420729265,-1.5055137797799074,1.5055137797799074,-1.4912469387054443,1.4912469387054443,0.7053339345288095,-0.7053339345288095,3,1.0,0
16.8,54.723053034902165,-7.472165077853223,-1.5023137256112062,1.5023137256112062,-1.4880468845367432,1.4880468845367432,0.7053339345288095,-0.7053339345288095,3,1.0,0
16.82,54.57365060011435,-7.466572130774516,-1.499113671442505,1.499113671442505,-1.484846830368042,1.484846830368042,0.7053339345288095,-0.7053339345288095,3,1.0,0
16.84,54.42435974579904,-7.461005241594844,-1.495913617273804,1.495913617273804,-1.4816467761993408,1.4816467761993408,0.7053339345288095,-0.7053339345288095,3,1.0,0
16.86,54.27517995211565,-7.455464286549411,-1.4927135631051027,1.4927135631051027,-1.4784467220306396,1.4784467220306396,0.7053339345288095,-0.7053339345288095,3,1.0,0
16.88,54.12611070169145,-7.449949142567419,-1.4895135089364016,1.4895135089364016,-1.4752466678619385,1.4752466678619385,0.7053339345288095,-0.7053339345288095,3,1.0,0
16.9,53.977151479607684,-7.444459687268897,-1.4863134547677004,1.4863134547677004,-1.4720466136932373,1.4720466136932373,0.7053339345288095,-0.7053339345288095,3,1.0,0
16.92,53.828301773385846,-7.4389957989619555,-1.4831134005989992,1.4831134005989992,-1.4688465595245361,1.4688465595245361,0.7053339345288095,-0.7053339345288095,3,1.0,0
16.94,53.67956107297384,-7.4335573566395645,-1.479913346430298,1.479913346430298,-1.465646505355835,1.465646505355835,0.7053339345288095,-0.7053339345288095,3,1.0,0
16.96,53.53092887073246,-7.428144239976757,-1.4767132922615969,1.4767132922615969,-1.4624464511871338,1.4624464511871338,0.7053339345288095,-0.7053339345288095,3,1.0,0
16.98,53.382404661421646,-7.422756329327555,-1.4735132380928957,1.4735132380928957,-1.4592463970184326,1.4592463970184326,0.7053339345288095,-0.7053339345288095,3,1.0,0
17.0,53.23398794218705,-7.417393505722,-1.4703131839241945,1.4703131839241945,-1.4560463428497314,1.4560463428497314,0.7053339345288095,-0.7053339345288095,3,1.0,0
17.02,53.08567821254645,-7.4120556508631905,-1.4671131297554934,1.4671131297554934,-1.4528462886810303,1.4528462886810303,0.7053339345288095,-0.7053339345288095,3,1.0,0
17.04,52.93747497437637,-7.406742647124218,-1.4639130755867922,1.4639130755867922,-1.449646234512329,1.449646234512329,0.7053339345288095,-0.7053339345288095,3,1.0,0
17.06,52.789377731898725,-7.401454377545258,-1.460713021418091,1.460713021418091,-1.446446180343628,1.446446180343628,0.7053339345288095,-0.7053339345288095,3,1.0,0
17.080000000000002,52.641385991667484,-7.396190725830512,-1.4575129672493898,1.4575129672493898,-1.4432461261749268,1.4432461261749268,0.7053339345288095,-0.7053339345288095,3,1.0,0
17.1,52.493499262555396,-7.390951576345207,-1.4543129130806887,1.4543129130806887,-1.4400460720062256,1.4400460720062256,0.7053339345288095,-0.7053339345288095,3,1.0,0
17.12,52.34571705574087,-7.385736814112591,-1.4511128589119875,1.4511128589119875,-1.4368460178375244,1.4368460178375244,0.7053339345288095,-0.7053339345288095,3,1.0,0
17.14,52.198038884694824,-7.380546324811047,-1.4479128047432863,1.4479128047432863,-1.4336459636688232,1.4336459636688232,0.7053339345288095,-0.7053339345288095,3,1.0,0
17.16,52.05046426516755,-7.375379994770995,-1.4447127505745851,1.4447127505745851,-1.430445909500122,1.430445909500122,0.7053339345288095,-0.7053339345288095,3,1.0,0
17.18,51.902992715175785,-7.370237710971862,-1.441512696405884,1.441512696405884,-1.427245855331421,1.427245855331421,0.7053339345288095,-0.7053339345288095,3,1.0,0
17.2,51.75562375498972,-7.365119361039139,-1.4383126422371828,1.4383126422371828,-1.4240458011627197,1.4240458011627197,0.7053339345288095,-0.7053339345288095,3,1.0,0
17.22,51.60835690712013,-7.36002483324134,-1.4351125880684816,1.4351125880684816,-1.4208457469940186,1.4208457469940186,0.7053339345288095,-0.7053339345288095,3,1.0,0
17.240000000000002,51.46119169630554,-7.354954016487091,-1.4319125338997805,1.4319125338997805,-1.4176456928253174,1.4176456928253174,0.7053339345288095,-0.7053339345288095,3,1.0,0
17.26,51.31412764949946,-7.349906800322186,-1.4287124797310793,1.4287124797310793,-1.4144456386566162,1.4144456386566162,0.7053339345288095,-0.7053339345288095,3,1.0,0
17.28,51.167164295857646,-7.344883074926433,-1.4255124255623781,1.4255124255623781,-1.411245584487915,1.411245584487915,0.7053339345288095,-0.7053339345288095,3,1.0,0
17.3,51.02030116672548,-7.339882731110755,-1.422312371393677,1.422312371393677,-1.4080455303192139,1.4080455303192139,0.7053339345288095,-0.7053339345288095,3,1.0,0
17.32,50.87353779562538,-7.334905660314261,-1.4191123172249758,1.4191123172249758,-1.4048454761505127,1.4048454761505127,0.7053339345288095,-0.7053339345288095,3,1.0,0
17.34,50.72687371824424,-7.329951754601118,-1.4159122630562746,1.4159122630562746,-1.4016454219818115,1.4016454219818115,0.7053339345288095,-0.7053339345288095,3,1.0,0
17.36,50.58030847242101,-7.325020906657759,-1.4127122088875734,1.4127122088875734,-1.3984453678131104,1.3984453678131104,0.7053339345288095,-0.7053339345288095,3,1.0,0
17.38,50.433841598134215,-7.320113009789795,-1.4095121547188723,1.4095121547188723,-1.3952453136444092,1.3952453136444092,0.7053339345288095,-0.7053339345288095,3,1.0,0
17.400000000000002,50.28747263748965,-7.315227957919056,-1.406312100550171,1.406312100550171,-1.392045259475708,1.392045259475708,0.7053339345288095,-0.7053339345288095,3,1.0,0
17.42,50.141201134708105,-7.310365645580634,-1.40311204638147,1.40311204638147,-1.3888452053070068,1.3888452053070068,0.7053339345288095,-0.7053339345288095,3,1.0,0
17.44,49.99502663611307,-7.305525967920016,-1.3999119922127687,1.3999119922127687,-1.3856451511383057,1.3856451511383057,0.7053339345288095,-0.7053339345288095,3,1.0,0
17.46,49.84894869011859,-7.300708820689999,-1.3967119380440676,1.3967119380440676,-1.3824450969696045,1.3824450969696045,0.7053339345288095,-0.7053339345288095,3,1.0,0
17.48,49.70296684721717,-7.295914100247761,-1.3935118838753664,1.3935118838753664,-1.3792450428009033,1.3792450428009033,0.7053339345288095,-0.7053339345288095,3,1.0,0
17.5,49.5570806599677,-7.291141703551988,-1.3903118297066652,1.3903118297066652,-1.3760449886322021,1.3760449886322021,0.7053339345288095,-0.7053339345288095,3,1.0,0
17.52,49.41128968298345,-7.2863915281599425,-1.387111775537964,1.387111775537964,-1.372844934463501,1.372844934463501,0.7053339345288095,-0.7053339345288095,3,1.0,0
17.54,49.26559347292013,-7.281663472224478,-1.3839117213692629,1.3839117213692629,-1.3696448802947998,1.3696448802947998,0.7053339345288095,-0.7053339345288095,3,1.0,0
17.56,49.11999158846403,-7.276957434491116,-1.3807116672005617,1.3807116672005617,-1.3664448261260986,1.3664448261260986,0.7053339345288095,-0.7053339345288095,3,1.0,0
17.580000000000002,48.97448359032017,-7.272273314295152,-1.3775116130318605,1.3775116130318605,-1.3632447719573975,1.3632447719573975,0.7053339345288095,-0.7053339345288095,3,1.0,0
17.6,48.82906904120054,-7.267611011558677,-1.3743115588631594,1.3743115588631594,-1.3600447177886963,1.3600447177886963,0.7053339345288095,-0.7053339345288095,3,1.0,0
17.62,48.683747505812434,-7.262970426787775,-1.3711115046944582,1.3711115046944582,-1.3568446636199951,1.3568446636199951,0.7053339345288095,-0.7053339345288095,3,1.0,0
17.64,48.53851855084675,-7.258351461069574,-1.367911450525757,1.367911450525757,-1.353644609451294,1.353644609451294,0.7053339345288095,-0.7053339345288095,3,1.0,0
17.66,48.39338174496643,-7.253754016069356,-1.3647113963570559,1.3647113963570559,-1.3504445552825928,1.3504445552825928,0.7053339345288095,-0.7053339345288095,3,1.0,0
17.68,48.24833665879491,-7.249177994027656,-1.3615113421883547,1.3615113421883547,-1.3472445011138916,1.3472445011138916,0.7053339345288095,-0.7053339345288095,3,1.0,0
17.7,48.10338286490465,-7.244623297757395,-1.3583112880196535,1.3583112880196535,-1.3440444469451904,1.3440444469451904,0.7053339345288095,-0.7053339345288095,3,1.0,0
17.72,47.95851993780574,-7.24008983064098,-1.3551112338509523,1.3551112338509523,-1.3408443927764893,1.3408443927764893,0.7053339345288095,-0.7053339345288095,3,1.0,0
17.740000000000002,47.813747453934496,-7.235577496627503,-1.3519111796822512,1.3519111796822512,-1.337644338607788,1.337644338607788,0.7053339345288095,-0.7053339345288095,3,1.0,0
17.76,47.669064991642195,-7.231086200229837,-1.34871112551355,1.34871112551355,-1.334444284439087,1.334444284439087,0.7053339345288095,-0.7053339345288095,3,1.0,0
17.78,47.52447213118384,-7.226615846521826,-1.3455110713448488,1.3455110713448488,-1.3312442302703857,1.3312442302703857,0.7053339345288095,-0.7053339345288095,3,1.0,0
17.8,47.37996845470691,-7.222166341135426,-1.3423110171761476,1.3423110171761476,-1.3280441761016846,1.3280441761016846,0.7053339345288095,-0.7053339345288095,3,1.0,0
17.82,47.23555354624028,-7.217737590257849,-1.3391109630074465,1.3391109630074465,-1.3248441219329834,1.3248441219329834,0.7053339345288095,-0.7053339345288095,3,1.0,0
17.84,47.09122699168315,-7.2133295006287925,-1.3359109088387453,1.3359109088387453,-1.3216440677642822,1.3216440677642822,0.7053339345288095,-0.7053339345288095,3,1.0,0
17.86,46.94698837879398,-7.2089419795376095,-1.3327108546700441,1.3327108546700441,-1.318444013595581,1.318444013595581,0.7053339345288095,-0.7053339345288095,3,1.0,0
17.88,46.80283729717959,-7.204574934820471,-1.329510800501343,1.329510800501343,-1.3152439594268799,1.3152439594268799,0.7053339345288095,-0.7053339345288095,3,1.0,0
17.900000000000002,46.658773338284185,-7.2002282748576745,-1.3263107463326418,1.3263107463326418,-1.3120439052581787,1.3120439052581787,0.7053339345288095,-0.7053339345288095,3,1.0,0
17.92,46.514796095378536,-7.195901908570623,-1.3231106921639406,1.3231106921639406,-1.3088438510894775,1.3088438510894775,0.7053339345288095,-0.7053339345288095,3,1.0,0
17.94,46.3709051635492,-7.191595745419305,-1.3199106379952394,1.3199106379952394,-1.3056437969207764,1.3056437969207764,0.7053339345288095,-0.7053339345288095,3,1.0,0
17.96,46.227100139687785,-7.187309695399409,-1.3167105838265383,1.3167105838265383,-1.3024437427520752,1.3024437427520752,0.7053339345288095,-0.7053339345288095,3,1.0,0
17.98,46.08338062248019,-7.183043669039572,-1.313510529657837,1.313510529657837,-1.299243688583374,1.299243688583374,0.7053339345288095,-0.7053339345288095,3,1.0,0
18.0,45.93974621239608,-7.178797577398607,-1.310310475489136,1.310310475489136,-1.2960436344146729,1.2960436344146729,0.7053339345288095,-0.7053339345288095,3,1.0,0
18.02,45.79619651167824,-7.174571332062761,-1.3071104213204348,1.3071104213204348,-1.2928435802459717,1.2928435802459717,0.7053339345288095,-0.7053339345288095,3,1.0,0
18.04,45.65273112433208,-7.170364845143093,-1.3039103671517336,1.3039103671517336,-1.2896435260772705,1.2896435260772705,0.7053339345288095,-0.7053339345288095,3,1.0,0
18.06,45.50934965611517,-7.166178029272623,-1.3007103129830324,1.3007103129830324,-1.2864434719085693,1.2864434719085693,0.7053339345288095,-0.7053339345288095,3,1.0,0
18.080000000000002,45.36605171452682,-7.162010797603663,-1.2975102588143312,1.2975102588143312,-1.2832434177398682,1.2832434177398682,0.7053339345288095,-0.7053339345288095,3,1.0,0
18.1,45.22283690879773,-7.157863063805129,-1.29431020464563,1.29431020464563,-1.280043363571167,1.280043363571167,0.7053339345288095,-0.7053339345288095,3,1.0,0
18.12,45.079704849879704,-7.15373474205987,-1.291110150476929,1.291110150476929,-1.2768433094024658,1.2768433094024658,0.7053339345288095,-0.7053339345288095,3,1.0,0
18.14,44.93665515043535,-7.149625747061965,-1.2879100963082277,1.2879100963082277,-1.2736432552337646,1.2736432552337646,0.7053339345288095,-0.7053339345288095,3,1.0,0
18.16,44.79368742482793,-7.145535994014003,-1.2847100421395266,1.2847100421395266,-1.2704432010650635,1.2704432010650635,0.7053339345288095,-0.7053339345288095,3,1.0,0
18.18,44.65080128911121,-7.141465398624438,-1.2815099879708254,1.2815099879708254,-1.2672431468963623,1.2672431468963623,0.7053339345288095,-0.7053339345288095,3,1.0,0
18.2,44.50799636101934,-7.137413877105074,-1.2783099338021242,1.2783099338021242,-1.2640430927276611,1.2640430927276611,0.7053339345288095,-0.7053339345288095,3,1.0,0
18.22,44.365272259956875,-7.133381346168192,-1.275109879633423,1.275109879633423,-1.26084303855896,1.26084303855896,0.7053339345288095,-0.7053339345288095,3,1.0,0
18.240000000000002,44.22262860698873,-7.129367723024141,-1.2719098254647219,1.2719098254647219,-1.2576429843902588,1.2576429843902588,0.7053339345288095,-0.7053339345288095,3,1.0,0
18.26,44.0800650248303,-7.125372925378572,-1.2687097712960207,1.2687097712960207,-1.2544429302215576,1.2544429302215576,0.7053339345288095,-0.7053339345288095,3,1.0,0
18.28,43.93758113783752,-7.121396871429895,-1.2655097171273195,1.2655097171273195,-1.2512428760528564,1.2512428760528564,0.7053339345288095,-0.7053339345288095,3,1.0,0
18.3,43.79517657199711,-7.117439479866698,-1.2623096629586184,1.2623096629586184,-1.2480428218841553,1.2480428218841553,0.7053339345288095,-0.7053339345288095,3,1.0,0
18.32,43.65285095491675,-7.1135006698650765,-1.2591096087899172,1.2591096087899172,-1.244842767715454,1.244842767715454,0.7053339345288095,-0.7053339345288095,3,1.0,0
18.34,43.51060391581537,-7.109580361086112,-1.255909554621216,1.255909554621216,-1.241642713546753,1.241642713546753,0.7053339345288095,-0.7053339345288095,3,1.0,0
18.36,43.36843508551348,-7.105678473673354,-1.2527095004525148,1.2527095004525148,-1.2384426593780518,1.2384426593780518,0.7053339345288095,-0.7053339345288095,3,1.0,0
18.38,43.226344096423546,-7.10179492825015,-1.2495094462838137,1.2495094462838137,-1.2352426052093506,1.2352426052093506,0.7053339345288095,-0.7053339345288095,3,1.0,0
18.400000000000002,43.08433058254043,-7.097929645917274,-1.2463093921151125,1.2463093921151125,-1.2320425510406494,1.2320425510406494,0.7053339345288095,-0.7053339345288095,3,1.0,0
18.42,42.94239417943185,-7.094082548250204,-1.2431093379464113,1.2431093379464113,-1.2288424968719482,1.2288424968719482,0.7053339345288095,-0.7053339345288095,3,1.0,0
18.44,42.80053452422892,-7.090253557296688,-1.2399092837777101,1.2399092837777101,-1.225642442703247,1.225642442703247,0.7053339345288095,-0.7053339345288095,3,1.0,0
18.46,42.65875125561675,-7.086442595574223,-1.236709229609009,1.236709229609009,-1.222442388534546,1.222442388534546,0.7053339345288095,-0.7053339345288095,3,1.0,0
18.48,42.51704401382506,-7.082649586067618,-1.2335091754403078,1.2335091754403078,-1.2192423343658447,1.2192423343658447,0.7053339345288095,-0.7053339345288095,3,1.0,0
18.5,42.37541244061883,-7.0788744522263745,-1.2303091212716066,1.2303091212716066,-1.2160422801971436,1.2160422801971436,0.7053339345288095,-0.7053339345288095,3,1.0,0
18.52,42.23385617928912,-7.0751171179623356,-1.2271090671029055,1.2271090671029055,-1.2128422260284424,1.2128422260284424,0.7053339345288095,-0.7053339345288095,3,1.0,0
18.54,42.092374874643774,-7.07137750764716,-1.2239090129342043,1.2239090129342043,-1.2096421718597412,1.2096421718597412,0.7053339345288095,-0.7053339345288095,3,1.0,0
18.56,41.95096817299825,-7.067655546109878,-1.2207089587655031,1.2207089587655031,-1.20644211769104,1.20644211769104,0.7053339345288095,-0.7053339345288095,3,1.0,0
18.580000000000002,41.80963572216654,-7.063951158634467,-1.217508904596802,1.217508904596802,-1.2032420635223389,1.2032420635223389,0.7053339345288095,-0.7053339345288095,3,1.0,0
18.6,41.668377171452086,-7.060264270957384,-1.2143088504281008,1.2143088504281008,-1.2000420093536377,1.2000420093536377,0.7053339345288095,-0.7053339345288095,3,1.0,0
18.62,41.52719217163874,-7.0565948092651745,-1.2111087962593996,1.2111087962593996,-1.1968419551849365,1.1968419551849365,0.7053339345288095,-0.7053339345288095,3,1.0,0
18.64,41.386080374981766,-7.052942700192054,-1.2079087420906984,1.2079087420906984,-1.1936419010162354,1.1936419010162354,0.7053339345288095,-0.7053339345288095,3,1.0,0
18.66,41.245041435198985,-7.04930787081743,-1.2047086879219973,1.2047086879219973,-1.1904418468475342,1.1904418468475342,0.7053339345288095,-0.7053339345288095,3,1.0,0
18.68,41.10407500746184,-7.045690248663694,-1.201508633753296,1.201508633753296,-1.187241792678833,1.187241792678833,0.7053339345288095,-0.7053339345288095,3,1.0,0
18.7,40.96318074838656,-7.042089761693729,-1.198308579584595,1.198308579584595,-1.1840417385101318,1.1840417385101318,0.7053339345288095,-0.7053339345288095,3,1.0,0
18.72,40.82235831602542,-7.038506338308501,-1.1951085254158937,1.1951085254158937,-1.1808416843414307,1.1808416843414307,0.7053339345288095,-0.7053339345288095,3,1.0,0
18.740000000000002,40.68160736985794,-7.034939907344837,-1.1919084712471926,1.1919084712471926,-1.1776416301727295,1.1776416301727295,0.7053339345288095,-0.7053339345288095,3,1.0,0
18.76,40.540927570782266,-7.031390398072961,-1.1887084170784914,1.1887084170784914,-1.1744415760040283,1.1744415760040283,0.7053339345288095,-0.7053339345288095,3,1.0,0
18.78,40.40031858110645,-7.0278577401942375,-1.1855083629097902,1.1855083629097902,-1.1712415218353271,1.1712415218353271,0.7053339345288095,-0.7053339345288095,3,1.0,0
18.8,40.25978006453992,-7.024341863838857,-1.182308308741089,1.182308308741089,-1.168041467666626,1.168041467666626,0.7053339345288095,-0.7053339345288095,3,1.0,0
18.82,40.119311686184886,-7.020842699563447,-1.1791082545723879,1.1791082545723879,-1.1648414134979248,1.1648414134979248,0.7053339345288095,-0.7053339345288095,3,1.0,0
18.84,39.97891311252787,-7.01736017834891,-1.1759082004036867,1.1759082004036867,-1.1616413593292236,1.1616413593292236,0.7053339345288095,-0.7053339345288095,3,1.0,0
18.86,39.838584011431195,-7.01389423159807,-1.1727081462349855,1.1727081462349855,-1.1584413051605225,1.1584413051605225,0.7053339345288095,-0.7053339345288095,3,1.0,0
18.88,39.698324052124626,-7.010444791133359,-1.1695080920662844,1.1695080920662844,-1.1552412509918213,1.1552412509918213,0.7053339345288095,-0.7053339345288095,3,1.0,0
18.900000000000002,39.55813290519696,-7.00701178919461,-1.1663080378975832,1.1663080378975832,-1.1520411968231201,1.1520411968231201,0.7053339345288095,-0.7053339345288095,3,1.0,0
18.92,39.41801024258772,-7.003595158436774,-1.163107983728882,1.163107983728882,-1.148841142654419,1.148841142654419,0.7053339345288095,-0.7053339345288095,3,1.0,0
18.94,39.27795573757888,-7.0001948319277245,-1.1599079295601809,1.1599079295601809,-1.1456410884857178,1.1456410884857178,0.7053339345288095,-0.7053339345288095,3,1.0,0
18.96,39.137969064786624,-6.9968107431460025,-1.1567078753914797,1.1567078753914797,-1.1424410343170166,1.1424410343170166,0.7053339345288095,-0.7053339345288095,3,1.0,0
18.98,38.99804990015316,-6.993442825978614,-1.1535078212227785,1.1535078212227785,-1.1392409801483154,1.1392409801483154,0.7053339345288095,-0.7053339345288095,3,1.0,0
19.0,38.85819792093857,-6.9900910147188515,-1.1503077670540773,1.1503077670540773,-1.1360409259796143,1.1360409259796143,0.7053339345288095,-0.7053339345288095,3,1.0,0
19.02,38.718412805712724,-6.9867552440640415,-1.1471077128853762,1.1471077128853762,-1.132840871810913,1.132840871810913,0.7053339345288095,-0.7053339345288095,3,1.0,0
19.04,38.578694234347175,-6.983435449113414,-1.143907658716675,1.143907658716675,-1.129640817642212,1.129640817642212,0.7053339345288095,-0.7053339345288095,3,1.0,0
19.06,38.4390418880072,-6.980131565365866,-1.1407076045479738,1.1407076045479738,-1.1264407634735107,1.1264407634735107,0.7053339345288095,-0.7053339345288095,3,1.0,0
19.080000000000002,38.29945544914381,-6.976843528717901,-1.1375075503792726,1.1375075503792726,-1.1232407093048096,1.1232407093048096,0.7053339345288095,-0.7053339345288095,3,1.0,0
19.1,38.1599346014858,-6.973571275461417,-1.1343074962105715,1.1343074962105715,-1.1200406551361084,1.1200406551361084,0.7053339345288095,-0.7053339345288095,3,1.0,0
19.12,38.020479030031915,-6.97031474228161,-1.1311074420418703,1.1311074420418703,-1.1168406009674072,1.1168406009674072,0.7053339345288095,-0.7053339345288095,3,1.0,0
19.14,37.881088421042946,-6.9670738662548395,-1.1279073878731691,1.1279073878731691,-1.113640546798706,1.113640546798706,0.7053339345288095,-0.7053339345288095,3,1.0,0
19.16,37.741762462033996,-6.963848584846537,-1.124707333704468,1.124707333704468,-1.1104404926300049,1.1104404926300049,0.7053339345288095,-0.7053339345288095,3,1.0,0
19.18,37.602500841766606,-6.960638835909073,-1.1215072795357668,1.1215072795357668,-1.1072404384613037,1.1072404384613037,0.7053339345288095,-0.7053339345288095,3,1.0,0
19.2,37.46330325024119,-6.95744455767959,-1.1183072253670656,1.1183072253670656,-1.1040403842926025,1.1040403842926025,0.7053339345288095,-0.7053339345288095,3,1.0,0
19.22,37.32416937868925,-6.954265688778055,-1.1151071711983644,1.1151071711983644,-1.1008403301239014,1.1008403301239014,0.7053339345288095,-0.7053339345288095,3,1.0,0
19.240000000000002,37.18509891956581,-6.951102168205236,-1.1119071170296633,1.1119071170296633,-1.0976402759552002,1.0976402759552002,0.7053339345288095,-0.7053339345288095,3,1.0,0
19.26,37.046091566541755,-6.947953935340502,-1.108707062860962,1.108707062860962,-1.094440221786499,1.094440221786499,0.7053339345288095,-0.7053339345288095,3,1.0,0
19.28,36.90714701449634,-6.944820929939825,-1.105507008692261,1.105507008692261,-1.0912401676177979,1.0912401676177979,0.7053339345288095,-0.7053339345288095,3,1.0,0
19.3,36.76826495950964,-6.94170309213376,-1.1023069545235598,1.1023069545235598,-1.0880401134490967,1.0880401134490967,0.7053339345288095,-0.7053339345288095,3,1.0,0
19.32,36.6294450988551,-6.938600362425438,-1.0991069003548586,1.0991069003548586,-1.0848400592803955,1.0848400592803955,0.7053339345288095,-0.7053339345288095,3,1.0,0
19.34,36.490687130992136,-6.935512681688579,-1.0959068461861574,1.0959068461861574,-1.0816400051116943,1.0816400051116943,0.7053339345288095,-0.7053339345288095,3,1.0,0
19.36,36.35199075555864,-6.932439991165419,-1.0927067920174562,1.0927067920174562,-1.0784399509429932,1.0784399509429932,0.7053339345288095,-0.7053339345288095,3,1.0,0
19.38,36.213355673363765,-6.929382232464684,-1.089506737848755,1.089506737848755,-1.075239896774292,1.075239896774292,0.7053339345288095,-0.7053339345288095,3,1.0,0
19.400000000000002,36.07478158638052,-6.926339347559868,-1.086306683680054,1.086306683680054,-1.0720398426055908,1.0720398426055908,0.7053339345288095,-0.7053339345288095,3,1.0,0
19.42,35.93626819773855,-6.9233112787869375,-1.0831066295113527,1.0831066295113527,-1.0688397884368896,1.0688397884368896,0.7053339345288095,-0.7053339345288095,3,1.0,0
19.44,35.797815211716866,-6.920297968842642,-1.0799065753426516,1.0799065753426516,-1.0656397342681885,1.0656397342681885,0.7053339345288095,-0.7053339345288095,3,1.0,0
19.46,35.65942233373667,-6.917299360782448,-1.0767065211739504,1.0767065211739504,-1.0624396800994873,1.0624396800994873,0.7053339345288095,-0.7053339345288095,3,1.0,0
19.48,35.521089270354224,-6.914315398018566,-1.0735064670052492,1.0735064670052492,-1.0592396259307861,1.0592396259307861,0.7053339345288095,-0.7053339345288095,3,1.0,0
19.5,35.382815729253686,-6.911346024318154,-1.070306412836548,1.070306412836548,-1.056039571762085,1.056039571762085,0.7053339345288095,-0.7053339345288095,3,1.0,0
19.52,35.24460141924008,-6.908391183801267,-1.0671063586678469,1.0671063586678469,-1.0528395175933838,1.0528395175933838,0.7053339345288095,-0.7053339345288095,3,1.0,0
19.54,35.106446050232215,-6.905450820939121,-1.0639063044991457,1.0639063044991457,-1.0496394634246826,1.0496394634246826,0.7053339345288095,-0.7053339345288095,3,1.0,0
19.56,34.968349333255716,-6.902524880551998,-1.0607062503304445,1.0607062503304445,-1.0464394092559814,1.0464394092559814,0.7053339345288095,-0.7053339345288095,3,1.0,0
19.580000000000002,34.83031098043605,-6.899613307807544,-1.0575061961617434,1.0575061961617434,-1.0432393550872803,1.0432393550872803,0.7053339345288095,-0.7053339345288095,3,1.0,0
19.6,34.692330704991605,-6.896716048218855,-1.0543061419930422,1.0543061419930422,-1.040039300918579,1.040039300918579,0.7053339345288095,-0.7053339345288095,3,1.0,0
19.62,34.554408221226794,-6.89383304764264,-1.051106087824341,1.051106087824341,-1.036839246749878,1.036839246749878,0.7053339345288095,-0.7053339345288095,3,1.0,0
19.64,34.41654324452519,-6.8909642522773344,-1.0479060336556398,1.0479060336556398,-1.0336391925811768,1.0336391925811768,0.7053339345288095,-0.7053339345288095,3,1.0,0
19.66,34.27873549134273,-6.888109608661233,-1.0447059794869387,1.0447059794869387,-1.0304391384124756,1.0304391384124756,0.7053339345288095,-0.7053339345288095,3,1.0,0
19.68,34.140984679200955,-6.8852690636708065,-1.0415059253182375,1.0415059253182375,-1.0272390842437744,1.0272390842437744,0.7053339345288095,-0.7053339345288095,3,1.0,0
19.7,34.00329052668021,-6.8824425645187075,-1.0383058711495363,1.0383058711495363,-1.0240390300750732,1.0240390300750732,0.7053339345288095,-0.7053339345288095,3,1.0,0
19.72,33.865652753412995,-6.879630058752108,-1.0351058169808351,1.0351058169808351,-1.020838975906372,1.020838975906372,0.7053339345288095,-0.7053339345288095,3,1.0,0
19.740000000000002,33.72807108007726,-6.876831494250878,-1.031905762812134,1.031905762812134,-1.017638921737671,1.017638921737671,0.7053339345288095,-0.7053339345288095,3,1.0,0
19.76,33.59054522838979,-6.8740468192257556,-1.0287057086434328,1.0287057086434328,-1.0144388675689697,1.0144388675689697,0.7053339345288095,-0.7053339345288095,3,1.0,0
19.78,33.453074921099585,-6.871275982216626,-1.0255056544747316,1.0255056544747316,-1.0112388134002686,1.0112388134002686,0.7053339345288095,-0.7053339345288095,3,1.0,0
19.8,33.31565988198132,-6.868518932090671,-1.0223056003060305,1.0223056003060305,-1.0080387592315674,1.0080387592315674,0.7053339345288095,-0.7053339345288095,3,1.0,0
19.82,33.178299835828824,-6.8657756180408365,-1.0191055461373293,1.0191055461373293,-1.0048387050628662,1.0048387050628662,0.7053339345288095,-0.7053339345288095,3,1.0,0
19.84,33.04099450844855,-6.8630459895839495,-1.0159054919686281,1.0159054919686281,-1.001638650894165,1.001638650894165,0.7053339345288095,-0.7053339345288095,3,1.0,0
19.86,32.903743626653096,-6.860329996558917,-1.012705437799927,1.012705437799927,-0.9984386563301086,0.9984386563301086,0.7053339345288095,-0.7053339345288095,3,1.0,0
19.88,32.766546930148586,-6.857626242857266,-1.0095053970005547,1.0095053970005547,-0.9952386617660522,0.9952386617660522,0.7053337033522306,-0.7053337033522306,3,1.0,0
19.900000000000002,32.62940419067392,-6.854933465129783,-1.0063053665717696,1.0063053665717696,-0.9920386672019958,0.9920386672019958,0.7053335240285868,-0.7053335240285868,3,1.0,0
19.92,32.49231519183892,-6.852251497611404,-1.0031053441874478,1.0031053441874478,-0.9888386726379395,0.9888386726379395,0.7053333849272597,-0.7053333849272597,3,1.0,0
19.94,32.355279713433966,-6.849580747611568,-0.9999053280432146,0.9999053280432146,-0.9856386780738831,0.9856386780738831,0.7053332770263759,-0.7053332770263759,3,1.0,0
19.96,32.21829752401431,-6.846921858942195,-0.9967053167394178,0.9967053167394178,-0.9824386835098267,0.9824386835098267,0.7053331933276735,-0.7053331933276735,3,1.0,0
19.98,32.08136837863757,-6.844275508661262,-0.9935053091903465,0.9935053091903465,-0.9792386889457703,0.9792386889457703,0.7053331284025993,-0.7053331284025993,3,1.0,0
20.0,31.94449201957701,-6.841642295398703,-0.9903053045538158,0.9903053045538158,-0.9760386943817139,0.9760386943817139,0.7053330780402278,-0.7053330780402278,3,1.0,0
20.02,31.807668178544443,-6.839022688165393,-0.9871053021765422,0.9871053021765422,-0.9728386998176575,0.9728386998176575,0.7053330389741419,-0.7053330389741419,3,1.0,0
20.04,31.670896579479393,-6.83641701307936,-0.9839053015517741,0.9839053015517741,-0.9696387052536011,0.9696387052536011,0.7053330086705834,-0.7053330086705834,3,1.0,0
20.06,31.534176941334426,-6.833825462115902,-0.9807053022864245,0.9807053022864245,-0.9664387106895447,0.9664387106895447,0.7053329851641171,-0.7053329851641171,3,1.0,0
20.080000000000002,31.397508980545027,-6.831248113076982,-0.9775053040755755,0.9775053040755755,-0.9632387161254883,0.9632387161254883,0.7053329669301539,-0.7053329669301539,3,1.0,0
20.1,31.26089241304394,-6.828684953752788,-0.9743053066827025,0.9743053066827025,-0.9600387215614319,0.9600387215614319,0.7053329527860713,-0.7053329527860713,3,1.0,0
20.12,31.124326955788156,-6.826135905977185,-0.9711053099243334,0.9711053099243334,-0.9568387269973755,0.9568387269973755,0.7053329418145077,-0.7053329418145077,3,1.0,0
20.14,30.987812327830184,-6.8236008471865395,-0.9679053136581489,0.9679053136581489,-0.9536387324333191,0.9536387324333191,0.7053329333038671,-0.7053329333038671,3,1.0,0
20.16,30.851348250997663,-6.821079628375886,-0.9647053177737519,0.9647053177737519,-0.9504387378692627,0.9504387378692627,0.7053329267021641,-0.7053329267021641,3,1.0,0
20.18,30.71493445025762,-6.818572088168324,-0.9615053221855074,0.9615053221855074,-0.9472387433052063,0.9472387433052063,0.7053329215812237,-0.7053329215812237,3,1.0,0
20.2,30.578570653841286,-6.816078063203836,-0.9583053268269885,0.9583053268269885,-0.9440387487411499,0.9440387487411499,0.7053329176089113,-0.7053329176089113,3,1.0,0
20.22,30.442256593198245,-6.813597395313555,-0.9551053316466677,0.9551053316466677,-0.9408387541770935,0.9408387541770935,0.7053329145275888,-0.7053329145275888,3,1.0,0
20.240000000000002,30.305992002837783,-6.811129936051642,-0.9519053366045751,0.9519053366045751,-0.9376387596130371,0.9376387596130371,0.705332912137408,-0.705332912137408,3,1.0,0
20.26,30.1697766201037,-6.808675549165885,-0.9487053416697061,0.9487053416697061,-0.9344387650489807,0.9344387650489807,0.705332910283345,-0.705332910283345,3,1.0,0
20.28,30.033610184917723,-6.806234111541289,-0.9455053468180104,0.9455053468180104,-0.9312387704849243,0.9312387704849243,0.7053329088451482,-0.7053329088451482,3,1.0,0
20.3,29.897492439516725,-6.803805513075776,-0.9423053520308323,0.9423053520308323,-0.9280387759208679,0.9280387759208679,0.70533290772954,-0.70533290772954,3,1.0,0
20.32,29.761423128200807,-6.801389655861858,-0.9391053572937004,0.9391053572937004,-0.9248387813568115,0.9248387813568115,0.7053329068641623,-0.7053329068641623,3,1.0,0
20.34,29.625401997102703,-6.798986452964927,-0.9359053625953893,0.9359053625953893,-0.9216387867927551,0.9216387867927551,0.7053329061928887,-0.7053329061928887,3,1.0,0
20.36,29.48942879398398,-6.796595827014037,-0.9327053679271915,0.9327053679271915,-0.9184387922286987,0.9184387922286987,0.7053329056721819,-0.7053329056721819,3,1.0,0
20.38,29.353503268060063,-6.794217708757101,-0.9295053732823525,0.9295053732823525,-0.9152387976646423,0.9152387976646423,0.7053329052682689,-0.7053329052682689,3,1.0,0
20.400000000000002,29.21762516985357,-6.791852035680683,-0.9263053786556332,0.9263053786556332,-0.9120388031005859,0.9120388031005859,0.7053329049549545,-0.7053329049549545,3,1.0,0
20.42,29.081794251073863,-6.789498750755444,-0.9231053840429693,0.9231053840429693,-0.9088388085365295,0.9088388085365295,0.7053329047119167,-0.7053329047119167,3,1.0,0
20.44,28.94601026452002,-6.787157801337216,-0.9199053894412079,0.9199053894412079,-0.9056388139724731,0.9056388139724731,0.7053329045233919,-0.7053329045233919,3,1.0,0
20.46,28.810272964003875,-6.784829138234148,-0.9167053948479038,0.9167053948479038,-0.9024388194084167,0.9024388194084167,0.7053329043771533,-0.7053329043771533,3,1.0,0
20.48,28.674582104289946,-6.782512714935088,-0.91350540026116,0.91350540026116,-0.8992388248443604,0.8992388248443604,0.7053329042637163,-0.7053329042637163,3,1.0,0
20.5,28.538937441048997,-6.780208486986759,-0.910305405679505,0.910305405679505,-0.896038830280304,0.896038830280304,0.7053329041757234,-0.7053329041757234,3,1.0,0
20.52,28.40333873082267,-6.777916411501877,-0.9071054111017973,0.9071054111017973,-0.8928388357162476,0.8928388357162476,0.7053329041074669,-0.7053329041074669,3,1.0,0
20.54,28.267785730996586,-6.775636446779089,-0.9039054165271517,0.9039054165271517,-0.8896388411521912,0.8896388411521912,0.7053329040545209,-0.7053329040545209,3,1.0,0
20.56,28.132278199779982,-6.773368552015617,-0.9007054219548812,0.9007054219548812,-0.8864388465881348,0.8864388465881348,0.7053329040134504,-0.7053329040134504,3,1.0,0
20.580000000000002,27.996815896190256,-6.7711126870947265,-0.8975054273844532,0.8975054273844532,-0.8832388520240784,0.8832388520240784,0.705332903981592,-0.705332903981592,3,1.0,0
20.6,27.861398580041055,-6.76886881243213,-0.8943054328154543,0.8943054328154543,-0.880038857460022,0.880038857460022,0.7053329039568795,-0.7053329039568795,3,1.0,0
20.62,27.726026011932902,-6.766636888868127,-0.8911054382475639,0.8911054382475639,-0.8768388628959656,0.8768388628959656,0.7053329039377099,-0.7053329039377099,3,1.0,0
20.64,27.590697953245577,-6.76441687759382,-0.8879054436805335,0.8879054436805335,-0.8736388683319092,0.8736388683319092,0.7053329039228395,-0.7053329039228395,3,1.0,0
20.66,27.455414166131696,-6.762208740102588,-0.8847054491141703,0.8847054491141703,-0.8704388737678528,0.8704388737678528,0.7053329039113054,-0.7053329039113054,3,1.0,0
20.68,27.320174413511005,-6.760012438159631,-0.8815054545483244,0.8815054545483244,-0.8672388792037964,0.8672388792037964,0.7053329039023581,-0.7053329039023581,3,1.0,0
20.7,27.184978459065196,-6.757827933783905,-0.8783054599828799,0.8783054599828799,-0.86403888463974,0.86403888463974,0.7053329038954176,-0.7053329038954176,3,1.0,0
20.72,27.04982606723292,-6.755655189238648,-0.8751054654177466,0.8751054654177466,-0.8608388900756836,0.8608388900756836,0.705332903890033,-0.705332903890033,3,1.0,0
20.740000000000002,26.914717003204977,-6.753494167026959,-0.8719054708528551,0.8719054708528551,-0.8576388955116272,0.8576388955116272,0.7053329038858575,-0.7053329038858575,3,1.0,0
20.76,26.779651032919517,-6.751344829890842,-0.8687054762881508,0.8687054762881508,-0.8544389009475708,0.8544389009475708,0.7053329038826178,-0.7053329038826178,3,1.0,0
20.78,26.64462792305727,-6.749207140811882,-0.8655054817235919,0.8655054817235919,-0.8512389063835144,0.8512389063835144,0.7053329038801054,-0.7053329038801054,3,1.0,0
20.8,26.509647441036734,-6.747081063012668,-0.8623054871591456,0.8623054871591456,-0.848038911819458,0.848038911819458,0.7053329038781558,-0.7053329038781558,3,1.0,0
20.82,26.374709355009326,-6.74496655995831,-0.8591054925947866,0.8591054925947866,-0.8448389172554016,0.8448389172554016,0.7053329038766432,-0.7053329038766432,3,1.0,0
20.84,26.23981343385453,-6.742863595357846,-0.8559054980304956,0.8559054980304956,-0.8416389226913452,0.8416389226913452,0.7053329038754702,-0.7053329038754702,3,1.0,0
20.86,26.104959447174995,-6.74077213316513,-0.8527055034662572,0.8527055034662572,-0.8384389281272888,0.8384389281272888,0.7053329038745598,-0.7053329038745598,3,1.0,0
20.88,25.97014716529164,-6.738692137579378,-0.8495055089020597,0.8495055089020597,-0.8352389335632324,0.8352389335632324,0.7053329038738543,-0.7053329038738543,3,1.0,0
20.900000000000002,25.835376359238733,-6.736623573045258,-0.8463055143378939,0.8463055143378939,-0.832038938999176,0.832038938999176,0.7053329038733075,-0.7053329038733075,3,1.0,0
20.92,25.700646800759007,-6.734566404252623,-0.8431055197737528,0.8431055197737528,-0.8288389444351196,0.8288389444351196,0.7053329038728839,-0.7053329038728839,3,1.0,0
20.94,25.565958262298725,-6.73252059613587,-0.8399055252096305,0.8399055252096305,-0.8256389498710632,0.8256389498710632,0.7053329038725542,-0.7053329038725542,3,1.0,0
20.96,25.431310517002842,-6.730486113872963,-0.8367055306455229,0.8367055306455229,-0.8224389553070068,0.8224389553070068,0.7053329038722983,-0.7053329038722983,3,1.0,0
20.98,25.296703338710103,-6.728462922884441,-0.8335055360814267,0.8335055360814267,-0.8192389607429504,0.8192389607429504,0.7053329038720996,-0.7053329038720996,3,1.0,0
21.0,25.16213650194824,-6.726450988832175,-0.8303055415173395,0.8303055415173395,-0.816038966178894,0.816038966178894,0.7053329038719452,-0.7053329038719452,3,1.0,0
21.02,25.027609781929133,-6.724450277618082,-0.8271055469532592,0.8271055469532592,-0.8128389716148376,0.8128389716148376,0.7053329038718259,-0.7053329038718259,3,1.0,0
21.04,24.893122954544037,-6.7224607553828735,-0.8239055523891843,0.8239055523891843,-0.8096389770507812,0.8096389770507812,0.7053329038717332,-0.7053329038717332,3,1.0,0
21.06,24.75867579635881,-6.7204823885045855,-0.8207055578251137,0.8207055578251137,-0.8064389824867249,0.8064389824867249,0.7053329038716621,-0.7053329038716621,3,1.0,0
21.080000000000002,24.624268084609195,-6.718515143597292,-0.8175055632610463,0.8175055632610463,-0.8032389879226685,0.8032389879226685,0.7053329038716072,-0.7053329038716072,3,1.0,0
21.1,24.489899597196114,-6.716558987509832,-0.8143055686969812,0.8143055686969812,-0.8000389933586121,0.8000389933586121,0.7053329038715639,-0.7053329038715639,3,1.0,0
21.12,24.355570112680965,-6.714613887324429,-0.8111055741329182,0.8111055741329182,-0.7968389987945557,0.7968389987945557,0.7053329038715306,-0.7053329038715306,3,1.0,0
21.14,24.221279410280978,-6.712679810355377,-0.8079055795688567,0.8079055795688567,-0.7936390042304993,0.7936390042304993,0.705332903871505,-0.705332903871505,3,1.0,0
21.16,24.08702726986461,-6.710756724147834,-0.8047055850047963,0.8047055850047963,-0.7904390096664429,0.7904390096664429,0.7053329038714851,-0.7053329038714851,3,1.0,0
21.18,23.9528134719469,-6.708844596476623,-0.8015055904407368,0.8015055904407368,-0.7872390151023865,0.7872390151023865,0.7053329038714695,-0.7053329038714695,3,1.0,0
21.2,23.81863779768494,-6.706943395344978,-0.798305595876678,0.798305595876678,-0.7840390205383301,0.7840390205383301,0.7053329038714579,-0.7053329038714579,3,1.0,0
21.22,23.684500028873256,-6.705053088983427,-0.7951056013126196,0.7951056013126196,-0.7808390259742737,0.7808390259742737,0.7053329038714479,-0.7053329038714479,3,1.0,0
21.240000000000002,23.55039994793934,-6.703173645848631,-0.7919056067485618,0.7919056067485618,-0.7776390314102173,0.7776390314102173,0.7053329038714407,-0.7053329038714407,3,1.0,0
21.26,23.416337337939083,-6.7013050346222025,-0.7887056121845043,0.7887056121845043,-0.7744390368461609,0.7744390368461609,0.7053329038714351,-0.7053329038714351,3,1.0,0
21.28,23.28231198255233,-6.699447224209646,-0.7855056176204469,0.7855056176204469,-0.7712390422821045,0.7712390422821045,0.7053329038714301,-0.7053329038714301,3,1.0,0
21.3,23.148323666078376,-6.697600183739199,-0.7823056230563898,0.7823056230563898,-0.7680390477180481,0.7680390477180481,0.7053329038714268,-0.7053329038714268,3,1.0,0
21.32,23.014372173431568,-6.6957638825608425,-0.7791056284923329,0.7791056284923329,-0.7648390531539917,0.7648390531539917,0.705332903871424,-0.705332903871424,3,1.0,0
21.34,22.880457290136846,-6.693938290245136,-0.7759056339282762,0.7759056339282762,-0.7616390585899353,0.7616390585899353,0.7053329038714223,-0.7053329038714223,3,1.0,0
21.36,22.74657880232534,-6.692123376582247,-0.7727056393642194,0.7727056393642194,-0.7584390640258789,0.7584390640258789,0.7053329038714207,-0.7053329038714207,3,1.0,0
21.38,22.612736496730033,-6.690319111580801,-0.7695056448001628,0.7695056448001628,-0.7552390694618225,0.7552390694618225,0.7053329038714196,-0.7053329038714196,3,1.0,0
21.400000000000002,22.478930160681347,-6.688525465466955,-0.7663056502361062,0.7663056502361062,-0.7520390748977661,0.7520390748977661,0.7053329038714184,-0.7053329038714184,3,1.0,0
21.42,22.34515958210284,-6.686742408683266,-0.7631056556720496,0.7631056556720496,-0.7488390803337097,0.7488390803337097,0.7053329038714173,-0.7053329038714173,3,1.0,0
21.44,22.211424549506877,-6.6849699118876815,-0.759905661107993,0.759905661107993,-0.7456390857696533,0.7456390857696533,0.7053329038714162,-0.7053329038714162,3,1.0,0
21.46,22.07772485199033,-6.6832079459525495,-0.7567056665439365,0.7567056665439365,-0.7424390912055969,0.7424390912055969,0.7053329038714157,-0.7053329038714157,3,1.0,0
21.48,21.944060279230303,-6.681456481963583,-0.7535056719798799,0.7535056719798799,-0.7392390966415405,0.7392390966415405,0.7053329038714151,-0.7053329038714151,3,1.0,0
21.5,21.810430621479895,-6.679715491218889,-0.7503056774158234,0.7503056774158234,-0.7360391020774841,0.7360391020774841,0.7053329038714146,-0.7053329038714146,3,1.0,0
21.52,21.676835669563932,-6.677984945227979,-0.7471056828517669,0.7471056828517669,-0.7328391075134277,0.7328391075134277,0.705332903871414,-0.705332903871414,3,1.0,0
21.54,21.543275214874754,-6.676264815710733,-0.7439056882877105,0.7439056882877105,-0.7296391129493713,0.7296391129493713,0.705332903871414,-0.705332903871414,3,1.0,0
21.56,21.40974904936804,-6.674555074596438,-0.7407056937236541,0.7407056937236541,-0.7264391183853149,0.7264391183853149,0.705332903871414,-0.705332903871414,3,1.0,0
21.580000000000002,21.27625696555861,-6.672855694022827,-0.7375056991595977,0.7375056991595977,-0.7232391238212585,0.7232391238212585,0.705332903871414,-0.705332903871414,3,1.0,0
21.6,21.142798756516274,-6.6711666463351085,-0.7343057045955413,0.7343057045955413,-0.7200391292572021,0.7200391292572021,0.705332903871414,-0.705332903871414,3,1.0,0
21.62,21.00937421586169,-6.669487904084984,-0.731105710031485,0.731105710031485,-0.7168391346931458,0.7168391346931458,0.705332903871414,-0.705332903871414,3,1.0,0
21.64,20.87598313776225,-6.667819440029724,-0.7279057154674285,0.7279057154674285,-0.7136391401290894,0.7136391401290894,0.705332903871414,-0.705332903871414,3,1.0,0
21.66,20.742625316927974,-6.666161227131206,-0.7247057209033722,0.7247057209033722,-0.710439145565033,0.710439145565033,0.705332903871414,-0.705332903871414,3,1.0,0
21.68,20.60930054860743,-6.6645132385549655,-0.7215057263393158,0.7215057263393158,-0.7072391510009766,0.7072391510009766,0.705332903871414,-0.705332903871414,3,1.0,0
21.7,20.47600862858366,-6.6628754476693235,-0.7183057317752594,0.7183057317752594,-0.7040391564369202,0.7040391564369202,0.705332903871414,-0.705332903871414,3,1.0,0
21.72,20.342749353170152,-6.661247828044367,-0.715105737211203,0.715105737211203,-0.7008391618728638,0.7008391618728638,0.705332903871414,-0.705332903871414,3,1.0,0
21.740000000000002,20.20952251920681,-6.659630353451086,-0.7119057426471466,0.7119057426471466,-0.6976391673088074,0.6976391673088074,0.705332903871414,-0.705332903871414,3,1.0,0
21.76,20.07632792405593,-6.658022997860471,-0.7087057480830902,0.7087057480830902,-0.694439172744751,0.694439172744751,0.705332903871414,-0.705332903871414,3,1.0,0
21.78,19.943165365598222,-6.656425735442566,-0.7055057535190338,0.7055057535190338,-0.6912391781806946,0.6912391781806946,0.705332903871414,-0.705332903871414,3,1.0,0
21.8,19.81003464222885,-6.65483854056559,-0.7023057589549774,0.7023057589549774,-0.6880391836166382,0.6880391836166382,0.705332903871414,-0.705332903871414,3,1.0,0
21.82,19.676935552853447,-6.653261387795066,-0.699105764390921,0.699105764390921,-0.6848391890525818,0.6848391890525818,0.705332903871414,-0.705332903871414,3,1.0,0
21.84,19.543867896884212,-6.65169425189291,-0.6959057698268646,0.6959057698268646,-0.6816391944885254,0.6816391944885254,0.705332903871414,-0.705332903871414,3,1.0,0
21.86,19.410831474235977,-6.650137107816569,-0.6927057752628082,0.6927057752628082,-0.678439199924469,0.678439199924469,0.705332903871414,-0.705332903871414,3,1.0,0
21.88,19.277826085322292,-6.648589930718118,-0.6895057806987518,0.6895057806987518,-0.6752392053604126,0.6752392053604126,0.705332903871414,-0.705332903871414,3,1.0,0
21.900000000000002,19.144851531051565,-6.647052695943465,-0.6863057861346954,0.6863057861346954,-0.6720392107963562,0.6720392107963562,0.705332903871414,-0.705332903871414,3,1.0,0
21.92,19.011907612823183,-6.645525379031397,-0.683105791570639,0.683105791570639,-0.6688392162322998,0.6688392162322998,0.705332903871414,-0.705332903871414,3,1.0,0
21.94,18.878994132523655,-6.644007955712797,-0.6799057970065826,0.6799057970065826,-0.6656392216682434,0.6656392216682434,0.705332903871414,-0.705332903871414,3,1.0,0
21.96,18.746110892522793,-6.642500401909735,-0.6767058024425262,0.6767058024425262,-0.662439227104187,0.662439227104187,0.705332903871414,-0.705332903871414,3,1.0,0
21.98,18.6132576956699,-6.641002693734698,-0.6735058078784698,0.6735058078784698,-0.6592392325401306,0.6592392325401306,0.705332903871414,-0.705332903871414,3,1.0,0
22.0,18.480434345289968,-6.639514807489761,-0.6703058133144134,0.6703058133144134,-0.6560392379760742,0.6560392379760742,0.705332903871414,-0.705332903871414,3,1.0,0
22.02,18.34764064517986,-6.63803671966569,-0.667105818750357,0.667105818750357,-0.6528392434120178,0.6528392434120178,0.705332903871414,-0.705332903871414,3,1.0,0
22.04,18.21487639960461,-6.636568406941138,-0.6639058241863006,0.6639058241863006,-0.6496392488479614,0.6496392488479614,0.705332903871414,-0.705332903871414,3,1.0,0
22.06,18.082141413293616,-6.635109846181895,-0.6607058296222442,0.6607058296222442,-0.646439254283905,0.646439254283905,0.705332903871414,-0.705332903871414,3,1.0,0
22.080000000000002,17.949435491436944,-6.633661014440015,-0.6575058350581878,0.6575058350581878,-0.6432392597198486,0.6432392597198486,0.705332903871414,-0.705332903871414,3,1.0,0
22.1,17.816758439681582,-6.632221888953023,-0.6543058404941314,0.6543058404941314,-0.6400392651557922,0.6400392651557922,0.705332903871414,-0.705332903871414,3,1.0,0
22.12,17.684110064127758,-6.6307924471431665,-0.651105845930075,0.651105845930075,-0.6368392705917358,0.6368392705917358,0.705332903871414,-0.705332903871414,3,1.0,0
22.14,17.551490171325252,-6.629372666616538,-0.6479058513660186,0.6479058513660186,-0.6336392760276794,0.6336392760276794,0.705332903871414,-0.705332903871414,3,1.0,0
22.16,17.418898568269725,-6.627962525162395,-0.6447058568019622,0.6447058568019622,-0.630439281463623,0.630439281463623,0.705332903871414,-0.705332903871414,3,1.0,0
22.18,17.286335062399054,-6.626562000752319,-0.6415058622379058,0.6415058622379058,-0.6272392868995667,0.6272392868995667,0.705332903871414,-0.705332903871414,3,1.0,0
22.2,17.153799461589717,-6.625171071539449,-0.6383058676738494,0.6383058676738494,-0.6240392923355103,0.6240392923355103,0.705332903871414,-0.705332903871414,3,1.0,0
22.22,17.02129157415314,-6.6237897158577335,-0.635105873109793,0.635105873109793,-0.6208392977714539,0.6208392977714539,0.705332903871414,-0.705332903871414,3,1.0,0
22.240000000000002,16.88881120883211,-6.622417912221165,-0.6319058785457367,0.6319058785457367,-0.6176393032073975,0.6176393032073975,0.705332903871414,-0.705332903871414,3,1.0,0
22.26,16.75635817479719,-6.621055639323029,-0.6287058839816803,0.6287058839816803,-0.6144393086433411,0.6144393086433411,0.705332903871414,-0.705332903871414,3,1.0,0
22.28,16.623932281643103,-6.619702876035159,-0.6255058894176239,0.6255058894176239,-0.6112393140792847,0.6112393140792847,0.705332903871414,-0.705332903871414,3,1.0,0
22.3,16.491533339385217,-6.618359601407166,-0.6223058948535675,0.6223058948535675,-0.6080393195152283,0.6080393195152283,0.705332903871414,-0.705332903871414,3,1.0,0
22.32,16.359161158455958,-6.617025794665747,-0.6191059002895111,0.6191059002895111,-0.6048393249511719,0.6048393249511719,0.705332903871414,-0.705332903871414,3,1.0,0
22.34,16.22681554970129,-6.6157014352139365,-0.6159059057254547,0.6159059057254547,-0.6016393303871155,0.6016393303871155,0.705332903871414,-0.705332903871414,3,1.0,0
22.36,16.09449632437722,-6.614386502630382,-0.6127059111613983,0.6127059111613983,-0.5984393358230591,0.5984393358230591,0.705332903871414,-0.705332903871414,3,1.0,0
22.38,15.96220329414625,-6.61308097666865,-0.6095059165973419,0.6095059165973419,-0.5952393412590027,0.5952393412590027,0.705332903871414,-0.705332903871414,3,1.0,0
22.400000000000002,15.829936271073905,-6.611784837256481,-0.6063059220332855,0.6063059220332855,-0.5920393466949463,0.5920393466949463,0.705332903871414,-0.705332903871414,3,1.0,0
22.42,15.69769506762527,-6.610498064495048,-0.6031059274692291,0.6031059274692291,-0.5888393521308899,0.5888393521308899,0.705332903871414,-0.705332903871414,3,1.0,0
22.44,15.565479496661514,-6.609220638658362,-0.5999059329051727,0.5999059329051727,-0.5856393575668335,0.5856393575668335,0.705332903871414,-0.705332903871414,3,1.0,0
22.46,15.433289371436441,-6.607952540192489,-0.5967059383411163,0.5967059383411163,-0.5824393630027771,0.5824393630027771,0.705332903871414,-0.705332903871414,3,1.0,0
22.48,15.301124505593066,-6.6066937497148785,-0.5935059437770599,0.5935059437770599,-0.5792393684387207,0.5792393684387207,0.705332903871414,-0.705332903871414,3,1.0,0
22.5,15.168984713160182,-6.60544424801374,-0.5903059492130035,0.5903059492130035,-0.5760393738746643,0.5760393738746643,0.705332903871414,-0.705332903871414,3,1.0,0
22.52,15.03686980854896,-6.604204016047275,-0.5871059546489471,0.5871059546489471,-0.5728393793106079,0.5728393793106079,0.705332903871414,-0.705332903871414,3,1.0,0
22.54,14.904779606549555,-6.602973034943071,-0.5839059600848907,0.5839059600848907,-0.5696393847465515,0.5696393847465515,0.705332903871414,-0.705332903871414,3,1.0,0
22.56,14.77271392232772,-6.6017512859974,-0.5807059655208343,0.5807059655208343,-0.5664393901824951,0.5664393901824951,0.705332903871414,-0.705332903871414,3,1.0,0
22.580000000000002,14.640672571421446,-6.600538750674557,-0.5775059709567779,0.5775059709567779,-0.5632393956184387,0.5632393956184387,0.705332903871414,-0.705332903871414,3,1.0,0
22.6,14.508655369737609,-6.599335410606225,-0.5743059763927215,0.5743059763927215,-0.5600394010543823,0.5600394010543823,0.705332903871414,-0.705332903871414,3,1.0,0
22.62,14.376662133548624,-6.598141247590846,-0.5711059818286651,0.5711059818286651,-0.5568394064903259,0.5568394064903259,0.705332903871414,-0.705332903871414,3,1.0,0
22.64,14.244692679489118,-6.5969562435929054,-0.5679059872646087,0.5679059872646087,-0.5536394119262695,0.5536394119262695,0.705332903871414,-0.705332903871414,3,1.0,0
22.66,14.112746824552618,-6.5957803807423545,-0.5647059927005523,0.5647059927005523,-0.5504394173622131,0.5504394173622131,0.705332903871414,-0.705332903871414,3,1.0,0
22.68,13.980824386088244,-6.5946136413339715,-0.5615059981364959,0.5615059981364959,-0.5472394227981567,0.5472394227981567,0.705332903871414,-0.705332903871414,3,1.0,0
22.7,13.848925181797423,-6.593456007826688,-0.5583060035724395,0.5583060035724395,-0.5440394282341003,0.5440394282341003,0.705332903871414,-0.705332903871414,3,1.0,0
22.72,13.717049029730614,-6.592307462843004,-0.5551060090083831,0.5551060090083831,-0.540839433670044,0.540839433670044,0.705332903871414,-0.705332903871414,3,1.0,0
22.740000000000002,13.585195748284036,-6.591167989168366,-0.5519060144443267,0.5519060144443267,-0.5376394391059875,0.5376394391059875,0.705332903871414,-0.705332903871414,3,1.0,0
22.76,13.453365156196426,-6.590037569750565,-0.5487060198802703,0.5487060198802703,-0.5344394445419312,0.5344394445419312,0.705332903871414,-0.705332903871414,3,1.0,0
22.78,13.321557072545785,-6.588916187699109,-0.545506025316214,0.545506025316214,-0.5312394499778748,0.5312394499778748,0.705332903871414,-0.705332903871414,3,1.0,0
22.8,13.189771316746164,-6.587803826284603,-0.5423060307521576,0.5423060307521576,-0.5280394554138184,0.5280394554138184,0.705332903871414,-0.705332903871414,3,1.0,0
22.82,13.058007708544437,-6.586700468938214,-0.5391060361881012,0.5391060361881012,-0.524839460849762,0.524839460849762,0.705332903871414,-0.705332903871414,3,1.0,0
22.84,12.926266068017103,-6.58560609925101,-0.5359060416240448,0.5359060416240448,-0.5216394662857056,0.5216394662857056,0.705332903871414,-0.705332903871414,3,1.0,0
22.86,12.794546215567093,-6.584520700973438,-0.5327060470599884,0.5327060470599884,-0.5184394717216492,0.5184394717216492,0.705332903871414,-0.705332903871414,3,1.0,0
22.88,12.662847971920584,-6.583444258014691,-0.529506052495932,0.529506052495932,-0.5152394771575928,0.5152394771575928,0.705332903871414,-0.705332903871414,3,1.0,0
22.900000000000002,12.531171158123835,-6.582376754442161,-0.5263060579318756,0.5263060579318756,-0.5120394825935364,0.5120394825935364,0.705332903871414,-0.705332903871414,3,1.0,0
22.92,12.399515595540027,-6.581318174480857,-0.5231060633678192,0.5231060633678192,-0.50883948802948,0.50883948802948,0.705332903871414,-0.705332903871414,3,1.0,0
22.94,12.267881105846117,-6.580268502512835,-0.5199060688037628,0.5199060688037628,-0.5056394934654236,0.5056394934654236,0.705332903871414,-0.705332903871414,3,1.0,0
22.96,12.136267511029704,-6.579227723076668,-0.5167060742397064,0.5167060742397064,-0.5024394989013672,0.5024394989013672,0.705332903871414,-0.705332903871414,3,1.0,0
22.98,12.004674633385903,-6.578195820866851,-0.51350607967565,0.51350607967565,-0.4992395043373108,0.4992395043373108,0.705332903871414,-0.705332903871414,3,1.0,0
23.0,11.873102295514231,-6.577172780733273,-0.5103060851115936,0.5103060851115936,-0.4960395097732544,0.4960395097732544,0.705332903871414,-0.705332903871414,3,1.0,0
23.02,11.741550320315502,-6.5761585876806485,-0.5071060905475372,0.5071060905475372,-0.492839515209198,0.492839515209198,0.705332903871414,-0.705332903871414,3,1.0,0
23.04,11.610018530988752,-6.575153226867997,-0.5039060959834808,0.5039060959834808,-0.4896395206451416,0.4896395206451416,0.705332903871414,-0.705332903871414,3,1.0,0
23.06,11.478506751028139,-6.574156683608121,-0.5007061014194244,0.5007061014194244,-0.4864395260810852,0.4864395260810852,0.705332903871414,-0.705332903871414,3,1.0,0
23.080000000000002,11.347014804219882,-6.573168943367037,-0.497506106855368,0.497506106855368,-0.4832395315170288,0.4832395315170288,0.705332903871414,-0.705332903871414,3,1.0,0
23.1,11.215542514639203,-6.572189991763503,-0.4943061122913116,0.4943061122913116,-0.4800395369529724,0.4800395369529724,0.705332903871414,-0.705332903871414,3,1.0,0
23.12,11.084089706647273,-6.571219814568428,-0.4911061177272552,0.4911061177272552,-0.476839542388916,0.476839542388916,0.705332903871414,-0.705332903871414,3,1.0,0
23.14,10.952656204888179,-6.570258397704415,-0.4879061231631988,0.4879061231631988,-0.4736395478248596,0.4736395478248596,0.705332903871414,-0.705332903871414,3,1.0,0
23.16,10.82124183428589,-6.569305727245219,-0.4847061285991424,0.4847061285991424,-0.4704395532608032,0.4704395532608032,0.705332903871414,-0.705332903871414,3,1.0,0
23.18,10.68984642004125,-6.568361789415261,-0.481506134035086,0.481506134035086,-0.4672395586967468,0.4672395586967468,0.705332903871414,-0.705332903871414,3,1.0,0
23.2,10.558469787628955,-6.567426570589096,-0.4783061394710296,0.4783061394710296,-0.46403956413269043,0.46403956413269043,0.705332903871414,-0.705332903871414,3,1.0,0
23.22,10.427111762794565,-6.5665000572909245,-0.4751061449069732,0.4751061449069732,-0.46083956956863403,0.46083956956863403,0.705332903871414,-0.705332903871414,3,1.0,0
23.240000000000002,10.295772171551516,-6.565582236194138,-0.47190615034291683,0.47190615034291683,-0.45763957500457764,0.45763957500457764,0.705332903871414,-0.705332903871414,3,1.0,0
23.26,10.164450840178137,-6.5646730941208,-0.46870615577886043,0.46870615577886043,-0.45443958044052124,0.45443958044052124,0.705332903871414,-0.705332903871414,3,1.0,0
23.28,10.033147595214686,-6.563772618041147,-0.46550616121480404,0.46550616121480404,-0.45123958587646484,0.45123958587646484,0.705332903871414,-0.705332903871414,3,1.0,0
23.3,9.901862263460389,-6.562880795073144,-0.46230616665074764,0.46230616665074764,-0.44803959131240845,0.44803959131240845,0.705332903871414,-0.705332903871414,3,1.0,0
23.32,9.770594671970493,-6.561997612482002,-0.45910617208669124,0.45910617208669124,-0.44483959674835205,0.44483959674835205,0.705332903871414,-0.705332903871414,3,1.0,0
23.34,9.639344648053315,-6.56112305767969,-0.45590617752263485,0.45590617752263485,-0.44163960218429565,0.44163960218429565,0.705332903871414,-0.705332903871414,3,1.0,0
23.36,9.50811201926733,-6.560257118224489,-0.45270618295857845,0.45270618295857845,-0.43843960762023926,0.43843960762023926,0.705332903871414,-0.705332903871414,3,1.0,0
23.38,9.376896613418237,-6.559399781820533,-0.44950618839452205,0.44950618839452205,-0.43523961305618286,0.43523961305618286,0.705332903871414,-0.705332903871414,3,1.0,0
23.400000000000002,9.245698258556049,-6.558551036317352,-0.44630619383046566,0.44630619383046566,-0.43203961849212646,0.43203961849212646,0.705332903871414,-0.705332903871414,3,1.0,0
23.42,9.114516782972188,-6.55771086970942,-0.44310619926640926,0.44310619926640926,-0.42883962392807007,0.42883962392807007,0.705332903871414,-0.705332903871414,3,1.0,0
23.44,8.983352015196598,-6.5568792701357115,-0.43990620470235287,0.43990620470235287,-0.42563962936401367,0.42563962936401367,0.705332903871414,-0.705332903871414,3,1.0,0
23.46,8.85220378399485,-6.5560562258792405,-0.43670621013829647,0.43670621013829647,-0.4224396347999573,0.4224396347999573,0.705332903871414,-0.705332903871414,3,1.0,0
23.48,8.721071918365272,-6.555241725366646,-0.4335062155742401,0.4335062155742401,-0.4192396402359009,0.4192396402359009,0.705332903871414,-0.705332903871414,3,1.0,0
23.5,8.589956247536076,-6.554435757167772,-0.4303062210101837,0.4303062210101837,-0.4160396456718445,0.4160396456718445,0.705332903871414,-0.705332903871414,3,1.0,0
23.52,8.458856600962505,-6.553638309995189,-0.4271062264461273,0.4271062264461273,-0.4128396511077881,0.4128396511077881,0.705332903871414,-0.705332903871414,3,1.0,0
23.54,8.32777280832398,-6.552849372703815,-0.4239062318820709,0.4239062318820709,-0.4096396565437317,0.4096396565437317,0.705332903871414,-0.705332903871414,3,1.0,0
23.56,8.196704699521256,-6.552068934290516,-0.4207062373180145,0.4207062373180145,-0.4064396619796753,0.4064396619796753,0.705332903871414,-0.705332903871414,3,1.0,0
23.580000000000002,8.065652104673587,-6.551296983893637,-0.4175062427539581,0.4175062427539581,-0.4032396674156189,0.4032396674156189,0.705332903871414,-0.705332903871414,3,1.0,0
23.6,7.934614854115896,-6.550533510792618,-0.4143062481899017,0.4143062481899017,-0.4000396728515625,0.4000396728515625,0.705332903871414,-0.705332903871414,3,1.0,0
23.62,7.803592778395971,-6.54977850440755,-0.4111062536258453,0.4111062536258453,-0.3968396782875061,0.3968396782875061,0.705332903871414,-0.705332903871414,3,1.0,0
23.64,7.672585708271644,-6.549031954298859,-0.4079062590617889,0.4079062590617889,-0.3936396837234497,0.3936396837234497,0.705332903871414,-0.705332903871414,3,1.0,0
23.66,7.5415934747079945,-6.548293850166823,-0.4047062644977325,0.4047062644977325,-0.3904396891593933,0.3904396891593933,0.705332903871414,-0.705332903871414,3,1.0,0
23.68,7.410615908874551,-6.547564181851254,-0.4015062699336761,0.4015062699336761,-0.3872396945953369,0.3872396945953369,0.705332903871414,-0.705332903871414,3,1.0,0
23.7,7.279652842142509,-6.5468429393310315,-0.3983062753696197,0.3983062753696197,-0.3840397000312805,0.3840397000312805,0.705332903871414,-0.705332903871414,3,1.0,0
23.72,7.148704106081952,-6.546130112723778,-0.3951062808055633,0.3951062808055633,-0.3808397054672241,0.3808397054672241,0.705332903871414,-0.705332903871414,3,1.0,0
23.740000000000002,7.01776953245908,-6.545425692285456,-0.3919062862415069,0.3919062862415069,-0.3776397109031677,0.3776397109031677,0.705332903871414,-0.705332903871414,3,1.0,0
23.76,6.886848953233449,-6.544729668409987,-0.3887062916774505,0.3887062916774505,-0.37443971633911133,0.37443971633911133,0.705332903871414,-0.705332903871414,3,1.0,0
23.78,6.75594220055521,-6.544042031628903,-0.3855062971133941,0.3855062971133941,-0.37123972177505493,0.37123972177505493,0.705332903871414,-0.705332903871414,3,1.0,0
23.8,6.625049106762367,-6.543362772610955,-0.38230630254933773,0.38230630254933773,-0.36803972721099854,0.36803972721099854,0.705332903871414,-0.705332903871414,3,1.0,0
23.82,6.494169504378031,-6.542691882161747,-0.37910630798528133,0.37910630798528133,-0.36483973264694214,0.36483973264694214,0.705332903871414,-0.705332903871414,3,1.0,0
23.84,6.363303226107692,-6.542029351223409,-0.37590631342122494,0.37590631342122494,-0.36163973808288574,0.36163973808288574,0.705332903871414,-0.705332903871414,3,1.0,0
23.86,6.232450104836487,-6.541375170874214,-0.37270631885716854,0.37270631885716854,-0.35843974351882935,0.35843974351882935,0.705332903871414,-0.705332903871414,3,1.0,0
23.88,6.101609973626483,-6.540729332328245,-0.36950632429311214,0.36950632429311214,-0.35523974895477295,0.35523974895477295,0.705332903871414,-0.705332903871414,3,1.0,0
23.900000000000002,5.970782665713966,-6.540091826935023,-0.36630632972905575,0.36630632972905575,-0.35203975439071655,0.35203975439071655,0.705332903871414,-0.705332903871414,3,1.0,0
23.92,5.839968014506732,-6.539462646179208,-0.36310633516499935,0.36310633516499935,-0.34883975982666016,0.34883975982666016,0.705332903871414,-0.705332903871414,3,1.0,0
23.94,5.7091658535813865,-6.538841781680208,-0.35990634060094295,0.35990634060094295,-0.34563976526260376,0.34563976526260376,0.705332903871414,-0.705332903871414,3,1.0,0
23.96,5.578376016680662,-6.538229225191896,-0.35670634603688656,0.35670634603688656,-0.34243977069854736,0.34243977069854736,0.705332903871414,-0.705332903871414,3,1.0,0
23.98,5.447598337710719,-6.537624968602232,-0.35350635147283016,0.35350635147283016,-0.33923977613449097,0.33923977613449097,0.705332903871414,-0.705332903871414,3,1.0,0
24.0,5.316832650738481,-6.537029003932976,-0.35030635690877376,0.35030635690877376,-0.33603978157043457,0.33603978157043457,0.705332903871414,-0.705332903871414,3,1.0,0
24.02,5.18607878998895,-6.536441323339356,-0.34710636234471737,0.34710636234471737,-0.3328397870063782,0.3328397870063782,0.705332903871414,-0.705332903871414,3,1.0,0
24.04,5.055336589842547,-6.5358619191097365,-0.34390636778066097,0.34390636778066097,-0.3296397924423218,0.3296397924423218,0.705332903871414,-0.705332903871414,3,1.0,0
24.060000000000002,4.924605884832449,-6.5352907836653085,-0.3407063732166046,0.3407063732166046,-0.3264397978782654,0.3264397978782654,0.705332903871414,-0.705332903871414,3,1.0,0
24.080000000000002,4.7938865096419425,-6.534727909559798,-0.3375063786525482,0.3375063786525482,-0.323239803314209,0.323239803314209,0.705332903871414,-0.705332903871414,3,1.0,0
24.1,4.663178299101767,-6.534173289479155,-0.3343063840884918,0.3343063840884918,-0.3200398087501526,0.3200398087501526,0.705332903871414,-0.705332903871414,3,1.0,0
24.12,4.532481088187476,-6.5336269162412295,-0.3311063895244354,0.3311063895244354,-0.3168398141860962,0.3168398141860962,0.705332903871414,-0.705332903871414,3,1.0,0
24.14,4.401794712016806,-6.533088782795501,-0.327906394960379,0.327906394960379,-0.3136398196220398,0.3136398196220398,0.705332903871414,-0.705332903871414,3,1.0,0
24.16,4.271119005847044,-6.532558882222767,-0.3247064003963226,0.3247064003963226,-0.3104398250579834,0.3104398250579834,0.705332903871414,-0.705332903871414,3,1.0,0
24.18,4.140453805072401,-6.532037207734868,-0.3215064058322662,0.3215064058322662,-0.307239830493927,0.307239830493927,0.705332903871414,-0.705332903871414,3,1.0,0
24.2,4.009798945221396,-6.531523752674375,-0.3183064112682098,0.3183064112682098,-0.3040398359298706,0.3040398359298706,0.705332903871414,-0.705332903871414,3,1.0,0
24.22,3.87915426195425,-6.531018510514324,-0.3151064167041534,0.3151064167041534,-0.3008398413658142,0.3008398413658142,0.705332903871414,-0.705332903871414,3,1.0,0
24.240000000000002,3.748519591060273,-6.530521474857956,-0.311906422140097,0.311906422140097,-0.2976398468017578,0.2976398468017578,0.705332903871414,-0.705332903871414,3,1.0,0
24.26,3.6178947684552636,-6.530032639438426,-0.3087064275760406,0.3087064275760406,-0.2944398522377014,0.2944398522377014,0.705332903871414,-0.705332903871414,3,1.0,0
24.28,3.487279630178912,-6.529551998118531,-0.3055064330119842,0.3055064330119842,-0.291239857673645,0.291239857673645,0.705332903871414,-0.705332903871414,3,1.0,0
24.3,3.3566740123922156,-6.529079544890433,-0.3023064384479278,0.3023064384479278,-0.2880398631095886,0.2880398631095886,0.705332903871414,-0.705332903871414,3,1.0,0
24.32,3.226077751374888,-6.528615273875426,-0.2991064438838714,0.2991064438838714,-0.2848398685455322,0.2848398685455322,0.705332903871414,-0.705332903871414,3,1.0,0
24.34,3.0954906835227813,-6.528159179323649,-0.295906449319815,0.295906449319815,-0.28163987398147583,0.28163987398147583,0.705332903871414,-0.705332903871414,3,1.0,0
24.36,2.964912645345312,-6.527711255613844,-0.2927064547557586,0.2927064547557586,-0.27843987941741943,0.27843987941741943,0.705332903871414,-0.705332903871414,3,1.0,0
24.38,2.8343434734628907,-6.5272714972531025,-0.28950646019170223,0.28950646019170223,-0.27523988485336304,0.27523988485336304,0.705332903871414,-0.705332903871414,3,1.0,0
24.400000000000002,2.7037830046043596,-6.526839898876626,-0.28630646562764583,0.28630646562764583,-0.27203989028930664,0.27203989028930664,0.705332903871414,-0.705332903871414,3,1.0,0
24.42,2.573231075604429,-6.526416455247471,-0.28310647106358944,0.28310647106358944,-0.26883989572525024,0.26883989572525024,0.705332903871414,-0.705332903871414,3,1.0,0
24.44,2.4426875234011254,-6.526001161256318,-0.27990647649953304,0.27990647649953304,-0.26563990116119385,0.26563990116119385,0.705332903871414,-0.705332903871414,3,1.0,0
24.46,2.31215218503324,-6.525594011921212,-0.27670648193547664,0.27670648193547664,-0.26243990659713745,0.26243990659713745,0.705332903871414,-0.705332903871414,3,1.0,0
24.48,2.1816248976377826,-6.525195002387377,-0.27350648737142025,0.27350648737142025,-0.25923991203308105,0.25923991203308105,0.705332903871414,-0.705332903871414,3,1.0,0
24.5,2.051105498447445,-6.524804127926937,-0.27030649280736385,0.27030649280736385,-0.25603991746902466,0.25603991746902466,0.705332903871414,-0.705332903871414,3,1.0,0
24.52,1.9205938247880592,-6.524421383938727,-0.26710649824330746,0.26710649824330746,-0.25283992290496826,0.25283992290496826,0.705332903871414,-0.705332903871414,3,1.0,0
24.54,1.7900897140760685,-6.52404676594806,-0.26390650367925106,0.26390650367925106,-0.24963992834091187,0.24963992834091187,0.705332903871414,-0.705332903871414,3,1.0,0
24.560000000000002,1.6595930038159992,-6.523680269606507,-0.26070650911519466,0.26070650911519466,-0.24643993377685547,0.24643993377685547,0.705332903871414,-0.705332903871414,3,1.0,0
24.580000000000002,1.5291035315979375,-6.523321890691675,-0.25750651455113827,0.25750651455113827,-0.24323993921279907,0.24323993921279907,0.705332903871414,-0.705332903871414,3,1.0,0
24.6,1.398621135095012,-6.522971625107022,-0.25430651998708187,0.25430651998708187,-0.24003994464874268,0.24003994464874268,0.705332903871414,-0.705332903871414,3,1.0,0
24.62,1.2681456520608756,-6.5226294688816315,-0.2511065254230255,0.2511065254230255,-0.23683995008468628,0.23683995008468628,0.705332903871414,-0.705332903871414,3,1.0,0
24.64,1.1376769203271988,-6.522295418170008,-0.2479065308589691,0.2479065308589691,-0.23363995552062988,0.23363995552062988,0.7053329038714141,-0.7053329038714141,3,1.0,0
24.66,1.0072147778011598,-6.521969469251886,-0.24470653629491274,0.24470653629491274,-0.2304399609565735,0.2304399609565735,0.7053329038714142,-0.7053329038714142,3,1.0,0
24.68,0.8767590624629436,-6.52165161853205,-0.24150654173085637,0.24150654173085637,-0.2272399663925171,0.2272399663925171,0.7053329038714145,-0.7053329038714145,3,1.0,0
24.7,0.7463096123632422,-6.5213418625401145,-0.2383065471668,0.2383065471668,-0.2240399718284607,0.2240399718284607,0.7053329038714146,-0.7053329038714146,3,1.0,0
24.72,0.6158662656207599,-6.521040197930349,-0.2351065526027436,0.2351065526027436,-0.2208399772644043,0.2208399772644043,0.7053329038714146,-0.7053329038714146,3,1.0,0
24.740000000000002,0.4854288604197216,-6.5207466214814955,-0.2319065580386872,0.2319065580386872,-0.2176399827003479,0.2176399827003479,0.7053329038714146,-0.7053329038714146,3,1.0,0
24.76,0.35499723500738534,-6.520461130096585,-0.2287065634746308,0.2287065634746308,-0.2144399881362915,0.2144399881362915,0.7053329038714146,-0.7053329038714146,3,1.0,0
24.78,0.22457122769155813,-6.520183720802749,-0.2255065689105744,0.2255065689105744,-0.2112399935722351,0.2112399935722351,0.7053329038714146,-0.7053329038714146,3,1.0,0
24.8,0.09415067683811532,-6.519914390751069,-0.22230657434651802,0.22230657434651802,-0.2080399990081787,0.2080399990081787,0.7053329038714146,-0.7053329038714146,3,1.0,0
24.82,0.0,0.0,-0.21910657978246162,0.21910657978246162,-0.2080399990081787,0.2080399990081787,0.7053329038714146,-0.7053329038714146,4,1.0,0
24.84,0.0,0.0,-0.21662434438394737,0.21662434438394737,-0.2080399990081787,0.2080399990081787,0.6929217268788433,-0.6929217268788433,4,1.0,0
24.86,0.0,0.0,-0.21469887468382803,0.21469887468382803,-0.2080399990081787,0.2080399990081787,0.6832943783782466,-0.6832943783782466,4,1.0,0
24.88,0.0,0.0,-0.2132052880689982,0.2132052880689982,-0.2080399990081787,0.2080399990081787,0.6758264453040974,-0.6758264453040974,4,1.0,0
24.900000000000002,0.0,0.0,-0.21204671311149012,0.21204671311149012,-0.2080399990081787,0.2080399990081787,0.6700335705165571,-0.6700335705165571,4,1.0,0
24.92,0.0,0.0,-0.21114800665627878,0.21114800665627878,-0.2080399990081787,0.2080399990081787,0.6655400382405003,-0.6655400382405003,4,1.0,0
24.94,0.0,0.0,-0.21045088016704783,0.21045088016704783,-0.2080399990081787,0.2080399990081787,0.6620544057943456,-0.6620544057943456,4,1.0,0
24.96,0.0,0.0,-0.2099101192331862,0.2099101192331862,-0.2080399990081787,0.2080399990081787,0.6593506011250374,-0.6593506011250374,4,1.0,0
24.98,0.0,0.0,-0.20949065104182052,0.20949065104182052,-0.2080399990081787,0.2080399990081787,0.6572532601682091,-0.6572532601682091,4,1.0,0
25.0,0.0,0.0,-0.20916526961622245,0.20916526961622245,-0.2080399990081787,0.2080399990081787,0.6556263530402187,-0.6556263530402187,4,1.0,0
25.02,0.0,0.0,-0.2089128712835157,0.2089128712835157,-0.2080399990081787,0.2080399990081787,0.654364361376685,-0.654364361376685,4,1.0,0
25.04,0.0,0.0,-0.2087170859271879,0.2087170859271879,-0.2080399990081787,0.2080399990081787,0.653385434595046,-0.653385434595046,4,1.0,0
25.060000000000002,0.0,0.0,-0.20856521524982916,0.20856521524982916,-0.2080399990081787,0.2080399990081787,0.6526260812082523,-0.6526260812082523,4,1.0,0
25.080000000000002,0.0,0.0,-0.2084474091836656,0.2084474091836656,-0.2080399990081787,0.2080399990081787,0.6520370508774345,-0.6520370508774345,4,1.0,0
25.1,0.0,0.0,-0.20835602703230968,0.20835602703230968,-0.2080399990081787,0.2080399990081787,0.6515801401206549,-0.6515801401206549,4,1.0,0
25.12,0.0,0.0,-0.20828514190849223,0.20828514190849223,-0.2080399990081787,0.2080399990081787,0.6512257145015676,-0.6512257145015676,4,1.0,0
25.14,0.0,0.0,-0.20823015632647154,0.20823015632647154,-0.2080399990081787,0.2080399990081787,0.6509507865914642,-0.6509507865914642,4,1.0,0
25.16,0.0,0.0,-0.20818750401711056,0.20818750401711056,-0.2080399990081787,0.2080399990081787,0.6507375250446592,-0.6507375250446592,4,1.0,0
25.18,0.0,0.0,-0.20815441862586853,0.20815441862586853,-0.2080399990081787,0.2080399990081787,0.6505720980884491,-0.6505720980884491,4,1.0,0
25.2,0.0,0.0,-0.2081287542918608,0.2081287542918608,-0.2080399990081787,0.2080399990081787,0.6504437764184106,-0.6504437764184106,4,1.0,0
25.22,0.0,0.0,-0.2081088464710574,0.2081088464710574,-0.2080399990081787,0.2080399990081787,0.6503442373143935,-0.6503442373143935,4,1.0,0
25.240000000000002,0.0,0.0,-0.20809340397685427,0.20809340397685427,-0.2080399990081787,0.2080399990081787,0.6502670248433778,-0.6502670248433778,4,1.0,0
25.26,0.0,0.0,-0.20808142523595802,0.20808142523595802,-0.2080399990081787,0.2080399990081787,0.6502071311388966,-0.6502071311388966,4,1.0,0
25.28,0.0,0.0,-0.2080721333280853,0.2080721333280853,-0.2080399990081787,0.2080399990081787,0.650160671599533,-0.650160671599533,4,1.0,0
25.3,0.0,0.0,-0.20806492559626585,0.20806492559626585,-0.2080399990081787,0.2080399990081787,0.6501246329404358,-0.6501246329404358,4,1.0,0
25.32,0.0,0.0,-0.20805933455956027,0.20805933455956027,-0.2080399990081787,0.2080399990081787,0.6500966777569078,-0.6500966777569078,4,1.0,0
25.34,0.0,0.0,-0.20805499759306015,0.20805499759306015,-0.2080399990081787,0.2080399990081787,0.6500749929244072,-0.6500749929244072,4,1.0,0
25.36,0.0,0.0,-0.20805163340866756,0.20805163340866756,-0.2080399990081787,0.2080399990081787,0.6500581720024443,-0.6500581720024443,4,1.0,0
25.38,0.0,0.0,-0.20804902381123877,0.20804902381123877,-0.2080399990081787,0.2080399990081787,0.6500451240153003,-0.6500451240153003,4,1.0,0
25.400000000000002,0.0,0.0,-0.2080469995468271,0.2080469995468271,-0.2080399990081787,0.2080399990081787,0.650035002693242,-0.650035002693242,4,1.0,0
25.42,0.0,0.0,-0.2080454293251664,0.2080454293251664,-0.2080399990081787,0.2080399990081787,0.6500271515849385,-0.6500271515849385,5,1.0,0
25.44,0.0,0.0,-0.20804421130441303,0.20804421130441303,-0.20204000174999237,0.20204000174999237,0.6500210614811717,-0.6500210614811717,5,1.0,0
25.46,0.0,0.0,-0.2066974663793035,0.2066974663793035,-0.19604000449180603,0.19604000449180603,0.6732873231465557,-0.6732873231465557,5,1.0,0
25.48,0.0,0.0,-0.20430699639629493,0.20430699639629493,-0.1900400072336197,0.1900400072336197,0.6913349595224445,-0.6913349595224445,5,1.0,0
25.5,0.0,0.0,-0.20110690901139022,0.20110690901139022,-0.18404000997543335,0.18404000997543335,0.7053345088888527,-0.7053345088888527,5,1.0,0
25.52,0.0,0.0,-0.1972788015051975,0.1972788015051975,-0.178040012717247,0.178040012717247,0.7161939576488208,-0.7161939576488208,5,1.0,0
25.54,0.0,0.0,-0.19296353886644588,0.19296353886644588,-0.17204001545906067,0.17204001545906067,0.7246176307459944,-0.7246176307459944,5,1.0,0
25.560000000000002,0.0,0.0,-0.18827039004995264,0.18827039004995264,-0.16604001820087433,0.16604001820087433,0.7311518729544598,-0.7311518729544598,5,1.0,0
25.580000000000002,0.0,0.0,-0.1832841149708289,0.1832841149708289,-0.160040020942688,0.160040020942688,0.032806738433756505,-0.032806738433756505,5,1.0,0
25.6,0.0,0.0,-0.17807046188503342,0.17807046188503342,-0.15404002368450165,0.15404002368450165,0.03188355793657935,-0.03188355793657935,5,1.0,0
25.62,0.0,0.0,-0.17268119334901608,0.17268119334901608,-0.1480400264263153,0.1480400264263153,0.030928370600578573,-0.030928370600578573,5,1.0,0
25.64,0.0,0.0,-0.16717022029350492,0.16717022029350492,-0.14204002916812897,0.14204002916812897,0.02995068377527823,-0.02995068377527823,5,1.0,0
25.66,0.0,0.0,-0.1615716159404299,0.1615716159404299,-0.13604003190994263,0.13604003190994263,0.028956519243869144,-0.028956519243869144,5,1.0,0
25.68,0.0,0.0,-0.15590423300051715,0.15590423300051715,-0.1300400346517563,0.1300400346517563,0.02794921716365186,-0.02794921716365186,5,1.0,0
25.7,0.0,0.0,-0.15018802733035758,0.15018802733035758,-0.12404003739356995,0.12404003739356995,0.02693232824705717,-0.02693232824705717,5,1.0,0
25.72,0.0,0.0,-0.14443016536524217,0.14443016536524217,-0.1180400401353836,0.1180400401353836,0.025907139278172172,-0.025907139278172172,5,1.0,0
25.740000000000002,0.0,0.0,-0.13864061829319402,0.13864061829319402,-0.11204004287719727,0.11204004287719727,0.024875442830813898,-0.024875442830813898,5,1.0,0
25.76,0.0,0.0,-0.13282597256541895,0.13282597256541895,-0.10604004561901093,0.10604004561901093,0.023838434633148494,-0.023838434633148494,5,1.0,0
25.78,0.0,0.0,-0.12698922149131173,0.12698922149131173,-0.10004004836082458,0.10004004836082458,0.02279667354081143,-0.02279667354081143,5,1.0,0
25.8,0.0,0.0,-0.12113300139297543,0.12113300139297543,-0.09404005110263824,0.09404005110263824,0.02175065708019054,-0.02175065708019054,5,1.0,0
25.82,0.0,0.0,-0.11526227498262588,0.11526227498262588,-0.0880400538444519,0.0880400538444519,0.02070130086789593,-0.02070130086789593,5,1.0,0
25.84,0.0,0.0,-0.10937980420844547,0.10937980420844547,-0.08204005658626556,0.08204005658626556,0.019649129827506093,-0.019649129827506093,5,1.0,0
25.86,0.0,0.0,-0.10348665605563694,0.10348665605563694,-0.07604005932807922,0.07604005932807922,0.018594367216310304,-0.018594367216310304,5,1.0,0
25.88,0.0,0.0,-0.09758380057291173,0.09758380057291173,-0.07004006206989288,0.07004006206989288,0.017537219833927288,-0.017537219833927288,5,1.0,0
25.900000000000002,0.0,0.0,-0.09167211967925062,0.09167211967925062,-0.06404006481170654,0.06404006481170654,0.016477879488652942,-0.016477879488652942,5,1.0,0
25.92,0.0,0.0,-0.08575241517056292,0.08575241517056292,-0.058040063828229904,0.058040063828229904,0.01541652433327163,-0.01541652433327163,5,1.0,0
25.94,0.0,0.0,-0.07982541566048829,0.07982541566048829,-0.052040062844753265,0.052040062844753265,0.014353320021237022,-0.014353320021237022,5,1.0,0
25.96,0.0,0.0,-0.07389282071186397,0.07389282071186397,-0.04604006186127663,0.04604006186127663,0.013288607057952283,-0.013288607057952283,5,1.0,0
25.98,0.0,0.0,-0.06795607871226729,0.06795607871226729,-0.04004006087779999,0.04004006087779999,0.012222681648314995,-0.012222681648314995,5,1.0,0
26.0,0.0,0.0,-0.06201544480252955,0.06201544480252955,-0.03404005989432335,0.03404005989432335,0.01115562625562601,-0.01115562625562601,5,1.0,0
26.02,0.0,0.0,-0.05607115842634108,0.05607115842634108,-0.02804005891084671,0.02804005891084671,0.01008752075875353,-0.01008752075875353,5,1.0,0
26.04,0.0,0.0,-0.05012344429599328,0.05012344429599328,-0.02204005792737007,0.02204005792737007,0.009018442604219242,-0.009018442604219242,5,1.0,0
26.060000000000002,0.0,0.0,-0.04417251329870493,0.04417251329870493,-0.016040056943893433,0.016040056943893433,0.007948466949293043,-0.007948466949293043,5,1.0,0
26.080000000000002,0.0,0.0,-0.038218563347188206,0.038218563347188206,-0.010040056891739368,0.010040056891739368,0.00687766679662092,-0.00687766679662092,5,1.0,0
26.1,0.0,0.0,-0.03226178023518305,0.03226178023518305,-0.004040056839585304,0.004040056839585304,0.005806113131188114,-0.005806113131188114,5,1.0,0
26.12,0.0,0.0,-0.026302338268461702,0.026302338268461702,0.0,0.0,0.004733875018220386,-0.004733875018220386,7,1.0,0
