time_s,tilt_deg,rate_dps,arm_l,arm_r,target_l,target_r,torque_l,torque_r,phase,committed,wheel_rad_s,setpoint,wheel_request,supported
0.0,84.62,0.0,0.0,0.0,0.0,0.0,0.0,0.0,1,0.0,0,84.62,0.0,0.0
0.02,84.620000129475,1.0851159222620526e-05,0.0,0.0,0.0,0.0,0.0,0.0,1,0.0,1.547133018533858e-06,84.62000274658203,0.0,0.0
0.04,84.62000042522362,1.7248100335733074e-05,0.0,0.0,0.0,0.0,0.0,0.0,1,0.0,2.441787309021048e-06,84.62000274658203,0.0,0.0
0.06,84.62000080492982,1.988036408570303e-05,0.0,0.0,0.0,0.0,0.0,0.0,1,0.0,2.772513093739713e-06,84.62000274658203,0.0,0.0
0.08,84.62000120519303,1.9824327028134108e-05,0.0,0.0,0.0,0.0,0.0,0.0,1,0.0,2.688879356818865e-06,84.62000274658203,0.0,0.0
0.1,84.62000158464267,1.8162090305196328e-05,0.0,0.0,0.0,0.0,0.0,0.0,1,0.0,2.3454185594685067e-06,84.62000274658203,0.0,0.0
0.12,84.62000192156958,1.5782985585340963e-05,0.0,0.0,0.0,0.0,0.0,0.0,1,0.0,1.8716270191725864e-06,84.62000274658203,0.0,0.0
0.14,84.62000220912965,1.3314361803258165e-05,0.0,0.0,0.0,0.0,0.0,0.0,1,0.0,1.3607145564972215e-06,84.62000274658203,0.0,0.0
0.16,84.62000245012851,1.1131679700319897e-05,0.0,0.0,0.0,0.0,0.0,0.0,1,0.0,8.700776373759604e-07,84.62000274658203,0.0,0.0
0.18,84.62000265250734,9.408211613263525e-06,0.0,0.0,0.0,0.0,0.0,0.0,1,0.0,4.278137905608438e-07,84.62000274658203,0.0,0.0
0.2,84.62000282599263,8.176796067630661e-06,0.0,0.0,0.0,0.0,0.0,0.0,1,0.0,4.1268441400241717e-08,84.62000274658203,0.0,0.0
0.22,84.62000297994913,7.387167458635048e-06,0.0,0.0,0.0,0.0,0.0,0.0,1,0.0,-2.948332111800262e-07,84.62000274658203,0.0,0.0
0.24,84.62000312224788,6.951000470529344e-06,0.0,0.0,0.0,0.0,0.0,0.0,1,0.0,-5.918795779952039e-07,84.62000274658203,0.0,0.0
0.26,84.62000325887371,6.772669133306666e-06,0.0,0.0,0.0,0.0,0.0,0.0,1,0.0,-8.628462740255487e-07,84.62000274658203,0.0,0.0
0.28,84.6200033939991,6.767134780905218e-06,0.0,0.0,0.0,0.0,0.0,0.0,1,0.0,-1.1195955149883118e-06,84.62000274658203,0.0,0.0
0.3,84.6200035302988,6.867924717564938e-06,0.0,0.0,0.0,0.0,0.0,0.0,1,0.0,-1.3716061756103804e-06,84.62000274658203,0.0,0.0
0.32,84.62000366934413,7.028466987351767e-06,0.0,0.0,0.0,0.0,0.0,0.0,1,0.0,-1.6256807506024693e-06,84.62000274658203,0.0,0.0
0.34,84.62000381197734,7.21964545026194e-06,0.0,0.0,0.0,0.0,0.0,0.0,1,0.0,-1.8862224742367436e-06,84.62000274658203,0.0,0.0
0.36,84.62000395861632,7.425736621858468e-06,0.0,0.0,0.0,0.0,0.0,0.0,1,0.0,-2.1557703372226698e-06,84.62000274658203,0.0,0.0
0.38,84.62000410947375,7.640150307563321e-06,0.0,0.0,0.0,0.0,0.0,0.0,1,0.0,-2.4355827628612393e-06,84.62000274658203,0.0,0.0
0.4,84.62000426469726,7.86176258238152e-06,0.0,0.0,0.0,0.0,0.0,0.0,1,0.0,-2.726150823849517e-06,84.62000274658203,0.0,0.0
0.42,84.62000442444604,8.092160049249054e-06,0.0,0.0,0.0,0.0,0.0,0.0,1,0.0,-3.027589831546969e-06,84.62000274658203,0.0,0.0
0.44,84.62000422927045,-2.1808295505899968e-05,0.0,0.0,0.0,0.0,0.0,0.0,1,0.0,-7.637494173523605e-06,84.6199951171875,0.0,0.0
0.46,84.62000357720389,-3.932235493336238e-05,0.0,0.0,0.0,0.0,0.0,0.0,1,0.0,-1.044587388892146e-05,84.6199951171875,0.0,0.0
0.48,84.6200026971937,-4.636372227874312e-05,0.0,0.0,0.0,0.0,0.0,0.0,2,0.0,-1.1698854652709115e-05,84.6199951171875,0.0,0.0
0.5,84.62000176566931,-4.592136406298621e-05,0.0,0.0,-0.07999999821186066,0.07999999821186066,0.0,0.0,2,0.0,-1.1812184788736292e-05,84.6199951171875,0.0,0.0
0.52,84.64677127152898,0.9723083973207625,-0.03226244137222077,0.03226244137222077,-0.1599999964237213,0.1599999964237213,0.1406253550721354,-0.1406253550721354,2,0.0,-0.013046661287682044,84.6199951171875,0.0,0.0
0.54,84.68478507145362,1.2441529688385629,-0.08377650978464816,0.08377650978464816,-0.23999999463558197,0.23999999463558197,0.2293652550886311,-0.2293652550886311,2,0.0,-0.05358352625363214,84.62000274658203,0.0,0.0
0.56,84.72227935664314,1.0155165741384344,-0.14677839895494102,0.14677839895494102,-0.3199999928474426,0.3199999928474426,0.28710144041983243,-0.28710144041983243,2,0.0,-0.11490832424926756,84.62000274658203,0.0,0.0
0.58,84.75088801835005,0.49392428294060314,-0.21597261917997743,0.21597261917997743,-0.3999999761581421,0.3999999761581421,0.32804471808132923,-0.32804471808132923,2,0.0,-0.18217181149888872,84.62000274658203,0.0,0.0
0.6,84.76611936237012,-0.16480285122083532,-0.28845391349287625,0.28845391349287625,-0.47999995946884155,0.47999995946884155,0.3599571316480002,-0.3599571316480002,2,0.0,-0.24057910469783675,84.62000274658203,0.0,0.0
0.62,84.76639381253074,-0.8673322550911076,-0.3629342463106805,0.3629342463106805,-0.559999942779541,0.559999942779541,0.386239747122447,-0.386239747122447,2,0.0,-0.2792083577535634,84.62000274658203,0.0,0.0
0.64,84.75155075274355,-1.5614391513082093,-0.4386704310037832,0.4386704310037832,-0.6399999260902405,0.6399999260902405,0.40882547959497395,-0.40882547959497395,2,0.0,-0.2914222643714709,84.62000274658203,0.0,0.0
0.66,84.72218847909849,-2.2278475973364342,-0.515308264489461,0.515308264489461,-0.7199999094009399,0.7199999094009399,0.42859897000461866,-0.42859897000461866,2,0.0,-0.27417745767956775,84.62000274658203,0.0,0.0
0.68,84.67897626822929,-2.8638450211172617,-0.5925379217114278,0.5925379217114278,-0.7999998927116394,0.7999998927116394,0.4463287564512709,-0.4463287564512709,2,0.0,-0.22679746827521077,84.62000274658203,0.0,0.0
0.7000000000000001,84.62257395740728,-3.479473460932052,-0.6702552266653226,0.6702552266653226,-0.8799998760223389,0.8799998760223389,0.4622293973815596,-0.4622293973815596,2,0.0,-0.1498653445236592,84.62000274658203,0.0,0.0
0.72,84.55336569104492,-4.088276440369799,-0.7483743409686451,0.7483743409686451,-0.9599998593330383,0.9599998593330383,0.47646877941399157,-0.47646877941399157,2,0.0,-0.04447470989708836,84.62000274658203,0.0,0.0
0.74,84.47136765291197,-4.701004871572118,-0.8267352435830834,0.8267352435830834,-1.0399998426437378,1.0399998426437378,0.4894224165192441,-0.4894224165192441,2,0.0,0.08838510185154128,84.62000274658203,0.0,0.0
0.76,84.37644309915784,-5.328026816368281,-0.9052946286255845,0.9052946286255845,-1.119999885559082,1.119999885559082,0.5011525639521269,-0.5011525639521269,2,0.0,0.24813318916127142,84.62000274658203,0.0,0.0
0.78,84.26827671510019,-5.97729011555188,-0.9840284683323752,0.9840284683323752,-1.1999999284744263,1.1999999284744263,0.5116733283189282,-0.5116733283189282,2,0.0,0.4346021734854855,84.62000274658203,0.0,0.0
0.8,84.14641689622646,-6.654082431522574,-1.062915637333952,1.062915637333952,-1.2799999713897705,1.2799999713897705,0.5209952222701384,-0.5209952222701384,2,0.0,0.6480348363396783,84.62000274658203,0.0,0.0
0.8200000000000001,84.01032526447372,-7.361484273695491,-1.1419375684110236,1.1419375684110236,-1.3600000143051147,1.3600000143051147,0.5291269713315334,-0.5291269713315334,2,0.0,0.8890268245448351,84.62000274658203,0.0,0.0
0.84,83.85941464210977,-8.100996170377076,-1.2210779427185112,1.2210779427185112,-1.440000057220459,1.440000057220459,0.5360765008972075,-0.5360765008972075,2,0.0,1.1584417711267068,84.62000274658203,0.0,0.0
0.86,83.6930744081927,-8.873145643893832,-1.3003224175214816,1.3003224175214816,-1.5200001001358032,1.5200001001358032,0.5418519435012263,-0.5418519435012263,2,0.0,1.4573265842640466,84.62000274658203,0.0,0.0
0.88,83.51068482449308,-9.677980010195729,-1.3796583869005596,1.3796583869005596,-1.6000001430511475,1.6000001430511475,0.5464625099294776,-0.5464625099294776,2,0.0,1.7868414456792352,84.62000274658203,0.0,0.0
0.9,83.31160587463957,-10.514946795830358,-1.4590547466599715,1.4590547466599715,-1.6800001859664917,1.6800001859664917,0.5353942644206102,-0.5353942644206102,2,0.0,2.1482096424819206,84.62000274658203,0.0,0.0
0.92,83.09520304428453,-11.383592299078131,-1.538488836616629,1.538488836616629,-1.75,1.75,0.5121041515040621,-0.5121041515040621,2,0.0,2.5427032628611443,84.62000274658203,0.0,0.0
0.9400000000000001,82.85989312735632,-12.487172087176887,-1.6168358915575842,1.6168358915575842,-1.75,1.75,0.528618963422655,-0.528618963422655,2,0.0,2.971611010438933,84.62000274658203,0.0,0.0
0.96,82.58542541031667,-14.580478175834775,-1.6705383832767717,1.6705383832767717,-1.75,1.75,0.3752786367688045,-0.3752786367688045,9,1.0,3.4448502048107934,84.62000274658203,3.444850206375122,0.0
0.98,82.23567109917147,-19.72919336441966,-1.7025837058789786,1.7025837058789786,-1.7899999618530273,1.7899999618530273,0.2835723050787461,-0.2835723050787461,9,1.0,3.4448502052622105,84.62000274658203,3.444850206375122,0.0
1.0,81.79708264431441,-24.296749400392414,-1.7374394213733433,1.7374394213733433,-1.8299999237060547,1.8299999237060547,0.29742760863548917,-0.29742760863548917,9,1.0,3.444850205583363,84.62000274658203,3.444850206375122,0.0
1.02,81.2625530139838,-29.223111074273735,-1.7738308844958277,1.7738308844958277,-1.850000023841858,1.850000023841858,0.30668859044100394,-0.30668859044100394,9,1.0,3.44485020581184,84.62000274658203,3.444850206375122,0.0
1.04,80.61884311274466,-34.85082140514386,-1.8045484150889657,1.8045484150889657,-1.850000023841858,1.850000023841858,0.27520519873385635,-0.27520519873385635,10,1.0,3.4448502059743866,84.62000274658203,3.444850206375122,0.0
1.06,79.85225256305081,-41.06726129501933,-1.8228781637819584,1.8228781637819584,-1.850000023841858,1.850000023841858,0.22240591432757545,-0.22240591432757545,10,1.0,3.444850206090026,84.62000274658203,3.444850206375122,0.0
1.08,78.95827686967493,-47.57571659530971,-1.8338158817775365,1.8338158817775365,-1.850000023841858,1.850000023841858,0.19087628870638168,-0.19087628870638168,10,1.0,3.4448502061722963,84.62000274658203,3.444850206375122,0.0
1.1,77.92962493482916,-54.501261362369476,-1.840342631104794,1.840342631104794,-1.8600000143051147,1.8600000143051147,0.17205368892994663,-0.17205368892994663,10,1.0,3.444850206230825,84.62000274658203,3.444850206375122,0.0
1.12,77.01464467455526,-35.991683740904094,-1.838638095651722,1.838638095651722,-1.8286380767822266,1.8286380767822266,3.120081105414384,-3.120081105414384,10,1.0,3.4448502062724655,84.62000274658203,3.384850263595581,0.0
1.1400000000000001,76.44891404169738,-23.59517311099033,-1.8288054338851347,1.8288054338851347,-1.8286380767822266,1.8286380767822266,1.9040599549469965,-1.9040599549469965,10,1.0,3.4275360797842827,84.62000274658203,3.32485032081604,0.0
1.16,76.08571429299631,-12.964959884112558,-1.8224908554272408,1.8224908554272408,-1.8286380767822266,1.8286380767822266,2.268357779400701,-2.268357779400701,10,1.0,3.397904147819185,84.62000274658203,3.264850378036499,0.0
1.18,75.88473108940195,-5.855760623440219,-1.8195066332128484,1.8195066332128484,-1.8257273435592651,1.8257273435592651,1.9557763447079073,-1.9557763447079073,10,1.0,3.3595089478078606,84.62000274658203,3.204850435256958,0.0
1.2,75.81576409280433,0.6894001079168839,-1.8166559215730693,1.8166559215730693,-1.8173139095306396,1.8173139095306396,1.9584419318866564,-1.9584419318866564,10,1.0,3.3148792876896658,84.62000274658203,3.144850492477417,0.0
1.22,75.82753789792253,2.102739390515624,-1.8129676088628979,1.8129676088628979,-1.8073139190673828,1.8073139190673828,1.2643948022259006,-1.2643948022259006,10,1.0,3.265814239698006,84.62000274658203,3.084850549697876,0.0
1.24,75.79594149782068,-3.200610686581592,-1.8092016775044475,1.8092016775044475,-1.809201717376709,1.809201717376709,0.7699596180056518,-0.7699596180056518,3,1.0,3.213593719500116,84.62000274658203,3.024850606918335,1.0
1.26,75.71002661908774,-3.780094955509564,-1.8067592751133728,1.8067592751133728,-1.8044017553329468,1.8044017553329468,1.273434898558266,-1.273434898558266,3,1.0,3.159128298714419,84.62000274658203,2.964850664138794,1.0
1.28,75.59322065641013,-5.962891630418122,-1.803669526341068,1.803669526341068,-1.7996017932891846,1.7996017932891846,1.162218870582989,-1.162218870582989,3,1.0,3.1030657861719995,84.62000274658203,2.904850721359253,1.0
1.3,75.42817120238692,-8.493750174571343,-1.8001843773511634,1.8001843773511634,-1.7948018312454224,1.7948018312454224,1.2261827865592154,-1.2261827865592154,3,1.0,3.0458670531246526,84.62000274658203,2.844850778579712,1.0
1.32,75.21510033131707,-10.709075529488288,-1.7964000770940765,1.7964000770940765,-1.7900018692016602,1.7900018692016602,1.3844671855419906,-1.3844671855419906,3,1.0,2.987859977644642,84.62000274658203,2.784850835800171,1.0
1.34,74.96266786815445,-12.710088392546695,-1.7921062595733486,1.7921062595733486,-1.7900018692016602,1.7900018692016602,1.3113213358448255,-1.3113213358448255,3,1.0,2.9292778223402385,84.62000274658203,2.72485089302063,1.0
1.36,74.70891641081748,-11.228431767836733,-1.7884425548784748,1.7884425548784748,-1.7900018692016602,1.7900018692016602,1.743688646969848,-1.743688646969848,3,1.0,2.870286537450326,84.62000274658203,2.664850950241089,1.0
1.3800000000000001,74.50684979881844,-7.495090389741155,-1.7858806363948108,1.7858806363948108,-1.785201907157898,1.785201907157898,2.1227988820568875,-2.1227988820568875,3,1.0,2.811004185110927,84.62000274658203,2.604851007461548,1.0
1.4000000000000001,74.35195646537139,-6.216892944324675,-1.783166566443679,1.783166566443679,-1.7804019451141357,1.7804019451141357,1.8003066154827985,-1.8003066154827985,3,1.0,2.75151475837957,84.62000274658203,2.544851064682007,1.0
1.42,74.2022577311379,-6.817437082138896,-1.7799779063895016,1.7799779063895016,-1.7756019830703735,1.7756019830703735,1.5922570393657596,-1.5922570393657596,3,1.0,2.691878012516925,84.62000274658203,2.484851121902466,1.0
1.44,74.03082193971983,-8.299968646754834,-1.7764126531045734,1.7764126531045734,-1.7708020210266113,1.7708020210266113,1.5281727287184395,-1.5281727287184395,3,1.0,2.6321364592648275,84.62000274658203,2.424851179122925,1.0
1.46,73.82613608046867,-10.314322779892356,-1.7722890092705281,1.7722890092705281,-1.7660020589828491,1.7660020589828491,1.3852224132235935,-1.3852224132235935,3,1.0,2.572320342792137,84.62000274658203,2.364851236343384,1.0
1.48,73.58259543319073,-12.403103478034787,-1.7675386919514842,1.7675386919514842,-1.7660020589828491,1.7660020589828491,1.3083954208715292,-1.3083954208715292,3,1.0,2.512451179736622,84.62000274658203,2.3048512935638428,1.0
1.5,73.3370961331317,-10.831419749036305,-1.763650320462338,1.763650320462338,-1.761202096939087,1.761202096939087,1.7874735272110769,-1.7874735272110769,3,1.0,2.4525442777003206,84.62000274658203,2.2448513507843018,1.0
1.52,73.11119327646,-10.259429083555872,-1.7596691016334594,1.7596691016334594,-1.7564021348953247,1.7564021348953247,1.6946330190460275,-1.6946330190460275,3,1.0,2.3926105269850853,84.62000274658203,2.1848514080047607,1.0
1.54,72.8891965472135,-10.40150617490795,-1.7555067299383984,1.7555067299383984,-1.7516021728515625,1.7516021728515625,1.6106310454610366,-1.6106310454610366,3,1.0,2.3326576752887025,84.62000274658203,2.1248514652252197,1.0
1.56,72.65990322966218,-11.00760097672522,-1.7511018322562486,1.7511018322562486,-1.7468022108078003,1.7468022108078003,1.5438705060933624,-1.5438705060933624,3,1.0,2.2726912345631654,84.62000274658203,2.0648515224456787,1.0
1.58,72.41707826527826,-11.819229887771098,-1.7464342302051923,1.7464342302051923,-1.7468022108078003,1.7468022108078003,1.5009881161530316,-1.5009881161530316,3,1.0,2.212715126181715,84.62000274658203,2.0048515796661377,1.0
1.6,72.19251704518761,-9.352617894151917,-1.7428858269115113,1.7428858269115113,-1.742002248764038,1.742002248764038,1.971170081207096,-1.971170081207096,3,1.0,2.1527321399306385,84.62000274658203,1.9448516368865967,1.0
1.62,71.99961983057312,-8.348545752379152,-1.7393718859634344,1.7393718859634344,-1.7372022867202759,1.7372022867202759,1.8466800452577345,-1.8466800452577345,3,1.0,2.0927442605502433,84.62000274658203,1.8848516941070557,1.0
1.6400000000000001,71.81408356615438,-8.502961668443554,-1.7356832147743306,1.7356832147743306,-1.7324023246765137,1.7324023246765137,1.7174763646663487,-1.7174763646663487,3,1.0,2.032752900046211,84.62000274658203,1.8248517513275146,1.0
1.6600000000000001,71.61732385914733,-9.46442752159032,-1.7316651997642476,1.7316651997642476,-1.7276023626327515,1.7276023626327515,1.6041180357612674,-1.6041180357612674,3,1.0,1.9727590629630836,84.62000274658203,1.7648518085479736,1.0
1.68,71.39812328699061,-10.829237959959077,-1.7272430900689004,1.7272430900689004,-1.7228024005889893,1.7228024005889893,1.5227312812690947,-1.5227312812690947,3,1.0,1.9127634639649398,84.62000274658203,1.7048518657684326,1.0
1.7,71.15273408117937,-12.220991761625779,-1.7224261334971662,1.7224261334971662,-1.7228024005889893,1.7228024005889893,1.4814835575109397,-1.4814835575109397,3,1.0,1.8527666114859227,84.62000274658203,1.6448519229888916,1.0
1.72,70.9168455410953,-10.117156882398563,-1.718647746347743,1.718647746347743,-1.718002438545227,1.718002438545227,1.9609456874938198,-1.9609456874938198,3,1.0,1.7927688672418176,84.62000274658203,1.5848519802093506,1.0
1.74,70.70831349567584,-9.228169123316786,-1.7148794979054753,1.7148794979054753,-1.7132024765014648,1.7132024765014648,1.85903399942445,-1.85903399942445,3,1.0,1.7327704885684292,84.62000274658203,1.5248520374298096,1.0
1.76,70.50720717791248,-9.28416274140367,-1.7109644423968626,1.7109644423968626,-1.7084025144577026,1.7084025144577026,1.7558963751392596,-1.7558963751392596,3,1.0,1.6727716585424135,84.62000274658203,1.4648520946502686,1.0
1.78,70.29831166150446,-10.000172178282602,-1.7067845902175163,1.7067845902175163,-1.7036025524139404,1.7036025524139404,1.6665784934537675,-1.6665784934537675,3,1.0,1.6127725074101695,84.62000274658203,1.4048521518707275,1.0
1.8,70.07236750186854,-11.0521983208377,-1.702282123325257,1.702282123325257,-1.6988025903701782,1.6988025903701782,1.6031252787261145,-1.6031252787261145,3,1.0,1.552773127833017,84.62000274658203,1.3448522090911865,1.0
1.82,69.82611119869745,-12.139053068198656,-1.6974642577980803,1.6974642577980803,-1.6988025903701782,1.6988025903701782,1.5716008579585432,-1.5716008579585432,3,1.0,1.4927735857330855,84.62000274658203,1.2848522663116455,1.0
1.84,69.59424784488021,-9.81925163131301,-1.6937460657911276,1.6937460657911276,-1.694002628326416,1.694002628326416,2.046860884559133,-2.046860884559133,3,1.0,1.4327739280094196,84.62000274658203,1.2248523235321045,1.0
1.86,69.39283395349707,-8.809293629247954,-1.6900713789043185,1.6900713789043185,-1.6892026662826538,1.6892026662826538,1.9394233834519876,-1.9394233834519876,3,1.0,1.3727741880274504,84.62000274658203,1.1648523807525635,1.0
1.8800000000000001,69.200140168402,-8.83806803214529,-1.6862578831347004,1.6862578831347004,-1.6844027042388916,1.6844027042388916,1.8279374938762678,-1.8279374938762678,3,1.0,1.3127743895243789,84.62000274658203,1.1048524379730225,1.0
1.9000000000000001,68.9993650213341,-9.601810558973357,-1.6821671296051717,1.6821671296051717,-1.6796027421951294,1.6796027421951294,1.7297811835536012,-1.7297811835536012,3,1.0,1.2527745493875835,84.62000274658203,1.0448524951934814,1.0
1.92,68.7801236348703,-10.748282037194896,-1.6777283879892977,1.6777283879892977,-1.6748027801513672,1.6748027801513672,1.6587919398918403,-1.6587919398918403,3,1.0,1.1927746796312684,84.62000274658203,0.9848524928092957,1.0
1.94,68.53858319748991,-11.946496430815518,-1.6729440251202785,1.6729440251202785,-1.6748027801513672,1.6748027801513672,1.6220971011167171,-1.6220971011167171,3,1.0,1.1327747716026544,84.62000274658203,0.9248524904251099,1.0
1.96,68.30918639101486,-9.752292619029483,-1.6692295940166375,1.6692295940166375,-1.670002818107605,1.670002818107605,2.0895176415670393,-2.0895176415670393,3,1.0,1.072774836345943,84.62000274658203,0.8648524880409241,1.0
1.98,68.10813215975672,-8.840176201597911,-1.6655331739866606,1.6655331739866606,-1.6652028560638428,1.6652028560638428,1.9818190235191495,-1.9818190235191495,3,1.0,1.01277488171832,84.62000274658203,0.8048524856567383,1.0
2.0,67.91438150057562,-8.924074568431097,-1.6616828619601718,1.6616828619601718,-1.6604028940200806,1.6604028940200806,1.8731820575583313,-1.8731820575583313,3,1.0,0.9527749133096309,84.62000274658203,0.7448524832725525,1.0
2.02,67.71198108247826,-9.69719908505186,-1.6575516547670306,1.6575516547670306,-1.6556029319763184,1.6556029319763184,1.779766085582445,-1.779766085582445,3,1.0,0.892774935096665,84.62000274658203,0.6848524808883667,1.0
2.04,67.49134401143309,-10.814463970826102,-1.6530787106278504,1.6530787106278504,-1.6508029699325562,1.6508029699325562,1.7140154293861465,-1.7140154293861465,3,1.0,0.832774949908633,84.62000274658203,0.6248524785041809,1.0
2.06,67.24922769513861,-11.958736379139442,-1.6482729682552366,1.6482729682552366,-1.6508029699325562,1.6508029699325562,1.6818298774328508,-1.6818298774328508,3,1.0,0.7727749597583231,84.62000274658203,0.5648524761199951,1.0
2.08,67.0201665223334,-9.724169356911409,-1.6445509798496463,1.6445509798496463,-1.646003007888794,1.646003007888794,2.1469869395585994,-2.1469869395585994,3,1.0,0.7127749660776955,84.62000274658203,0.5048524737358093,1.0
2.1,66.82016809249252,-8.77562912339987,-1.6408571382586434,1.6408571382586434,-1.6412030458450317,1.6412030458450317,2.0402038000095755,-2.0402038000095755,3,1.0,0.6527749698854904,84.62000274658203,0.44485247135162354,1.0
2.12,66.62808075638758,-8.830546526547964,-1.6370169707357218,1.6370169707357218,-1.6364030838012695,1.6364030838012695,1.9320535201901419,-1.9320535201901419,3,1.0,0.5927749719064712,84.62000274658203,0.38485246896743774,1.0
2.14,66.42779371736052,-9.58361648082917,-1.6329006016013308,1.6329006016013308,-1.6316031217575073,1.6316031217575073,1.8387558370951833,-1.8387558370951833,3,1.0,0.5327749726562574,84.62000274658203,0.32485246658325195,1.0
2.16,66.20955074610075,-10.689824046987567,-1.6284444908487192,1.6284444908487192,-1.6268031597137451,1.6268031597137451,1.7727832956336482,-1.7727832956336482,3,1.0,0.47277497250167616,84.62000274658203,0.26485246419906616,1.0
2.18,65.969948259035,-11.831258544443461,-1.6236553183768636,1.6236553183768636,-1.6268031597137451,1.6268031597137451,1.7400649277844835,-1.7400649277844835,3,1.0,0.4127749717037,84.62000274658203,0.20485246181488037,1.0
2.2,65.74317928986801,-9.622015424302253,-1.619946444436486,1.619946444436486,-1.622003197669983,1.622003197669983,2.199411626339801,-2.199411626339801,3,1.0,0.35277497044799283,84.62000274658203,0.14485245943069458,1.0
2.22,65.544952142207,-8.701585266551346,-1.6162587710652916,1.6162587710652916,-1.6172032356262207,1.6172032356262207,2.091557842393038,-2.091557842393038,3,1.0,0.2927749688666416,84.62000274658203,0.08485245704650879,1.0
2.24,65.35415399150902,-8.778857980367082,-1.6124186276121133,1.6124186276121133,-1.6124032735824585,1.6124032735824585,1.9835529149397004,-1.9835529149397004,3,1.0,0.23277496705361728,84.62000274658203,0.024852458387613297,1.0
2.2600000000000002,65.1548397949143,-9.543376466587171,-1.6082984521688803,1.6082984521688803,-1.6076033115386963,1.6076033115386963,1.8913443170333082,-1.8913443170333082,3,1.0,0.17277496615077692,84.62000274658203,0.0,1.0
2.2800000000000002,64.93818414405307,-10.589342226827725,-1.6038450176149777,1.6038450176149777,-1.602803349494934,1.602803349494934,1.8267193874727026,-1.8267193874727026,3,1.0,0.12291745821888177,84.62000274658203,0.0,1.0
2.3000000000000003,64.70216712521652,-11.59925218817123,-1.5990841279097778,1.5990841279097778,-1.5980033874511719,1.5980033874511719,1.7944044970401478,-1.7944044970401478,3,1.0,0.0874472840110732,84.62000274658203,0.0,1.0
2.32,64.44929023503063,-12.396543764095217,-1.5940882880332594,1.5940882880332594,-1.5980033874511719,1.5980033874511719,1.7916228078562124,-1.7916228078562124,3,1.0,0.06221270429539854,84.62000274658203,0.0,1.0
2.34,64.21664673595625,-9.768373616048832,-1.5902955840465431,1.5902955840465431,-1.5932034254074097,1.5932034254074097,2.2649949882074334,-2.2649949882074334,3,1.0,0.04426004328798365,84.62000274658203,0.0,1.0
2.36,64.02026890201502,-8.452878016256374,-1.5866370376322012,1.5866370376322012,-1.5884034633636475,1.5884034633636475,2.164445306083223,-2.164445306083223,3,1.0,0.03148796462138485,84.62000274658203,0.0,1.0
2.38,63.83774293553052,-8.23751849384092,-1.5829103099219861,1.5829103099219861,-1.5836035013198853,1.5836035013198853,2.053691433366233,-2.053691433366233,3,1.0,0.022401512568487894,84.62000274658203,0.0,1.0
2.4,63.650774012873576,-8.84859941410737,-1.578949294577213,1.578949294577213,-1.578803539276123,1.578803539276123,1.951330443659265,-1.951330443659265,3,1.0,0.01593712935688793,84.62000274658203,0.0,1.0
2.42,63.44718050662985,-9.939351688682333,-1.5746549921757942,1.5746549921757942,-1.5740035772323608,1.5740035772323608,1.8728172575984492,-1.8728172575984492,3,1.0,0.011338167070712387,84.62000274658203,0.0,1.0
2.44,63.221423641547204,-11.16637692420977,-1.5700058655235338,1.5700058655235338,-1.5692036151885986,1.5692036151885986,1.8269728929131959,-1.8269728929131959,3,1.0,0.008066322964733072,84.62000274658203,0.0,1.0
2.46,62.9738644863012,-12.250394883314863,-1.5650475177772816,1.5650475177772816,-1.5692036151885986,1.5692036151885986,1.8151473325646306,-1.8151473325646306,3,1.0,0.005738631805792574,84.62000274658203,0.0,1.0
2.48,62.741007138631666,-9.915109927993667,-1.5612168796833443,1.5612168796833443,-1.5644036531448364,1.5644036531448364,2.280785783516563,-2.280785783516563,3,1.0,0.004082640274439335,84.62000274658203,0.0,1.0
2.5,62.53964937875433,-8.814279161265953,-1.5574608701291808,1.5574608701291808,-1.5596036911010742,1.5596036911010742,2.184460340571002,-2.184460340571002,3,1.0,0.002904516646920868,84.62000274658203,0.0,1.0
2.52,62.34923769393157,-8.701866852076718,-1.5536055720058446,1.5536055720058446,-1.554803729057312,1.554803729057312,2.0840392818640243,-2.0840392818640243,3,1.0,0.002066363035964264,84.62000274658203,0.0,1.0
2.54,62.15362902620678,-9.30271688871824,-1.5495146097858543,1.5495146097858543,-1.5500037670135498,1.5500037670135498,1.9951739822912673,-1.9951739822912673,3,1.0,0.001470074616692593,84.62000274658203,0.0,1.0
2.56,61.942557929155406,-10.293035203003178,-1.5451132588067058,1.5451132588067058,-1.5452038049697876,1.5452038049697876,1.9302263709559573,-1.9302263709559573,3,1.0,0.001045856580392899,84.62000274658203,0.0,1.0
2.58,61.7118129978978,-11.366331237708158,-1.5403948764176782,1.5403948764176782,-1.5404038429260254,1.5404038429260254,1.8954958613050463,-1.8954958613050463,3,1.0,0.0007440547400321899,84.62000274658203,0.0,1.0
2.6,61.4623442184289,-12.283336172072952,-1.5354095392278453,1.5354095392278453,-1.5404038429260254,1.5404038429260254,1.8908015580730488,-1.8908015580730488,3,1.0,0.0005293435701828171,84.62000274658203,0.0,1.0
2.62,61.23032646907758,-9.824755340682815,-1.5315879744766976,1.5315879744766976,-1.5356038808822632,1.5356038808822632,2.353799362039853,-2.353799362039853,3,1.0,0.0003765913987481197,84.62000274658203,0.0,1.0
2.64,61.031718947383084,-8.641142591554383,-1.5278638180902613,1.5278638180902613,-1.530803918838501,1.530803918838501,2.2562741149209584,-2.2562741149209584,3,1.0,0.00026791877638578885,84.62000274658203,0.0,1.0
2.66,60.84516973416224,-8.48871156366057,-1.524051219947732,1.524051219947732,-1.5260039567947388,1.5260039567947388,2.1532341740960663,-2.1532341740960663,3,1.0,0.00019060570947364668,84.62000274658203,0.0,1.0
2.68,60.65378556573554,-9.086152083999142,-1.5200034453776483,1.5200034453776483,-1.5212039947509766,1.5212039947509766,2.0612814789347826,-2.0612814789347826,3,1.0,0.0001356028008714035,84.62000274658203,0.0,1.0
2.7,60.44672081121837,-10.098787381613349,-1.515638427374553,1.515638427374553,-1.5164040327072144,1.5164040327072144,1.993481045869522,-1.993481045869522,3,1.0,9.647202937911926e-05,84.62000274658203,0.0,1.0
2.72,60.219405558234804,-11.208030622432176,-1.510945628894492,1.510945628894492,-1.5116040706634521,1.5116040706634521,1.956546937332666,-1.956546937332666,3,1.0,6.863318746160439e-05,84.62000274658203,0.0,1.0
2.74,59.972647300095595,-12.163913191832213,-1.5059743310976677,1.5059743310976677,-1.5116040706634521,1.5116040706634521,1.9504477762685557,-1.9504477762685557,3,1.0,4.882777372318126e-05,84.62000274658203,0.0,1.0
2.7600000000000002,59.742444371728794,-9.761125788048115,-1.50215521714587,1.50215521714587,-1.50680410861969,1.50680410861969,2.40768078592893,-2.40768078592893,3,1.0,3.473758942196822e-05,84.62000274658203,0.0,1.0
2.7800000000000002,59.544711251690266,-8.62106397623822,-1.498422328403639,1.498422328403639,-1.5020041465759277,1.5020041465759277,2.310054483848576,-2.310054483848576,3,1.0,2.4713396225893274e-05,84.62000274658203,0.0,1.0
2.8000000000000003,59.35841397019352,-8.492115751298469,-1.4945944563718137,1.4945944563718137,-1.4972041845321655,1.4972041845321655,2.208513371149144,-2.208513371149144,3,1.0,1.7581874942414787e-05,84.62000274658203,0.0,1.0
2.82,59.167062749745405,-9.091107702474513,-1.4905301630552363,1.4905301630552363,-1.4924042224884033,1.4924042224884033,2.1190231071385,-2.1190231071385,3,1.0,1.2508289984313539e-05,84.62000274658203,0.0,1.0
2.84,58.960195620684075,-10.086763339915006,-1.4861520269472226,1.4861520269472226,-1.4876042604446411,1.4876042604446411,2.0538990035210034,-2.0538990035210034,3,1.0,8.898784620190783e-06,84.62000274658203,0.0,1.0
2.86,58.73352361154624,-11.167462581997787,-1.4814525749871277,1.4814525749871277,-1.482804298400879,1.482804298400879,2.0191936281612337,-2.0191936281612337,3,1.0,6.330870791759142e-06,84.62000274658203,0.0,1.0
2.88,58.4879877188441,-12.091540686604633,-1.4764821639618133,1.4764821639618133,-1.482804298400879,1.482804298400879,2.0144379967784642,-2.0144379967784642,3,1.0,4.503977418557833e-06,84.62000274658203,0.0,1.0
2.9,58.25937015439879,-9.682170088398852,-1.4726692048114323,1.4726692048114323,-1.4780043363571167,1.4780043363571167,2.467065824312,-2.467065824312,3,1.0,3.204268931421694e-06,84.62000274658203,0.0,1.0
2.92,58.063270945899795,-8.542011280549735,-1.4689433026827605,1.4689433026827605,-1.4732043743133545,1.4732043743133545,2.368806032942208,-2.368806032942208,3,1.0,2.2796160883421823e-06,84.62000274658203,0.0,1.0
2.94,57.87857523344793,-8.41544848485333,-1.4651218844231602,1.4651218844231602,-1.4684044122695923,1.4684044122695923,2.267150806771692,-2.267150806771692,3,1.0,1.6217894382300875e-06,84.62000274658203,0.0,1.0
2.96,57.688782206184754,-9.015958401173819,-1.461063136191681,1.461063136191681,-1.46360445022583,1.46360445022583,2.1780038168549276,-2.1780038168549276,3,1.0,1.1537911999328971e-06,84.62000274658203,0.0,1.0
2.98,57.48346731599381,-10.010476972541552,-1.4566899523960783,1.4566899523960783,-1.4588044881820679,1.4588044881820679,2.113462790243412,-2.113462790243412,3,1.0,8.208427688957044e-07,84.62000274658203,0.0,1.0
3.0,57.25839461694233,-11.08737446897824,-1.4519954384099112,1.4519954384099112,-1.4540045261383057,1.4540045261383057,2.079316470869772,-2.079316470869772,3,1.0,5.839729504676003e-07,84.62000274658203,0.0,1.0
3.02,57.01454391050023,-12.00631239850968,-1.4470304079553016,1.4470304079553016,-1.4540045261383057,1.4540045261383057,2.0748767227385807,-2.0748767227385807,3,1.0,4.1545643063484744e-07,84.62000274658203,0.0,1.0
3.04,56.78751326257095,-9.612459536008068,-1.4432219640516166,1.4432219640516166,-1.4492045640945435,1.4492045640945435,2.522763064809133,-2.522763064809133,3,1.0,2.955685629234023e-07,84.62000274658203,0.0,1.0
3.06,56.592705247550775,-8.487122424591153,-1.4394972538551778,1.4394972538551778,-1.4444046020507812,1.4444046020507812,2.424121876699982,-2.424121876699982,3,1.0,2.1027662336363803e-07,84.62000274658203,0.0,1.0
3.08,56.40907134063538,-8.36975940417456,-1.4356745349305953,1.4356745349305953,-1.439604640007019,1.439604640007019,2.322933233510072,-2.322933233510072,3,1.0,1.495972978177388e-07,84.62000274658203,0.0,1.0
3.1,56.22024497135543,-8.971382482998504,-1.4316136028556146,1.4316136028556146,-1.4348046779632568,1.4348046779632568,2.2348346958108,-2.2348346958108,3,1.0,1.0642814762945816e-07,84.62000274658203,0.0,1.0
3.12,56.01595488264134,-9.95917412609837,-1.4272391171722905,1.4272391171722905,-1.4300047159194946,1.4300047159194946,2.171535160751647,-2.171535160751647,3,1.0,7.571627812180056e-08,84.62000274658203,0.0,1.0
3.14,55.792090330665744,-11.023971473748398,-1.4225455404914824,1.4225455404914824,-1.4252047538757324,1.4252047538757324,2.1384451828703273,-2.1384451828703273,3,1.0,5.386690363697578e-08,84.62000274658203,0.0,1.0
3.16,55.54969646693878,-11.929081318323071,-1.4175842835608852,1.4175842835608852,-1.4252047538757324,1.4252047538757324,2.134606525227346,-2.134606525227346,3,1.0,3.832258240120469e-08,84.62000274658203,0.0,1.0
3.18,55.324183070617615,-9.54261699838335,-1.4137808447645708,1.4137808447645708,-1.4204047918319702,1.4204047918319702,2.5780264121650123,-2.5780264121650123,3,1.0,2.726387118507069e-08,84.62000274658203,0.0,1.0
3.2,55.130726003906005,-8.426379773070728,-1.4100593662470748,1.4100593662470748,-1.415604829788208,1.415604829788208,2.478938007337514,-2.478938007337514,3,1.0,1.939636176430431e-08,84.62000274658203,0.0,1.0
3.22,54.948290992195766,-8.31547157149059,-1.4062381618335673,1.4062381618335673,-1.4108048677444458,1.4108048677444458,2.3779942788236683,-2.3779942788236683,3,1.0,1.3799172066869883e-08,84.62000274658203,0.0,1.0
3.24,54.76059037501539,-8.918302081672133,-1.4021778903342672,1.4021778903342672,-1.4060049057006836,1.4060049057006836,2.2906426881190827,-2.2906426881190827,3,1.0,9.817158085879399e-09,84.62000274658203,0.0,1.0
3.2600000000000002,54.55745906815678,-9.901640159873615,-1.3978043966525688,1.3978043966525688,-1.4012049436569214,1.4012049436569214,2.2282794237679115,-2.2282794237679115,3,1.0,6.984230098451749e-09,84.62000274658203,0.0,1.0
3.2800000000000002,54.33488001026939,-10.957848521763298,-1.3931131625825004,1.3931131625825004,-1.3964049816131592,1.3964049816131592,2.1959978525645045,-2.1959978525645045,3,1.0,4.968797450484345e-09,84.62000274658203,0.0,1.0
3.3000000000000003,54.09395052946559,-11.852901836256576,-1.3881561114856154,1.3881561114856154,-1.3964049816131592,1.3964049816131592,2.1926064019236366,-2.1926064019236366,3,1.0,3.5349562880828817e-09,84.62000274658203,0.0,1.0
3.3200000000000003,53.869903207911996,-9.476256026162549,-1.384357320363433,1.384357320363433,-1.391605019569397,1.391605019569397,2.631701765615324,-2.631701765615324,3,1.0,2.5148773084800694e-09,84.62000274658203,0.0,1.0
3.34,53.67771085900814,-8.370517408291809,-1.3806382876120076,1.3806382876120076,-1.3868050575256348,1.3868050575256348,2.532223898953007,-2.532223898953007,3,1.0,1.7891615514538633e-09,84.62000274658203,0.0,1.0
3.36,53.496372221758385,-8.26652353629694,-1.3768176623890611,1.3768176623890611,-1.3820050954818726,1.3820050954818726,2.4315923494878384,-2.4315923494878384,3,1.0,1.2728649013639003e-09,84.62000274658203,0.0,1.0
3.38,53.309693716255374,-8.87034134382851,-1.3727571791412785,1.3727571791412785,-1.3772051334381104,1.3772051334381104,2.3450423981095896,-2.3450423981095896,3,1.0,9.05555485365521e-10,84.62000274658203,0.0,1.0
3.4,53.107626029677185,-9.848635956250424,-1.368383992672889,1.368383992672889,-1.3724051713943481,1.3724051713943481,2.2836478143547088,-2.2836478143547088,3,1.0,6.442401987806444e-10,84.62000274658203,0.0,1.0
3.42,52.886249861456065,-10.895563941022598,-1.3636946464243294,1.3636946464243294,-1.367605209350586,1.367605209350586,2.252185483451688,-2.252185483451688,3,1.0,4.5833241632608965e-10,84.62000274658203,0.0,1.0
3.44,52.64671462385046,-11.779945763144829,-1.3587415591270708,1.3587415591270708,-1.367605209350586,1.367605209350586,2.2492376400315868,-2.2492376400315868,3,1.0,3.260718661345715e-10,84.62000274658203,0.0,1.0
3.46,52.42408039320627,-9.411898802142838,-1.354947389565801,1.354947389565801,-1.3628052473068237,1.3628052473068237,2.6841838297739224,-2.6841838297739224,3,1.0,2.3197761733011788e-10,84.62000274658203,0.0,1.0
3.48,52.23312103121359,-8.31564627710583,-1.351231023750618,1.351231023750618,-1.3580052852630615,1.3580052852630615,2.584324318480318,-2.584324318480318,3,1.0,1.650360565604561e-10,84.62000274658203,0.0,1.0
3.5,52.052861910150995,-8.21798966881758,-1.3474113533219136,1.3474113533219136,-1.3532053232192993,1.3532053232192993,2.4839684789307106,-2.4839684789307106,3,1.0,1.1741175842092707e-10,84.62000274658203,0.0,1.0
3.52,51.867194233932366,-8.822746412926756,-1.3433510687554797,1.3433510687554797,-1.348405361175537,1.348405361175537,2.398152030057662,-2.398152030057662,3,1.0,8.353035877613944e-11,84.62000274658203,0.0,1.0
3.54,51.6661748297251,-9.79643171661094,-1.3389785208874916,1.3389785208874916,-1.343605399131775,1.343605399131775,2.337645692904505,-2.337645692904505,3,1.0,5.942608245637994e-11,84.62000274658203,0.0,1.0
3.56,51.445974570689685,-10.834838290428207,-1.334291233719101,1.334291233719101,-1.3388054370880127,1.3388054370880127,2.3069298594296686,-2.3069298594296686,3,1.0,4.2277554267146695e-11,84.62000274658203,0.0,1.0
3.58,51.207790994170914,-11.709416029980298,-1.3293420887034457,1.3293420887034457,-1.3340054750442505,1.3340054750442505,2.3043760299720133,-2.3043760299720133,3,1.0,3.007756057491285e-11,84.62000274658203,0.0,1.0
3.6,50.956157484367814,-12.288511123015736,-1.3242167455805922,1.3242167455805922,-1.3340054750442505,1.3340054750442505,2.323833403311191,-2.323833403311191,3,1.0,2.1398107478524376e-11,84.62000274658203,0.0,1.0
3.62,50.72728338600103,-9.662015657174779,-1.320345190661611,1.320345190661611,-1.3292055130004883,1.3292055130004883,2.717765300359726,-2.717765300359726,3,1.0,1.522327592099971e-11,84.62000274658203,0.0,1.0
3.64,50.53495556292176,-8.264041919871488,-1.3166171691596855,1.3166171691596855,-1.324405550956726,1.324405550956726,2.6728366191187813,-2.6728366191187813,3,1.0,1.0830309643012924e-11,84.62000274658203,0.0,1.0
3.66,50.35826418878981,-7.940661705164026,-1.3128519567590111,1.3128519567590111,-1.3196055889129639,1.3196055889129639,2.571914135914526,-2.571914135914526,3,1.0,7.705017472733028e-12,84.62000274658203,0.0,1.0
3.68,50.179390624033125,-8.418501143980006,-1.3088838996742695,1.3088838996742695,-1.3148056268692017,1.3148056268692017,2.480609181376692,-2.480609181376692,3,1.0,5.481587896558574e-12,84.62000274658203,0.0,1.0
3.7,49.98654493741353,-9.36063118362514,-1.3046140558773822,1.3046140558773822,-1.3100056648254395,1.3100056648254395,2.41211415922767,-2.41211415922767,3,1.0,3.899771282029197e-12,84.62000274658203,0.0,1.0
3.72,49.77430031724187,-10.442491637084116,-1.3000184556539833,1.3000184556539833,-1.3052057027816772,1.3052057027816772,2.373080783591722,-2.373080783591722,3,1.0,2.7744179860159865e-12,84.62000274658203,0.0,1.0
3.74,49.54273543480466,-11.406855200348005,-1.2951365821318053,1.2951365821318053,-1.300405740737915,1.300405740737915,2.3634874717288135,-2.3634874717288135,3,1.0,1.9738068221077216e-12,84.62000274658203,0.0,1.0
3.7600000000000002,49.29581912134991,-12.09274706888217,-1.2900489779407678,1.2900489779407678,-1.300405740737915,1.300405740737915,2.378093912090193,-2.378093912090193,3,1.0,1.4042272615862914e-12,84.62000274658203,0.0,1.0
3.7800000000000002,49.06937091751658,-9.645175846051696,-1.2861860814115573,1.2861860814115573,-1.2956057786941528,1.2956057786941528,2.7167068023193663,-2.7167068023193663,3,1.0,9.990107340274055e-13,84.62000274658203,0.0,1.0
3.8000000000000003,48.87666782640031,-8.330812110420315,-1.2824270510383973,1.2824270510383973,-1.2908058166503906,1.2908058166503906,2.71143136490805,-2.71143136490805,3,1.0,7.10727155072146e-13,84.62000274658203,0.0,1.0
3.8200000000000003,48.69854948526946,-8.031974570833453,-1.278621075332919,1.278621075332919,-1.2860058546066284,1.2860058546066284,2.623412683178508,-2.623412683178508,3,1.0,5.056332947700734e-13,84.62000274658203,0.0,1.0
3.84,48.518191862803334,-8.495667140602999,-1.2746163069665828,1.2746163069665828,-1.2812058925628662,1.2812058925628662,2.536554089781813,-2.536554089781813,3,1.0,3.597231749982695e-13,84.62000274658203,0.0,1.0
3.86,48.3244130487662,-9.397089044728038,-1.2703204665747232,1.2703204665747232,-1.276405930519104,1.276405930519104,2.472077526349007,-2.472077526349007,3,1.0,2.5591819994701506e-13,84.62000274658203,0.0,1.0
3.88,48.11214164737012,-10.425965184388932,-1.265712749940319,1.265712749940319,-1.2716059684753418,1.2716059684753418,2.4359162107720818,-2.4359162107720818,3,1.0,1.8206812798323446e-13,84.62000274658203,0.0,1.0
3.9,47.88154774047291,-11.33849145159065,-1.2608324238618622,1.2608324238618622,-1.2668060064315796,1.2668060064315796,2.427709623268766,-2.427709623268766,3,1.0,1.2952890116522594e-13,84.62000274658203,0.0,1.0
3.92,47.63647043708619,-11.98379915176204,-1.2557572008949383,1.2557572008949383,-1.2668060064315796,1.2668060064315796,2.442247522029537,-2.442247522029537,3,1.0,9.215086914397134e-14,84.62000274658203,0.0,1.0
3.94,47.41203320623731,-9.616234488594467,-1.251911362068763,1.251911362068763,-1.2620060443878174,1.2620060443878174,2.712695258093987,-2.712695258093987,3,1.0,6.555898033256135e-14,84.62000274658203,0.0,1.0
3.96,47.220025440786564,-8.355977719470971,-1.2481476607802657,1.2481476607802657,-1.2572060823440552,1.2572060823440552,2.710128534689506,-2.710128534689506,3,1.0,4.664068762639932e-14,84.62000274658203,0.0,1.0
3.98,47.042005600058275,-8.014328721562073,-1.2443260901246007,1.2443260901246007,-1.252406120300293,1.252406120300293,2.6825201408532635,-2.6825201408532635,3,1.0,3.318162868349128e-14,84.62000274658203,0.0,1.0
4.0,46.862575388615845,-8.434155415445314,-1.2403203366130866,1.2403203366130866,-1.2476061582565308,1.2476061582565308,2.597292565221609,-2.597292565221609,3,1.0,2.3606437600330256e-14,84.62000274658203,0.0,1.0
4.0200000000000005,46.67045937345124,-9.30007175229833,-1.2360345344974673,1.2360345344974673,-1.2428061962127686,1.2428061962127686,2.5333765356569193,-2.5333765356569193,3,1.0,1.6794350316370678e-14,84.62000274658203,0.0,1.0
4.04,46.460386370738334,-10.305898093221616,-1.231443635198841,1.231443635198841,-1.2380062341690063,1.2380062341690063,2.4968793170002814,-2.4968793170002814,3,1.0,1.1948020591850506e-14,84.62000274658203,0.0,1.0
4.0600000000000005,46.23228058296933,-11.208873002907172,-1.2265828017092095,1.2265828017092095,-1.2332062721252441,1.2332062721252441,2.4876868092420956,-2.4876868092420956,3,1.0,8.500191634333707e-15,84.62000274658203,0.0,1.0
4.08,45.98974095152502,-11.856723268703572,-1.2215263021033664,1.2215263021033664,-1.2332062721252441,1.2332062721252441,2.5008716261447965,-2.5008716261447965,3,1.0,6.047299405365871e-15,84.62000274658203,0.0,1.0
4.1,45.76685541747127,-9.653004717393037,-1.2176894203515123,1.2176894203515123,-1.228406310081482,1.228406310081482,2.712570497137315,-2.712570497137315,3,1.0,4.302235957884375e-15,84.62000274658203,0.0,1.0
4.12,45.57430314631605,-8.439364263352344,-1.2139005345456337,1.2139005345456337,-1.2236063480377197,1.2236063480377197,2.7117531682631792,-2.7117531682631792,3,1.0,3.060743812500788e-15,84.62000274658203,0.0,1.0
4.14,45.3953491241669,-8.055548093709586,-1.2100492018348865,1.2100492018348865,-1.2188063859939575,1.2188063859939575,2.7311153898794345,-2.7311153898794345,3,1.0,2.1775078767108458e-15,84.62000274658203,0.0,1.0
4.16,45.215925569537525,-8.412568727540355,-1.2060304800928396,1.2060304800928396,-1.2140064239501953,1.2140064239501953,2.656835500190412,-2.656835500190412,3,1.0,1.5491464962772198e-15,84.62000274658203,0.0,1.0
4.18,45.024936786080424,-9.221992670960184,-1.201749067047075,1.201749067047075,-1.209206461906433,1.209206461906433,2.5942444620187675,-2.5942444620187675,3,1.0,1.1021107627647247e-15,84.62000274658203,0.0,1.0
4.2,44.816895268309096,-10.186677494188606,-1.1971747755151656,1.1971747755151656,-1.204406499862671,1.204406499862671,2.5576432378435294,-2.5576432378435294,3,1.0,7.840757064104554e-16,84.62000274658203,0.0,1.0
4.22,44.59139480922309,-11.067607204853559,-1.1923370284926718,1.1923370284926718,-1.1996065378189087,1.1996065378189087,2.5472856351551783,-2.5472856351551783,3,1.0,5.578157242933077e-16,84.62000274658203,0.0,1.0
4.24,44.351678563678696,-11.711906304064433,-1.1873047947949489,1.1873047947949489,-1.1948065757751465,1.1948065757751465,2.558689277388748,-2.558689277388748,3,1.0,3.968473703813231e-16,84.62000274658203,0.0,1.0
4.26,44.1029379160731,-12.057099386023902,-1.1821635238856418,1.1821635238856418,-1.1948065757751465,1.1948065757751465,2.584648154946038,-2.584648154946038,3,1.0,2.823295015178912e-16,84.62000274658203,0.0,1.0
4.28,43.87811613580818,-9.805245452668466,-1.1783112179272461,1.1783112179272461,-1.1900066137313843,1.1900066137313843,2.712825925451723,-2.712825925451723,3,1.0,2.0085794533739551e-16,84.62000274658203,0.0,1.0
4.3,43.684801763487314,-8.515702805741087,-1.1745148492294564,1.1745148492294564,-1.185206651687622,1.185206651687622,2.7093992870381496,-2.7093992870381496,3,1.0,1.4289655876647227e-16,84.62000274658203,0.0,1.0
4.32,43.50696778982256,-7.999824246690546,-1.17067594997997,1.17067594997997,-1.1804066896438599,1.1804066896438599,2.7229060434228685,-2.7229060434228685,3,1.0,1.0166103448384822e-16,84.62000274658203,0.0,1.0
4.34,43.33098475357681,-8.151981029105166,-1.166695392510881,1.166695392510881,-1.1756067276000977,1.1756067276000977,2.7409983505176934,-2.7409983505176934,3,1.0,7.23248062902342e-17,84.62000274658203,0.0,1.0
4.36,43.14640590842043,-8.842855681631155,-1.1624929946651292,1.1624929946651292,-1.1708067655563354,1.1708067655563354,2.673989114513519,-2.673989114513519,3,1.0,5.1454105611634086e-17,84.62000274658203,0.0,1.0
4.38,42.9460603474137,-9.777035588488912,-1.1580112515229186,1.1580112515229186,-1.1660068035125732,1.1660068035125732,2.630330925523049,-2.630330925523049,3,1.0,3.6606043211078477e-17,84.62000274658203,0.0,1.0
4.4,42.72806465899513,-10.697374118982628,-1.1532580925876015,1.1532580925876015,-1.161206841468811,1.161206841468811,2.612440677576455,-2.612440677576455,3,1.0,2.6042672079181238e-17,84.62000274658203,0.0,1.0
4.42,42.494619212210864,-11.424550035486941,-1.1482890204737366,1.1482890204737366,-1.1564068794250488,1.1564068794250488,2.6174089586341616,-2.6174089586341616,3,1.0,1.852756292486997e-17,84.62000274658203,0.0,1.0
4.44,42.25038545437479,-11.86879484263493,-1.1431840824533361,1.1431840824533361,-1.1564068794250488,1.1564068794250488,2.638913473042912,-2.638913473042912,3,1.0,1.3181081683604584e-17,84.62000274658203,0.0,1.0
4.46,42.02687786342058,-9.88991524775292,-1.1393288627318088,1.1393288627318088,-1.1516069173812866,1.1516069173812866,2.715832077099334,-2.715832077099334,3,1.0,9.377429457634707e-18,84.62000274658203,0.0,1.0
4.48,41.83134042151022,-8.725844747562542,-1.1354779803703479,1.1354779803703479,-1.1468069553375244,1.1468069553375244,2.717367561541306,-2.717367561541306,3,1.0,6.671393542936267e-18,84.62000274658203,0.0,1.0
4.5,41.650055070924026,-8.221206442524059,-1.1315717630928472,1.1315717630928472,-1.1420069932937622,1.1420069932937622,2.7299702597211963,-2.7299702597211963,3,1.0,4.7462358427549255e-18,84.62000274658203,0.0,1.0
4.5200000000000005,41.471047398307,-8.318556001662468,-1.1275355371182234,1.1275355371182234,-1.13720703125,1.13720703125,2.7579264622352477,-2.7579264622352477,3,1.0,3.3766190721731725e-18,84.62000274658203,0.0,1.0
4.54,41.28490880840656,-8.87093629361799,-1.1233000122047065,1.1233000122047065,-1.1324070692062378,1.1324070692062378,2.7421779047122787,-2.7421779047122787,3,1.0,2.4022313126238685e-18,84.62000274658203,0.0,1.0
4.5600000000000005,41.08547423053998,-9.682373148274529,-1.118822759327608,1.118822759327608,-1.1276071071624756,1.1276071071624756,2.7006645128531592,-2.7006645128531592,3,1.0,1.70902170366425e-18,84.62000274658203,0.0,1.0
4.58,40.870326084735254,-10.516552645714622,-1.1141003860599017,1.1141003860599017,-1.1228071451187134,1.1228071451187134,2.6818394919458033,-2.6818394919458033,3,1.0,1.215850933357963e-18,84.62000274658203,0.0,1.0
4.6000000000000005,40.64089510917801,-11.201043194913863,-1.1091755783656876,1.1091755783656876,-1.1180071830749512,1.1180071830749512,2.6838260311402706,-2.6838260311402706,3,1.0,8.649939839721609e-19,84.62000274658203,0.0,1.0
4.62,40.40105085530215,-11.642761478778786,-1.104116762959165,1.104116762959165,-1.113207221031189,1.113207221031189,2.701406413980935,-2.701406413980935,3,1.0,6.153834913311257e-19,84.62000274658203,0.0,1.0
4.64,40.15563591383009,-11.822928145559521,-1.0989980845242435,1.0989980845242435,-1.113207221031189,1.113207221031189,2.7279166372712966,-2.7279166372712966,3,1.0,4.378028615457675e-19,84.62000274658203,0.0,1.0
4.66,39.93270166219926,-9.980039132714552,-1.0951602950632857,1.0951602950632857,-1.1084072589874268,1.1084072589874268,2.714075502293113,-2.714075502293113,3,1.0,3.1146650548434665e-19,84.62000274658203,0.0,1.0
4.68,39.736445964825,-8.8429273416496,-1.0912954168760767,1.0912954168760767,-1.1036072969436646,1.1036072969436646,2.717763622348422,-2.717763622348422,3,1.0,2.215869117349043e-19,84.62000274658203,0.0,1.0
4.7,39.55475457324687,-8.303850834644834,-1.0873756228497193,1.0873756228497193,-1.0988073348999023,1.0988073348999023,2.728836679877881,-2.728836679877881,3,1.0,1.5764378701285404e-19,84.62000274658203,0.0,1.0
4.72,39.376803562082976,-8.267365634197368,-1.0833429212950514,1.0833429212950514,-1.0940073728561401,1.0940073728561401,2.750059313290006,-2.750059313290006,3,1.0,1.121526690776993e-19,84.62000274658203,0.0,1.0
4.74,39.193952569457466,-8.666154682535407,-1.0791408538736333,1.0791408538736333,-1.089207410812378,1.089207410812378,2.7828272720218905,-2.7828272720218905,3,1.0,7.978887985116927e-20,84.62000274658203,0.0,1.0
4.76,39.00012236633622,-9.336052395067945,-1.0747272170869147,1.0747272170869147,-1.0844074487686157,1.0844074487686157,2.7827892731386226,-2.7827892731386226,3,1.0,5.676427855224542e-20,84.62000274658203,0.0,1.0
4.78,38.79232481522859,-10.115210287394957,-1.0700913349365755,1.0700913349365755,-1.0796074867248535,1.0796074867248535,2.757702120732447,-2.757702120732447,3,1.0,4.038386458823924e-20,84.62000274658203,0.0,1.0
4.8,38.57046010676402,-10.819730031093306,-1.065252161932009,1.065252161932009,-1.0748075246810913,1.0748075246810913,2.7522735165310257,-2.7522735165310257,3,1.0,2.8730331128584943e-20,84.62000274658203,0.0,1.0
4.82,38.337232729564434,-11.332462399295578,-1.0602619560781092,1.0602619560781092,-1.070007562637329,1.070007562637329,2.7630867486059354,-2.7630867486059354,3,1.0,2.0439646754325803e-20,84.62000274658203,0.0,1.0
4.84,38.096811847320545,-11.607423985287966,-1.055186922055628,1.055186922055628,-1.065207600593567,1.065207600593567,2.7845855471525662,-2.7845855471525662,3,1.0,1.4541397297922413e-20,84.62000274658203,0.0,1.0
4.86,37.85359642867489,-11.65814885911702,-1.050090517181582,1.050090517181582,-1.065207600593567,1.065207600593567,2.8107551540509816,-2.8107551540509816,3,1.0,1.0345200086751694e-20,84.62000274658203,0.0,1.0
4.88,37.63131702269569,-10.08497441027118,-1.0462561432653217,1.0462561432653217,-1.0604076385498047,1.0604076385498047,2.7243872083347718,-2.7243872083347718,3,1.0,7.359895520509439e-21,84.62000274658203,0.0,1.0
4.9,37.432974100417326,-9.055324185782451,-1.0423507702335006,1.0423507702335006,-1.0556076765060425,1.0556076765060425,2.72308824366293,-2.72308824366293,3,1.0,5.236057458394044e-21,84.62000274658203,0.0,1.0
4.92,37.248570129734944,-8.510841004304453,-1.0383804994384813,1.0383804994384813,-1.0508077144622803,1.0508077144622803,2.7332979802337922,-2.7332979802337922,3,1.0,3.725093329274081e-21,84.62000274658203,0.0,1.0
4.94,37.06869530319876,-8.420183887426985,-1.0343105616081665,1.0343105616081665,-1.046007752418518,1.046007752418518,2.751445244089112,-2.751445244089112,3,1.0,2.6501466842302902e-21,84.62000274658203,0.0,1.0
4.96,36.88581284966408,-8.664909795651356,-1.0300968796350822,1.0300968796350822,-1.0412077903747559,1.0412077903747559,2.7762655887219276,-2.7762655887219276,3,1.0,1.8853963718824316e-21,84.62000274658203,0.0,1.0
4.98,36.694558387152135,-9.179248384625144,-1.0257084185913454,1.0257084185913454,-1.0364078283309937,1.0364078283309937,2.807748980521547,-2.807748980521547,3,1.0,1.3413293310365842e-21,84.62000274658203,0.0,1.0
5.0,36.49179693050685,-9.791266408581343,-1.0211288146998854,1.0211288146998854,-1.0316078662872314,1.0316078662872314,2.839177264579625,-2.839177264579625,3,1.0,9.542631995746946e-22,84.62000274658203,0.0,1.0
5.0200000000000005,36.27719106645506,-10.41072977544815,-1.0163755746997563,1.0163755746997563,-1.0268079042434692,1.0268079042434692,2.8338222763438976,-2.8338222763438976,3,1.0,6.788923741485654e-22,84.62000274658203,0.0,1.0
5.04,36.051906397184645,-10.923120531500041,-1.011477125244853,1.011477125244853,-1.022007942199707,1.022007942199707,2.8368158298767336,-2.8368158298767336,3,1.0,4.829850463504113e-22,84.62000274658203,0.0,1.0
5.0600000000000005,35.818746548697604,-11.259711637815961,-1.0064801739134008,1.0064801739134008,-1.0172079801559448,1.0172079801559448,2.8507535580292442,-2.8507535580292442,3,1.0,3.436105101205045e-22,84.62000274658203,0.0,1.0
5.08,35.581243018634986,-11.405396671228257,-1.0014373294304724,1.0014373294304724,-1.0124080181121826,1.0124080181121826,2.8710088894455588,-2.8710088894455588,3,1.0,2.444551514740137e-22,84.62000274658203,0.0,1.0
5.1000000000000005,35.34276342100799,-11.386335061528815,-0.9963950715108743,0.9963950715108743,-1.0076080560684204,1.0076080560684204,2.893040918282738,-2.893040918282738,3,1.0,1.7391296052389574e-22,84.62000274658203,0.0,1.0
5.12,35.10584239960599,-11.279363325967635,-0.9913864403206494,0.9913864403206494,-1.0028080940246582,1.0028080940246582,2.892140072542489,-2.892140072542489,3,1.0,1.2372706263627803e-22,84.62000274658203,0.0,1.0
5.14,34.87161613980073,-11.137783460923309,-0.9864220098480204,0.9864220098480204,-0.9980080723762512,0.9980080723762512,2.883966560635016,-2.883966560635016,3,1.0,8.802326165046269e-23,84.62000274658203,0.0,1.0
5.16,34.640329731044424,-10.995355372549279,-0.9815000803484506,0.9815000803484506,-0.9932080507278442,0.9932080507278442,2.8765980161490847,-2.8765980161490847,3,1.0,6.262247261428153e-23,84.62000274658203,0.0,1.0
5.18,34.41170228155858,-10.874545984502824,-0.9766130977700352,0.9766130977700352,-0.9884080290794373,0.9884080290794373,2.87079564225,-2.87079564225,3,1.0,4.455156515216254e-23,84.62000274658203,0.0,1.0
5.2,34.18514661636554,-10.786924196068888,-0.9717506847326371,0.9717506847326371,-0.9836080074310303,0.9836080074310303,2.866836621901376,-2.866836621901376,3,1.0,3.1695362298018334e-23,84.62000274658203,0.0,1.0
5.22,33.95996417278073,-10.734952853426684,-0.966902158284546,0.966902158284546,-0.9788079857826233,0.9788079857826233,2.864622348020777,-2.864622348020777,3,1.0,2.254906169449983e-23,84.62000274658203,0.0,1.0
5.24,33.73549273789605,-10.714623251370469,-0.9620582886327618,0.9620582886327618,-0.9740079641342163,0.9740079641342163,2.863814901529355,-2.863814901529355,3,1.0,1.6042100371704847e-23,84.62000274658203,0.0,1.0
5.26,33.51119934998224,-10.718238953109712,-0.9572122603213128,0.9572122603213128,-0.9692079424858093,0.9692079424858093,2.8639677908625134,-2.8639677908625134,3,1.0,1.141284669945381e-23,84.62000274658203,0.0,1.0
5.28,33.28672185861256,-10.736860240475615,-0.9523599411483445,0.9523599411483445,-0.9644079208374023,0.9644079208374023,2.86463149543094,-2.86463149543094,3,1.0,8.119452363917064e-24,84.62000274658203,0.0,1.0
5.3,33.06186959181041,-10.762134914212009,-0.9474996416805268,0.9474996416805268,-0.9596078991889954,0.9596078991889954,2.865425049790628,-2.865425049790628,3,1.0,5.776429704700531e-24,84.62000274658203,0.0,1.0
5.32,32.83659658997186,-10.787428712529632,-0.9426315700328642,0.9426315700328642,-0.9548078775405884,0.9548078775405884,2.8660733424916813,-2.8660733424916813,3,1.0,4.109530869548617e-24,84.62000274658203,0.0,1.0
5.34,32.61096075360287,-10.808308192016334,-0.9377571680708734,0.9377571680708734,-0.9500078558921814,0.9500078558921814,2.8664154392326537,-2.8664154392326537,3,1.0,2.9236474485321467e-24,84.62000274658203,0.0,1.0
5.36,32.38508006198446,-10.822514086914262,-0.9328784728952816,0.9328784728952816,-0.9452078342437744,0.9452078342437744,2.8663921327520265,-2.8663921327520265,3,1.0,2.0799732803193168e-24,84.62000274658203,0.0,1.0
5.38,32.15909378545726,-10.829598312867104,-0.9279975961199418,0.9279975961199418,-0.9404078125953674,0.9404078125953674,2.8660215345327384,-2.8660215345327384,3,1.0,1.4797573657570674e-24,84.62000274658203,0.0,1.0
5.4,31.933133193459195,-10.830393821003973,-0.9231163642881801,0.9231163642881801,-0.9356077909469604,0.9356077909469604,2.8653705210801306,-2.8653705210801306,3,1.0,1.0527451877536308e-24,84.62000274658203,0.0,1.0
5.42,31.707303258467327,-10.826456979769617,-0.918236123929916,0.918236123929916,-0.9308077692985535,0.9308077692985535,2.8645279285128815,-2.8645279285128815,3,1.0,7.489555085075839e-25,84.62000274658203,0.0,1.0
5.44,31.481674610995256,-10.819580210999758,-0.9133576875171384,0.9133576875171384,-0.9260077476501465,0.9260077476501465,2.8635831646230296,-2.8635831646230296,3,1.0,5.328301285525577e-25,84.62000274658203,0.0,1.0
5.46,31.256258043299304,-10.814720035269728,-0.9084811087628146,0.9084811087628146,-0.9212077260017395,0.9212077260017395,2.8627867481275056,-2.8627867481275056,3,1.0,3.7907184427959975e-25,84.62000274658203,0.0,1.0
5.48,31.03097606076647,-10.816677256161181,-0.9036051960226847,0.9036051960226847,-0.9164077043533325,0.9164077043533325,2.862366893724673,-2.862366893724673,3,1.0,2.696834421054386e-25,84.62000274658203,0.0,1.0
5.5,30.805727317844767,-10.822661600178503,-0.8987283168941917,0.8987283168941917,-0.9116076827049255,0.9116076827049255,2.8621412194935876,-2.8621412194935876,3,1.0,1.9186114728213136e-25,84.62000274658203,0.0,1.0
5.5200000000000005,30.5804609325816,-10.8304068565007,-0.8938497853512607,0.8938497853512607,-0.9068076610565186,0.9068076610565186,2.86197981556832,-2.86197981556832,3,1.0,1.364959581835349e-25,84.62000274658203,0.0,1.0
5.54,30.355164141517072,-10.838254750888936,-0.8889695277933387,0.8889695277933387,-0.9020076394081116,0.9020076394081116,2.861801111406147,-2.861801111406147,3,1.0,9.710744913374384e-26,84.62000274658203,0.0,1.0
5.5600000000000005,30.12984986372819,-10.845136714730563,-0.884087829478298,0.884087829478298,-0.8972076177597046,0.8972076177597046,2.861560029185137,-2.861560029185137,3,1.0,6.90852447409695e-26,84.62000274658203,0.0,1.0
5.58,29.904545635763245,-10.850492401166107,-0.8792051470270607,0.8792051470270607,-0.8924075961112976,0.8924075961112976,2.8612380227746557,-2.8612380227746557,3,1.0,4.9149381262669443e-26,84.62000274658203,0.0,1.0
5.6000000000000005,29.67928474576867,-10.854155846419333,-0.8743219773962512,0.8743219773962512,-0.8876075744628906,0.8876075744628906,2.8608345464645994,-2.8608345464645994,3,1.0,3.4966390979153416e-26,84.62000274658203,0.0,1.0
5.62,29.454099855457468,-10.856234061581299,-0.8694387744682153,0.8694387744682153,-0.8828075528144836,0.8828075528144836,2.8603599573503056,-2.8603599573503056,3,1.0,2.4876172734969148e-26,84.62000274658203,0.0,1.0
5.64,29.229019000914256,-10.856995412463501,-0.8645559039679792,0.8645559039679792,-0.8780075311660767,0.8780075311660767,2.8598299306103865,-2.8598299306103865,3,1.0,1.7697679188823308e-26,84.62000274658203,0.0,1.0
5.66,29.00406361330352,-10.85677798005241,-0.85967362720341,0.85967362720341,-0.8732075095176697,0.8732075095176697,2.8592613870795414,-2.8592613870795414,3,1.0,1.2590676709292357e-26,84.62000274658203,0.0,1.0
5.68,28.779248080531243,-10.855922091698343,-0.8547921045891693,0.8547921045891693,-0.8684074878692627,0.8684074878692627,2.8586698175386394,-2.8586698175386394,3,1.0,8.95739708616885e-27,84.62000274658203,0.0,1.0
5.7,28.55458035144454,-10.854726763587637,-0.8499114110292821,0.8499114110292821,-0.8636074662208557,0.8636074662208557,2.8580677943310877,-2.8580677943310877,3,1.0,6.372569514082593e-27,84.62000274658203,0.0,1.0
5.72,28.330063132865117,-10.85342693078849,-0.8450315567723957,0.8450315567723957,-0.8588074445724487,0.8588074445724487,2.857464408309232,-2.857464408309232,3,1.0,4.533643180173442e-27,84.62000274658203,0.0,1.0
5.74,28.105695316785155,-10.85218687161656,-0.8401525090525833,0.8401525090525833,-0.8540074229240417,0.8540074229240417,2.8568653581592804,-2.8568653581592804,3,1.0,3.225374072375598e-27,84.62000274658203,0.0,1.0
5.76,27.881473376132934,-10.851104853713393,-0.8352742114594789,0.8352742114594789,-0.8492074012756348,0.8492074012756348,2.8562734409564134,-2.8562734409564134,3,1.0,2.2946309388103984e-27,84.62000274658203,0.0,1.0
5.78,27.65739256511973,-10.850224403431671,-0.8303965993872342,0.8303965993872342,-0.8444073796272278,0.8444073796272278,2.855689235443649,-2.855689235443649,3,1.0,1.632471467555326e-27,84.62000274658203,0.0,1.0
5.8,27.433447843396763,-10.849548414697962,-0.8255196110087032,0.8255196110087032,-0.8396073579788208,0.8396073579788208,2.855111821537939,-2.855111821537939,3,1.0,1.1613907261983633e-27,84.62000274658203,0.0,1.0
5.82,27.209634506823708,-10.84905331056295,-0.8206431939884883,0.8206431939884883,-0.8348073363304138,0.8348073363304138,2.8545394318447705,-2.8545394318447705,3,1.0,8.26249307082513e-28,84.62000274658203,0.0,1.0
5.84,26.98594855064098,-10.848701460550494,-0.8157673086110503,0.8157673086110503,-0.8300073146820068,0.8300073146820068,2.853969977187703,-2.853969977187703,3,1.0,5.8781932906336225e-28,84.62000274658203,0.0,1.0
5.86,26.76239836422494,-10.84650832728112,-0.810891584358203,0.810891584358203,-0.8252072930335999,0.8252072930335999,2.8547691379312825,-2.8547691379312825,3,1.0,4.181928634113758e-28,84.62000274658203,0.0,1.0
5.88,26.539065087605287,-10.834867406520791,-0.8060152903251485,0.8060152903251485,-0.8204072713851929,0.8204072713851929,2.8612304743458683,-2.8612304743458683,3,1.0,2.975153458918572e-28,84.62000274658203,0.0,1.0
5.9,26.316107501243422,-10.817433705604175,-0.801141864518502,0.801141864518502,-0.8156072497367859,0.8156072497367859,2.867061972109404,-2.867061972109404,3,1.0,2.116616250193609e-28,84.62000274658203,0.0,1.0
5.92,26.093513977419917,-10.80358558138161,-0.7962718095847511,0.7962718095847511,-0.8108072280883789,0.8108072280883789,2.872693955893333,-2.872693955893333,3,1.0,1.50582630860732e-28,84.62000274658203,0.0,1.0
5.94,25.8711754301653,-10.795851280809169,-0.7914037111615398,0.7914037111615398,-0.8060072064399719,0.8060072064399719,2.878378335999887,-2.878378335999887,3,1.0,1.0712914405181084e-28,84.62000274658203,0.0,1.0
5.96,25.64899174502845,-10.792386419856618,-0.7865361800434302,0.7865361800434302,-0.8012071847915649,0.8012071847915649,2.8841586502772003,-2.8841586502772003,3,1.0,7.621498867215267e-29,84.62000274658203,0.0,1.0
5.98,25.42689769145413,-10.791540491540438,-0.781668401510349,0.781668401510349,-0.796407163143158,0.796407163143158,2.8900413887941343,-2.8900413887941343,3,1.0,5.422170175733961e-29,84.62000274658203,0.0,1.0
6.0,25.204857240191146,-10.791989054803567,-0.7768000001936826,0.7768000001936826,-0.791607141494751,0.791607141494751,2.8960101234551336,-2.8960101234551336,3,1.0,3.8574996764856784e-29,84.62000274658203,0.0,1.0
6.0200000000000005,24.982856421021342,-10.792773275428083,-0.7719309071318954,0.7719309071318954,-0.786807119846344,0.786807119846344,2.9020368453482797,-2.9020368453482797,3,1.0,2.7443446575471725e-29,84.62000274658203,0.0,1.0
6.04,24.760896196321262,-10.793277487652874,-0.7670612429413188,0.7670612429413188,-0.782007098197937,0.782007098197937,2.9080902703012823,-2.9080902703012823,3,1.0,1.9524117254804574e-29,84.62000274658203,0.0,1.0
6.0600000000000005,24.53898625260728,-10.79317175217972,-0.7621912245129382,0.7621912245129382,-0.77720707654953,0.77720707654953,2.9141412489813856,-2.9141412489813856,3,1.0,1.389006127678063e-29,84.62000274658203,0.0,1.0
6.08,24.317140142382197,-10.792340484825868,-0.7573210972565045,0.7573210972565045,-0.772407054901123,0.772407054901123,2.9201657357232627,-2.9201657357232627,3,1.0,9.881819482785718e-30,84.62000274658203,0.0,1.0
6.1000000000000005,24.09537186549261,-10.790811809959921,-0.7524510911256129,0.7524510911256129,-0.7676070332527161,0.7676070332527161,2.9261459047638003,-2.9261459047638003,3,1.0,7.03023221744896e-30,84.62000274658203,0.0,1.0
6.12,23.873693758843107,-10.78869645077412,-0.7475813964526039,0.7475813964526039,-0.7628070116043091,0.7628070116043091,2.932070008116837,-2.932070008116837,3,1.0,5.001524781681651e-30,84.62000274658203,0.0,1.0
6.140000000000001,23.652115446532935,-10.786140265428662,-0.7427121547267452,0.7427121547267452,-0.7580069899559021,0.7580069899559021,2.9379314959144485,-2.9379314959144485,3,1.0,3.5582395243912566e-30,84.62000274658203,0.0,1.0
6.16,23.430643563820315,-10.783291150209898,-0.7378434594969518,0.7378434594969518,-0.7532069683074951,0.7532069683074951,2.94372780835664,-2.94372780835664,3,1.0,2.5314417233944245e-30,84.62000274658203,0.0,1.0
6.18,23.20928198202972,-10.780278885538115,-0.7329753632109596,0.7329753632109596,-0.7484069466590881,0.7484069466590881,2.94945912803605,-2.94945912803605,3,1.0,1.8009459888843333e-30,84.62000274658203,0.0,1.0
6.2,22.988037810344338,-10.776673794409962,-0.7281078490338607,0.7281078490338607,-0.7436069250106812,0.7436069250106812,2.9551040486904525,-2.9551040486904525,3,1.0,1.2812487148744107e-30,84.62000274658203,0.0,1.0
6.22,22.767013179941618,-10.763642321144314,-0.7232404229625096,0.7232404229625096,-0.7388069033622742,0.7388069033622742,2.960260487570482,-2.960260487570482,3,1.0,9.115199897717541e-31,84.62000274658203,0.0,1.0
6.24,22.546326345686243,-10.74677365707561,-0.7183758783186259,0.7183758783186259,-0.7340068817138672,0.7340068817138672,2.9649006835002196,-2.9649006835002196,3,1.0,6.484835318136819e-31,84.62000274658203,0.0,1.0
6.26,22.32600402661418,-10.730018521475879,-0.7135151088024534,0.7135151088024534,-0.7292068600654602,0.7292068600654602,2.969159295816794,-2.969159295816794,3,1.0,4.613512547748383e-31,84.62000274658203,0.0,1.0
6.28,22.106014896878797,-10.715659172911154,-0.708657871227103,0.708657871227103,-0.7244068384170532,0.7244068384170532,2.973176171912805,-2.973176171912805,3,1.0,3.282195612385589e-31,84.62000274658203,0.0,1.0
6.3,21.886299103860694,-10.704613431870412,-0.7038033777306814,0.7038033777306814,-0.7196068167686462,0.7196068167686462,2.9770689849567096,-2.9770689849567096,3,1.0,2.3350555409718912e-31,84.62000274658203,0.0,1.0
6.32,21.66679039043194,-10.69684676140447,-0.6989507042534749,0.6989507042534749,-0.7148067951202393,0.7148067951202393,2.980921548844299,-2.980921548844299,3,1.0,1.6612307806543312e-31,84.62000274658203,0.0,1.0
6.34,21.447430087761227,-10.691776412792375,-0.6940990337997407,0.6940990337997407,-0.7100067734718323,0.7100067734718323,2.98478311342142,-2.98478311342142,3,1.0,1.1818509916234233e-31,84.62000274658203,0.0,1.0
6.36,21.228173955367133,-10.688601310881545,-0.689247768803805,0.689247768803805,-0.7052067518234253,0.7052067518234253,2.988674075954966,-2.988674075954966,3,1.0,8.408053731409331e-32,84.62000274658203,0.0,1.0
6.38,21.008993672938082,-10.686531792596531,-0.6843965522219075,0.6843965522219075,-0.7004067301750183,0.7004067301750183,2.9925943826183956,-2.9925943826183956,3,1.0,5.981749649603228e-32,84.62000274658203,0.0,1.0
6.4,20.7898749590671,-10.684921373797614,-0.67954523442293,0.67954523442293,-0.6956067085266113,0.6956067085266113,2.996532008938096,-2.996532008938096,3,1.0,4.2556018329025103e-32,84.62000274658203,0.0,1.0
6.42,20.570732396187065,-10.686954895598971,-0.6746926636015804,0.6746926636015804,-0.6908066868782043,0.6908066868782043,3.00073997091908,-3.00073997091908,3,1.0,3.0275668526857285e-32,84.62000274658203,0.0,1.0
6.44,20.351520749966447,-10.690187126461836,-0.6698381441042456,0.6698381441042456,-0.6860066652297974,0.6860066652297974,3.0051671830575457,-3.0051671830575457,3,1.0,2.153904760688017e-32,84.62000274658203,0.0,1.0
6.46,20.132237495326734,-10.692802794293533,-0.66498167993376,0.66498167993376,-0.6812066435813904,0.6812066435813904,3.0097338776610805,-3.0097338776610805,3,1.0,1.532354509033885e-32,84.62000274658203,0.0,1.0
6.48,19.912904285383522,-10.693909306668209,-0.6601236565766142,0.6601236565766142,-0.6764066219329834,0.6764066219329834,3.014369754851736,-3.014369754851736,3,1.0,1.0901644233361676e-32,84.62000274658203,0.0,1.0
6.5,19.693552869344025,-10.693236668166428,-0.6552645997758528,0.6552645997758528,-0.6716066002845764,0.6716066002845764,3.0190194369625187,-3.0190194369625187,3,1.0,7.7557671080772e-33,84.62000274658203,0.0,1.0
6.5200000000000005,19.474216019545857,-10.69089183560945,-0.6504050306009346,0.6504050306009346,-0.6668065786361694,0.6668065786361694,3.0236434714397857,-3.0236434714397857,3,1.0,5.517692757818375e-33,84.62000274658203,0.0,1.0
6.54,19.25492241108195,-10.687173802568331,-0.6455453900619994,0.6455453900619994,-0.6620065569877625,0.6620065569877625,3.028216717706111,-3.028216717706111,3,1.0,3.925457397756908e-33,84.62000274658203,0.0,1.0
6.5600000000000005,19.035694364077926,-10.682446051429833,-0.6406860106336665,0.6406860106336665,-0.6572065353393555,0.6572065353393555,3.0327254933987815,-3.0327254933987815,3,1.0,2.7926918837171792e-33,84.62000274658203,0.0,1.0
6.58,18.816547470988223,-10.67705748055784,-0.6358271166508089,0.6358271166508089,-0.6524065136909485,0.6524065136909485,3.0371644154175144,-3.0371644154175144,3,1.0,1.98680743850039e-33,84.62000274658203,0.0,1.0
6.6000000000000005,18.59749131720202,-10.671300687384724,-0.6309688401185455,0.6309688401185455,-0.6476064920425415,0.6476064920425415,3.041533499817481,-3.041533499817481,3,1.0,1.4134763024506431e-33,84.62000274658203,0.0,1.0
6.62,18.378530709395328,-10.665396556162497,-0.6261112426199757,0.6261112426199757,-0.6428064703941345,0.6428064703941345,3.045835800929073,-3.045835800929073,3,1.0,1.0055907879515167e-33,84.62000274658203,0.0,1.0
6.640000000000001,18.1596670179921,-10.659495525565893,-0.6212543374487155,0.6212543374487155,-0.6380064487457275,0.6380064487457275,3.0500756735191423,-3.0500756735191423,3,1.0,7.154084090831531e-34,84.62000274658203,0.0,1.0
6.66,17.94101154659521,-10.64720570415815,-0.6163982899100168,0.6163982899100168,-0.6332064270973206,0.6332064270973206,3.0538431692010564,-3.0538431692010564,3,1.0,5.089636837559857e-34,84.62000274658203,0.0,1.0
6.68,17.722636512185368,-10.632790168820776,-0.6115448337116662,0.6115448337116662,-0.6284064054489136,0.6284064054489136,3.0572223254255992,-3.0572223254255992,3,1.0,3.6209251679672924e-34,84.62000274658203,0.0,1.0
6.7,17.504545000150184,-10.61928785457443,-0.6066944344976141,0.6066944344976141,-0.6236063838005066,0.6236063838005066,3.06033879921262,-3.06033879921262,3,1.0,2.5760382303238887e-34,84.62000274658203,0.0,1.0
6.72,17.28667461843163,-10.612884214794446,-0.6018496046581748,0.6018496046581748,-0.6188063621520996,0.6188063621520996,3.061477823920806,-3.061477823920806,3,1.0,1.8326733241536505e-34,84.62000274658203,0.0,1.0
6.74,17.068877090782628,-10.61637142664052,-0.5970100775613929,0.5970100775613929,-0.6140063405036926,0.6140063405036926,3.060990826842742,-3.060990826842742,3,1.0,1.3038205231302403e-34,84.62000274658203,0.0,1.0
6.76,16.851008353054194,-10.625936868042555,-0.5921722967572706,0.5921722967572706,-0.6092063188552856,0.6092063188552856,3.060497104881635,-3.060497104881635,3,1.0,9.275782727511836e-35,84.62000274658203,0.0,1.0
6.78,16.63300343309379,-10.63777757887517,-0.587334321239688,0.587334321239688,-0.6044062972068787,0.6044062972068787,3.0600019529598907,-3.0600019529598907,3,1.0,6.599078913211146e-35,84.62000274658203,0.0,1.0
6.8,16.414854746171667,-10.649261098670605,-0.5824953424975836,0.5824953424975836,-0.5996062755584717,0.5996062755584717,3.0595075834457637,-3.0595075834457637,3,1.0,4.6947889770666707e-35,84.62000274658203,0.0,1.0
6.82,16.196590949578987,-10.658826894961049,-0.5776552496495058,0.5776552496495058,-0.5948062539100647,0.5948062539100647,3.0590143107663943,-3.0590143107663943,3,1.0,3.3400181796676585e-35,84.62000274658203,0.0,1.0
6.84,15.97825889837296,-10.665788941278839,-0.5728143088254233,0.5728143088254233,-0.5900062322616577,0.5900062322616577,3.0585214243730627,-3.0585214243730627,3,1.0,2.3761923049160377e-35,84.62000274658203,0.0,1.0
6.86,15.75990992350718,-10.67009733578482,-0.5679729390447281,0.5679729390447281,-0.5852062106132507,0.5852062106132507,3.058027798646458,-3.058027798646458,3,1.0,1.6904967476865694e-35,84.62000274658203,0.0,1.0
6.88,15.541590667752185,-10.672103722739097,-0.5631315680447848,0.5631315680447848,-0.5804061889648438,0.5804061889648438,3.057532284986826,-3.057532284986826,3,1.0,1.2026717063372728e-35,84.62000274658203,0.0,1.0
6.9,15.323338030929532,-10.67235977435826,-0.5582905513513691,0.5582905513513691,-0.5756061673164368,0.5756061673164368,3.0570339317219597,-3.0570339317219597,3,1.0,8.556178739791249e-36,84.62000274658203,0.0,1.0
6.92,15.105177389432606,-10.671463511381264,-0.5534501381550813,0.5534501381550813,-0.5708061456680298,0.5708061456680298,3.056532076663949,-3.056532076663949,3,1.0,6.087130364961417e-36,84.62000274658203,0.0,1.0
6.94,14.887123117239733,-10.669956656156963,-0.5486104688433825,0.5486104688433825,-0.5660061240196228,0.5660061240196228,3.0560263536000027,-3.0560263536000027,3,1.0,4.330572935289023e-36,84.62000274658203,0.0,1.0
6.96,14.669180478619527,-10.668268216166524,-0.5437715912546194,0.5437715912546194,-0.5612061023712158,0.5612061023712158,3.0555166479323557,-3.0555166479323557,3,1.0,3.080903615241803e-36,84.62000274658203,0.0,1.0
6.98,14.451348116595115,-10.666694974116607,-0.5389334855009573,0.5389334855009573,-0.5564060807228088,0.5564060807228088,3.055003029088359,-3.055003029088359,3,1.0,2.191850184316666e-36,84.62000274658203,0.0,1.0
7.0,14.233542514388848,-10.673602771982074,-0.5340996540776586,0.5340996540776586,-0.5516060590744019,0.5516060590744019,3.05447600204336,-3.05447600204336,3,1.0,1.5593500577952834e-36,84.62000274658203,0.0,1.0
7.0200000000000005,14.01560266480204,-10.690590089246264,-0.5292696353773817,0.5292696353773817,-0.5468060374259949,0.5468060374259949,3.0539368393603925,-3.0539368393603925,3,1.0,1.1093698922238263e-36,84.62000274658203,0.0,1.0
7.04,13.797403108509114,-10.713193106943926,-0.5244405845034643,0.5244405845034643,-0.5420060157775879,0.5420060157775879,3.0533932825771695,-3.0533932825771695,3,1.0,7.892400757741048e-37,84.62000274658203,0.0,1.0
7.0600000000000005,13.578892430573259,-10.737775115046425,-0.5196109646500271,0.5196109646500271,-0.5372059941291809,0.5372059941291809,3.0528495186164406,-3.0528495186164406,3,1.0,5.614898164932696e-37,84.62000274658203,0.0,1.0
7.08,13.360076316071849,-10.761577787116039,-0.5147801025931574,0.5147801025931574,-0.5324059724807739,0.5324059724807739,3.0523073885604743,-3.0523073885604743,3,1.0,3.994612332837012e-37,84.62000274658203,0.0,1.0
7.1000000000000005,13.141000496636062,-10.782708806594705,-0.5099478787413401,0.5099478787413401,-0.5276059508323669,0.5276059508323669,3.0517672302882675,-3.0517672302882675,3,1.0,2.8418908448439906e-37,84.62000274658203,0.0,1.0
7.12,12.921734860689556,-10.800069333831908,-0.5051145051091852,0.5051145051091852,-0.52280592918396,0.52280592918396,3.0512284818665627,-3.0512284818665627,3,1.0,2.0218091021293655e-37,84.62000274658203,0.0,1.0
7.140000000000001,12.70235972378875,-10.813235565562357,-0.500280365132903,0.500280365132903,-0.518005907535553,0.518005907535553,3.050690116686166,-3.050690116686166,3,1.0,1.4383775692403669e-37,84.62000274658203,0.0,1.0
7.16,12.482954885571655,-10.82231284417654,-0.49544590009065664,0.49544590009065664,-0.513205885887146,0.513205885887146,3.050150951834042,-3.050150951834042,3,1.0,1.023306319827541e-37,84.62000274658203,0.0,1.0
7.18,12.263591724654104,-10.827780684736563,-0.49061153230151855,0.49061153230151855,-0.508405864238739,0.508405864238739,3.0496098564762635,-3.0496098564762635,3,1.0,7.28011786746652e-38,84.62000274658203,0.0,1.0
7.2,12.044328256791106,-10.830344401629079,-0.48577761780516077,0.48577761780516077,-0.503605842590332,0.503605842590332,3.0490658801345525,-3.0490658801345525,3,1.0,5.179301166940652e-38,84.62000274658203,0.0,1.0
7.22,11.825193236024175,-10.831740650598165,-0.48094478029032656,0.48094478029032656,-0.49880585074424744,0.49880585074424744,3.0485173471276177,-3.0485173471276177,3,1.0,3.684715146955162e-38,84.62000274658203,0.0,1.0
7.24,11.60595232466504,-10.849502761135554,-0.4761194843091927,0.4761194843091927,-0.49400585889816284,0.49400585889816284,3.047946832083557,-3.047946832083557,3,1.0,2.6214203956439634e-38,84.62000274658203,0.0,1.0
7.26,11.386355505651116,-10.879530838677717,-0.47129774208793757,0.47129774208793757,-0.48920586705207825,0.48920586705207825,3.047365082779128,-3.047365082779128,3,1.0,1.8649596011177827e-38,84.62000274658203,0.0,1.0
7.28,11.166226926898426,-10.918139618982433,-0.466477134940255,0.466477134940255,-0.48440587520599365,0.48440587520599365,3.046778673474001,-3.046778673474001,3,1.0,1.3267899798067284e-38,84.62000274658203,0.0,1.0
7.3,10.945457822470765,-10.96199058316496,-0.46165622781997345,0.46165622781997345,-0.47960588335990906,0.47960588335990906,3.046191509456904,-3.046191509456904,3,1.0,9.439194551240906e-39,84.62000274658203,0.0,1.0
7.32,10.723999396809814,-11.008096491228473,-0.45683421920886114,0.45683421920886114,-0.47480589151382446,0.47480589151382446,3.045605777440865,-3.045605777440865,3,1.0,6.715335142126626e-39,84.62000274658203,0.0,1.0
7.34,10.501855063033503,-11.053855224256603,-0.4520107266811729,0.4520107266811729,-0.47000589966773987,0.47000589966773987,3.0450225276277414,-3.0450225276277414,3,1.0,4.7774972563895725e-39,84.62000274658203,0.0,1.0
7.36,10.279071943409054,-11.097087571122024,-0.4471856506388773,0.4471856506388773,-0.4652059078216553,0.4652059078216553,3.0444420435593793,-3.0444420435593793,3,1.0,3.3988594093580556e-39,84.62000274658203,0.0,1.0
7.38,10.055797331303493,-11.132766862962656,-0.4423587732796003,0.4423587732796003,-0.4604059159755707,0.4604059159755707,3.043864928918117,-3.043864928918117,3,1.0,2.4180537768245617e-39,84.62000274658203,0.0,1.0
7.4,9.831755800412946,-11.182593657499284,-0.43753841869683474,0.43753841869683474,-0.4556059241294861,0.4556059241294861,3.0432686508203926,-3.0432686508203926,3,1.0,1.7202782943940158e-39,84.62000274658203,0.0,1.0
7.42,9.606417365539285,-11.25907210426597,-0.43272627600923214,0.43272627600923214,-0.4508059322834015,0.4508059322834015,3.042648655902765,-3.042648655902765,3,1.0,1.2238592203889993e-39,84.62000274658203,0.0,1.0
7.44,9.37925226182474,-11.361925619339578,-0.4279190335193902,0.4279190335193902,-0.4460059404373169,0.4460059404373169,3.0420139347951682,-3.0420139347951682,3,1.0,8.706913272185386e-40,84.62000274658203,0.0,1.0
7.46,9.14973526686196,-11.490962659449178,-0.42311471507297777,0.42311471507297777,-0.4412059485912323,0.4412059485912323,3.0413698578429282,-3.0413698578429282,3,1.0,6.194367576465371e-40,84.62000274658203,0.0,1.0
7.48,8.91734419574959,-11.646060215429252,-0.41831214146022216,0.41831214146022216,-0.4364059567451477,0.4364059567451477,3.040719635372442,-3.040719635372442,3,1.0,4.406864806491263e-40,84.62000274658203,0.0,1.0
7.5,8.681558667550076,-11.82715215787386,-0.4135106090236881,0.4135106090236881,-0.4316059648990631,0.4316059648990631,3.040065188952262,-3.040065188952262,3,1.0,3.1351800136105225e-40,84.62000274658203,0.0,1.0
7.5200000000000005,8.441859070140438,-12.03422044427005,-0.408709697877281,0.408709697877281,-0.4316059648990631,0.4316059648990631,3.039407671227812,-3.039407671227812,3,1.0,2.2304640939436913e-40,84.62000274658203,0.0,1.0
7.54,8.199385901956852,-12.202030582506637,-0.40584490070407697,0.40584490070407697,-0.4316059648990631,0.4316059648990631,3.0471618580847086,-3.0471618580847086,3,1.0,1.5868211881852358e-40,84.62000274658203,0.0,1.0
7.5600000000000005,7.952934762772749,-12.423179890247347,-0.40413542044224376,0.40413542044224376,-0.4316059648990631,0.4316059648990631,3.0517887006420032,-3.0517887006420032,3,1.0,1.1289137046010528e-40,84.62000274658203,0.0,1.0
7.58,7.701564259990422,-12.687304894380713,-0.40311534027987433,0.40311534027987433,-0.4316059648990631,0.4316059648990631,3.054549545538065,-3.054549545538065,3,1.0,8.031441487705303e-41,84.62000274658203,0.0,1.0
7.6000000000000005,7.44448933629458,-12.988254993942768,-0.40250663858211755,0.40250663858211755,-0.4316059648990631,0.4316059648990631,3.0561969662727204,-3.0561969662727204,3,1.0,5.713816043470665e-41,84.62000274658203,0.0,1.0
7.62,7.181017495640834,-13.322398129087057,-0.4021434144253108,0.4021434144253108,-0.4316059648990631,0.4316059648990631,3.0571800039329977,-3.0571800039329977,3,1.0,4.0649855730880356e-41,84.62000274658203,0.0,1.0
7.640000000000001,6.910510690413537,-13.687606623970082,-0.40192667149757755,0.40192667149757755,-0.4316059648990631,0.4316059648990631,3.057766597957997,-3.057766597957997,3,1.0,2.8919565459753324e-41,84.62000274658203,0.0,1.0
7.66,6.632362583427465,-14.082648891184732,-0.4017973367717835,0.4017973367717835,-0.4316059648990631,0.4316059648990631,3.058116628722628,-3.058116628722628,3,1.0,2.057427391422736e-41,84.62000274658203,0.0,1.0
7.68,6.345985047830243,-14.50682323522809,-0.4017201602222593,0.4017201602222593,-0.4316059648990631,0.4316059648990631,3.0583254984288497,-3.0583254984288497,3,1.0,1.4637175226119985e-41,84.62000274658203,0.0,1.0
7.7,6.050800245256531,-14.959735978928466,-0.401674107472235,0.401674107472235,-0.4316059648990631,0.4316059648990631,3.0584501348836217,-3.0584501348836217,3,1.0,1.0413339469150661e-41,84.62000274658203,0.0,1.0
7.72,5.746236101780402,-15.441165526564617,-0.40164662689947184,0.40164662689947184,-0.4316059648990631,0.4316059648990631,3.058524507824055,-3.058524507824055,3,1.0,7.408371986028041e-42,84.62000274658203,0.0,1.0
7.74,5.431723884585039,-15.950977492167974,-0.401630228706552,0.401630228706552,-0.4316059648990631,0.4316059648990631,3.058568887584879,-3.058568887584879,3,1.0,5.270545116286461e-42,84.62000274658203,0.0,1.0
7.76,5.1066971099366,-16.48907006031148,-0.4016204435855011,0.4016204435855011,-0.4316059648990631,0.4316059648990631,3.058595369844881,-3.058595369844881,3,1.0,3.7496289164745957e-42,84.62000274658203,0.0,1.0
7.78,4.770591328340723,-17.055337129217516,-0.40161460461321613,0.40161460461321613,-0.4316059648990631,0.4316059648990631,3.0586111723224834,-3.0586111723224834,3,1.0,2.6676020603289495e-42,84.62000274658203,0.0,1.0
7.8,4.422844521228635,-17.6496417923955,-0.40161112038474656,0.40161112038474656,-0.4316059648990631,0.4316059648990631,3.0586206019675983,-3.0586206019675983,3,1.0,1.8978146666742214e-42,84.62000274658203,0.0,1.0
7.82,4.062897956227786,-18.27179570644775,-0.4016090412777675,0.4016090412777675,-0.4316059648990631,0.4316059648990631,3.058626228820175,-3.058626228820175,3,1.0,1.3501640902915069e-42,84.62000274658203,0.0,1.0
7.84,3.6901974154915114,-18.921541681818525,-0.40160780063414486,0.40160780063414486,-0.4316059648990631,0.4316059648990631,3.058629586472523,-3.058629586472523,3,1.0,9.60548520740049e-43,84.62000274658203,0.0,1.0
7.86,3.30419475187176,-19.59853790531975,-0.4016070603179352,0.4016070603179352,-0.4316059648990631,0.4316059648990631,3.0586315900490706,-3.0586315900490706,3,1.0,6.833639461531606e-43,84.62000274658203,0.0,1.0
7.88,2.904349751756605,-20.302342847987454,-0.40160661855683605,0.40160661855683605,-0.4316059648990631,0.4316059648990631,3.0586327856221542,-3.0586327856221542,3,1.0,4.861662610674085e-43,84.62000274658203,0.0,1.0
7.9,2.4901322976142852,-21.032400302254562,-0.4016063549493854,0.4016063549493854,-0.4316059648990631,0.4316059648990631,3.058633499043899,-3.058633499043899,3,1.0,3.4587372472718857e-43,84.62000274658203,0.0,1.0
7.92,2.06102483152374,-21.788024231950995,-0.40160619764968614,0.40160619764968614,-0.4316059648990631,0.4316059648990631,3.0586339247565464,-3.0586339247565464,3,1.0,2.4606527239057458e-43,84.62000274658203,0.0,1.0
7.94,1.6165251254990225,-22.568383269051882,-0.40160610378589234,0.40160610378589234,-0.4316059648990631,0.4316059648990631,3.058634178787604,-3.058634178787604,3,1.0,1.7505845037637828e-43,84.62000274658203,0.0,1.0
7.96,1.1561493665673006,-23.372484789334923,-0.40160604777553877,0.40160604777553877,-0.4316059648990631,0.4316059648990631,3.0586343303728443,-3.0586343303728443,3,1.0,1.2454199956967497e-43,84.62000274658203,0.0,1.0
7.98,0.6794355651134801,-24.199158567283938,-0.40160601435307003,0.40160601435307003,-0.4316059648990631,0.4316059648990631,3.0586344208267455,-3.0586344208267455,3,1.0,8.860303300677379e-44,84.62000274658203,0.0,1.0
8.0,0.18594729440033356,-25.04704006190843,-0.40160599440923206,0.40160599440923206,-0.4316059648990631,0.4316059648990631,3.058634474802324,-3.058634474802324,3,1.0,6.30349399007962e-44,84.62000274658203,0.0,1.0
8.02,0.0,0.0,-0.4016059825083556,0.4016059825083556,-0.4316059648990631,0.4316059648990631,3.0586345070106207,-3.0586345070106207,4,1.0,4.484500714544635e-44,84.62000274658203,0.0,1.0
8.040000000000001,0.0,0.0,-0.4016059754068709,0.4016059754068709,-0.4316059648990631,0.4316059648990631,3.0586345262299237,-3.0586345262299237,4,1.0,3.1904126013924095e-44,84.62000274658203,0.0,1.0
8.06,0.0,0.0,-0.4016059711692766,0.4016059711692766,-0.4316059648990631,0.4316059648990631,3.058634537698471,-3.058634537698471,4,1.0,2.2697582663128303e-44,84.62000274658203,0.0,1.0
8.08,0.0,0.0,-0.4016059686406216,0.4016059686406216,-0.4316059648990631,0.4316059648990631,3.058634544541963,-3.058634544541963,4,1.0,1.6147762785437208e-44,84.62000274658203,0.0,1.0
8.1,0.0,0.0,-0.4016059671317239,0.4016059671317239,-0.4316059648990631,0.4316059648990631,3.0586345486255992,-3.0586345486255992,4,1.0,1.1488018210782132e-44,84.62000274658203,0.0,1.0
8.120000000000001,0.0,0.0,-0.40160596623133527,0.40160596623133527,-0.4316059648990631,0.4316059648990631,3.058634551062438,-3.058634551062438,4,1.0,8.172931703596899e-45,84.62000274658203,0.0,1.0
8.14,0.0,0.0,-0.4016059656940559,0.4016059656940559,-0.4316059648990631,0.4316059648990631,3.0586345525164584,-3.0586345525164584,4,1.0,5.814476562107714e-45,84.62000274658203,0.0,1.0
8.16,0.0,0.0,-0.4016059653734508,0.4016059653734508,-0.4316059648990631,0.4316059648990631,3.0586345533841754,-3.0586345533841754,4,1.0,4.1365985814393895e-45,84.62000274658203,0.0,1.0
8.18,0.0,0.0,-0.4016059651821394,0.4016059651821394,-0.4316059648990631,0.4316059648990631,3.0586345539018955,-3.0586345539018955,4,1.0,2.942904256503455e-45,84.62000274658203,0.0,1.0
8.2,0.0,0.0,-0.4016059650679802,0.4016059650679802,-0.4316059648990631,0.4316059648990631,3.058634554210888,-3.058634554210888,4,1.0,2.0936731694987296e-45,84.62000274658203,0.0,1.0
8.22,0.0,0.0,-0.40160596499985923,0.40160596499985923,-0.4316059648990631,0.4316059648990631,3.0586345543952476,-3.0586345543952476,4,1.0,1.489503890924053e-45,84.62000274658203,0.0,1.0
8.24,0.0,0.0,-0.4016059649592101,0.4016059649592101,-0.4316059648990631,0.4316059648990631,3.058634554505241,-3.058634554505241,4,1.0,1.059679167407528e-45,84.62000274658203,0.0,1.0
8.26,0.0,0.0,-0.40160596493495393,0.40160596493495393,-0.4316059648990631,0.4316059648990631,3.0586345545709213,-3.0586345545709213,4,1.0,7.538885562365863e-46,84.62000274658203,0.0,1.0
8.28,0.0,0.0,-0.4016059649204799,0.4016059649204799,-0.4316059648990631,0.4316059648990631,3.058634554610099,-3.058634554610099,4,1.0,5.3633965138234236e-46,84.62000274658203,0.0,1.0
8.3,0.0,0.0,-0.4016059649118429,0.4016059649118429,-0.4316059648990631,0.4316059648990631,3.0586345546334557,-3.0586345546334557,4,1.0,3.8156862743869355e-46,84.62000274658203,0.0,1.0
8.32,0.0,0.0,-0.4016059649066891,0.4016059649066891,-0.4316059648990631,0.4316059648990631,3.058634554647381,-3.058634554647381,4,1.0,2.7145973091901416e-46,84.62000274658203,0.0,1.0
8.34,0.0,0.0,-0.40160596490361367,0.40160596490361367,-0.4316059648990631,0.4316059648990631,3.0586345546557316,-3.0586345546557316,4,1.0,1.931248541193638e-46,84.62000274658203,0.0,1.0
8.36,0.0,0.0,-0.4016059649017785,0.4016059649017785,-0.4316059648990631,0.4316059648990631,3.058634554660701,-3.058634554660701,4,1.0,1.3739499833863974e-46,84.62000274658203,0.0,1.0
8.38,0.0,0.0,-0.40160596490068345,0.40160596490068345,-0.4316059648990631,0.4316059648990631,3.0586345546636404,-3.0586345546636404,4,1.0,9.774705412493082e-47,84.62000274658203,0.0,1.0
8.4,0.0,0.0,-0.40160596490003003,0.40160596490003003,-0.4316059648990631,0.4316059648990631,3.0586345546653977,-3.0586345546653977,4,1.0,6.954027952715608e-47,84.62000274658203,0.0,1.0
8.42,0.0,0.0,-0.40160596489964007,0.40160596489964007,-0.4316059648990631,0.4316059648990631,3.058634554666481,-3.058634554666481,4,1.0,4.947310709266274e-47,84.62000274658203,0.0,1.0
8.44,0.0,0.0,-0.40160596489940736,0.40160596489940736,-0.4316059648990631,0.4316059648990631,3.0586345546671234,-3.0586345546671234,4,1.0,3.5196699553763975e-47,84.62000274658203,0.0,1.0
8.46,0.0,0.0,-0.40160596489926853,0.40160596489926853,-0.4316059648990631,0.4316059648990631,3.058634554667495,-3.058634554667495,4,1.0,2.5040021382882864e-47,84.62000274658203,0.0,1.0
8.48,0.0,0.0,-0.40160596489918565,0.40160596489918565,-0.4316059648990631,0.4316059648990631,3.0586345546676967,-3.0586345546676967,4,1.0,1.7814246187983238e-47,84.62000274658203,0.0,1.0
8.5,0.0,0.0,-0.4016059648991362,0.4016059648991362,-0.4316059648990631,0.4316059648990631,3.058634554667832,-3.058634554667832,4,1.0,1.2673606080185343e-47,84.62000274658203,0.0,1.0
8.52,0.0,0.0,-0.4016059648991067,0.4016059648991067,-0.4316059648990631,0.4316059648990631,3.0586345546678992,-3.0586345546678992,4,1.0,9.016395607244882e-48,84.62000274658203,0.0,1.0
8.540000000000001,0.0,0.0,-0.4016059648990892,0.4016059648990892,-0.4316059648990631,0.4316059648990631,3.0586345546679676,-3.0586345546679676,4,1.0,6.41454288795095e-48,84.62000274658203,0.0,1.0
8.56,0.0,0.0,-0.4016059648990786,0.4016059648990786,-0.4316059648990631,0.4316059648990631,3.058634554668002,-3.058634554668002,4,1.0,4.5635043373984213e-48,84.62000274658203,0.0,1.0
8.58,0.0,0.0,-0.40160596489907235,0.40160596489907235,-0.4316059648990631,0.4316059648990631,3.058634554668001,-3.058634554668001,4,1.0,3.246618223813403e-48,84.62000274658203,0.0,1.0
8.6,0.0,0.0,-0.4016059648990686,0.4016059648990686,-0.4316059648990631,0.4316059648990631,3.058634554668036,-3.058634554668036,4,1.0,2.3097446856391678e-48,84.62000274658203,0.0,1.0
8.620000000000001,0.0,0.0,-0.4016059648990664,0.4016059648990664,-0.4316059648990631,0.4316059648990631,3.0586345546680356,-3.0586345546680356,5,1.0,1.6432238548122554e-48,84.62000274658203,0.0,1.0
8.64,0.0,0.0,-0.4016059648990651,0.4016059648990651,-0.4256059527397156,0.4256059527397156,3.0586345546680356,-3.0586345546680356,5,1.0,1.1690403072739769e-48,84.62000274658203,0.0,1.0
8.66,0.0,0.0,-0.39918627683843544,0.39918627683843544,-0.41960594058036804,0.41960594058036804,3.048116275728318,-3.048116275728318,5,1.0,8.31691455810432e-49,84.62000274658203,0.0,1.0
8.68,0.0,0.0,-0.3953227137914273,0.3953227137914273,-0.4136059284210205,0.4136059284210205,3.04150486107254,-3.04150486107254,5,1.0,5.916910421001985e-49,84.62000274658203,0.0,1.0
8.700000000000001,0.0,0.0,-0.3905975624222664,0.3905975624222664,-0.407605916261673,0.407605916261673,3.0372238412240034,-3.0372238412240034,5,1.0,4.209473198933729e-49,84.62000274658203,0.0,1.0
8.72,0.0,0.0,-0.38540798731857984,0.38540798731857984,-0.40160590410232544,0.40160590410232544,3.034198026450201,-3.034198026450201,5,1.0,2.9947495148220727e-49,84.62000274658203,0.0,1.0
8.74,0.0,0.0,-0.3799718815083025,0.3799718815083025,-0.3956058919429779,0.3956058919429779,3.0318375955378656,-3.0318375955378656,5,1.0,2.130557490851537e-49,84.62000274658203,0.0,1.0
8.76,0.0,0.0,-0.37438584823737475,0.37438584823737475,-0.38960587978363037,0.38960587978363037,3.029881050168432,-3.029881050168432,5,1.0,1.5157445386858308e-49,84.62000274658203,0.0,1.0
8.78,0.0,0.0,-0.36870562491509773,0.36870562491509773,-0.38360586762428284,0.38360586762428284,3.0281775327282037,-3.0281775327282037,5,1.0,1.0783475763602463e-49,84.62000274658203,0.0,1.0
8.8,0.0,0.0,-0.36295777933170137,0.36295777933170137,-0.3776058554649353,0.3776058554649353,3.026655136387903,-3.026655136387903,5,1.0,7.671698401435165e-50,84.62000274658203,0.0,1.0
8.82,0.0,0.0,-0.35716554602827066,0.35716554602827066,-0.37160584330558777,0.37160584330558777,3.025251001074108,-3.025251001074108,5,1.0,5.457883678028597e-50,84.62000274658203,0.0,1.0
8.84,0.0,0.0,-0.35133673837056356,0.35133673837056356,-0.36560583114624023,0.36560583114624023,3.023943989034083,-3.023943989034083,5,1.0,3.882907367333205e-50,84.62000274658203,0.0,1.0
8.86,0.0,0.0,-0.34547779437357845,0.34547779437357845,-0.3596058189868927,0.3596058189868927,3.022716690919825,-3.022716690919825,5,1.0,2.7624204751714906e-50,84.62000274658203,0.0,1.0
8.88,0.0,0.0,-0.3396007190719364,0.3396007190719364,-0.35360580682754517,0.35360580682754517,3.0215366582217857,-3.0215366582217857,5,1.0,1.9652714215759573e-50,84.62000274658203,0.0,1.0
8.9,0.0,0.0,-0.3337087568851816,0.3337087568851816,-0.34760579466819763,0.34760579466819763,3.020395134759495,-3.020395134759495,5,1.0,1.3981549134815957e-50,84.62000274658203,0.0,1.0
8.92,0.0,0.0,-0.32780371052205814,0.32780371052205814,-0.3416057825088501,0.3416057825088501,3.0192872647565325,-3.0192872647565325,5,1.0,9.946906776495727e-51,84.62000274658203,0.0,1.0
8.94,0.0,0.0,-0.3218871643945482,0.3218871643945482,-0.33560577034950256,0.33560577034950256,3.0182087848173778,-3.0182087848173778,5,1.0,7.07653733261361e-51,84.62000274658203,0.0,1.0
8.96,0.0,0.0,-0.3159605110522453,0.3159605110522453,-0.32960575819015503,0.32960575819015503,3.0171559521247415,-3.0171559521247415,5,1.0,5.034467673730051e-51,84.62000274658203,0.0,1.0
8.98,0.0,0.0,-0.31002497441569105,0.31002497441569105,-0.3236057460308075,0.3236057460308075,3.0161254813402207,-3.0161254813402207,5,1.0,3.5816761173606045e-51,84.62000274658203,0.0,1.0
9.0,0.0,0.0,-0.30408163019629847,0.30408163019629847,-0.31760573387145996,0.31760573387145996,3.0151144891537873,-3.0151144891537873,5,1.0,2.5481152409837073e-51,84.62000274658203,0.0,1.0
9.02,0.0,0.0,-0.298131423843552,0.298131423843552,-0.3116057217121124,0.3116057217121124,3.0141204455548714,-3.0141204455548714,5,1.0,1.8128080453344214e-51,84.62000274658203,0.0,1.0
9.040000000000001,0.0,0.0,-0.29217669226475945,0.29217669226475945,-0.3056057095527649,0.3056057095527649,3.0142336600500097,-3.0142336600500097,5,1.0,1.2896877489577477e-51,84.62000274658203,0.0,1.0
9.06,0.0,0.0,-0.2862191306496822,0.2862191306496822,-0.29960569739341736,0.29960569739341736,3.0151883603117193,-3.0151883603117193,5,1.0,9.175237798025453e-52,84.62000274658203,0.0,1.0
9.08,0.0,0.0,-0.28025891587558804,0.28025891587558804,-0.2936056852340698,0.2936056852340698,3.0160279736037556,-3.0160279736037556,5,1.0,6.527548138559001e-52,84.62000274658203,0.0,1.0
9.1,0.0,0.0,-0.27429621376491553,0.27429621376491553,-0.2876056730747223,0.2876056730747223,3.016759627465881,-3.016759627465881,5,1.0,4.6438997701372576e-52,84.62000274658203,0.0,1.0
9.120000000000001,0.0,0.0,-0.26833117977620086,0.26833117977620086,-0.28160566091537476,0.28160566091537476,3.0173900060377403,-3.0173900060377403,5,1.0,3.303814022862445e-52,84.62000274658203,0.0,1.0
9.14,0.0,0.0,-0.26236395965182163,0.26236395965182163,-0.2756056487560272,0.2756056487560272,3.017925377768728,-3.017925377768728,5,1.0,2.350435547264173e-52,84.62000274658203,0.0,1.0
9.16,0.0,0.0,-0.2563946900252569,0.2563946900252569,-0.2696056365966797,0.2696056365966797,3.018371621395807,-3.018371621395807,5,1.0,1.672172593134201e-52,84.62000274658203,0.0,1.0
9.18,0.0,0.0,-0.25042349899039323,0.25042349899039323,-0.26360562443733215,0.26360562443733215,3.0187342502982384,-3.0187342502982384,5,1.0,1.1896353356652537e-52,84.62000274658203,0.0,1.0
9.200000000000001,0.0,0.0,-0.24445050663524914,0.24445050663524914,-0.2576056122779846,0.2576056122779846,3.0190184353303007,-3.0190184353303007,5,1.0,8.46343396413866e-53,84.62000274658203,0.0,1.0
9.22,0.0,0.0,-0.23847582554234234,0.23847582554234234,-0.2516056001186371,0.2516056001186371,3.0192290262271815,-3.0192290262271815,5,1.0,6.021148861157515e-53,84.62000274658203,0.0,1.0
9.24,0.0,0.0,-0.23249956125778298,0.23249956125778298,-0.24560560286045074,0.24560560286045074,3.019370571673151,-3.019370571673151,5,1.0,4.28363165138822e-53,84.62000274658203,0.0,1.0
9.26,0.0,0.0,-0.22652181366237195,0.22652181366237195,-0.2396056056022644,0.2396056056022644,3.019446742205359,-3.019446742205359,5,1.0,3.047508133065395e-53,84.62000274658203,0.0,1.0
9.28,0.0,0.0,-0.2209521208483135,0.2209521208483135,-0.23360560834407806,0.23360560834407806,2.72175476897401,-2.72175476897401,5,1.0,2.1680916047228154e-53,84.62000274658203,0.0,1.0
9.3,0.0,0.0,-0.21637033283928175,0.21637033283928175,-0.22760561108589172,0.22760561108589172,2.68196923155288,-2.68196923155288,5,1.0,1.5424474689560032e-53,84.62000274658203,0.0,1.0
9.32,0.00027815123542552556,0.11126049417021022,-0.2125606870076929,0.2125606870076929,-0.22160561382770538,0.22160561382770538,2.5320245153169707,-2.5320245153169707,5,1.0,1.0973448673968494e-53,84.62000274658203,0.0,1.0
9.34,0.0,0.0,-0.20913993361717764,0.20913993361717764,-0.21560561656951904,0.21560561656951904,2.2685228159559174,-2.2685228159559174,5,1.0,7.806851009436593e-54,84.62000274658203,0.0,1.0
9.36,0.0,0.0,-0.20593225295841397,0.20593225295841397,-0.2096056193113327,0.2096056193113327,1.985864428118254,-1.985864428118254,5,1.0,5.554035426266771e-54,84.62000274658203,0.0,1.0
9.38,0.0,0.0,-0.2028525721729053,0.2028525721729053,-0.20360562205314636,0.20360562205314636,1.691697394068668,-1.691697394068668,5,1.0,3.9513126968785994e-54,84.62000274658203,0.0,1.0
9.4,0.0,0.0,-0.19984656638695414,0.19984656638695414,-0.19760562479496002,0.19760562479496002,1.3909061363356006,-1.3909061363356006,5,1.0,2.8110861437209905e-54,84.62000274658203,0.0,1.0
9.42,0.0,0.0,-0.19672964142975533,0.19672964142975533,-0.19160562753677368,0.19160562753677368,0.9419236622052294,-0.9419236622052294,5,1.0,1.9998936843602934e-54,84.62000274658203,0.0,1.0
9.44,0.0,0.0,-0.19331553088242284,0.19331553088242284,-0.18560563027858734,0.18560563027858734,0.448500005732014,-0.448500005732014,5,1.0,1.422786262768175e-54,84.62000274658203,0.0,1.0
9.46,0.0,0.0,-0.1900281155507076,0.1900281155507076,-0.179605633020401,0.179605633020401,0.029452431350789142,-0.029452431350789142,5,1.0,1.0122141818600476e-54,84.62000274658203,0.0,1.0
9.48,0.0,0.0,-0.18581928547171706,0.18581928547171706,-0.17360563576221466,0.17360563576221466,0.010038377369027601,-0.010038377369027601,5,1.0,7.201204965004274e-55,84.62000274658203,0.0,1.0
9.5,0.0,0.0,-0.18090225763429885,0.18090225763429885,-0.16760563850402832,0.16760563850402832,0.006232741590279686,-0.006232741590279686,5,1.0,5.123160085813952e-55,84.62000274658203,0.0,1.0
9.52,0.0,0.0,-0.17561476612697863,0.17561476612697863,-0.16160564124584198,0.16160564124584198,0.003425503604300561,-0.003425503604300561,5,1.0,3.644774644303106e-55,84.62000274658203,0.0,1.0
9.540000000000001,0.0,0.0,-0.1701215574872205,0.1701215574872205,-0.15560564398765564,0.15560564398765564,0.0011722723115214426,-0.0011722723115214426,5,1.0,2.5930054859186104e-55,84.62000274658203,0.0,1.0
9.56,0.0,0.0,-0.164501412952507,0.164501412952507,-0.1496056467294693,0.1496056467294693,-0.0007394463341573003,0.0007394463341573003,5,1.0,1.8447443549118517e-55,84.62000274658203,0.0,1.0
9.58,0.0,0.0,-0.15879484288129903,0.15879484288129903,-0.14360564947128296,0.14360564947128296,-0.0024189088604681004,0.0024189088604681004,5,1.0,1.3124082280040193e-55,84.62000274658203,0.0,1.0
9.6,0.0,0.0,-0.15303125427008424,0.15303125427008424,-0.13760565221309662,0.13760565221309662,-0.003945410523484811,0.003945410523484811,5,1.0,9.336878317835819e-56,84.62000274658203,0.0,1.0
9.620000000000001,0.0,0.0,-0.14722605173443915,0.14722605173443915,-0.13160565495491028,0.13160565495491028,-0.005360477787703901,0.005360477787703901,5,1.0,6.6425442070457415e-56,84.62000274658203,0.0,1.0
9.64,0.0,0.0,-0.14138656038166703,0.14138656038166703,-0.12560565769672394,0.12560565769672394,-0.00668384595257383,0.00668384595257383,5,1.0,4.725711532329816e-56,84.62000274658203,0.0,1.0
9.66,0.0,0.0,-0.1355205134150015,0.1355205134150015,-0.1196056604385376,0.1196056604385376,-0.00793634573722395,0.00793634573722395,5,1.0,3.3620174425195565e-56,84.62000274658203,0.0,1.0
9.68,0.0,0.0,-0.12963824590522208,0.12963824590522208,-0.11360566318035126,0.11360566318035126,-0.009145817108640753,0.009145817108640753,5,1.0,2.391843261375114e-56,84.62000274658203,0.0,1.0
9.700000000000001,0.0,0.0,-0.12374172205872154,0.12374172205872154,-0.10760566592216492,0.10760566592216492,-0.010317530178119212,0.010317530178119212,5,1.0,1.7016313225008697e-56,84.62000274658203,0.0,1.0
9.72,0.0,0.0,-0.11783266822877467,0.11783266822877467,-0.10160566866397858,0.10160566866397858,-0.011456112577750248,0.011456112577750248,5,1.0,1.210593187469715e-56,84.62000274658203,0.0,1.0
9.74,0.0,0.0,-0.11191260171806443,0.11191260171806443,-0.09560567140579224,0.09560567140579224,-0.012565627310175777,0.012565627310175777,5,1.0,8.612534608226431e-57,84.62000274658203,0.0,1.0
9.76,0.0,0.0,-0.10598285609340201,0.10598285609340201,-0.0896056741476059,0.0896056741476059,-0.013649641164978733,0.013649641164978733,5,1.0,6.127223673952289e-57,84.62000274658203,0.0,1.0
9.78,0.0,0.0,-0.10004460343499255,0.10004460343499255,-0.08360567688941956,0.08360567688941956,-0.014711284844784312,0.014711284844784312,5,1.0,4.359096556173089e-57,84.62000274658203,0.0,1.0
9.8,0.0,0.0,-0.09409887389145385,0.09409887389145385,-0.07760567963123322,0.07760567963123322,-0.01575330580564983,0.01575330580564983,5,1.0,3.101196201930598e-57,84.62000274658203,0.0,1.0
9.82,0.0,0.0,-0.08814657286684455,0.08814657286684455,-0.07160568237304688,0.07160568237304688,-0.01677811469433996,0.01677811469433996,5,1.0,2.206286958532534e-57,84.62000274658203,0.0,1.0
9.84,0.0,0.0,-0.08219089201540442,0.08219089201540442,-0.06560568511486053,0.06560568511486053,-0.016049649867358698,0.016049649867358698,5,1.0,1.569620825783429e-57,84.62000274658203,0.0,1.0
9.86,0.0,0.0,-0.07623244138854264,0.07623244138854264,-0.059605684131383896,0.059605684131383896,-0.01516795737226449,0.01516795737226449,5,1.0,1.1166768344457512e-57,84.62000274658203,0.0,1.0
9.88,0.0,0.0,-0.07027139386439245,0.07027139386439245,-0.05360568314790726,0.05360568314790726,-0.014397701034902394,0.014397701034902394,5,1.0,7.944384606170073e-58,84.62000274658203,0.0,1.0
9.9,0.0,0.0,-0.06430791174903434,0.06430791174903434,-0.04760568216443062,0.04760568216443062,-0.013732059268041698,0.013732059268041698,5,1.0,5.6518810835793436e-58,84.62000274658203,0.0,1.0
9.92,0.0,0.0,-0.05834214720441887,0.05834214720441887,-0.04160568118095398,0.04160568118095398,-0.013164485742433245,0.013164485742433245,5,1.0,4.020923125765164e-58,84.62000274658203,0.0,1.0
9.94,0.0,0.0,-0.05237424288237458,0.05237424288237458,-0.03560568019747734,0.03560568019747734,-0.012688841198600951,0.012688841198600951,5,1.0,2.860609157239025e-58,84.62000274658203,0.0,1.0
9.96,0.0,0.0,-0.04640433251899077,0.04640433251899077,-0.029605679214000702,0.029605679214000702,-0.012299368008686192,0.012299368008686192,5,1.0,2.035125888889646e-58,84.62000274658203,0.0,1.0
9.98,0.0,0.0,-0.04043254149185116,0.04043254149185116,-0.023605678230524063,0.023605678230524063,-0.011990666327969149,0.011990666327969149,5,1.0,1.4478515434895534e-58,84.62000274658203,0.0,1.0
10.0,0.0,0.0,-0.03445898734244048,0.03445898734244048,-0.017605677247047424,0.017605677247047424,-0.011757671736779902,0.011757671736779902,5,1.0,1.0300463983232004e-58,84.62000274658203,0.0,1.0
10.02,0.0,0.0,-0.028483780265900684,0.028483780265900684,-0.01160567719489336,0.01160567719489336,-0.01159563427969231,0.01159563427969231,5,1.0,7.3280688719053935e-59,84.62000274658203,0.0,1.0
10.040000000000001,0.0,0.0,-0.022507023628384994,0.022507023628384994,-0.005605677142739296,0.005605677142739296,-0.011500136058751977,0.011500136058751977,5,1.0,5.21341499555819e-59,84.62000274658203,0.0,1.0
10.06,0.0,0.0,-0.016528814277454406,0.016528814277454406,0.0,0.0,-0.011466958741651271,0.011466958741651271,7,1.0,3.708984780439697e-59,84.62000274658203,0.0,1.0
