time_s,tilt_deg,rate_dps,arm_l,arm_r,target_l,target_r,torque_l,torque_r,phase,committed,wheel_rad_s,setpoint,wheel_request,supported
0.0,86.63,0.0,0.0,0.0,0.0,0.0,0.0,0.0,1,0.0,0,86.63,0.0,0.0
0.02,86.62999988889412,-9.321251635707872e-06,0.0,0.0,0.0,0.0,0.0,0.0,1,0.0,-1.552550764539166e-06,86.62999725341797,0.0,0.0
0.04,86.62999963381374,-1.4923141276686507e-05,0.0,0.0,0.0,0.0,0.0,0.0,1,0.0,-2.479910826597118e-06,86.62999725341797,0.0,0.0
0.06,86.62999930335292,-1.738143011047132e-05,0.0,0.0,0.0,0.0,0.0,0.0,1,0.0,-2.8747191269508516e-06,86.62999725341797,0.0,0.0
0.08,86.62999895105361,-1.7538246175196117e-05,0.0,0.0,0.0,0.0,0.0,0.0,1,0.0,-2.875843876588675e-06,86.62999725341797,0.0,0.0
0.1,86.62999861329547,-1.6237217813369846e-05,0.0,0.0,0.0,0.0,0.0,0.0,1,0.0,-2.6237561521622906e-06,86.62999725341797,0.0,0.0
0.12,86.62999831098695,-1.418563561994114e-05,0.0,0.0,0.0,0.0,0.0,0.0,1,0.0,-2.2370677608038776e-06,86.62999725341797,0.0,0.0
0.14,86.62999805296765,-1.1904110236951008e-05,0.0,0.0,0.0,0.0,0.0,0.0,1,0.0,-1.8037275791420552e-06,86.62999725341797,0.0,0.0
0.16,86.62999783976764,-9.729693335726086e-06,0.0,0.0,0.0,0.0,0.0,0.0,1,0.0,-1.3812355259112067e-06,86.62999725341797,0.0,0.0
0.18,86.6299976669603,-7.84647154191021e-06,0.0,0.0,0.0,0.0,0.0,0.0,1,0.0,-1.0015419101489925e-06,86.62999725341797,0.0,0.0
0.2,86.62999752777273,-6.325809068791313e-06,0.0,0.0,0.0,0.0,0.0,0.0,1,0.0,-6.776443405594603e-07,86.62999725341797,0.0,0.0
0.22,86.62999741489209,-5.165413820024576e-06,0.0,0.0,0.0,0.0,0.0,0.0,1,0.0,-4.100548673014013e-07,86.62999725341797,0.0,0.0
0.24,86.6299973215609,-4.321726100732244e-06,0.0,0.0,0.0,0.0,0.0,0.0,1,0.0,-1.92197852959004e-07,86.62999725341797,0.0,0.0
0.26,86.62999724211984,-3.733764715592924e-06,0.0,0.0,0.0,0.0,0.0,0.0,1,0.0,-1.4408754803096754e-08,86.62999725341797,0.0,0.0
0.28,86.62999717216805,-3.3387610637995326e-06,0.0,0.0,0.0,0.0,0.0,0.0,1,0.0,1.3342511586776917e-07,86.62999725341797,0.0,0.0
0.3,86.6299971084897,-3.081017084383171e-06,0.0,0.0,0.0,0.0,0.0,0.0,1,0.0,2.603518053565742e-07,86.62999725341797,0.0,0.0
0.32,86.62999704886256,-2.9157837810565983e-06,0.0,0.0,0.0,0.0,0.0,0.0,1,0.0,3.7367574608269744e-07,86.62999725341797,0.0,0.0
0.34,86.62999699182807,-2.8098746642510457e-06,0.0,0.0,0.0,0.0,0.0,0.0,1,0.0,4.788292407507997e-07,86.62999725341797,0.0,0.0
0.36,86.62999693647224,-2.740421981109203e-06,0.0,0.0,0.0,0.0,0.0,0.0,1,0.0,5.795601868052086e-07,86.62999725341797,0.0,0.0
0.38,86.62999688224194,-2.6928075805613074e-06,0.0,0.0,0.0,0.0,0.0,0.0,1,0.0,6.782633867327968e-07,86.62999725341797,0.0,0.0
0.4,86.62999682880502,-2.6584438155418623e-06,0.0,0.0,0.0,0.0,0.0,0.0,1,0.0,7.763416952510284e-07,86.62999725341797,0.0,0.0
0.42,86.62999677595263,-2.632789012428151e-06,0.0,0.0,0.0,0.0,0.0,0.0,1,0.0,8.745316271162758e-07,86.62999725341797,0.0,0.0
0.44,86.62999672353683,-2.6137684655684948e-06,0.0,0.0,0.0,0.0,0.0,0.0,1,0.0,9.731637784043203e-07,86.62999725341797,0.0,0.0
0.46,86.62999667143478,-2.6006339665999144e-06,0.0,0.0,0.0,0.0,0.0,0.0,1,0.0,1.0723516279543733e-06,86.62999725341797,0.0,0.0
0.48,86.62999661953113,-2.5932148397830177e-06,0.0,0.0,0.0,0.0,0.0,0.0,2,0.0,1.1721158883133541e-06,86.62999725341797,0.0,0.0
0.5,86.62999656771191,-2.5914791097274764e-06,0.0,0.0,-0.07999999821186066,0.07999999821186066,0.0,0.0,2,0.0,1.2724575228687644e-06,86.62999725341797,0.0,0.0
0.52,86.68419806132216,2.023297398185383,-0.03226244137222077,0.03226244137222077,-0.1599999964237213,0.1599999964237213,0.1406253550721354,-0.1406253550721354,2,0.0,-0.026201032588629204,86.62999725341797,0.0,0.0
0.54,86.76422588363478,2.8077089723802455,-0.08377650978464816,0.08377650978464816,-0.23999999463558197,0.23999999463558197,0.2293652550886311,-0.2293652550886311,2,0.0,-0.10919657832547476,86.62999725341797,0.0,0.0
0.56,86.84994370657753,2.7590390676950918,-0.14677839895494102,0.14677839895494102,-0.3199999928474426,0.3199999928474426,0.28710144041983243,-0.28710144041983243,2,0.0,-0.23961736278571308,86.62999725341797,0.0,0.0
0.58,86.92763643163325,2.259624790749408,-0.21597261917997743,0.21597261917997743,-0.3999999761581421,0.3999999761581421,0.32804471808132923,-0.32804471808132923,2,0.0,-0.39332187208352176,86.62999725341797,0.0,0.0
0.6,86.99057064487921,1.5811672542362132,-0.28845391349287625,0.28845391349287625,-0.47999995946884155,0.47999995946884155,0.3599571316480002,-0.3599571316480002,2,0.0,-0.546428397488878,86.62999725341797,0.0,0.0
0.62,87.03712851077528,0.8796941453801728,-0.3629342463106805,0.3629342463106805,-0.559999942779541,0.559999942779541,0.386239747122447,-0.386239747122447,2,0.0,-0.6820423662812146,86.62999725341797,0.0,0.0
0.64,87.06806106630495,0.24183638896011728,-0.4386704310037832,0.4386704310037832,-0.6399999260902405,0.6399999260902405,0.40882547959497395,-0.40882547959497395,2,0.0,-0.7907598020930449,86.62999725341797,0.0,0.0
0.66,87.08541235408003,-0.3002936390393837,-0.515308264489461,0.515308264489461,-0.7199999094009399,0.7199999094009399,0.42859897000461866,-0.42859897000461866,2,0.0,-0.8693869460425114,86.62999725341797,0.0,0.0
0.68,87.09132969810291,-0.740378173247748,-0.5925379217114278,0.5925379217114278,-0.7999998927116394,0.7999998927116394,0.4463287564512709,-0.4463287564512709,2,0.0,-0.9187884134382095,86.62999725341797,0.0,0.0
0.7000000000000001,87.08800338918266,-1.094042240152196,-0.6702552266653226,0.6702552266653226,-0.8799998760223389,0.8799998760223389,0.4622293973815596,-0.4622293973815596,2,0.0,-0.9420007678014695,86.62999725341797,0.0,0.0
0.72,87.07717648831459,-1.3829368979438215,-0.7483743409686451,0.7483743409686451,-0.9599998593330383,0.9599998593330383,0.47646877941399157,-0.47646877941399157,2,0.0,-0.9429941214987765,86.62999725341797,0.0,0.0
0.74,87.05995600083982,-1.6241780526277485,-0.8267352435830834,0.8267352435830834,-1.0399998426437378,1.0399998426437378,0.4894224165192441,-0.4894224165192441,2,0.0,-0.9256055803622965,86.62999725341797,0.0,0.0
0.76,87.03720940855999,-1.835938672001466,-0.9052946286255845,0.9052946286255845,-1.119999885559082,1.119999885559082,0.5011525639521269,-0.5011525639521269,2,0.0,-0.8929975001582463,86.62999725341797,0.0,0.0
0.78,87.00948158825886,-2.032993025713381,-0.9840284683323752,0.9840284683323752,-1.1999999284744263,1.1999999284744263,0.5116733283189282,-0.5116733283189282,2,0.0,-0.8476440889576975,86.62999725341797,0.0,0.0
0.8,86.97705453117334,-2.2258647303684644,-1.062915637333952,1.062915637333952,-1.2799999713897705,1.2799999713897705,0.5209952222701384,-0.5209952222701384,2,0.0,-0.7913032293163851,86.62999725341797,0.0,0.0
0.8200000000000001,86.94003010891079,-2.42127086337315,-1.1419375684110236,1.1419375684110236,-1.3600000143051147,1.3600000143051147,0.5291269713315334,-0.5291269713315334,2,0.0,-0.7250875895280049,86.62999725341797,0.0,0.0
0.84,86.89839901510928,-2.6229297316584974,-1.2210779427185112,1.2210779427185112,-1.440000057220459,1.440000057220459,0.5360765008972075,-0.5360765008972075,2,0.0,-0.6495965686633948,86.62999725341797,0.0,0.0
0.86,86.85209231508846,-2.8324324443474436,-1.3003224175214816,1.3003224175214816,-1.5200001001358032,1.5200001001358032,0.5418519435012263,-0.5418519435012263,2,0.0,-0.5650608835166884,86.62999725341797,0.0,0.0
0.88,86.80101628820593,-3.0500193690818396,-1.3796583869005596,1.3796583869005596,-1.6000001430511475,1.6000001430511475,0.5464625099294776,-0.5464625099294776,2,0.0,-0.4714723756401384,86.62999725341797,0.0,0.0
0.9,86.74503899533788,-3.274269910147635,-1.4590547466599715,1.4590547466599715,-1.6800001859664917,1.6800001859664917,0.5353942644206102,-0.5353942644206102,2,0.0,-0.36868673061261076,86.62999725341797,0.0,0.0
0.92,86.68405020022693,-3.5035699148148898,-1.538488836616629,1.538488836616629,-1.75,1.75,0.5121041515040621,-0.5121041515040621,2,0.0,-0.2564627172263763,86.62999725341797,0.0,0.0
0.9400000000000001,86.61605877662488,-4.1439483830166814,-1.6168358915575842,1.6168358915575842,-1.75,1.75,0.528618963422655,-0.528618963422655,2,0.0,-0.13454067465430455,86.62999725341797,0.0,0.0
0.96,86.50133913433568,-6.756054488244538,-1.6705383832767717,1.6705383832767717,-1.75,1.75,0.3752786367688045,-0.3752786367688045,2,0.0,0.014651199414335177,86.62999725341797,0.0,0.0
0.98,86.34991934202341,-8.048436253303848,-1.7025837058789786,1.7025837058789786,-1.75,1.75,0.2835723050787461,-0.2835723050787461,2,0.0,0.226465170209732,86.62999725341797,0.0,0.0
1.0,86.18356531634369,-8.428048398624487,-1.721705773920983,1.721705773920983,-1.75,1.75,0.2287765686260663,-0.2287765686260663,9,1.0,0.49886269665778626,86.62999725341797,0.49886268377304077,0.0
1.02,85.99550321357263,-10.128032906433692,-1.7331162843016106,1.7331162843016106,-1.7899999618530273,1.7899999618530273,0.1960530436463545,-0.1960530436463545,9,1.0,0.49886269293964747,86.62999725341797,0.49886268377304077,0.0
1.04,85.80323054065026,-10.567609563805638,-1.7560563637148474,1.7560563637148474,-1.8299999237060547,1.8299999237060547,0.24398393682484606,-0.24398393682484606,9,1.0,0.4988626902944485,86.62999725341797,0.49886268377304077,0.0
1.06,85.59778402823267,-11.374011399565628,-1.7858763614947464,1.7858763614947464,-1.850000023841858,1.850000023841858,0.2720509187831029,-0.2720509187831029,9,1.0,0.4988626884125721,86.62999725341797,0.49886268377304077,0.0
1.08,85.35945024864324,-12.971208940641654,-1.8117361857858307,1.8117361857858307,-1.850000023841858,1.850000023841858,0.2545064824204101,-0.2545064824204101,9,1.0,0.49886268707374687,86.62999725341797,0.49886268377304077,0.0
1.1,85.07597543015368,-15.064536242923179,-1.827167246530226,1.827167246530226,-1.850000023841858,1.850000023841858,0.2100440533151034,-0.2100440533151034,10,1.0,0.4988626861212652,86.62999725341797,0.49886268377304077,0.0
1.12,84.75341562995717,-16.932443810049467,-1.8363752609783097,1.8363752609783097,-1.850000023841858,1.850000023841858,0.18349598767338893,-0.18349598767338893,10,1.0,0.49886268544364026,86.62999725341797,0.49886268377304077,0.0
1.1400000000000001,84.3948494578817,-18.693537213282905,-1.8418698625148189,1.8418698625148189,-1.850000023841858,1.850000023841858,0.1676483915190567,-0.1676483915190567,10,1.0,0.49886268496155695,86.62999725341797,0.49886268377304077,0.0
1.16,84.0015351754413,-20.42081211160802,-1.845148598252608,1.845148598252608,-1.850000023841858,1.850000023841858,0.15818974322856397,-0.15818974322856397,10,1.0,0.49886268461858796,86.62999725341797,0.49886268377304077,0.0
1.18,83.57359932911778,-22.16014203326426,-1.8471050837168996,1.8471050837168996,-1.850000023841858,1.850000023841858,0.1525448440385673,-0.1525448440385673,10,1.0,0.49886268437458914,86.62999725341797,0.49886268377304077,0.0
1.2,83.11044571898901,-23.941316466721943,-1.848272556693714,1.848272556693714,-1.850000023841858,1.850000023841858,0.14917615958461355,-0.14917615958461355,10,1.0,0.4988626842010009,86.62999725341797,0.49886268377304077,0.0
1.22,82.61099736546583,-25.78463349234572,-1.848969210554153,1.848969210554153,-1.850000023841858,1.850000023841858,0.14716590629240797,-0.14716590629240797,10,1.0,0.49886268407750484,86.62999725341797,0.49886268377304077,0.0
1.24,82.07383870435781,-27.704839592191153,-1.8493849174791983,1.8493849174791983,-1.850000023841858,1.850000023841858,0.14596631565666893,-0.14596631565666893,10,1.0,0.4988626839896459,86.62999725341797,0.49886268377304077,0.0
1.26,81.49729813116276,-29.713486272818372,-1.8496329778967802,1.8496329778967802,-1.850000023841858,1.850000023841858,0.14525048469045823,-0.14525048469045823,10,1.0,0.49886268392714034,86.62999725341797,0.49886268377304077,0.0
1.28,80.87949484037644,-31.820341685845566,-1.8497810003786384,1.8497810003786384,-1.850000023841858,1.850000023841858,0.14482333018555918,-0.14482333018555918,10,1.0,0.49886268388267196,86.62999725341797,0.49886268377304077,0.0
1.3,80.21836425561519,-34.03423795379497,-1.8498693282761285,1.8498693282761285,-1.8600000143051147,1.8600000143051147,0.14456843726896002,-0.14456843726896002,10,1.0,0.4988626838510358,86.62999725341797,0.49886268377304077,0.0
1.32,79.51859399290642,-36.09098675343441,-1.8539548366683285,1.8539548366683285,-1.8700000047683716,1.8700000047683716,0.161221838027833,-0.161221838027833,10,1.0,0.49886268382852883,86.62999725341797,0.49886268377304077,0.0
1.34,78.77495703208683,-38.38359676695325,-1.8604255405021481,1.8604255405021481,-1.8799999952316284,1.8799999952316284,0.17098650721143774,-0.17098650721143774,10,1.0,0.4988626838125167,86.62999725341797,0.49886268377304077,0.0
1.36,77.9831738445857,-40.876475358717656,-1.8683195369048806,1.8683195369048806,-1.8899999856948853,1.8899999856948853,0.17663423973441722,-0.17663423973441722,10,1.0,0.49886268380112514,86.62999725341797,0.49886268377304077,0.0
1.3800000000000001,77.13931469037925,-43.54799717234946,-1.8769777238667815,1.8769777238667815,-1.899999976158142,1.899999976158142,0.1800648285407046,-0.1800648285407046,10,1.0,0.49886268379302084,86.62999725341797,0.49886268377304077,0.0
1.4000000000000001,76.23979495596063,-46.39060153693772,-1.8860430797731857,1.8860430797731857,-1.909999966621399,1.909999966621399,0.18230760165859394,-0.18230760165859394,10,1.0,0.4988626837872553,86.62999725341797,0.49886268377304077,0.0
1.42,75.28119046763422,-49.40607560737924,-1.895356222775409,1.895356222775409,-1.9199999570846558,1.9199999570846558,0.18382199038570426,-0.18382199038570426,10,1.0,0.4988626837831534,86.62999725341797,0.49886268377304077,0.0
1.44,74.26938340617015,-48.84962658545018,-1.9048256399245358,1.9048256399245358,-1.9299999475479126,1.9299999475479126,3.184871851630219,-3.184871851630219,10,1.0,0.4988626837802352,86.62999725341797,0.49886268377304077,0.0
1.46,73.36535618348005,-41.28775450424177,-1.8952542353237574,1.8952542353237574,-1.8852542638778687,1.8852542638778687,1.430195382000988,-1.430195382000988,10,1.0,0.49886268377815907,86.62999725341797,0.49886268377304077,0.0
1.48,72.61357265214338,-35.00797937767923,-1.8852542353237576,1.8852542353237576,-1.8852542638778687,1.8852542638778687,1.0408121266244454,-1.0408121266244454,10,1.0,0.49886268377668214,86.62999725341797,0.49886268377304077,0.0
1.5,71.96631587342641,-30.539065511020553,-1.8752542353237578,1.8752542353237578,-1.8852542638778687,1.8852542638778687,0.8887675150230799,-0.8887675150230799,10,1.0,0.4988626837756314,86.62999725341797,0.49886268377304077,0.0
1.52,71.4116721225826,-24.469983931381954,-1.8673011773878112,1.8673011773878112,-1.8852542638778687,1.8852542638778687,1.0738543179218414,-1.0738543179218414,10,1.0,0.4988626837748838,86.62999725341797,0.49886268377304077,0.0
1.54,71.00050056429802,-15.38092195206745,-1.8636556782914564,1.8636556782914564,-1.8852542638778687,1.8852542638778687,1.2113831333054268,-1.2113831333054268,10,1.0,0.49886268377435194,86.62999725341797,0.49886268377304077,0.0
1.56,70.77408802681684,-5.679105058976372,-1.8634145161853533,1.8634145161853533,-1.882895588874817,1.882895588874817,1.0497565218471703,-1.0497565218471703,10,1.0,0.4988626837739736,86.62999725341797,0.49886268377304077,0.0
1.58,70.71657728284416,1.8502290519381748,-1.8634145161853533,1.8634145161853533,-1.87383234500885,1.87383234500885,0.6908164855736025,-0.6908164855736025,10,1.0,0.4988626837737044,86.62999725341797,0.49886268377304077,0.0
1.6,70.76479185254007,5.107388391083646,-1.8615187489061047,1.8615187489061047,-1.8638323545455933,1.8638323545455933,0.2552037351852918,-0.2552037351852918,10,1.0,0.4988626837735129,86.62999725341797,0.49886268377304077,0.0
1.62,70.8454857752622,5.014903122015681,-1.857779077941908,1.857779077941908,-1.8538323640823364,1.8538323640823364,-0.0656525525496563,0.0656525525496563,10,1.0,0.49886268377337667,86.62999725341797,0.49886268377304077,0.0
1.6400000000000001,70.90392234055919,2.458545312327196,-1.8537589929211244,1.8537589929211244,-1.8438323736190796,1.8438323736190796,-0.033293381650474796,0.033293381650474796,10,1.0,0.4988626837732797,86.62999725341797,0.49886268377304077,0.0
1.6600000000000001,70.90233500541524,-1.6510331063029902,-1.8492753785219163,1.8492753785219163,-1.8344669342041016,1.8344669342041016,0.1795010439876848,-0.1795010439876848,10,1.0,0.49886268377321075,86.62999725341797,0.49886268377304077,0.0
1.68,70.82201172923848,-5.5891040634569364,-1.8433034213057162,1.8433034213057162,-1.8283871412277222,1.8283871412277222,0.11932997544212473,-0.11932997544212473,10,1.0,0.4988626837731617,86.62999725341797,0.49886268377304077,0.0
1.7,70.66482220949285,-9.37731696805145,-1.8372879760274117,1.8372879760274117,-1.825502872467041,1.825502872467041,0.1760259004155923,-0.1760259004155923,10,1.0,0.4988626837731268,86.62999725341797,0.49886268377304077,0.0
1.72,70.43639379376287,-13.03631861905834,-1.8311925230069586,1.8311925230069586,-1.825502872467041,1.825502872467041,0.6411390206780748,-0.6411390206780748,10,1.0,0.498862683773102,86.62999725341797,0.49886268377304077,0.0
1.74,70.17409030360683,-13.866662724053803,-1.8253475160001118,1.8253475160001118,-1.825502872467041,1.825502872467041,0.8984616705588926,-0.8984616705588926,10,1.0,0.49886268377308435,86.62999725341797,0.49886268377304077,0.0
1.76,69.91957976145848,-13.026838793413752,-1.8208323872201801,1.8208323872201801,-1.825502872467041,1.825502872467041,1.0912762288043614,-1.0912762288043614,10,1.0,0.4988626837730718,86.62999725341797,0.49886268377304077,0.0
1.78,69.69742570017839,-11.155677300642452,-1.817344557714503,1.817344557714503,-1.82457435131073,1.82457435131073,1.2402188571553023,-1.2402188571553023,10,1.0,0.49886268377306286,86.62999725341797,0.49886268377304077,0.0
1.8,69.51803529719275,-8.977594226287135,-1.814439031779343,1.814439031779343,-1.8218400478363037,1.8218400478363037,1.3246768144342238,-1.3246768144342238,10,1.0,0.4988626837730565,86.62999725341797,0.49886268377304077,0.0
1.82,69.37697497240417,-7.224665371139018,-1.8115724630297299,1.8115724630297299,-1.8175771236419678,1.8175771236419678,1.3304232639836668,-1.3304232639836668,10,1.0,0.49886268377305193,86.62999725341797,0.49886268377304077,0.0
1.84,69.25997403334885,-6.283287113483069,-1.8083881901780008,1.8083881901780008,-1.8083882331848145,1.8083882331848145,1.2845139645327077,-1.2845139645327077,3,1.0,0.49886268377304877,86.62999725341797,0.49886268377304077,1.0
1.86,69.13564051047562,-7.111408207630118,-1.8056579142100513,1.8056579142100513,-1.8051881790161133,1.8051881790161133,0.7103756114543126,-0.7103756114543126,3,1.0,0.49886268377304643,86.62999725341797,0.438862681388855,1.0
1.8800000000000001,68.98761360229994,-8.274497110640453,-1.8028207525189663,1.8028207525189663,-1.801988124847412,1.801988124847412,0.6949906464991357,-0.6949906464991357,3,1.0,0.4815485400551829,86.62999725341797,0.3788626790046692,1.0
1.9000000000000001,68.81765656585058,-9.321314569165354,-1.799901024151036,1.799901024151036,-1.798788070678711,1.798788070678711,0.6831301645582917,-0.6831301645582917,3,1.0,0.45191657863230145,86.62999725341797,0.3188626766204834,1.0
1.92,68.6287677736313,-10.202671866785227,-1.796917514990636,1.796917514990636,-1.7955880165100098,1.7955880165100098,0.6739918963584649,-0.6739918963584649,3,1.0,0.4135213404637424,86.62999725341797,0.2588626742362976,1.0
1.94,68.42458877225084,-10.894707329001701,-1.7938847366862727,1.7938847366862727,-1.7923879623413086,1.7923879623413086,0.6678157543712095,-0.6678157543712095,3,1.0,0.36889163599925406,86.62999725341797,0.19886267185211182,1.0
1.96,68.20714676586162,-11.524336156264903,-1.7905270207928679,1.7905270207928679,-1.7891879081726074,1.7891879081726074,0.646550525625901,-0.646550525625901,3,1.0,0.3198265392582124,86.62999725341797,0.13886266946792603,1.0
1.98,67.9734242443843,-12.28832166753203,-1.7866008933716202,1.7866008933716202,-1.7859878540039062,1.7859878540039062,0.6300420824657342,-0.6300420824657342,3,1.0,0.26760596717844726,86.62999725341797,0.07886266708374023,1.0
2.0,67.72311380541076,-13.020977857113003,-1.7822502208062483,1.7822502208062483,-1.7859878540039062,1.7859878540039062,0.6330004079783139,-0.6330004079783139,3,1.0,0.21314049228232265,86.62999725341797,0.018862668424844742,1.0
2.02,67.47234649528713,-12.676144396402988,-1.7785303612930625,1.7785303612930625,-1.7859878540039062,1.7859878540039062,0.7651357467753209,-0.7651357467753209,3,1.0,0.1570779251190185,86.62999725341797,0.0,1.0
2.04,67.24374187258182,-11.26931512438666,-1.7757147855186457,1.7757147855186457,-1.782787799835205,1.782787799835205,0.8902102803785535,-0.8902102803785535,3,1.0,0.1117500974132807,86.62999725341797,0.0,1.0
2.06,67.04410626678312,-9.872952155472088,-1.773106328070432,1.773106328070432,-1.779587745666504,1.779587745666504,0.8871403212427494,-0.8871403212427494,3,1.0,0.0795024779097092,86.62999725341797,0.0,1.0
2.08,66.87219305797589,-8.565460105568931,-1.7707074024201641,1.7707074024201641,-1.7763876914978027,1.7763876914978027,0.8802119009509971,-0.8802119009509971,3,1.0,0.05656052334709318,86.62999725341797,0.0,1.0
2.1,66.72546166393018,-7.408198125998301,-1.7684959660051558,1.7684959660051558,-1.7731876373291016,1.7731876373291016,0.8672358413619734,-0.8672358413619734,3,1.0,0.040238906829171736,86.62999725341797,0.0,1.0
2.12,66.60004477728208,-6.4601726374255,-1.7664168676424885,1.7664168676424885,-1.7699875831604004,1.7699875831604004,0.8475801175692113,-0.8475801175692113,3,1.0,0.02862720369241381,86.62999725341797,0.0,1.0
2.14,66.49097207416044,-5.755614940868674,-1.7643937136653705,1.7643937136653705,-1.7667875289916992,1.7667875289916992,0.8327916010437693,-0.8327916010437693,3,1.0,0.020366278704490832,86.62999725341797,0.0,1.0
2.16,66.39134240086555,-5.419978293465866,-1.762208077880775,1.762208077880775,-1.763587474822998,1.763587474822998,0.7906504270983641,-0.7906504270983641,3,1.0,0.014489200996565189,86.62999725341797,0.0,1.0
2.18,66.29329228460274,-5.447376442184048,-1.7597916377668734,1.7597916377668734,-1.7603874206542969,1.7603874206542969,0.7572847547856866,-0.7572847547856866,3,1.0,0.010308066022516615,86.62999725341797,0.0,1.0
2.2,66.1911693427417,-5.719932910884575,-1.7571969068025826,1.7571969068025826,-1.7571873664855957,1.7571873664855957,0.731530257028713,-0.731530257028713,3,1.0,0.007333477197931799,86.62999725341797,0.0,1.0
2.22,66.08134859173462,-6.144088249632256,-1.7544644504003495,1.7544644504003495,-1.7539873123168945,1.7539873123168945,0.7116548266910929,-0.7116548266910929,3,1.0,0.005217262646078375,86.62999725341797,0.0,1.0
2.24,65.96179339399112,-6.647222405176992,-1.751625604375683,1.751625604375683,-1.7507872581481934,1.7507872581481934,0.6963204566883456,-0.6963204566883456,3,1.0,0.003711722118102626,86.62999725341797,0.0,1.0
2.2600000000000002,65.83081406603708,-7.237616370237346,-1.7485720782211236,1.7485720782211236,-1.7475872039794922,1.7475872039794922,0.6757941041345819,-0.6757941041345819,3,1.0,0.0026406339907705852,86.62999725341797,0.0,1.0
2.2800000000000002,65.68580188005575,-7.931457328861351,-1.7452333066002987,1.7452333066002987,-1.744387149810791,1.744387149810791,0.6619550818826248,-0.6619550818826248,3,1.0,0.0018786287473420693,86.62999725341797,0.0,1.0
2.3000000000000003,65.52553596918062,-8.660024938515111,-1.7416324701178278,1.7416324701178278,-1.7411870956420898,1.7411870956420898,0.6560759300202057,-0.6560759300202057,3,1.0,0.0013365146334839587,86.62999725341797,0.0,1.0
2.32,65.35022426648213,-9.356490461991486,-1.737811622631065,1.737811622631065,-1.7379870414733887,1.7379870414733887,0.6582274343725019,-0.6582274343725019,3,1.0,0.0009508378747232636,86.62999725341797,0.0,1.0
2.34,65.16138275339179,-9.961462767095188,-1.7338272856017607,1.7338272856017607,-1.7347869873046875,1.7347869873046875,0.6678850280198498,-0.6678850280198498,3,1.0,0.0006764554920371578,86.62999725341797,0.0,1.0
2.36,64.96162159209132,-10.42714349713119,-1.7297454442192246,1.7297454442192246,-1.7315869331359863,1.7315869331359863,0.6839838752618597,-0.6839838752618597,3,1.0,0.00048125137299606733,86.62999725341797,0.0,1.0
2.38,64.75435776003025,-10.72040596956535,-1.725635910538066,1.725635910538066,-1.7283868789672852,1.7283868789672852,0.7050205644080565,-0.7050205644080565,3,1.0,0.00034237712123989664,86.62999725341797,0.0,1.0
2.4,64.5434803877081,-10.824559673078356,-1.7215665845571362,1.7215665845571362,-1.725186824798584,1.725186824798584,0.7291896672933116,-0.7291896672933116,3,1.0,0.00024357768045157725,86.62999725341797,0.0,1.0
2.42,64.3329981497689,-10.739697933441931,-1.7175981201114798,1.7175981201114798,-1.7219867706298828,1.7219867706298828,0.7545411007893689,-0.7545411007893689,3,1.0,0.00017328870048124304,86.62999725341797,0.0,1.0
2.44,64.12669832826103,-10.481662526184245,-1.7137794366815278,1.7137794366815278,-1.7187867164611816,1.7187867164611816,0.779143316072931,-0.779143316072931,3,1.0,0.00012328294472139725,86.62999725341797,0.0,1.0
2.46,63.927844727535636,-10.079782344976563,-1.7101444182197683,1.7101444182197683,-1.7155866622924805,1.7155866622924805,0.8012377376402512,-0.8012377376402512,3,1.0,8.770730242058805e-05,86.62999725341797,0.0,1.0
2.48,63.738936897401,-9.573642685191851,-1.7067100166901412,1.7067100166901412,-1.7123866081237793,1.7123866081237793,0.8193715149511283,-0.8193715149511283,3,1.0,6.239768943936778e-05,86.62999725341797,0.0,1.0
2.5,63.56154672384916,-9.00920992428108,-1.7034758438623945,1.7034758438623945,-1.7091865539550781,1.7091865539550781,0.8324983316107957,-0.8324983316107957,3,1.0,4.439164744460152e-05,86.62999725341797,0.0,1.0
2.52,63.39624108310666,-8.434670165325233,-1.7004252028049576,1.7004252028049576,-1.705986499786377,1.705986499786377,0.8400404303988372,-0.8400404303988372,3,1.0,3.158159189148596e-05,86.62999725341797,0.0,1.0
2.54,63.24259164740323,-7.8963404124110275,-1.6975273919570086,1.6975273919570086,-1.7027864456176758,1.7027864456176758,0.8419087900242965,-0.8419087900242965,3,1.0,2.2468121906155237e-05,86.62999725341797,0.0,1.0
2.56,63.09926574498335,-7.434980783277739,-1.6947410187295746,1.6947410187295746,-1.6995863914489746,1.6995863914489746,0.8384821581830768,-0.8384821581830768,3,1.0,1.598451730123033e-05,86.62999725341797,0.0,1.0
2.58,62.96418596976865,-7.082781880257436,-1.6920179924220209,1.6920179924220209,-1.6963863372802734,1.6963863372802734,0.830549071034842,-0.830549071034842,3,1.0,1.1371880320950864e-05,86.62999725341797,0.0,1.0
2.6,62.83474142792708,-6.8612295100785605,-1.6893078308971423,1.6893078308971423,-1.6931862831115723,1.6931862831115723,0.8192198072360133,-0.8192198072360133,3,1.0,8.09030761436104e-06,86.62999725341797,0.0,1.0
2.62,62.70803037199298,-6.779966491431784,-1.6865619121305162,1.6865619121305162,-1.689986228942871,1.689986228942871,0.8058172560216523,-0.8058172560216523,3,1.0,5.755695227850881e-06,86.62999725341797,0.0,1.0
2.64,62.58111263520228,-6.836685094761648,-1.683737328202625,1.683737328202625,-1.68678617477417,1.68678617477417,0.7917568316662993,-0.7917568316662993,3,1.0,4.094779720996035e-06,86.62999725341797,0.0,1.0
2.66,62.45125073013825,-7.018000007426233,-1.6808000513706458,1.6808000513706458,-1.6835861206054688,1.6835861206054688,0.7784258279546963,-0.7784258279546963,3,1.0,2.913153024911133e-06,86.62999725341797,0.0,1.0
2.68,62.3161205832277,-7.301176303498417,-1.6777271939310168,1.6777271939310168,-1.6803860664367676,1.6803860664367676,0.7670720287304871,-0.7670720287304871,3,1.0,2.0725072225581394e-06,86.62999725341797,0.0,1.0
2.7,62.17397639624015,-7.656524742462845,-1.6745082290471311,1.6745082290471311,-1.6771860122680664,1.6771860122680664,0.7587100782389676,-0.7587100782389676,3,1.0,1.4744457811949933e-06,86.62999725341797,0.0,1.0
2.72,62.02375871972707,-8.050232009718744,-1.6711451313482315,1.6711451313482315,-1.6739859580993652,1.6739859580993652,0.7540522111810599,-0.7540522111810599,3,1.0,1.0489663621052726e-06,86.62999725341797,0.0,1.0
2.74,61.86514008040743,-8.447369307977054,-1.6676514864934344,1.6676514864934344,-1.670785903930664,1.670785903930664,0.7534676196449468,-0.7534676196449468,3,1.0,7.462671349885688e-07,86.62999725341797,0.0,1.0
2.7600000000000002,61.69850796940931,-8.814820592740777,-1.6640507008929781,1.6640507008929781,-1.667585849761963,1.667585849761963,0.7569721858266529,-0.7569721858266529,3,1.0,5.30917536427308e-07,86.62999725341797,0.0,1.0
2.7800000000000002,61.52489020671853,-9.123891480880731,-1.6603735100212627,1.6603735100212627,-1.6643857955932617,1.6643857955932617,0.7642477406023862,-0.7642477406023862,3,1.0,3.777111670479226e-07,86.62999725341797,0.0,1.0
2.8000000000000003,61.34583221678476,-9.352399223929698,-1.6566550311913428,1.6566550311913428,-1.6611857414245605,1.6611857414245605,0.7746876235896271,-0.7746876235896271,3,1.0,2.687154142105403e-07,86.62999725341797,0.0,1.0
2.82,61.16323922149034,-9.486099007787168,-1.652931631032048,1.652931631032048,-1.6579856872558594,1.6579856872558594,0.7874633101732794,-0.7874633101732794,3,1.0,1.911724622777191e-07,86.62999725341797,0.0,1.0
2.84,60.97919852790336,-9.519366600999911,-1.6492378780937507,1.6492378780937507,-1.6547856330871582,1.6547856330871582,0.8016053928931781,-0.8016053928931781,3,1.0,1.360060063569379e-07,86.62999725341797,0.0,1.0
2.86,60.795797838586175,-9.455125561304834,-1.6456038281304437,1.6456038281304437,-1.651585578918457,1.651585578918457,0.8160913678495448,-0.8160913678495448,3,1.0,9.675888224053753e-08,86.62999725341797,0.0,1.0
2.88,60.614954859058805,-9.304072301251733,-1.6420528468835078,1.6420528468835078,-1.6483855247497559,1.6483855247497559,0.8299325294124279,-0.8299325294124279,3,1.0,6.883726346517065e-08,86.62999725341797,0.0,1.0
2.9,60.438271566548075,-9.083308495661033,-1.6386001175384373,1.6386001175384373,-1.6451854705810547,1.6451854705810547,0.8422528000141444,-0.8422528000141444,3,1.0,4.897295970816905e-08,86.62999725341797,0.0,1.0
2.92,60.26692358784827,-8.814533100334032,-1.635251913452647,1.635251913452647,-1.6419854164123535,1.6419854164123535,0.8523534339392715,-0.8523534339392715,3,1.0,3.484087922512252e-08,86.62999725341797,0.0,1.0
2.94,60.10159153521182,-8.521972855747721,-1.6320056476877474,1.6320056476877474,-1.6387853622436523,1.6387853622436523,0.859759100278032,-0.859759100278032,3,1.0,2.4786879788625248e-08,86.62999725341797,0.0,1.0
2.96,59.94243722504606,-8.230239584622902,-1.6288506454914824,1.6288506454914824,-1.6355853080749512,1.6355853080749512,0.8642427012092164,-0.8642427012092164,3,1.0,1.7634153423222004e-08,86.62999725341797,0.0,1.0
2.98,59.78912380983088,-7.962295536060993,-1.6257695294978936,1.6257695294978936,-1.63238525390625,1.63238525390625,0.865828233821206,-0.865828233821206,3,1.0,1.254548251355276e-08,86.62999725341797,0.0,1.0
3.0,59.64087531055221,-7.737686520753431,-1.6227400641376728,1.6227400641376728,-1.6291851997375488,1.6291851997375488,0.8647728787388478,-0.8647728787388478,3,1.0,8.925244536581833e-09,86.62999725341797,0.0,1.0
3.02,59.49656810943694,-7.57116963706125,-1.6197372781850587,1.6197372781850587,-1.6259851455688477,1.6259851455688477,0.8615311418545111,-0.8615311418545111,3,1.0,6.34969519520098e-09,86.62999725341797,0.0,1.0
3.04,59.35484484299499,-7.471821604735176,-1.616735673587868,1.616735673587868,-1.6227850914001465,1.6227850914001465,0.8567051659054178,-0.8567051659054178,3,1.0,4.517369681772275e-09,86.62999725341797,0.0,1.0
3.06,59.21423993586806,-7.44266892986174,-1.6137113343563472,1.6137113343563472,-1.6195850372314453,1.6195850372314453,0.8509861876062105,-0.8509861876062105,3,1.0,3.21379660195633e-09,86.62999725341797,0.0,1.0
3.08,59.07330576897942,-7.480836092198519,-1.6106437696800482,1.6106437696800482,-1.6163849830627441,1.6163849830627441,0.8450925073451614,-0.8450925073451614,3,1.0,2.2863943680371838e-09,86.62999725341797,0.0,1.0
3.1,58.9307291373652,-7.578166161223816,-1.6075173579362247,1.6075173579362247,-1.613184928894043,1.613184928894043,0.8397092665161587,-0.8397092665161587,3,1.0,1.626611716189495e-09,86.62999725341797,0.0,1.0
3.12,58.78542911296473,-7.72223273278671,-1.6043222994464215,1.6043222994464215,-1.6099848747253418,1.6099848747253418,0.8354348322606225,-0.8354348322606225,3,1.0,1.1572219177203222e-09,86.62999725341797,0.0,1.0
3.14,58.63662951934419,-7.897635241308841,-1.6010550318851777,1.6010550318851777,-1.6067848205566406,1.6067848205566406,0.8327377395404435,-0.8327377395404435,3,1.0,8.232834877086867e-10,86.62999725341797,0.0,1.0
3.16,58.48390174206248,-8.08745320361247,-1.5977181091567771,1.5977181091567771,-1.6035847663879395,1.6035847663879395,0.831927026450219,-0.831927026450219,3,1.0,5.857093533701884e-10,86.62999725341797,0.0,1.0
3.18,58.327176310078684,-8.274729596483944,-1.5943195884944326,1.5943195884944326,-1.6003847122192383,1.6003847122192383,0.8331375251768424,-0.8331375251768424,3,1.0,4.166917614005544e-10,86.62999725341797,0.0,1.0
3.2,58.16672435569613,-8.443859252430432,-1.5908720080937062,1.5908720080937062,-1.597184658050537,1.597184658050537,0.8363303488016408,-0.8363303488016408,3,1.0,2.9644741546299874e-10,86.62999725341797,0.0,1.0
3.22,58.003112473350676,-8.581773854951711,-1.5873910660436858,1.5873910660436858,-1.593984603881836,1.593984603881836,0.8413075523642859,-0.8413075523642859,3,1.0,2.1090186626035566e-10,86.62999725341797,0.0,1.0
3.24,57.83713646438232,-8.678838978965075,-1.5838941288249615,1.5838941288249615,-1.5907845497131348,1.5907845497131348,0.8477388448745822,-0.8477388448745822,3,1.0,1.5004211496542025e-10,86.62999725341797,0.0,1.0
3.2600000000000002,57.669740837145916,-8.729408158829683,-1.5803987033746694,1.5803987033746694,-1.5875844955444336,1.5875844955444336,0.8551973693386163,-0.8551973693386163,3,1.0,1.0674460431518809e-10,86.62999725341797,0.0,1.0
3.2800000000000002,57.50193164915044,-8.732011285042562,-1.576921000897784,1.576921000897784,-1.5843844413757324,1.5843844413757324,0.8632010088755775,-0.8632010088755775,3,1.0,7.59414152022058e-11,86.62999725341797,0.0,1.0
3.3000000000000003,57.33469031278706,-8.689186741981494,-1.5734747044400414,1.5734747044400414,-1.5811843872070312,1.5811843872070312,0.8712554488203368,-0.8712554488203368,3,1.0,5.402707312385665e-11,86.62999725341797,0.0,1.0
3.3200000000000003,57.168895381676634,-8.606995816320758,-1.5700700277711535,1.5700700277711535,-1.57798433303833,1.57798433303833,0.8788953271994824,-0.8788953271994824,3,1.0,3.8436531931337657e-11,86.62999725341797,0.0,1.0
3.34,57.00525818651524,-8.494281707370801,-1.5667131229934903,1.5667131229934903,-1.574784278869629,1.574784278869629,0.8857202100309403,-0.8857202100309403,3,1.0,2.7344938407488537e-11,86.62999725341797,0.0,1.0
3.36,56.84427663347153,-8.361752291349694,-1.5634058614439454,1.5634058614439454,-1.5715842247009277,1.5715842247009277,0.8914227794273437,-0.8914227794273437,3,1.0,1.9454035495322553e-11,86.62999725341797,0.0,1.0
3.38,56.68620967543249,-8.220974725475262,-1.5601459798717456,1.5601459798717456,-1.5683841705322266,1.5683841705322266,0.8958074488831913,-0.8958074488831913,3,1.0,1.3840202944089536e-11,86.62999725341797,0.0,1.0
3.4,56.531073085937315,-8.083370888745458,-1.5569275542824694,1.5569275542824694,-1.5651841163635254,1.5651841163635254,0.8987985384972357,-0.8987985384972357,3,1.0,9.84634872181869e-12,86.62999725341797,0.0,1.0
3.42,56.3786553697839,-7.959296111092752,-1.5537417394992763,1.5537417394992763,-1.5619840621948242,1.5619840621948242,0.9004380682429367,-0.9004380682429367,3,1.0,7.004997220294615e-12,86.62999725341797,0.0,1.0
3.44,56.22855107522892,-7.857270785134157,-1.5505776950421015,1.5505776950421015,-1.558784008026123,1.558784008026123,0.9008740811686058,-0.9008740811686058,3,1.0,4.9835718236954455e-12,86.62999725341797,0.0,1.0
3.46,56.080207542503125,-7.783416846724609,-1.5474236082915156,1.5474236082915156,-1.5555839538574219,1.5555839538574219,0.9003411240460336,-0.9003411240460336,3,1.0,3.5454672344447558e-12,86.62999725341797,0.0,1.0
3.48,55.932980307503485,-7.741130560480744,-1.5442677242917746,1.5442677242917746,-1.5523838996887207,1.5523838996887207,0.899135041721951,-0.899135041721951,3,1.0,2.5223551210304662e-12,86.62999725341797,0.0,1.0
3.5,55.78619201401255,-7.731001443474032,-1.541099297489414,1.541099297489414,-1.5491838455200195,1.5491838455200195,0.8975845536188638,-0.8975845536188638,3,1.0,1.794481498736793e-12,86.62999725341797,0.0,1.0
3.52,55.63918976957025,-7.750966323257049,-1.5379093931553156,1.5379093931553156,-1.5459837913513184,1.5459837913513184,0.8960221675917832,-0.8960221675917832,3,1.0,1.2766496765106976e-12,86.62999725341797,0.0,1.0
3.54,55.49139637035231,-7.796669076333334,-1.5346914837089185,1.5346914837089185,-1.5427837371826172,1.5427837371826172,0.8947568574777692,-0.8947568574777692,3,1.0,9.082480915418599e-13,86.62999725341797,0.0,1.0
3.56,55.34235165013822,-7.86198184829596,-1.531441805869326,1.531441805869326,-1.539583683013916,1.539583683013916,0.8940506127403713,-0.8940506127403713,3,1.0,6.46155802149313e-13,86.62999725341797,0.0,1.0
3.58,55.19174128608819,-7.939633455936827,-1.52815946658267,1.52815946658267,-1.5363836288452148,1.5363836288452148,0.8941005012544984,-0.8941005012544984,3,1.0,4.596952358495316e-13,86.62999725341797,0.0,1.0
3.6,55.03941161407545,-8.021885725029682,-1.5248463071276765,1.5248463071276765,-1.5331835746765137,1.5331835746765137,0.8950273179631696,-0.8950273179631696,3,1.0,3.2704141812213407e-13,86.62999725341797,0.0,1.0
3.62,54.88537025861023,-8.101198788673592,-1.5215065539656547,1.5215065539656547,-1.5299835205078125,1.5299835205078125,0.8968712763456268,-0.8968712763456268,3,1.0,2.3266738662122144e-13,86.62999725341797,0.0,1.0
3.64,54.72977356143964,-8.170831493704606,-1.5181463003604865,1.5181463003604865,-1.5267834663391113,1.5267834663391113,0.899594589579886,-0.899594589579886,3,1.0,1.655267797821635e-13,86.62999725341797,0.0,1.0
3.66,54.57290280626183,-8.225332288720153,-1.5147728735297616,1.5147728735297616,-1.5235834121704102,1.5235834121704102,0.9030902337254966,-0.9030902337254966,3,1.0,1.1776087410848923e-13,86.62999725341797,0.0,1.0
3.68,54.415132012208694,-8.260888249327337,-1.511394147538765,1.511394147538765,-1.520383358001709,1.520383358001709,0.9071957278032518,-0.9071957278032518,3,1.0,8.377873048122795e-14,86.62999725341797,0.0,1.0
3.7,54.25689055829096,-8.275513992213009,-1.5080178622315248,1.5080178622315248,-1.5171833038330078,1.5171833038330078,0.9117104366562007,-0.9117104366562007,3,1.0,5.960278177436056e-14,86.62999725341797,0.0,1.0
3.72,54.09862408469057,-8.269076823682393,-1.5046510035800438,1.5046510035800438,-1.5139832496643066,1.5139832496643066,0.9164147202964267,-0.9164147202964267,3,1.0,4.240326363071406e-14,86.62999725341797,0.0,1.0
3.74,53.940757001714644,-8.243168291536993,-1.5012992916924508,1.5012992916924508,-1.5107831954956055,1.5107831954956055,0.9210892232179333,-0.9210892232179333,3,1.0,3.016699410679692e-14,86.62999725341797,0.0,1.0
3.7600000000000002,53.78365955519726,-8.200844251045314,-1.4979668104238621,1.4979668104238621,-1.5075831413269043,1.5075831413269043,0.9255327105744472,-0.9255327105744472,3,1.0,2.1461733261030014e-14,86.62999725341797,0.0,1.0
3.7800000000000002,53.62762180010485,-8.146264751154908,-1.4946557983407391,1.4946557983407391,-1.5043830871582031,1.5043830871582031,0.9295770955317932,-0.9295770955317932,3,1.0,1.5268541271860522e-14,86.62999725341797,0.0,1.0
3.8000000000000003,53.47283608814839,-8.084270934666394,-1.4913666060270327,1.4913666060270327,-1.501183032989502,1.501183032989502,0.9330986344662934,-0.9330986344662934,3,1.0,1.0862512814555387e-14,86.62999725341797,0.0,1.0
3.8200000000000003,53.31938885375811,-8.019938491981039,-1.4880978106621405,1.4880978106621405,-1.4979829788208008,1.4979829788208008,0.9360246591332041,-0.9360246591332041,3,1.0,7.727927805640467e-15,86.62999725341797,0.0,1.0
3.84,53.16726165977153,-7.958146097490837,-1.484846466562278,1.484846466562278,-1.4947829246520996,1.4947829246520996,0.9383356301002124,-0.9383356301002124,3,1.0,5.497887016452328e-15,86.62999725341797,0.0,1.0
3.86,53.01634070779124,-7.903193059703996,-1.481608460833092,1.481608460833092,-1.4915828704833984,1.4915828704833984,0.9400626972217884,-0.9400626972217884,3,1.0,3.9113669803712624e-15,86.62999725341797,0.0,1.0
3.88,52.866433385573984,-7.8584937252518205,-1.478378937013025,1.478378937013025,-1.4883828163146973,1.4883828163146973,0.9412813082672135,-0.9412813082672135,3,1.0,2.7826675246976252e-15,86.62999725341797,0.0,1.0
3.9,52.71728995741177,-7.826367743868838,-1.4751527468562076,1.4751527468562076,-1.485182762145996,1.485182762145996,0.9421016902593435,-0.9421016902593435,3,1.0,1.979675799244956e-15,86.62999725341797,0.0,1.0
3.92,52.568628228603785,-7.807935957481865,-1.4719248911593183,1.4719248911593183,-1.481982707977295,1.481982707977295,0.9426572216093314,-0.9426572216093314,3,1.0,1.4084026335636416e-15,86.62999725341797,0.0,1.0
3.94,52.420158939428745,-7.803122259013832,-1.468690914444867,1.468690914444867,-1.4787826538085938,1.4787826538085938,0.9430918079843899,-0.9430918079843899,3,1.0,1.0019812228777768e-15,86.62999725341797,0.0,1.0
3.96,52.27160975824018,-7.810753051549497,-1.4654472248073838,1.4654472248073838,-1.4755825996398926,1.4755825996398926,0.94354737089672,-0.94354737089672,3,1.0,7.12840452775452e-16,86.62999725341797,0.0,1.0
3.98,52.12274602334714,-7.8287385842176676,-1.4621913185755222,1.4621913185755222,-1.4723825454711914,1.4723825454711914,0.9441524633037743,-0.9441524633037743,3,1.0,5.071367601617173e-16,86.62999725341797,0.0,1.0
4.0,51.9733867934233,-7.854314944704769,-1.4589218988140278,1.4589218988140278,-1.4691824913024902,1.4691824913024902,0.9450128559333622,-0.9450128559333622,3,1.0,3.6079278680939067e-16,86.62999725341797,0.0,1.0
4.0200000000000005,51.823415262617445,-7.884322158123424,-1.4556388862370035,1.4556388862370035,-1.465982437133789,1.465982437133789,0.9462047114193601,-0.9462047114193601,3,1.0,2.5667915489339996e-16,86.62999725341797,0.0,1.0
4.04,51.672783131866154,-7.9154927868211615,-1.4523433300303095,1.4523433300303095,-1.462782382965088,1.462782382965088,0.9477707035916502,-0.9477707035916502,3,1.0,1.8260949488326956e-16,86.62999725341797,0.0,1.0
4.0600000000000005,51.52150905509221,-7.944726559740431,-1.4490372337002417,1.4490372337002417,-1.4595823287963867,1.4595823287963867,0.9497191702335054,-0.9497191702335054,3,1.0,1.29914046332947e-16,86.62999725341797,0.0,1.0
4.08,51.36967175520933,-7.969329623119513,-1.4457233168512196,1.4457233168512196,-1.4563822746276855,1.4563822746276855,0.9520261320860469,-0.9520261320860469,3,1.0,9.242487333633939e-17,86.62999725341797,0.0,1.0
4.1,51.21739879482233,-7.987201595780669,-1.442404737411597,1.442404737411597,-1.4531822204589844,1.4531822204589844,0.9546397888468525,-0.9546397888468525,3,1.0,6.575391539530537e-17,86.62999725341797,0.0,1.0
4.12,51.06485226474214,-7.996959233767981,-1.4390848001430818,1.4390848001430818,-1.4499821662902832,1.4499821662902832,0.9574869300914063,-0.9574869300914063,3,1.0,4.677937046317858e-17,86.62999725341797,0.0,1.0
4.14,50.9122128057063,-7.997991613653074,-1.4357666763556027,1.4357666763556027,-1.446782112121582,1.446782112121582,0.9604805858978062,-0.9604805858978062,3,1.0,3.328029194574083e-17,86.62999725341797,0.0,1.0
4.16,50.75966340236619,-7.99044778584363,-1.4324531568555139,1.4324531568555139,-1.4435820579528809,1.4435820579528809,0.963528193283227,-0.963528193283227,3,1.0,2.3676629698673457e-17,86.62999725341797,0.0,1.0
4.18,50.607374291941944,-7.975163330852387,-1.42914645567596,1.42914645567596,-1.4403820037841797,1.4403820037841797,0.9665395693248361,-0.9665395693248361,3,1.0,1.6844287147542542e-17,86.62999725341797,0.0,1.0
4.2,50.45549013057858,-7.953536761180386,-1.4258480765703403,1.4258480765703403,-1.4371819496154785,1.4371819496154785,0.9694340539424909,-0.9694340539424909,3,1.0,1.1983547199066239e-17,86.62999725341797,0.0,1.0
4.22,50.30412028311485,-7.927369952945636,-1.4225587481404778,1.4225587481404778,-1.4339818954467773,1.4339818954467773,0.9721463041828231,-0.9721463041828231,3,1.0,8.525466362237795e-18,86.62999725341797,0.0,1.0
4.24,50.15333277591866,-7.898688598279104,-1.4192784273694705,1.4192784273694705,-1.4307818412780762,1.4307818412780762,0.9746303740199975,-0.9746303740199975,3,1.0,6.0652806290370905e-18,86.62999725341797,0.0,1.0
4.26,50.00315210853211,-7.869559009804158,-1.4160063657388666,1.4160063657388666,-1.427581787109375,1.427581787109375,0.9768618837895512,-0.9768618837895512,3,1.0,4.315028356914003e-18,86.62999725341797,0.0,1.0
4.28,49.85356078791795,-7.841916574816156,-1.4127412274512037,1.4127412274512037,-1.4243817329406738,1.4243817329406738,0.9788382559415325,-0.9788382559415325,3,1.0,3.069844721088849e-18,86.62999725341797,0.0,1.0
4.3,49.704504155476904,-7.817418948127067,-1.4094812458606587,1.4094812458606587,-1.4211816787719727,1.4211816787719727,0.9805771543391119,-0.9805771543391119,3,1.0,2.183982544748984e-18,86.62999725341797,0.0,1.0
4.32,49.55589784272815,-7.797333968655779,-1.4062244022169565,1.4062244022169565,-1.4179816246032715,1.4179816246032715,0.9821134005226715,-0.9821134005226715,3,1.0,1.5537527755073048e-18,86.62999725341797,0.0,1.0
4.34,49.40763703099334,-7.782468615767307,-1.402968610298822,1.402968610298822,-1.4147815704345703,1.4147815704345703,0.9834947429811487,-0.9834947429811487,3,1.0,1.105387812371057e-18,86.62999725341797,0.0,1.0
4.36,49.25960661071837,-7.773141435774462,-1.3997118913761302,1.3997118913761302,-1.4115815162658691,1.4115815162658691,0.9847769188035129,-0.9847769188035129,3,1.0,7.864071009234548e-19,86.62999725341797,0.0,1.0
4.38,49.11169133708405,-7.769197104509063,-1.3964525260089737,1.3964525260089737,-1.408381462097168,1.408381462097168,0.9860184691340693,-0.9860184691340693,3,1.0,5.594743505053554e-19,86.62999725341797,0.0,1.0
4.4,48.96378515355056,-7.7700584477231205,-1.3931891721977991,1.3931891721977991,-1.4051814079284668,1.4051814079284668,0.9872757521865625,-0.9872757521865625,3,1.0,3.980273684022296e-19,86.62999725341797,0.0,1.0
4.42,48.81579899168275,-7.774808557364772,-1.3899209430174537,1.3899209430174537,-1.4019813537597656,1.4019813537597656,0.9885985449815426,-0.9885985449815426,3,1.0,2.8316898863031565e-19,86.62999725341797,0.0,1.0
4.44,48.667666537685264,-7.782293784704096,-1.3866474407514982,1.3866474407514982,-1.3987812995910645,1.3987812995910645,0.9900265445474009,-0.9900265445474009,3,1.0,2.014551824508826e-19,86.62999725341797,0.0,1.0
4.46,48.51934766482661,-7.791237445352421,-1.3833687483505825,1.3833687483505825,-1.3955812454223633,1.3955812454223633,0.9915869800586004,-0.9915869800586004,3,1.0,1.433214517331984e-19,86.62999725341797,0.0,1.0
4.48,48.37082944698355,-7.800354039139731,-1.3800853824634098,1.3800853824634098,-1.392381191253662,1.392381191253662,0.9932934389573385,-0.9932934389573385,3,1.0,1.0196331649060305e-19,86.62999725341797,0.0,1.0
4.5,48.222124873526404,-7.808454596834209,-1.3767982150808329,1.3767982150808329,-1.389181137084961,1.389181137084961,0.9951459021548589,-0.9951459021548589,3,1.0,7.253985906531727e-20,86.62999725341797,0.0,1.0
4.5200000000000005,48.073269563753584,-7.8145352794247716,-1.3735083728157431,1.3735083728157431,-1.3859810829162598,1.3859810829162598,0.9971318848055029,-0.9971318848055029,3,1.0,5.160710081160454e-20,86.62999725341797,0.0,1.0
4.54,47.92431691768128,-7.817843390821673,-1.3702171239177101,1.3702171239177101,-1.3827810287475586,1.3827810287475586,0.9992284972243375,-0.9992284972243375,3,1.0,3.6714888731462774e-20,86.62999725341797,0.0,1.0
4.5600000000000005,47.77533223109393,-7.817917309928283,-1.3669257632785332,1.3669257632785332,-1.3795809745788574,1.3795809745788574,1.0014051806000683,-1.0014051806000683,3,1.0,2.6120108151097303e-20,86.62999725341797,0.0,1.0
4.58,47.62638634285853,-7.814599283184561,-1.3636355049870117,1.3636355049870117,-1.3763809204101562,1.3763809204101562,1.0036268374421824,-1.0036268374421824,3,1.0,1.8582653343038948e-20,86.62999725341797,0.0,1.0
4.6000000000000005,47.47754937259846,-7.808022335604096,-1.360347390566963,1.360347390566963,-1.373180866241455,1.373180866241455,1.0058570678085936,-1.0058570678085936,3,1.0,1.322027471211102e-20,86.62999725341797,0.0,1.0
4.62,47.32888505196196,-7.798574574899272,-1.3570622190607957,1.3570622190607957,-1.369980812072754,1.369980812072754,1.008061238043687,-1.008061238043687,3,1.0,9.40531259111891e-21,86.62999725341797,0.0,1.0
4.64,47.180446061242,-7.786845738981062,-1.3537805028099021,1.3537805028099021,-1.3667807579040527,1.3667807579040527,1.0102091455086601,-1.0102091455086601,3,1.0,6.691230467066033e-21,86.62999725341797,0.0,1.0
4.66,47.03227066565736,-7.773561879000918,-1.3505024503521912,1.3505024503521912,-1.3635807037353516,1.3635807037353516,1.0122770959009846,-1.0122770959009846,3,1.0,4.7603484445237696e-21,86.62999725341797,0.0,1.0
4.68,46.88438081407488,-7.759514538126392,-1.3472279755164414,1.3472279755164414,-1.3603806495666504,1.3603806495666504,1.0142492734271527,-1.0142492734271527,3,1.0,3.386659213849529e-21,86.62999725341797,0.0,1.0
4.7,46.73678172936599,-7.745490690917408,-1.3439567297279753,1.3439567297279753,-1.3571805953979492,1.3571805953979492,1.0161183522215305,-1.0161183522215305,3,1.0,2.409374180149816e-21,86.62999725341797,0.0,1.0
4.72,46.58946289510642,-7.732209106202692,-1.3406881528966441,1.3406881528966441,-1.353980541229248,1.353980541229248,1.017885363906423,-1.017885363906423,3,1.0,1.7141033606904044e-21,86.62999725341797,0.0,1.0
4.74,46.442400237392405,-7.720267780909823,-1.3374215371354696,1.3374215371354696,-1.3507804870605469,1.3507804870605469,1.0195588958506399,-1.0195588958506399,3,1.0,1.2194661814411253e-21,86.62999725341797,0.0,1.0
4.76,46.29555922026029,-7.710105782947687,-1.3341560970039892,1.3341560970039892,-1.3475804328918457,1.3475804328918457,1.02115374306196,-1.02115374306196,3,1.0,8.675659833486519e-22,86.62999725341797,0.0,1.0
4.78,46.148898522931496,-7.701981371280883,-1.3308910399808578,1.3308910399808578,-1.3443803787231445,1.3443803787231445,1.0226891708141717,-1.0226891708141717,3,1.0,6.172132912896623e-22,86.62999725341797,0.0,1.0
4.8,46.00237394838419,-7.695966765577696,-1.327625631396071,1.327625631396071,-1.3411803245544434,1.3411803245544434,1.0241869634215086,-1.0241869634215086,3,1.0,4.391046378676684e-22,86.62999725341797,0.0,1.0
4.82,45.85594222437312,-7.691958541536483,-1.324359249006393,1.324359249006393,-1.3379802703857422,1.3379802703857422,1.025669436929833,-1.025669436929833,3,1.0,3.1239262944907624e-22,86.62999725341797,0.0,1.0
4.84,45.70956439638425,-7.689701437420864,-1.3210914236628601,1.3210914236628601,-1.334780216217041,1.334780216217041,1.0271575810636207,-1.0271575810636207,3,1.0,2.2224578498648877e-22,86.62999725341797,0.0,1.0
4.86,45.563208571642036,-7.688822452303098,-1.3178218639656385,1.3178218639656385,-1.3315801620483398,1.3315801620483398,1.0286694708522348,-1.0286694708522348,3,1.0,1.5811252983583048e-22,86.62999725341797,0.0,1.0
4.88,45.41685184743206,-7.688871546700009,-1.3145504642943782,1.3145504642943782,-1.3283801078796387,1.3283801078796387,1.0302190540956024,-1.0302190540956024,3,1.0,1.1248614722932184e-22,86.62999725341797,0.0,1.0
4.9,45.27048133830389,-7.689365039129146,-1.3112772970150182,1.3112772970150182,-1.3251800537109375,1.3251800537109375,1.0318153808443054,-1.0318153808443054,3,1.0,8.002612652921639e-23,86.62999725341797,0.0,1.0
4.92,45.124094297879914,-7.689827914679797,-1.3080025908876467,1.3080025908876467,-1.3219799995422363,1.3219799995422363,1.033462299131768,-1.033462299131768,3,1.0,5.693306318167476e-23,86.62999725341797,0.0,1.0
4.94,44.977697405361724,-7.689831684225902,-1.3047266986504935,1.3047266986504935,-1.3187799453735352,1.3187799453735352,1.0351586009432747,-1.0351586009432747,3,1.0,4.050394319741556e-23,86.62999725341797,0.0,1.0
4.96,44.83130534889116,-7.689025094066836,-1.3014500573784538,1.3014500573784538,-1.315579891204834,1.315579891204834,1.0368985669832436,-1.0368985669832436,3,1.0,2.881575876752617e-23,86.62999725341797,0.0,1.0
4.98,44.68493888367526,-7.687155810479132,-1.2981731454879635,1.2981731454879635,-1.3123798370361328,1.3123798370361328,1.0386728306823152,-1.0386728306823152,3,1.0,2.0500422620611505e-23,86.62999725341797,0.0,1.0
5.0,44.53862256991042,-7.684082109168877,-1.2948964401922123,1.2948964401922123,-1.3091797828674316,1.3091797828674316,1.0404694627976803,-1.0404694627976803,3,1.0,1.458463513018088e-23,86.62999725341797,0.0,1.0
5.0200000000000005,44.39238240346171,-7.679774504653721,-1.291620378836909,1.291620378836909,-1.3059797286987305,1.3059797286987305,1.0422751685969571,-1.0422751685969571,3,1.0,1.0375960818809759e-23,86.62999725341797,0.0,1.0
5.04,44.24624354202687,-7.674308084316014,-1.2883453269251748,1.2883453269251748,-1.3027796745300293,1.3027796745300293,1.0440764899582735,-1.0440764899582735,3,1.0,7.381779657324898e-24,86.62999725341797,0.0,1.0
5.0600000000000005,44.10022830359528,-7.667847004950382,-1.2850715548434095,1.2850715548434095,-1.2995796203613281,1.2995796203613281,1.0458609138617019,-1.0458609138617019,3,1.0,5.2516265106277066e-24,86.62999725341797,0.0,1.0
5.08,43.95435457592964,-7.660623120995227,-1.2817992244093541,1.2817992244093541,-1.296379566192627,1.296379566192627,1.0476178051433527,-1.0476178051433527,3,1.0,3.736169634887526e-24,86.62999725341797,0.0,1.0
5.1000000000000005,43.808634729767654,-7.652911017577137,-1.2785283854604876,1.2785283854604876,-1.2931795120239258,1.2931795120239258,1.0493391030754977,-1.0493391030754977,3,1.0,2.6580267108498412e-24,86.62999725341797,0.0,1.0
5.12,43.66307507895318,-7.645001811602092,-1.2752589818606277,1.2752589818606277,-1.2899794578552246,1.2899794578552246,1.0510197460219475,-1.0510197460219475,3,1.0,1.8910024667024825e-24,86.62999725341797,0.0,1.0
5.14,43.51767588213375,-7.637177972107678,-1.2719908655886447,1.2719908655886447,-1.2867794036865234,1.2867794036865234,1.052657813882286,-1.052657813882286,3,1.0,1.3453176803974132e-24,86.62999725341797,0.0,1.0
5.16,43.372431836907815,-7.629691124536328,-1.2687238170327069,1.2687238170327069,-1.2835793495178223,1.2835793495178223,1.0542544020025768,-1.0542544020025768,3,1.0,9.571006347474167e-25,86.62999725341797,0.0,1.0
5.18,43.2273329815251,-7.622744381649982,-1.2654575692753858,1.2654575692753858,-1.280379295349121,1.280379295349121,1.0558132609885633,-1.0558132609885633,3,1.0,6.809110133476465e-25,86.62999725341797,0.0,1.0
5.2,43.08236589365115,-7.616480233567684,-1.262191834028668,1.262191834028668,-1.27717924118042,1.27717924118042,1.0573402528856035,-1.0573402528856035,3,1.0,4.844211687525163e-25,86.62999725341797,0.0,1.0
5.22,42.93751506147925,-7.610974480709458,-1.2589263269547801,1.2589263269547801,-1.2739791870117188,1.2739791870117188,1.058842684663043,-1.058842684663043,3,1.0,3.4463221204463565e-25,86.62999725341797,0.0,1.0
5.24,42.79276429974452,-7.606236154889318,-1.2556607903640484,1.2556607903640484,-1.2707791328430176,1.2707791328430176,1.0603285844582309,-1.0603285844582309,3,1.0,2.451820218440067e-25,86.62999725341797,0.0,1.0
5.26,42.648098091144966,-7.6022128887424785,-1.2523950116776574,1.2523950116776574,-1.2675790786743164,1.2675790786743164,1.0618059848140444,-1.0618059848140444,3,1.0,1.7443007860138506e-25,86.62999725341797,0.0,1.0
5.28,42.50350275067796,-7.59880079709482,-1.2491288365357942,1.2491288365357942,-1.2643790245056152,1.2643790245056152,1.0632822707269696,-1.0632822707269696,3,1.0,1.2409495644115108e-25,86.62999725341797,0.0,1.0
5.3,42.35896733423787,-7.595857650269119,-1.245862175971138,1.245862175971138,-1.261178970336914,1.261178970336914,1.0647636397907363,-1.0647636397907363,3,1.0,8.828499268937958e-26,86.62999725341797,0.0,1.0
5.32,42.21448424091314,-7.593217961657424,-1.2425950076054597,1.2425950076054597,-1.257978916168213,1.257978916168213,1.0662547082533447,-1.0662547082533447,3,1.0,6.280867617581239e-26,86.62999725341797,0.0,1.0
5.34,42.07004948807507,-7.590708581680366,-1.2393273713192254,1.2393273713192254,-1.2547788619995117,1.2547788619995117,1.067758281798116,-1.067758281798116,3,1.0,4.468403612874318e-26,86.62999725341797,0.0,1.0
5.36,41.92566266699238,-7.588163478190877,-1.236059360254412,1.236059360254412,-1.2515788078308105,1.2515788078308105,1.0692752946712551,-1.0692752946712551,3,1.0,3.1789606250668596e-26,86.62999725341797,0.0,1.0
5.38,41.78132661207925,-7.585436571474792,-1.2327911083130592,1.2327911083130592,-1.2483787536621094,1.2483787536621094,1.070804906709045,-1.070804906709045,3,1.0,2.2616109759218662e-26,86.62999725341797,0.0,1.0
5.4,41.63704683721056,-7.5824117556040855,-1.2295227754934226,1.2295227754934226,-1.2451786994934082,1.2451786994934082,1.072344735844675,-1.072344735844675,3,1.0,1.6089800440050058e-26,86.62999725341797,0.0,1.0
5.42,41.49283080661481,-7.579009548341046,-1.2262545324586533,1.2262545324586533,-1.241978645324707,1.241978645324707,1.0738911946788843,-1.0738911946788843,3,1.0,1.1446782004367971e-26,86.62999725341797,0.0,1.0
5.44,41.348687115106735,-7.575190139258551,-1.2229865456668885,1.2229865456668885,-1.2387785911560059,1.2387785911560059,1.075439894082714,-1.075439894082714,3,1.0,8.143594990113799e-27,86.62999725341797,0.0,1.0
5.46,41.20462465288384,-7.570952921795291,-1.2197189642229391,1.2197189642229391,-1.2355785369873047,1.2355785369873047,1.076986074728433,-1.076986074728433,3,1.0,5.793605516179154e-27,86.62999725341797,0.0,1.0
5.48,41.06065182437668,-7.566332874651446,-1.216451909363668,1.216451909363668,-1.2323784828186035,1.2323784828186035,1.0785250287748058,-1.0785250287748058,3,1.0,4.1217502734173265e-27,86.62999725341797,0.0,1.0
5.5,40.91677587975568,-7.561394381689272,-1.213185467189388,1.213185467189388,-1.2291784286499023,1.2291784286499023,1.0800524782304073,-1.0800524782304073,3,1.0,2.932340710628815e-27,86.62999725341797,0.0,1.0
5.5200000000000005,40.77300240303195,-7.556223234049293,-1.2099196849316123,1.2099196849316123,-1.2259783744812012,1.2259783744812012,1.081564883167704,-1.081564883167704,3,1.0,2.0861579360270228e-27,86.62999725341797,0.0,1.0
5.54,40.629334983798174,-7.550917637476684,-1.2066545707315768,1.2066545707315768,-1.2227783203125,1.2227783203125,1.0830596611652563,-1.0830596611652563,3,1.0,1.4841573212395458e-27,86.62999725341797,0.0,1.0
5.5600000000000005,40.48577508213134,-7.54557905216856,-1.2033900966196276,1.2033900966196276,-1.2195782661437988,1.2195782661437988,1.0845353083619038,-1.0845353083619038,3,1.0,1.0558754522602986e-27,86.62999725341797,0.0,1.0
5.58,40.34232207951785,-7.540303628634496,-1.2001262041530925,1.2001262041530925,-1.2163782119750977,1.2163782119750977,1.0859914214222002,-1.0859914214222002,3,1.0,7.511824755577562e-28,86.62999725341797,0.0,1.0
5.6000000000000005,40.19897349414729,-7.535174882597334,-1.1968628120039306,1.1968628120039306,-1.2131781578063965,1.2131781578063965,1.0874286278869785,-1.0874286278869785,3,1.0,5.344144618355723e-28,86.62999725341797,0.0,1.0
5.62,40.05572532754131,-7.530258090208638,-1.1935998246946238,1.1935998246946238,-1.2099781036376953,1.2099781036376953,1.0888484391575155,-1.0888484391575155,3,1.0,3.8019898801146285e-28,86.62999725341797,0.0,1.0
5.64,39.912572501878415,-7.525596698748047,-1.1903371416623416,1.1903371416623416,-1.2067780494689941,1.2067780494689941,1.0902530453636474,-1.0902530453636474,3,1.0,2.7048532704082355e-28,86.62999725341797,0.0,1.0
5.66,39.76950934380861,-7.521210855399612,-1.187074665881655,1.187074665881655,-1.203577995300293,1.203577995300293,1.0916450742892017,-1.0916450742892017,3,1.0,1.924316330431039e-28,86.62999725341797,0.0,1.0
5.68,39.62653007093806,-7.517097973723814,-1.1838123113847072,1.1838123113847072,-1.2003779411315918,1.2003779411315918,1.0930273373998483,-1.0930273373998483,3,1.0,1.3690181941014114e-28,86.62999725341797,0.0,1.0
5.7,39.48362924109659,-7.513235098466594,-1.1805500091701233,1.1805500091701233,-1.1971778869628906,1.1971778869628906,1.0944025848908259,-1.0944025848908259,3,1.0,9.739619137155451e-29,86.62999725341797,0.0,1.0
5.72,39.340802131322086,-7.50958270498005,-1.177287711171606,1.177287711171606,-1.1939778327941895,1.1939778327941895,1.0957732888718903,-1.0957732888718903,3,1.0,6.929066490537657e-29,86.62999725341797,0.0,1.0
5.74,39.1980450223742,-7.506089486753629,-1.174025392146739,1.174025392146739,-1.1907777786254883,1.1907777786254883,1.0971414697120996,-1.0971414697120996,3,1.0,4.9295523525280495e-29,86.62999725341797,0.0,1.0
5.76,39.05535537460197,-7.502697646220984,-1.1707630495295656,1.1707630495295656,-1.187577724456787,1.187577724456787,1.098508575614233,-1.098508575614233,3,1.0,3.507036110780521e-29,86.62999725341797,0.0,1.0
5.78,38.912731891207656,-7.499348209055199,-1.1675007014526122,1.1675007014526122,-1.184377670288086,1.184377670288086,1.0998754201799887,-1.0998754201799887,3,1.0,2.4950140302315782e-29,86.62999725341797,0.0,1.0
5.8,38.77017447451776,-7.495985925969864,-1.1642383832739418,1.1642383832739418,-1.1811776161193848,1.1811776161193848,1.1012421775595198,-1.1012421775595198,3,1.0,1.7750302005493103e-29,86.62999725341797,0.0,1.0
5.82,38.62768408906687,-7.4925634014607745,-1.160976143034895,1.160976143034895,-1.1779775619506836,1.1779775619506836,1.1026084300955492,-1.1026084300955492,3,1.0,1.262811420972124e-29,86.62999725341797,0.0,1.0
5.84,38.4852625515837,-7.489044186600254,-1.1577140363208738,1.1577140363208738,-1.1747775077819824,1.1747775077819824,1.1039732595764793,-1.1039732595764793,3,1.0,8.984031282645966e-30,86.62999725341797,0.0,1.0
5.86,38.34291227200785,-7.485404682878217,-1.1544521210011307,1.1544521210011307,-1.1715774536132812,1.1715774536132812,1.1053353704986848,-1.1053353704986848,3,1.0,6.391517905771538e-30,86.62999725341797,0.0,1.0
5.88,38.20063597134426,-7.481634816007663,-1.1511904522878276,1.1511904522878276,-1.16837739944458,1.16837739944458,1.106693232230862,-1.106693232230862,3,1.0,4.547123652464249e-30,86.62999725341797,0.0,1.0
5.9,38.05843640157107,-7.477737543067608,-1.147929078486396,1.147929078486396,-1.165177345275879,1.165177345275879,1.1080452266781926,-1.1080452266781926,3,1.0,3.2349644975771864e-30,86.62999725341797,0.0,1.0
5.92,37.916316090219254,-7.473727345669938,-1.1446680377170584,1.1446680377170584,-1.1619772911071777,1.1619772911071777,1.1093897888875048,-1.1093897888875048,3,1.0,2.301453864117696e-30,86.62999725341797,0.0,1.0
5.94,37.774277128047714,-7.469627929995249,-1.1414073557811866,1.1414073557811866,-1.1587772369384766,1.1587772369384766,1.110725529798621,-1.110725529798621,3,1.0,1.6373255077850803e-30,86.62999725341797,0.0,1.0
5.96,37.63232101294051,-7.465469398048024,-1.1381470452360043,1.1381470452360043,-1.1555771827697754,1.1555771827697754,1.1120513328644566,-1.1120513328644566,3,1.0,1.1648440406479395e-30,86.62999725341797,0.0,1.0
5.98,37.49044855729462,-7.4612851721743,-1.134887105636344,1.134887105636344,-1.1523771286010742,1.1523771286010742,1.113366419172329,-1.113366419172329,3,1.0,8.28706101860305e-31,86.62999725341797,0.0,1.0
6.0,37.34865986028199,-7.457108947712187,-1.1316275248109218,1.1316275248109218,-1.149177074432373,1.149177074432373,1.1146703787950165,-1.1146703787950165,3,1.0,5.895671689048591e-31,86.62999725341797,0.0,1.0
6.0200000000000005,37.20695434094113,-7.452971919718337,-1.1283682809689306,1.1283682809689306,-1.1459770202636719,1.1459770202636719,1.115963169080501,-1.115963169080501,3,1.0,4.194363307693901e-31,86.62999725341797,0.0,1.0
6.04,37.06533082348289,-7.448900483417005,-1.125109345384769,1.125109345384769,-1.1427769660949707,1.1427769660949707,1.1172450832222207,-1.1172450832222207,3,1.0,2.983999870550445e-31,86.62999725341797,0.0,1.0
6.0600000000000005,36.92378766277258,-7.444914549910442,-1.1218506853859522,1.1218506853859522,-1.1395769119262695,1.1395769119262695,1.1185166945366878,-1.1185166945366878,3,1.0,2.122909861220561e-31,86.62999725341797,0.0,1.0
6.08,36.78232289584549,-7.441026554568297,-1.1185922673712656,1.1185922673712656,-1.1363768577575684,1.1363768577575684,1.119778783365517,-1.119778783365517,3,1.0,1.510303778276023e-31,86.62999725341797,0.0,1.0
6.1000000000000005,36.6409344045681,-7.4372411714177975,-1.1153340596102228,1.1153340596102228,-1.1331768035888672,1.1331768035888672,1.121032254231493,-1.121032254231493,3,1.0,1.0744768510158817e-31,86.62999725341797,0.0,1.0
6.12,36.49962007510259,-7.433555687809832,-1.1120760346170373,1.1120760346170373,-1.129976749420166,1.129976749420166,1.1222780509603205,-1.1222780509603205,3,1.0,7.644160863365123e-32,86.62999725341797,0.0,1.0
6.140000000000001,36.35837794149637,-7.4299609441446455,-1.1088181709471994,1.1088181709471994,-1.1267766952514648,1.1267766952514648,1.1235170768822411,-1.1235170768822411,3,1.0,5.438292621172472e-32,86.62999725341797,0.0,1.0
6.16,36.217206303255594,-7.426442706596045,-1.1055604543267123,1.1055604543267123,-1.1235766410827637,1.1235766410827637,1.1247501261233177,-1.1247501261233177,3,1.0,3.868969683152298e-32,86.62999725341797,0.0,1.0
6.18,36.076103809879356,-7.422983318343951,-1.1023028780872883,1.1023028780872883,-1.1203765869140625,1.1203765869140625,1.125977830500739,-1.125977830500739,3,1.0,2.752504775280805e-32,86.62999725341797,0.0,1.0
6.2,35.9350695087166,-7.4195634671779676,-1.099045442940117,1.099045442940117,-1.1171765327453613,1.1171765327453613,1.127200624831059,-1.127200624831059,3,1.0,1.9582170857877463e-32,86.62999725341797,0.0,1.0
6.22,35.79410285585908,-7.416163913823357,-1.0957881561715546,1.0957881561715546,-1.1139764785766602,1.1139764785766602,1.1284187316675236,-1.1284187316675236,3,1.0,1.3931362406736804e-32,86.62999725341797,0.0,1.0
6.24,35.65320369282697,-7.412767043824256,-1.0925310303831202,1.0925310303831202,-1.110776424407959,1.110776424407959,1.1296321648123993,-1.1296321648123993,3,1.0,9.911202384885962e-33,86.62999725341797,0.0,1.0
6.26,35.51237219432394,-7.40935813375887,-1.0892740819233435,1.0892740819233435,-1.1075763702392578,1.1075763702392578,1.1308407494747321,-1.1308407494747321,3,1.0,7.051136123389272e-33,86.62999725341797,0.0,1.0
6.28,35.371608794177384,-7.405926256720493,-1.0860173291696127,1.0860173291696127,-1.1043763160705566,1.1043763160705566,1.1320441557836531,-1.1320441557836531,3,1.0,5.016396467333075e-33,86.62999725341797,0.0,1.0
6.3,35.230914097656346,-7.402464788838586,-1.0827607908148613,1.0827607908148613,-1.1011762619018555,1.1011762619018555,1.1332419416227717,-1.1332419416227717,3,1.0,3.5688197018349506e-33,86.62999725341797,0.0,1.0
6.32,35.09028878866008,-7.398971515039417,-1.0795044842982346,1.0795044842982346,-1.0979762077331543,1.0979762077331543,1.134433600367883,-1.134433600367883,3,1.0,2.538968789079095e-33,86.62999725341797,0.0,1.0
6.34,34.949733539846804,-7.395448365160728,-1.0762484244933777,1.0762484244933777,-1.0947761535644531,1.0947761535644531,1.1356186091531733,-1.1356186091531733,3,1.0,1.8063009763713458e-33,86.62999725341797,0.0,1.0
6.36,34.80924893273163,-7.39190083865032,-1.0729926227357236,1.0729926227357236,-1.091576099395752,1.091576099395752,1.1367964736823089,-1.1367964736823089,3,1.0,1.2850584187068693e-33,86.62999725341797,0.0,1.0
6.38,34.668835393270996,-7.38833719574464,-1.0697370862344318,1.0697370862344318,-1.0883760452270508,1.0883760452270508,1.1379667662695616,-1.1379667662695616,3,1.0,9.142303309866028e-34,86.62999725341797,0.0,1.0
6.4,34.528493146637864,-7.384767504372676,-1.0664818178786888,1.0664818178786888,-1.0851759910583496,1.0851759910583496,1.1391291546850406,-1.1391291546850406,3,1.0,6.504117524376368e-34,86.62999725341797,0.0,1.0
6.42,34.38822219295817,-7.38120263491975,-1.0632268164149532,1.0632268164149532,-1.0819759368896484,1.0819759368896484,1.1402834203594414,-1.1402834203594414,3,1.0,4.627230506041883e-34,86.62999725341797,0.0,1.0
6.44,34.24802230389082,-7.377653290086574,-1.059972076943755,1.059972076943755,-1.0787758827209473,1.0787758827209473,1.1414294655297565,-1.1414294655297565,3,1.0,3.2919549924795667e-34,86.62999725341797,0.0,1.0
6.46,34.10789303824599,-7.374129145474572,-1.0567175916637195,1.0567175916637195,-1.075575828552246,1.075575828552246,1.142567309832571,-1.142567309832571,3,1.0,2.3419986660187044e-34,86.62999725341797,0.0,1.0
6.48,33.967833773462594,-7.3706381599600315,-1.0534633507775013,1.0534633507775013,-1.072375774383545,1.072375774383545,1.143697077685729,-1.143697077685729,3,1.0,1.6661703346988992e-34,86.62999725341797,0.0,1.0
6.5,33.8278437487903,-7.3671860951240555,-1.0502093434696071,1.0502093434696071,-1.0691757202148438,1.0691757202148438,1.1448189783917362,-1.1448189783917362,3,1.0,1.1853651432474686e-34,86.62999725341797,0.0,1.0
6.5200000000000005,33.6879221154829,-7.36377626197487,-1.0469555588692419,1.0469555588692419,-1.0659756660461426,1.0659756660461426,1.1459332813270262,-1.1459332813270262,3,1.0,8.433054493675232e-35,86.62999725341797,0.0,1.0
6.54,33.54806798920829,-7.360409492839003,-1.0437019869211825,1.0437019869211825,-1.0627756118774414,1.0627756118774414,1.1470402887139408,-1.1470402887139408,3,1.0,5.99953596564034e-35,86.62999725341797,0.0,1.0
6.5600000000000005,33.40828050018119,-7.357084318071499,-1.040448619102941,1.040448619102941,-1.0595755577087402,1.0595755577087402,1.1481403084516792,-1.1481403084516792,3,1.0,4.2682555686089413e-35,86.62999725341797,0.0,1.0
6.58,33.26855883716234,-7.353797312570847,-1.037195448945183,1.037195448945183,-1.056375503540039,1.056375503540039,1.1492336292075007,-1.1492336292075007,3,1.0,3.0365691118941057e-35,86.62999725341797,0.0,1.0
6.6000000000000005,33.128902282356485,-7.350543566716481,-1.0339424723327748,1.0339424723327748,-1.053175449371338,1.053175449371338,1.15032049957308,-1.15032049957308,3,1.0,2.1603092465042988e-35,86.62999725341797,0.0,1.0
6.62,32.98931023528327,-7.347317230777884,-1.0306896875839688,1.0306896875839688,-1.0499753952026367,1.0499753952026367,1.151401112574288,-1.151401112574288,3,1.0,1.5369108584592367e-35,86.62999725341797,0.0,1.0
6.640000000000001,32.84978222478919,-7.344112080917566,-1.027437095323661,1.027437095323661,-1.0467753410339355,1.0467753410339355,1.1524755962712172,-1.1524755962712172,3,1.0,1.0934059513341104e-35,86.62999725341797,0.0,1.0
6.66,32.71031790942024,-7.340922058477845,-1.0241846981817666,1.0241846981817666,-1.0435752868652344,1.0435752868652344,1.1535440105821972,-1.1535440105821972,3,1.0,7.778828341491349e-36,86.62999725341797,0.0,1.0
6.68,32.57091706730253,-7.337741741203402,-1.020932500358998,1.020932500358998,-1.0403752326965332,1.0403752326965332,1.1546063499831352,-1.1546063499831352,3,1.0,5.534099233002899e-36,86.62999725341797,0.0,1.0
6.7,32.43157957741819,-7.334566714866207,-1.0176805071088117,1.0176805071088117,-1.037175178527832,1.037175178527832,1.1556625512548113,-1.1556625512548113,3,1.0,3.9371294719754203e-36,86.62999725341797,0.0,1.0
6.72,32.29230539467468,-7.331393825054484,-1.0144287241862502,1.0144287241862502,-1.0339751243591309,1.0339751243591309,1.1567125051464466,-1.1567125051464466,3,1.0,2.800995758561118e-36,86.62999725341797,0.0,1.0
6.74,32.15309452142885,-7.328221300753647,-1.011177157311938,1.011177157311938,-1.0307750701904297,1.0307750701904297,1.1577560706042191,-1.1577560706042191,3,1.0,1.992715072065161e-36,86.62999725341797,0.0,1.0
6.76,32.013946978145924,-7.325048752649781,-1.007925811693402,1.007925811693402,-1.0275750160217285,1.0275750160217285,1.158793090145811,-1.158793090145811,3,1.0,1.41767917580694e-36,86.62999725341797,0.0,1.0
6.78,31.874862775672295,-7.321877059036732,-1.0046746916369107,1.0046746916369107,-1.0243749618530273,1.0243749618530273,1.1598234050096186,-1.1598234050096186,3,1.0,1.0085808421340254e-36,86.62999725341797,0.0,1.0
6.8,31.735841891216133,-7.3187081600906065,-1.001423800272263,1.001423800272263,-1.0211749076843262,1.0211749076843262,1.1608468688723765,-1.1608468688723765,3,1.0,7.175356261692787e-37,86.62999725341797,0.0,1.0
6.82,31.596884249615005,-7.31554478661069,-0.9981731394014992,0.9981731394014992,-1.017974853515625,1.017974853515625,1.1618633591561103,-1.1618633591561103,3,1.0,5.104770518273657e-37,86.62999725341797,0.0,1.0
6.84,31.4579897108765,-7.312390152084293,-0.9949227094712098,0.9949227094712098,-1.0147747993469238,1.0147747993469238,1.1628727852465572,-1.1628727852465572,3,1.0,3.6316917368069766e-37,86.62999725341797,0.0,1.0
6.86,31.319158064365574,-7.309247636910935,-0.9916725096581372,0.9916725096581372,-1.0115747451782227,1.0115747451782227,1.1638750932769562,-1.1638750932769562,3,1.0,2.5836979006163876e-37,86.62999725341797,0.0,1.0
6.88,31.180389029431737,-7.30612049138966,-0.9884225380494999,0.9884225380494999,-1.0083746910095215,1.0083746910095215,1.164870267424009,-1.164870267424009,3,1.0,1.8381226506627175e-37,86.62999725341797,0.0,1.0
6.9,31.041682261764933,-7.303011579758415,-0.9851727918936851,0.9851727918936851,-1.0051746368408203,1.0051746368408203,1.1658583279753811,-1.1658583279753811,3,1.0,1.307697342662734e-37,86.62999725341797,0.0,1.0
6.92,30.903037364374207,-7.299923181984251,-0.9819232678936692,0.9819232678936692,-1.0019745826721191,1.0019745826721191,1.1668393266523673,-1.1668393266523673,3,1.0,9.303363621522349e-38,86.62999725341797,0.0,1.0
6.94,30.764453901819223,-7.296856863560458,-0.9786739625148623,0.9786739625148623,-0.9987745881080627,0.9987745881080627,1.167813339846099,-1.167813339846099,3,1.0,6.618700814825167e-38,86.62999725341797,0.0,1.0
6.96,30.62593163104642,-7.293799188201377,-0.9754248886620073,0.9754248886620073,-0.9955745935440063,0.9955745935440063,1.1687825574915556,-1.1687825574915556,3,1.0,4.708748605162976e-38,86.62999725341797,0.0,1.0
6.98,30.487470338556488,-7.290753755979559,-0.9721760441308791,0.9721760441308791,-0.99237459897995,0.99237459897995,1.1697445889192237,-1.1697445889192237,3,1.0,3.349949491138912e-38,86.62999725341797,0.0,1.0
7.0,30.349069734408776,-7.287724004100723,-0.968927425722841,0.968927425722841,-0.9891746044158936,0.9891746044158936,1.1706994792823822,-1.1706994792823822,3,1.0,2.383257747265834e-38,86.62999725341797,0.0,1.0
7.0200000000000005,30.210729466531262,-7.284712657966193,-0.9656790298514207,0.9656790298514207,-0.9859746098518372,0.9859746098518372,1.1716472970139071,-1.1716472970139071,3,1.0,1.6955233220461387e-38,86.62999725341797,0.0,1.0
7.04,30.072449136820612,-7.2817216437279315,-0.9624308527943685,0.9624308527943685,-0.9827746152877808,0.9827746152877808,1.1725881293265474,-1.1725881293265474,3,1.0,1.2062477669066455e-38,86.62999725341797,0.0,1.0
7.0600000000000005,29.93422831835738,-7.278752058043128,-0.9591828909474568,0.9591828909474568,-0.9795746207237244,0.9795746207237244,1.173522076010511,-1.173522076010511,3,1.0,8.581619941454714e-39,86.62999725341797,0.0,1.0
7.08,29.796066572492805,-7.275804195986569,-0.9559351410548741,0.9559351410548741,-0.976374626159668,0.976374626159668,1.1744492422845012,-1.1744492422845012,3,1.0,6.105230023217337e-39,86.62999725341797,0.0,1.0
7.1000000000000005,29.657963464630413,-7.272877632138226,-0.952687600396621,0.952687600396621,-0.9731746315956116,0.9731746315956116,1.1753697315193485,-1.1753697315193485,3,1.0,4.3434495923477e-39,86.62999725341797,0.0,1.0
7.12,29.519918577701095,-7.269971345137142,-0.9494402669197188,0.9494402669197188,-0.9699746370315552,0.9699746370315552,1.1762836385527855,-1.1762836385527855,3,1.0,3.090064467599473e-39,86.62999725341797,0.0,1.0
7.140000000000001,29.381931522582903,-7.267083872836233,-0.9461931393065873,0.9461931393065873,-0.9667746424674988,0.9667746424674988,1.1771910441640254,-1.1771910441640254,3,1.0,2.1983674982077338e-39,86.62999725341797,0.0,1.0
7.16,29.244001945014638,-7.264213483565004,-0.9429462169802054,0.9429462169802054,-0.9635746479034424,0.9635746479034424,1.178092011085857,-1.178092011085857,3,1.0,1.5639866766050105e-39,86.62999725341797,0.0,1.0
7.18,29.106129528863995,-7.261358348810637,-0.9396995000512405,0.9396995000512405,-0.960374653339386,0.960374653339386,1.1789865817813012,-1.1789865817813012,3,1.0,1.1126685263461109e-39,86.62999725341797,0.0,1.0
7.2,28.968313995906733,-7.258516703829071,-0.9364529892167369,0.9364529892167369,-0.9571746587753296,0.9571746587753296,1.1798747780030248,-1.1798747780030248,3,1.0,7.915868261797824e-40,86.62999725341797,0.0,1.0
7.22,28.83055510253058,-7.255686984843993,-0.9332066856231471,0.9332066856231471,-0.9539746642112732,0.9539746642112732,1.1807566020164428,-1.1807566020164428,3,1.0,5.6315936736262595e-40,86.62999725341797,0.0,1.0
7.24,28.69285263397669,-7.252867934475953,-0.9299605907081777,0.9299605907081777,-0.9507746696472168,0.9507746696472168,1.1816320392348132,-1.1816320392348132,3,1.0,4.0064900344392976e-40,86.62999725341797,0.0,1.0
7.26,28.555206396862268,-7.250058670407181,-0.9267147060362556,0.9267147060362556,-0.9475746750831604,0.9475746750831604,1.1825010619085028,-1.1825010619085028,3,1.0,2.8503410093728096e-40,86.62999725341797,0.0,1.0
7.28,28.417616210786193,-7.247258715704825,-0.9234690331414918,0.9234690331414918,-0.944374680519104,0.944374680519104,1.1833636334832063,-1.1833636334832063,3,1.0,2.0278208107035548e-40,86.62999725341797,0.0,1.0
7.3,28.28008189980718,-7.244467992500343,-0.9202235733900078,0.9202235733900078,-0.9411746859550476,0.9411746859550476,1.1842197131902275,-1.1842197131902275,3,1.0,1.4426544847794333e-40,86.62999725341797,0.0,1.0
7.32,28.14260328450965,-7.241686783468438,-0.9169783278707259,0.9169783278707259,-0.9379746913909912,0.9379746913909912,1.1850692604951871,-1.1850692604951871,3,1.0,1.0263490499104402e-40,86.62999725341797,0.0,1.0
7.34,28.005180175247734,-7.238915667715844,-0.9137332973204639,0.9137332973204639,-0.9347746968269348,0.9347746968269348,1.1859122390453138,-1.1859122390453138,3,1.0,7.301764790986083e-41,86.62999725341797,0.0,1.0
7.36,27.867812366998646,-7.2361554390423715,-0.9104884820858128,0.9104884820858128,-0.9315747022628784,0.9315747022628784,1.1867486198577333,-1.1867486198577333,3,1.0,5.19470145829398e-41,86.62999725341797,0.0,1.0
7.38,27.730499636079248,-7.233407015137962,-0.9072438821210127,0.9072438821210127,-0.928374707698822,0.928374707698822,1.1875783835664662,-1.1875783835664662,3,1.0,3.6956713908552733e-41,86.62999725341797,0.0,1.0
7.4,27.59324173879992,-7.2306713461290295,-0.9039994970181934,0.9039994970181934,-0.9251747131347656,0.9251747131347656,1.1884015216430734,-1.1884015216430734,3,1.0,2.6292150066447985e-41,86.62999725341797,0.0,1.0
7.42,27.45603841196368,-7.227949330005371,-0.900755326064124,0.900755326064124,-0.9219747185707092,0.9219747185707092,1.1892180366082359,-1.1892180366082359,3,1.0,1.8705049286231086e-41,86.62999725341797,0.0,1.0
7.44,27.318889374976823,-7.225241741161902,-0.89751136831602,0.89751136831602,-0.9187747240066528,0.9187747240066528,1.1900279413067467,-1.1900279413067467,3,1.0,1.3307350974191434e-41,86.62999725341797,0.0,1.0
7.46,27.181794333230126,-7.2225491765040255,-0.8942676226882332,0.8942676226882332,-0.9155747294425964,0.9155747294425964,1.190831257427704,-1.190831257427704,3,1.0,9.467261338929893e-42,86.62999725341797,0.0,1.0
7.48,27.044752982341475,-7.219872021696334,-0.8910240880415906,0.8910240880415906,-0.91237473487854,0.91237473487854,1.1916280134406565,-1.1916280134406565,3,1.0,6.735302723541682e-42,86.62999725341797,0.0,1.0
7.5,26.907765012823127,-7.217210438193799,-0.8877807632678092,0.8877807632678092,-0.9091747403144836,0.9091747403144836,1.1924182422096399,-1.1924182422096399,3,1.0,4.791702811794951e-42,86.62999725341797,0.0,1.0
7.5200000000000005,26.77083011474817,-7.214564369940421,-0.8845376473626104,0.8845376473626104,-0.9059747457504272,0.9059747457504272,1.1932019784838723,-1.1932019784838723,3,1.0,3.408965681128311e-42,86.62999725341797,0.0,1.0
7.54,26.633947982035227,-7.211933567116436,-0.8812947394827542,0.8812947394827542,-0.9027747511863708,0.9027747511863708,1.193979256507494,-1.193979256507494,3,1.0,2.4252436913460038e-42,86.62999725341797,0.0,1.0
7.5600000000000005,26.497118316041995,-7.209317623203165,-0.8780520389840297,0.8780520389840297,-0.8995747566223145,0.8995747566223145,1.1947501079124623,-1.1947501079124623,3,1.0,1.7253934221088458e-42,86.62999725341797,0.0,1.0
7.58,26.360340828246798,-7.206716020945331,-0.8748095454390934,0.8748095454390934,-0.8963747620582581,0.8963747620582581,1.1955145600496762,-1.1955145600496762,3,1.0,1.2274982805559869e-42,86.62999725341797,0.0,1.0
7.6000000000000005,26.223615241895466,-7.204128182504203,-0.8715672586358393,0.8715672586358393,-0.8931747674942017,0.8931747674942017,1.196272634841891,-1.196272634841891,3,1.0,8.732802672484347e-43,86.62999725341797,0.0,1.0
7.62,26.086941292587895,-7.201553519285917,-0.8683251785584635,0.8683251785584635,-0.8899747729301453,0.8899747729301453,1.1970243482010674,-1.1970243482010674,3,1.0,6.2127860971021055e-43,86.62999725341797,0.0,1.0
7.640000000000001,25.9503187278683,-7.198991477389652,-0.8650833053546123,0.8650833053546123,-0.8867747783660889,0.8867747783660889,1.197769709990483,-1.197769709990483,3,1.0,4.419968312116285e-43,86.62999725341797,0.0,1.0
7.66,25.813747305957303,-7.1964415754489535,-0.861841639292746,0.861841639292746,-0.8835747838020325,0.8835747838020325,1.198508724489489,-1.198508724489489,3,1.0,3.1445022530591408e-43,86.62999725341797,0.0,1.0
7.68,25.677226793819948,-7.193903432559413,-0.8586001807142468,0.8586001807142468,-0.8803747892379761,0.8803747892379761,1.1992413912591575,-1.1992413912591575,3,1.0,2.23709622360611e-43,86.62999725341797,0.0,1.0
7.7,25.540756964796987,-7.191376785080422,-0.8553589299847207,0.8553589299847207,-0.8771747946739197,0.8771747946739197,1.1999677063031131,-1.1999677063031131,3,1.0,1.5915394904881924e-43,86.62999725341797,0.0,1.0
7.72,25.404337596038744,-7.188861492104282,-0.8521178874485642,0.8521178874485642,-0.8739748001098633,0.8739748001098633,1.2006876633918133,-1.2006876633918133,3,1.0,1.1322704508884844e-43,86.62999725341797,0.0,1.0
7.74,25.26796846597122,-7.186357530363353,-0.8488770533901397,0.8488770533901397,-0.8707748055458069,0.8707748055458069,1.201401255427923,-1.201401255427923,3,1.0,8.055322419690364e-44,86.62999725341797,0.0,1.0
7.76,25.131649351997396,-7.183864980091975,-0.8456364280040495,0.8456364280040495,-0.8675748109817505,0.8675748109817505,1.2021084757408635,-1.2021084757408635,3,1.0,5.730805677587796e-44,86.62999725341797,0.0,1.0
7.78,24.995380028595964,-7.181384003972943,-0.8423960113759543,0.8423960113759543,-0.8643748164176941,0.8643748164176941,1.2028093192031593,-1.2028093192031593,3,1.0,4.077072524619683e-44,86.62999725341797,0.0,1.0
7.8,24.859160265929734,-7.1789148216214125,-0.8391558034743841,0.8391558034743841,-0.8611748218536377,0.8611748218536377,1.2035037831024655,-1.2035037831024655,3,1.0,2.9005555773800804e-44,86.62999725341797,0.0,1.0
7.82,24.722989829022666,-7.176457682156299,-0.8359158041530483,0.8359158041530483,-0.8579748272895813,0.8579748272895813,1.2041918677288732,-1.2041918677288732,3,1.0,2.063545008499817e-44,86.62999725341797,0.0,1.0
7.84,24.586868477511686,-7.174012837318763,-0.8326760131623283,0.8326760131623283,-0.8547748327255249,0.8547748327255249,1.2048735766430043,-1.2048735766430043,3,1.0,1.4680697847378378e-44,86.62999725341797,0.0,1.0
7.86,24.45079596593183,-7.171580517247512,-0.8294364301680607,0.8294364301680607,-0.8515748381614685,0.8515748381614685,1.205548916661197,-1.205548916661197,3,1.0,1.0444302808917349e-44,86.62999725341797,0.0,1.0
7.88,24.314772044454063,-7.169160910648265,-0.8261970547752665,0.8261970547752665,-0.8483748435974121,0.8483748435974121,1.2062178975634923,-1.2062178975634923,3,1.0,7.43040026423802e-45,86.62999725341797,0.0,1.0
7.9,24.17879645996685,-7.166754150464035,-0.822957886554398,0.822957886554398,-0.8451748490333557,0.8451748490333557,1.206880531597749,-1.206880531597749,3,1.0,5.286216715169288e-45,86.62999725341797,0.0,1.0
7.92,24.042868957375948,-7.164360305666994,-0.8197189250676641,0.8197189250676641,-0.8419748544692993,0.8419748544692993,1.207536832831494,-1.207536832831494,3,1.0,3.760778176948024e-45,86.62999725341797,0.0,1.0
7.94,23.906989280992633,-7.161979379159218,-0.816480169893296,0.816480169893296,-0.8387748599052429,0.8387748599052429,1.208186816425623,-1.208186816425623,3,1.0,2.6755339892938105e-45,86.62999725341797,0.0,1.0
7.96,23.771157175887044,-7.159611311327535,-0.8132416206459765,0.8132416206459765,-0.8355748653411865,0.8355748653411865,1.2088304978910256,-1.2088304978910256,3,1.0,1.9034576864290774e-45,86.62999725341797,0.0,1.0
7.98,23.635372389099523,-7.157255988331456,-0.8100032769921879,0.8100032769921879,-0.8323748707771301,0.8323748707771301,1.2094678924012268,-1.2094678924012268,3,1.0,1.3541787091937646e-45,86.62999725341797,0.0,1.0
8.0,23.499634670625785,-7.154913253965377,-0.8067651386597549,0.8067651386597549,-0.8291748762130737,0.8291748762130737,1.2100990141984014,-1.2100990141984014,3,1.0,9.634046448775722e-46,86.62999725341797,0.0,1.0
8.02,23.3639437741191,-7.152582923726637,-0.8035272054414297,0.8035272054414297,-0.8259748816490173,0.8259748816490173,1.2107238761458392,-1.2107238761458392,3,1.0,6.853958812602154e-46,86.62999725341797,0.0,1.0
8.040000000000001,23.228299457282276,-7.150264799707446,-0.8002894771928678,0.8002894771928678,-0.8227748870849609,0.8227748870849609,1.211342489431782,-1.211342489431782,3,1.0,4.876118425899477e-46,86.62999725341797,0.0,1.0
8.06,23.092701481950062,-7.147958685012631,-0.7970519538257462,0.7970519538257462,-0.8195748925209045,0.8195748925209045,1.2119548634457455,-1.2119548634457455,3,1.0,3.4690215616235176e-46,86.62999725341797,0.0,1.0
8.08,22.95714961388811,-7.145664396561828,-0.7938146352971253,0.7938146352971253,-0.8163748979568481,0.8163748979568481,1.2125610058140497,-1.2125610058140497,3,1.0,2.467969303429907e-46,86.62999725341797,0.0,1.0
8.1,22.821643622354877,-7.143381775414914,-0.7905775215963088,0.7905775215963088,-0.8131749033927917,0.8131749033927917,1.2131609225718762,-1.2131609225718762,3,1.0,1.755789744881766e-46,86.62999725341797,0.0,1.0
8.120000000000001,22.686183279487288,-7.14111069404168,-0.7873406127305493,0.7873406127305493,-0.8099749088287354,0.8099749088287354,1.2137546184482102,-1.2137546184482102,3,1.0,1.2491231653277048e-46,86.62999725341797,0.0,1.0
8.14,22.55076835957879,-7.138851060259679,-0.7841039087108939,0.7841039087108939,-0.806774914264679,0.806774914264679,1.2143420972255043,-1.2143420972255043,3,1.0,8.886648795544566e-47,86.62999725341797,0.0,1.0
8.16,22.415398638319928,-7.136602817892985,-0.7808674095393003,0.7808674095393003,-0.8035749197006226,0.8035749197006226,1.2149233621341116,-1.2149233621341116,3,1.0,6.322236990508093e-47,86.62999725341797,0.0,1.0
8.18,22.280073892067065,-7.134365944432672,-0.777631115197952,0.777631115197952,-0.8003749251365662,0.8003749251365662,1.215498416255559,-1.215498416255559,3,1.0,4.497835065135984e-47,86.62999725341797,0.0,1.0
8.2,22.144793897195477,-7.13214044622633,-0.7743950256413982,0.7743950256413982,-0.7971749305725098,0.7971749305725098,1.2160672628858462,-1.2160672628858462,3,1.0,3.19989907109461e-47,86.62999725341797,0.0,1.0
8.22,22.00955842958022,-7.12992635184722,-0.7711591407918621,0.7711591407918621,-0.7939749360084534,0.7939749360084534,1.216629905847197,-1.216629905847197,3,1.0,2.276507234460492e-47,86.62999725341797,0.0,1.0
8.24,21.874367264232923,-7.127723704386384,-0.767923460537758,0.767923460537758,-0.790774941444397,0.790774941444397,1.2171863497193054,-1.2171863497193054,3,1.0,1.6195777033611727e-47,86.62999725341797,0.0,1.0
8.26,21.73922017510688,-7.125532553414509,-0.7646879847351875,0.7646879847351875,-0.7875749468803406,0.7875749468803406,1.21773659998428,-1.21773659998428,3,1.0,1.1522177032950573e-47,86.62999725341797,0.0,1.0
8.28,21.604116935067918,-7.123352947296029,-0.7614527132119843,0.7614527132119843,-0.7843749523162842,0.7843749523162842,1.2182806630799279,-1.2182806630799279,3,1.0,8.197233346886074e-48,86.62999725341797,0.0,1.0
8.3,21.469057316014947,-7.1211849264609945,-0.7582176457736844,0.7582176457736844,-0.7811749577522278,0.7811749577522278,1.2188185463720576,-1.2188185463720576,3,1.0,5.831765503267399e-48,86.62999725341797,0.0,1.0
8.32,21.334041089123915,-7.11902851806568,-0.7549827822107448,0.7549827822107448,-0.7779749631881714,0.7779749631881714,1.2193502580504638,-1.2193502580504638,3,1.0,4.148898469264514e-48,86.62999725341797,0.0,1.0
8.34,21.19906802518137,-7.116883732341169,-0.7517481223062693,0.7517481223062693,-0.774774968624115,0.774774968624115,1.219875806966573,-1.219875806966573,3,1.0,2.9516547773776555e-48,86.62999725341797,0.0,1.0
8.36,21.064137894970283,-7.114750560741743,-0.7485136658435627,0.7485136658435627,-0.7715749740600586,0.7715749740600586,1.2203952024372022,-1.2203952024372022,3,1.0,2.0998985608729015e-48,86.62999725341797,0.0,1.0
8.38,20.92925046967065,-7.1126289758406465,-0.7452794126129192,0.7452794126129192,-0.7683749794960022,0.7683749794960022,1.2209084540290513,-1.2209084540290513,3,1.0,1.4939328270204044e-48,86.62999725341797,0.0,1.0
8.4,20.794405521239945,-7.11051893280973,-0.7420453624171601,0.7420453624171601,-0.7651749849319458,0.7651749849319458,1.2214155713460795,-1.2214155713460795,3,1.0,1.0628300496198406e-48,86.62999725341797,0.0,1.0
8.42,20.65960282274427,-7.108420372177462,-0.7388115150756128,0.7388115150756128,-0.7619749903678894,0.7619749903678894,1.221916563833731,-1.221916563833731,3,1.0,7.561301913606616e-49,86.62999725341797,0.0,1.0
8.44,20.524842148618085,-7.106333223500624,-0.7355778704263765,0.7355778704263765,-0.758774995803833,0.758774995803833,1.2224114406204378,-1.2224114406204378,3,1.0,5.379344199871009e-49,86.62999725341797,0.0,1.0
8.46,20.390123274838476,-7.104257409565194,-0.7323444283268605,0.7323444283268605,-0.7555750012397766,0.7555750012397766,1.2229002103966031,-1.2229002103966031,3,1.0,3.827031951814135e-49,86.62999725341797,0.0,1.0
8.48,20.25544597900878,-7.102192850692337,-0.7291111886527564,0.7291111886527564,-0.7523750066757202,0.7523750066757202,1.2233828813474796,-1.2233828813474796,3,1.0,2.722668975254921e-49,86.62999725341797,0.0,1.0
8.5,20.120810040354073,-7.100139468808218,-0.7258781512956826,0.7258781512956826,-0.7491750121116638,0.7491750121116638,1.2238594611280689,-1.2238594611280689,3,1.0,1.9369909742461696e-49,86.62999725341797,0.0,1.0
8.52,19.986215239638003,-7.09809719095764,-0.7226453161598445,0.7226453161598445,-0.7459750175476074,0.7459750175476074,1.2243299568875998,-1.2243299568875998,3,1.0,1.378035327985414e-49,86.62999725341797,0.0,1.0
8.540000000000001,19.851661359016138,-7.096065952035075,-0.7194126831580895,0.7194126831580895,-0.742775022983551,0.742775022983551,1.2247943753283472,-1.2247943753283472,3,1.0,9.803769818364309e-50,86.62999725341797,0.0,1.0
8.56,19.71714818184406,-7.0940456965989,-0.7161802522077428,0.7161802522077428,-0.7395750284194946,0.7395750284194946,1.225252722798461,-1.225252722798461,3,1.0,6.9747052705813e-50,86.62999725341797,0.0,1.0
8.58,19.582675492460606,-7.092036379718774,-0.7129480232265885,0.7129480232265885,-0.7363750338554382,0.7363750338554382,1.2257050053971028,-1.2257050053971028,3,1.0,4.962021193148625e-50,86.62999725341797,0.0,1.0
8.6,19.448243075966232,-7.090037966888668,-0.7097159961293089,0.7097159961293089,-0.7331750392913818,0.7331750392913818,1.2261512290936296,-1.2261512290936296,3,1.0,3.530135448892457e-50,86.62999725341797,0.0,1.0
8.620000000000001,19.313850718014756,-7.08805043311878,-0.7064841708246237,0.7064841708246237,-0.7299750447273254,0.7299750447273254,1.226591399839092,-1.226591399839092,3,1.0,2.511447614277428e-50,86.62999725341797,0.0,1.0
8.64,19.179498204633713,-7.086073761365444,-0.7032525472132849,0.7032525472132849,-0.726775050163269,0.726775050163269,1.227025523668258,-1.227025523668258,3,1.0,1.7867215608507753e-50,86.62999725341797,0.0,1.0
8.66,19.04518532208445,-7.084107940503897,-0.7000211251869991,0.7000211251869991,-0.7235750555992126,0.7235750555992126,1.227453606784412,-1.227453606784412,3,1.0,1.2711290165323688e-50,86.62999725341797,0.0,1.0
8.68,18.91091185676875,-7.0821529630561875,-0.6967899046282636,0.6967899046282636,-0.7203750610351562,0.7203750610351562,1.227875655616524,-1.227875655616524,3,1.0,9.043205231715982e-51,86.62999725341797,0.0,1.0
8.700000000000001,18.77667759518414,-7.080208822884684,-0.6935588854110329,0.6935588854110329,-0.7171750664710999,0.7171750664710999,1.2282916768566936,-1.2282916768566936,3,1.0,6.433616084544225e-51,86.62999725341797,0.0,1.0
8.72,18.642482323925833,-7.0782755130554325,-0.6903280674020604,0.6903280674020604,-0.7139750719070435,0.7139750719070435,1.2287016774637012,-1.2287016774637012,3,1.0,4.577073599760821e-51,86.62999725341797,0.0,1.0
8.74,18.50832582972977,-7.076353024004246,-0.6870974504627515,0.6870974504627515,-0.7107750773429871,0.7107750773429871,1.2291056646526928,-1.2291056646526928,3,1.0,3.2562718170199313e-51,86.62999725341797,0.0,1.0
8.76,18.374207899548242,-7.07444134215448,-0.6838670344512917,0.6838670344512917,-0.7075750827789307,0.7075750827789307,1.229503645856073,-1.229503645856073,3,1.0,2.3166125506201975e-51,86.62999725341797,0.0,1.0
8.78,18.24012832064815,-7.072540449015005,-0.6806368192248787,0.6806368192248787,-0.7043750882148743,0.7043750882148743,1.2298956286751093,-1.2298956286751093,3,1.0,1.648109866516763e-51,86.62999725341797,0.0,1.0
8.8,18.106086880720884,-7.070650320810457,-0.677406804641835,0.677406804641835,-0.7011750936508179,0.7011750936508179,1.230281620821053,-1.230281620821053,3,1.0,1.1725163672201943e-51,86.62999725341797,0.0,1.0
8.82,17.972083367993267,-7.068770928597352,-0.6741769905634577,0.6741769905634577,-0.6979750990867615,0.6979750990867615,1.2306616300522033,-1.2306616300522033,3,1.0,8.341644324384963e-52,86.62999725341797,0.0,1.0
8.84,17.838117571330017,-7.066902238807184,-0.6709473768554783,0.6709473768554783,-0.6947751045227051,0.6947751045227051,1.2310356641151539,-1.2310356641151539,3,1.0,5.934503942107995e-52,86.62999725341797,0.0,1.0
8.86,17.704189280319834,-7.065044214130695,-0.6677179633890548,0.6677179633890548,-0.6915751099586487,0.6915751099586487,1.2314037306899506,-1.2314037306899506,3,1.0,4.221989774359267e-52,86.62999725341797,0.0,1.0
8.88,17.570298285339646,-7.063196814624262,-0.6644887500412678,0.6644887500412678,-0.6883751153945923,0.6883751153945923,1.2317658373493363,-1.2317658373493363,3,1.0,3.003654193961581e-52,86.62999725341797,0.0,1.0
8.9,17.436444377593663,-7.061359998935256,-0.661259736695129,0.661259736695129,-0.6851751208305359,0.6851751208305359,1.232121991527065,-1.232121991527065,3,1.0,2.1368925551867717e-52,86.62999725341797,0.0,1.0
8.92,17.302627349126467,-7.059533725520439,-0.658030923239161,0.658030923239161,-0.6819751262664795,0.6819751262664795,1.2324722005039344,-1.2324722005039344,3,1.0,1.5202514995210048e-52,86.62999725341797,0.0,1.0
8.94,17.168846992811563,-7.057717953770374,-0.6548023095666227,0.6548023095666227,-0.6787751317024231,0.6787751317024231,1.2328164714030783,-1.2328164714030783,3,1.0,1.0815539677865838e-52,86.62999725341797,0.0,1.0
8.96,17.035103102318804,-7.055912644943195,-0.6515738955744933,0.6515738955744933,-0.6755751371383667,0.6755751371383667,1.2331548112028763,-1.2331548112028763,3,1.0,7.694509662404318e-53,86.62999725341797,0.0,1.0
8.98,16.901395472065087,-7.054117762869881,-0.6483456811623088,0.6483456811623088,-0.6723751425743103,0.6723751425743103,1.2334872267546504,-1.2334872267546504,3,1.0,5.474112315079229e-53,86.62999725341797,0.0,1.0
9.0,16.767723897153996,-7.052333274385181,-0.6451176662309731,0.6451176662309731,-0.6691751480102539,0.6691751480102539,1.233813724811471,-1.233813724811471,3,1.0,3.894452921999264e-53,86.62999725341797,0.0,1.0
9.02,16.634088173310133,-7.050559149481804,-0.6418898506816422,0.6418898506816422,-0.6659751534461975,0.6659751534461975,1.2341343120613297,-1.2341343120613297,3,1.0,2.7706343400900966e-53,86.62999725341797,0.0,1.0
9.040000000000001,16.500488096813854,-7.048795361208153,-0.6386622344147613,0.6386622344147613,-0.6627751588821411,0.6627751588821411,1.234448995158131,-1.234448995158131,3,1.0,1.9711150192940853e-53,86.62999725341797,0.0,1.0
9.06,16.366923464441154,-7.047041885349055,-0.6354348173293148,0.6354348173293148,-0.6595751643180847,0.6595751643180847,1.2347577807538805,-1.2347577807538805,3,1.0,1.4023122297547132e-53,86.62999725341797,0.0,1.0
9.08,16.233394073412956,-7.045298699921837,-0.6322075993223412,0.6322075993223412,-0.6563751697540283,0.6563751697540283,1.2350606755279676,-1.2350606755279676,3,1.0,9.976483211131384e-54,86.62999725341797,0.0,1.0
9.1,16.09989972135645,-7.043565784577584,-0.6289805802886993,0.6289805802886993,-0.6531751751899719,0.6531751751899719,1.235357686207224,-1.235357686207224,3,1.0,7.097578923589348e-54,86.62999725341797,0.0,1.0
9.120000000000001,15.966440206279938,-7.041843119942704,-0.6257537601210978,0.6257537601210978,-0.6499751806259155,0.6499751806259155,1.2356488195816775,-1.2356488195816775,3,1.0,5.049437312776962e-54,86.62999725341797,0.0,1.0
9.14,15.833015326561572,-7.040130686972056,-0.6225271387103483,0.6225271387103483,-0.6467751860618591,0.6467751860618591,1.2359340825105016,-1.2359340825105016,3,1.0,3.592325981881455e-54,86.62999725341797,0.0,1.0
9.16,15.699624880950918,-7.038428466362447,-0.6193007159457957,0.6193007159457957,-0.6435751914978027,0.6435751914978027,1.2362134819246453,-1.2362134819246453,3,1.0,2.5556918842118468e-54,86.62999725341797,0.0,1.0
9.18,15.566268668581515,-7.0367364380704736,-0.6160744917158738,0.6160744917158738,-0.6403751969337463,0.6403751969337463,1.236487024817916,-1.236487024817916,3,1.0,1.8181983038202567e-54,86.62999725341797,0.0,1.0
9.200000000000001,15.432946488991913,-7.035054580958257,-0.6128484659087252,0.6128484659087252,-0.6371752023696899,0.6371752023696899,1.2367547182379344,-1.2367547182379344,3,1.0,1.2935225456703879e-54,86.62999725341797,0.0,1.0
9.22,15.299658142152087,-7.0333828725887395,-0.6096226384128242,0.6096226384128242,-0.6339752078056335,0.6339752078056335,1.2370165692685426,-1.2370165692685426,3,1.0,9.202519728689671e-55,86.62999725341797,0.0,1.0
9.24,15.166403428492238,-7.0317212891616885,-0.6063970091175588,0.6063970091175588,-0.6307752132415771,0.6307752132415771,1.2372725850152513,-1.2372725850152513,3,1.0,6.546957348395703e-55,86.62999725341797,0.0,1.0
9.26,15.033182148930992,-7.030069805588571,-0.6031715779137211,0.6031715779137211,-0.6275752186775208,0.6275752186775208,1.2375227725852294,-1.2375227725852294,3,1.0,4.6577080827204736e-55,86.62999725341797,0.0,1.0
9.28,14.899994104900456,-7.028428395679311,-0.5999463446938796,0.5999463446938796,-0.6243752241134644,0.6243752241134644,1.2377671390719658,-1.2377671390719658,3,1.0,3.313637683794548e-55,86.62999725341797,0.0,1.0
9.3,14.766839098366068,-7.026797032414598,-0.5967213093526154,0.5967213093526154,-0.621175229549408,0.621175229549408,1.2380056915404485,-1.2380056915404485,3,1.0,2.357424403688688e-55,86.62999725341797,0.0,1.0
9.32,14.633716931839906,-7.025175688273425,-0.5934964717866164,0.5934964717866164,-0.6179752349853516,0.6179752349853516,1.2382384370183521,-1.2382384370183521,3,1.0,1.6771446818962293e-55,86.62999725341797,0.0,1.0
9.34,14.500627408386721,-7.023564335582837,-0.5902718318946371,0.5902718318946371,-0.6147752404212952,0.6147752404212952,1.2384653824849672,-1.2384653824849672,3,1.0,1.1931726334942333e-55,86.62999725341797,0.0,1.0
9.36,14.367570331622714,-7.021962946856263,-0.5870473895773431,0.5870473895773431,-0.6115752458572388,0.6115752458572388,1.2386865348708753,-1.2386865348708753,3,1.0,8.488599395670095e-56,86.62999725341797,0.0,1.0
9.38,14.234545505707635,-7.020371495094362,-0.5838231447370672,0.5838231447370672,-0.6083752512931824,0.6083752512931824,1.23890190105726,-1.23890190105726,3,1.0,6.03905232800656e-56,86.62999725341797,0.0,1.0
9.4,14.1015527353313,-7.018789954029486,-0.5805990972775025,0.5805990972775025,-0.605175256729126,0.605175256729126,1.239111487881552,-1.239111487881552,3,1.0,4.2963687318080195e-56,86.62999725341797,0.0,1.0
9.42,13.968591825695816,-7.0172182983034235,-0.5773752471033635,0.5773752471033635,-0.6019752621650696,0.6019752621650696,1.2393153021405827,-1.2393153021405827,3,1.0,3.0565696862823417e-56,86.62999725341797,0.0,1.0
9.44,13.835662582495313,-7.0156565035591445,-0.5741515941200559,0.5741515941200559,-0.5987752676010132,0.5987752676010132,1.239513350601625,-1.239513350601625,3,1.0,2.174538274131914e-56,86.62999725341797,0.0,1.0
9.46,13.702764811894681,-7.0141045464593645,-0.5709281382333712,0.5709281382333712,-0.5955752730369568,0.5955752730369568,1.23970564001118,-1.23970564001118,3,1.0,1.5470338290948462e-56,86.62999725341797,0.0,1.0
9.48,13.56989832050887,-7.012562404639837,-0.5677048793492273,0.5677048793492273,-0.5923752784729004,0.5923752784729004,1.2398921771032712,-1.2398921771032712,3,1.0,1.1006077459451862e-56,86.62999725341797,0.0,1.0
9.5,13.437062915384093,-7.0110300565955885,-0.5644818173734824,0.5644818173734824,-0.589175283908844,0.589175283908844,1.240072968609636,-1.240072968609636,3,1.0,7.830064137274133e-57,86.62999725341797,0.0,1.0
9.52,13.30425840398198,-7.009507481532666,-0.5612589522118142,0.5612589522118142,-0.5859752893447876,0.5859752893447876,1.240248021265388,-1.240248021265388,3,1.0,5.570549963845152e-57,86.62999725341797,0.0,1.0
9.540000000000001,13.171484594167275,-7.007994659187753,-0.5580362837696804,0.5580362837696804,-0.5827752947807312,0.5827752947807312,1.240417341815726,-1.240417341815726,3,1.0,3.963061650028578e-57,86.62999725341797,0.0,1.0
9.56,13.03874129419951,-7.006491569640468,-0.5548138119523474,0.5548138119523474,-0.5795753002166748,0.5795753002166748,1.2405809370194185,-1.2405809370194185,3,1.0,2.819444712616139e-57,86.62999725341797,0.0,1.0
9.58,12.906028312728484,-7.004998193135551,-0.5515915366649771,0.5515915366649771,-0.5763753056526184,0.5763753056526184,1.2407388136501347,-1.2407388136501347,3,1.0,2.0058402289658503e-57,86.62999725341797,0.0,1.0
9.6,12.773345458793218,-7.003514509929153,-0.548369457812757,0.548369457812757,-0.573175311088562,0.573175311088562,1.240890978494578,-1.240890978494578,3,1.0,1.4270168186431647e-57,86.62999725341797,0.0,1.0
9.620000000000001,12.640692541823844,-7.0020405001576025,-0.545147575301068,0.545147575301068,-0.5699753165245056,0.5699753165245056,1.2410374383523302,-1.2410374383523302,3,1.0,1.0152239302431142e-57,86.62999725341797,0.0,1.0
9.64,12.508069371645545,-7.000576143757149,-0.5419258890356523,0.5419258890356523,-0.5667753219604492,0.5667753219604492,1.2411782000307983,-1.2411782000307983,3,1.0,7.222617246503554e-58,86.62999725341797,0.0,1.0
9.66,12.375475758483805,-6.999121420412959,-0.5387043989227922,0.5387043989227922,-0.5635753273963928,0.5635753273963928,1.2413132703413905,-1.2413132703413905,3,1.0,5.138393445571996e-58,86.62999725341797,0.0,1.0
9.68,12.242911512970071,-6.997676309555876,-0.5354831048694622,0.5354831048694622,-0.5603753328323364,0.5603753328323364,1.2414426560943876,-1.2414426560943876,3,1.0,3.6556121278998826e-58,86.62999725341797,0.0,1.0
9.700000000000001,12.110376446146944,-6.99624079039738,-0.5322620067834533,0.5322620067834533,-0.55717533826828,0.55717533826828,1.241566364093077,-1.241566364093077,3,1.0,2.6007156071640806e-58,86.62999725341797,0.0,1.0
9.72,11.977870369472328,-6.994814841984369,-0.5290411045734685,0.5290411045734685,-0.5539753437042236,0.5539753437042236,1.2416844011316965,-1.2416844011316965,3,1.0,1.850229573790295e-58,86.62999725341797,0.0,1.0
9.74,11.845393094822002,-6.993398443285322,-0.5258203981491724,0.5258203981491724,-0.5507753491401672,0.5507753491401672,1.241796773989087,-1.241796773989087,3,1.0,1.3163105824789381e-58,86.62999725341797,0.0,1.0
9.76,11.712944434490211,-6.991991573286478,-0.5225998874212006,0.5225998874212006,-0.5475753545761108,0.5475753545761108,1.241903489427367,-1.241903489427367,3,1.0,9.364640875329684e-59,86.62999725341797,0.0,1.0
9.78,11.58052420118823,-6.990594211084868,-0.5193795723011401,0.5193795723011401,-0.5443753600120544,0.5443753600120544,1.2420045541903106,-1.2420045541903106,3,1.0,6.662295349684216e-59,86.62999725341797,0.0,1.0
9.8,11.448132208040985,-6.98920633598215,-0.5161594527014741,0.5161594527014741,-0.541175365447998,0.541175365447998,1.24209997500181,-1.24209997500181,3,1.0,4.739763106490861e-59,86.62999725341797,0.0,1.0
9.82,11.315768268581847,-6.987827927564715,-0.5129395285355035,0.5129395285355035,-0.5379753708839417,0.5379753708839417,1.2421897585674277,-1.2421897585674277,3,1.0,3.372014167266952e-59,86.62999725341797,0.0,1.0
9.84,11.183432196745986,-6.986458965764474,-0.5097197997172571,0.5097197997172571,-0.5347753763198853,0.5347753763198853,1.2422739115756305,-1.2422739115756305,3,1.0,2.398955240754068e-59,86.62999725341797,0.0,1.0
9.86,11.051123806862714,-6.985099430901289,-0.5065002661613943,0.5065002661613943,-0.5315753817558289,0.5315753817558289,1.2423524406983795,-1.2423524406983795,3,1.0,1.7066910047432796e-59,86.62999725341797,0.0,1.0
9.88,10.918842913647262,-6.983749303700716,-0.5032809277831125,0.5032809277831125,-0.5283753871917725,0.5283753871917725,1.2424253525957054,-1.2424253525957054,3,1.0,1.214192802011613e-59,86.62999725341797,0.0,1.0
9.9,10.786589332192461,-6.982408565291967,-0.5000617844980643,0.5000617844980643,-0.5251753926277161,0.5251753926277161,1.2424926539171819,-1.2424926539171819,3,1.0,8.638143380140281e-60,86.62999725341797,0.0,1.0
9.92,10.654362877960692,-6.981077197188559,-0.49684283622228936,0.49684283622228936,-0.5219753980636597,0.5219753980636597,1.242554351304161,-1.242554351304161,3,1.0,6.145442546870549e-60,86.62999725341797,0.0,1.0
9.94,10.522163366776537,-6.979755181250643,-0.49362408287216775,0.49362408287216775,-0.5187754034996033,0.5187754034996033,1.242610451392991,-1.242610451392991,3,1.0,4.37205802623219e-60,86.62999725341797,0.0,1.0
9.96,10.389990614820261,-6.978442499642109,-0.49040552436439017,0.49040552436439017,-0.5155754089355469,0.5155754089355469,1.2426609608162065,-1.2426609608162065,3,1.0,3.1104173928816904e-60,86.62999725341797,0.0,1.0
9.98,10.257844438622444,-6.977139134774608,-0.48718716061595574,0.48718716061595574,-0.5123754143714905,0.5123754143714905,1.24270588620427,-1.24270588620427,3,1.0,2.2128471991664122e-60,86.62999725341797,0.0,1.0
10.0,10.125724655059633,-6.97584506925784,-0.48396899154418127,0.48396899154418127,-0.5091754198074341,0.5091754198074341,1.2427452341867768,-1.2427452341867768,3,1.0,1.5742879840065525e-60,86.62999725341797,0.0,1.0
10.02,9.993631081351124,-6.974560285849764,-0.4807510170667317,0.4807510170667317,-0.5059754252433777,0.5059754252433777,1.2427790113920825,-1.2427790113920825,3,1.0,1.1199971952519053e-60,86.62999725341797,0.0,1.0
10.040000000000001,9.861563535056643,-6.973284767416291,-0.4775332371016563,0.4775332371016563,-0.5027754306793213,0.5027754306793213,1.2428072244458335,-1.2428072244458335,3,1.0,7.968006680580201e-61,86.62999725341797,0.0,1.0
10.06,9.729521834074776,-6.9720184968976096,-0.47431565156743705,0.47431565156743705,-0.4995754361152649,0.4995754361152649,1.2428298799727355,-1.2428298799727355,3,1.0,5.668686558406156e-61,86.62999725341797,0.0,1.0
10.08,9.597505796641936,-6.9707614572871295,-0.47109826038303676,0.47109826038303676,-0.4963754415512085,0.4963754415512085,1.242846984593863,-1.242846984593863,3,1.0,4.03287906067804e-61,86.62999725341797,0.0,1.0
10.1,9.465515241331625,-6.969513631623522,-0.46788106346794356,0.46788106346794356,-0.4931754469871521,0.4931754469871521,1.2428585449250784,-1.2428585449250784,3,1.0,2.86911497936628e-61,86.62999725341797,0.0,1.0
10.120000000000001,9.333549987053681,-6.968275002992228,-0.46466406074221084,0.46466406074221084,-0.4899754524230957,0.4899754524230957,1.2428645675766479,-1.2428645675766479,3,1.0,2.0411771940019373e-61,86.62999725341797,0.0,1.0
10.14,9.201609853053405,-6.967045554535864,-0.46144725212648957,0.46144725212648957,-0.4867754578590393,0.4867754578590393,1.2428650591512918,-1.2428650591512918,3,1.0,1.452156629231319e-61,86.62999725341797,0.0,1.0
10.16,9.069694658910317,-6.9658252694748555,-0.45823063754204685,0.45823063754204685,-0.4835754632949829,0.4835754632949829,1.2428600262428267,-1.2428600262428267,3,1.0,1.0331091695601538e-61,86.62999725341797,0.0,1.0
10.18,8.937804224536425,-6.96461413112985,-0.4550142169107769,0.4550142169107769,-0.4803754687309265,0.4803754687309265,1.2428494754359085,-1.2428494754359085,3,1.0,7.349858374397535e-62,86.62999725341797,0.0,1.0
10.200000000000001,8.805938370173955,-6.963412122949958,-0.4517979901551989,0.4517979901551989,-0.4771754741668701,0.4771754741668701,1.242833413304329,-1.242833413304329,3,1.0,5.228916722005359e-62,86.62999725341797,0.0,1.0
10.22,8.674096916392534,-6.962219228537608,-0.4485819571984464,0.4485819571984464,-0.4739754796028137,0.4739754796028137,1.2428118464117568,-1.2428118464117568,3,1.0,3.7200131884049317e-62,86.62999725341797,0.0,1.0
10.24,8.542279684085822,-6.961035431673092,-0.44536611796424913,0.44536611796424913,-0.4707754850387573,0.4707754850387573,1.2427847813112671,-1.2427847813112671,3,1.0,2.646532514788145e-62,86.62999725341797,0.0,1.0
10.26,8.410486494467687,-6.959860716337066,-0.44215047237690636,0.44215047237690636,-0.4675754904747009,0.4675754904747009,1.2427522245444438,-1.2427522245444438,3,1.0,1.882825139884544e-62,86.62999725341797,0.0,1.0
10.28,8.278717169068031,-6.958695066721179,-0.43893502036126364,0.43893502036126364,-0.46437549591064453,0.46437549591064453,1.2427141826439914,-1.2427141826439914,3,1.0,1.3395000770149361e-62,86.62999725341797,0.0,1.0
10.3,8.146971529728392,-6.957538467240274,-0.43571976184268163,0.43571976184268163,-0.46117550134658813,0.46117550134658813,1.2426706621328099,-1.2426706621328099,3,1.0,9.529618116491927e-63,86.62999725341797,0.0,1.0
10.32,8.015249398597401,-6.9563909025349675,-0.43250469674701,0.43250469674701,-0.45797550678253174,0.45797550678253174,1.2426216695246766,-1.2426216695246766,3,1.0,6.779665265010546e-63,86.62999725341797,0.0,1.0
10.34,7.883550598126315,-6.955252357466631,-0.4292898250005666,0.4292898250005666,-0.45477551221847534,0.45477551221847534,1.242567211326219,-1.242567211326219,3,1.0,4.823263696794483e-63,86.62999725341797,0.0,1.0
10.36,7.751874951064632,-6.954122817113266,-0.4260751465301165,0.4260751465301165,-0.45157551765441895,0.45157551765441895,1.2425072940352684,-1.2425072940352684,3,1.0,3.431419071510663e-63,86.62999725341797,0.0,1.0
10.38,7.620222280455962,-6.953002266752841,-0.4228606612628631,0.4228606612628631,-0.44837552309036255,0.44837552309036255,1.2424419241448437,-1.2424419241448437,3,1.0,2.4412177281852665e-63,86.62999725341797,0.0,1.0
10.4,7.488592409634148,-6.951890691854552,-0.41964636912643816,0.41964636912643816,-0.44517552852630615,0.44517552852630615,1.2423711081401596,-1.2423711081401596,3,1.0,1.736757846304788e-63,86.62999725341797,0.0,1.0
10.42,7.356985162219689,-6.9507880780605324,-0.41643227004890304,0.41643227004890304,-0.44197553396224976,0.44197553396224976,1.2422948525014776,-1.2422948525014776,3,1.0,1.2355832836522532e-63,86.62999725341797,0.0,1.0
10.44,7.225400362116535,-6.949694411171831,-0.41321836395875244,0.41321836395875244,-0.43877553939819336,0.43877553939819336,1.2422131637025902,-1.2422131637025902,3,1.0,8.790321886779409e-64,86.62999725341797,0.0,1.0
10.46,7.093837833509113,-6.948609677135296,-0.4100046507849222,0.4100046507849222,-0.43557554483413696,0.43557554483413696,1.2421260482123255,-1.2421260482123255,3,1.0,6.25370704634267e-64,86.62999725341797,0.0,1.0
10.48,6.962297400859637,-6.947533862032081,-0.4067911304568007,0.4067911304568007,-0.43237555027008057,0.43237555027008057,1.2420335124925554,-1.2420335124925554,3,1.0,4.449080741889037e-64,86.62999725341797,0.0,1.0
10.5,6.830778888905619,-6.946466952069418,-0.40357780290424017,0.40357780290424017,-0.42917555570602417,0.42917555570602417,1.2419355629997755,-1.2419355629997755,3,1.0,3.16521373661469e-64,86.62999725341797,0.0,1.0
10.52,6.699282122657484,-6.945408933575773,-0.40036466805757026,0.40036466805757026,-0.4259755611419678,0.4259755611419678,1.2418322061836888,-1.2418322061836888,3,1.0,2.251831014017636e-64,86.62999725341797,0.0,1.0
10.540000000000001,6.56780692739627,-6.944359792998497,-0.3971517258476086,0.3971517258476086,-0.4227755665779114,0.4227755665779114,1.2417234484870696,-1.2417234484870696,3,1.0,1.6020222764213826e-64,86.62999725341797,0.0,1.0
10.56,6.436353128671294,-6.943319516907097,-0.3939389762056689,0.3939389762056689,-0.419575572013855,0.419575572013855,1.2416092963452576,-1.2416092963452576,3,1.0,1.1397282292383636e-64,86.62999725341797,0.0,1.0
10.58,6.304920552297808,-6.9422880919927605,-0.3907264190635713,0.3907264190635713,-0.4163755774497986,0.4163755774497986,1.2414897561860099,-1.2414897561860099,3,1.0,8.108379363016686e-65,86.62999725341797,0.0,1.0
10.6,6.173509024354496,-6.9412655050784595,-0.387514054353642,0.387514054353642,-0.4131755828857422,0.4131755828857422,1.2413648344287664,-1.2413648344287664,3,1.0,5.768552029156136e-65,86.62999725341797,0.0,1.0
10.620000000000001,6.042118371180871,-6.940251743122003,-0.38430188200871684,0.38430188200871684,-0.4099755883216858,0.4099755883216858,1.2412345374854714,-1.2412345374854714,3,1.0,4.103926447356196e-65,86.62999725341797,0.0,1.0
10.64,5.910748419374504,-6.939246793225372,-0.38108990196213793,0.38108990196213793,-0.4067755937576294,0.4067755937576294,1.241098871758487,-1.241098871758487,3,1.0,2.9196602891303816e-65,86.62999725341797,0.0,1.0
10.66,5.77939899578814,-6.938250642640372,-0.377878114147749,0.377878114147749,-0.403575599193573,0.403575599193573,1.2409578436424216,-1.2409578436424216,3,1.0,2.0771366917203016e-65,86.62999725341797,0.0,1.0
10.68,5.648069927526614,-6.937263278776136,-0.37466651849988797,0.37466651849988797,-0.4003756046295166,0.4003756046295166,1.2408114595232198,-1.2408114595232198,3,1.0,1.477739328836722e-65,86.62999725341797,0.0,1.0
10.700000000000001,5.516761041943722,-6.936284689201689,-0.37145511495338074,0.37145511495338074,-0.3971756100654602,0.3971756100654602,1.2406597257780738,-1.2406597257780738,3,1.0,1.051309493831259e-65,86.62999725341797,0.0,1.0
10.72,5.385472166638969,-6.9353148616516425,-0.36824390344353064,0.36824390344353064,-0.3939756155014038,0.3939756155014038,1.240502648775725,-1.240502648775725,3,1.0,7.479341114171963e-66,86.62999725341797,0.0,1.0
10.74,5.254203129454292,-6.93435378402559,-0.36503288390611155,0.36503288390611155,-0.3907756209373474,0.3907756209373474,1.2403402348776789,-1.2403402348776789,3,1.0,5.321034750507244e-66,86.62999725341797,0.0,1.0
10.76,5.12295375847077,-6.933401444389075,-0.36182205627735914,0.36182205627735914,-0.387575626373291,0.387575626373291,1.2401724904362474,-1.2401724904362474,3,1.0,3.785548804888312e-66,86.62999725341797,0.0,1.0
10.78,4.991723882005353,-6.93245783097181,-0.35861142049396444,0.35861142049396444,-0.3843756318092346,0.3843756318092346,1.2399994217967816,-1.2399994217967816,3,1.0,2.693156580649138e-66,86.62999725341797,0.0,1.0
10.8,4.860513328607643,-6.931522932165085,-0.355400976493068,0.355400976493068,-0.3811756372451782,0.3811756372451782,1.2398210352962398,-1.2398210352962398,3,1.0,1.9159949433296894e-66,86.62999725341797,0.0,1.0
10.82,4.729321927056757,-6.930596736516932,-0.35219072421225744,0.35219072421225744,-0.3779756426811218,0.3779756426811218,1.2396373372647491,-1.2396373372647491,3,1.0,1.3630981017747217e-66,86.62999725341797,0.0,1.0
10.84,4.598149506358255,-6.929679232729037,-0.348980663589564,0.348980663589564,-0.37477564811706543,0.37477564811706543,1.2394483340248463,-1.2394483340248463,3,1.0,9.697501768104266e-67,86.62999725341797,0.0,1.0
10.86,4.466995895741214,-6.928770409650376,-0.34577079456346405,0.34577079456346405,-0.37157565355300903,0.37157565355300903,1.239254031891535,-1.239254031891535,3,1.0,6.899102890683034e-67,86.62999725341797,0.0,1.0
10.88,4.3358609246553375,-6.92787025627512,-0.342561117072878,0.342561117072878,-0.36837565898895264,0.36837565898895264,1.2390544371724985,-1.2390544371724985,3,1.0,4.9082353202329654e-67,86.62999725341797,0.0,1.0
10.9,4.204744422768179,-6.926978761737185,-0.33935163105717325,0.33935163105717325,-0.36517566442489624,0.36517566442489624,1.2388495561682835,-1.2388495561682835,3,1.0,3.491870514254258e-67,86.62999725341797,0.0,1.0
10.92,4.073646219962449,-6.926095915306657,-0.33614233645616737,0.33614233645616737,-0.36197566986083984,0.36197566986083984,1.2386393951721122,-1.2386393951721122,3,1.0,2.4842247554951286e-67,86.62999725341797,0.0,1.0
10.94,3.9425661463333346,-6.925221706390083,-0.3329332332101286,0.3329332332101286,-0.35877567529678345,0.35877567529678345,1.2384239604689296,-1.2384239604689296,3,1.0,1.767354376579116e-67,86.62999725341797,0.0,1.0
10.96,3.811504032185894,-6.924356124526351,-0.32972432125978096,0.32972432125978096,-0.35557568073272705,0.35557568073272705,1.2382032583365765,-1.2382032583365765,3,1.0,1.2573506022367955e-67,86.62999725341797,0.0,1.0
10.98,3.6804597080324513,-6.923499159387469,-0.3265156005463055,0.3265156005463055,-0.35237568616867065,0.35237568616867065,1.2379772950450194,-1.2379772950450194,3,1.0,8.945181328066618e-68,86.62999725341797,0.0,1.0
11.0,3.5494330045899836,-6.922650800778679,-0.32330707101134193,0.32330707101134193,-0.34917569160461426,0.34917569160461426,1.2377460768564879,-1.2377460768564879,3,1.0,6.363878845697032e-68,86.62999725341797,0.0,1.0
11.02,3.4184237527774974,-6.921811038639901,-0.3200987325969893,0.3200987325969893,-0.34597569704055786,0.34597569704055786,1.2375096100246683,-1.2375096100246683,3,1.0,4.5274603697120906e-68,86.62999725341797,0.0,1.0
11.040000000000001,3.2874317837133824,-6.92097986304598,-0.31689058524580704,0.31689058524580704,-0.34277570247650146,0.34277570247650146,1.2372679007957164,-1.2372679007957164,3,1.0,3.2209754296584846e-68,86.62999725341797,0.0,1.0
11.06,3.1564569287127293,-6.920157264210027,-0.31368262890081283,0.31368262890081283,-0.33957570791244507,0.33957570791244507,1.2370209554064795,-1.2370209554064795,3,1.0,2.291501608245641e-68,86.62999725341797,0.0,1.0
11.08,3.0254990192846063,-6.919343232482723,-0.310474863505483,0.310474863505483,-0.33637571334838867,0.33637571334838867,1.2367687800868628,-1.2367687800868628,3,1.0,1.6302451649403342e-68,86.62999725341797,0.0,1.0
11.1,2.894557887129305,-6.918537758356176,-0.3072672890037485,0.3072672890037485,-0.3331757187843323,0.3331757187843323,1.236511381057733,-1.236511381057733,3,1.0,1.1598068656150997e-68,86.62999725341797,0.0,1.0
11.120000000000001,2.76363336413557,-6.917740832463357,-0.30405990533999394,0.30405990533999394,-0.3299757242202759,0.3299757242202759,1.2362487645317466,-1.2362487645317466,3,1.0,8.251224996438824e-69,86.62999725341797,0.0,1.0
11.14,2.6327252823777654,-6.91695244558208,-0.300852712459052,0.300852712459052,-0.3267757296562195,0.3267757296562195,1.235980936712748,-1.235980936712748,3,1.0,5.870176833773909e-69,86.62999725341797,0.0,1.0
11.16,2.5018334741130794,-6.9161725886306185,-0.29764571030620424,0.29764571030620424,-0.3235757350921631,0.3235757350921631,1.2357079037968979,-1.2357079037968979,3,1.0,4.176225478598409e-69,86.62999725341797,0.0,1.0
11.18,2.3709577717786825,-6.915401252672073,-0.29443889882717544,0.29443889882717544,-0.3203757405281067,0.3203757405281067,1.2354296719721802,-1.2354296719721802,3,1.0,2.9710960575751276e-69,86.62999725341797,0.0,1.0
11.200000000000001,2.2400980079889368,-6.91463842891111,-0.29123227796813245,0.29123227796813245,-0.3171757459640503,0.3171757459640503,1.2351462474175001,-1.2351462474175001,3,1.0,2.1137296893033307e-69,86.62999725341797,0.0,1.0
11.22,2.109254015532561,-6.913884108695421,-0.2880258476756802,0.2880258476756802,-0.3139757513999939,0.3139757513999939,1.23485763630433,-1.23485763630433,3,1.0,1.5037727198523534e-69,86.62999725341797,0.0,1.0
11.24,1.9784256273698615,-6.913138283512883,-0.28481960789686117,0.28481960789686117,-0.3107757568359375,0.3107757568359375,1.2345638447953227,-1.2345638447953227,3,1.0,1.0698304539202749e-69,86.62999725341797,0.0,1.0
11.26,1.847612676629988,-6.912400944989875,-0.2816135585791548,0.2816135585791548,-0.3075757622718811,0.3075757622718811,1.2342648790456148,-1.2342648790456148,3,1.0,7.611104956390197e-70,86.62999725341797,0.0,1.0
11.28,1.716814996608208,-6.911672084891249,-0.2784076996704748,0.2784076996704748,-0.3043757677078247,0.3043757677078247,1.233960745201336,-1.233960745201336,3,1.0,5.414775625886639e-70,86.62999725341797,0.0,1.0
11.3,1.58603242076321,-6.910951695117766,-0.2752020311191697,0.2752020311191697,-0.3011757731437683,0.3011757731437683,1.233651449401139,-1.233651449401139,3,1.0,3.8522389648666556e-70,86.62999725341797,0.0,1.0
11.32,1.4552647827144518,-6.9102397677050895,-0.27199655287402275,0.27199655287402275,-0.2979757785797119,0.2979757785797119,1.2333369977750879,-1.2333369977750879,3,1.0,2.7406020244849943e-70,86.62999725341797,0.0,1.0
11.34,1.3245119162395256,-6.909536294822202,-0.2687912648842518,0.2687912648842518,-0.2947757840156555,0.2947757840156555,1.233017396444771,-1.233017396444771,3,1.0,1.949749100487393e-70,86.62999725341797,0.0,1.0
11.36,1.1937736552715428,-6.908841268771178,-0.2655861670995094,0.2655861670995094,-0.2915757894515991,0.2915757894515991,1.2326926515238186,-1.2326926515238186,3,1.0,1.387111853851078e-70,86.62999725341797,0.0,1.0
11.38,1.0630498338965513,-6.908154681984691,-0.2623812594698843,0.2623812594698843,-0.2883757948875427,0.2883757948875427,1.2323627691175076,-1.2323627691175076,3,1.0,9.868343032512228e-71,86.62999725341797,0.0,1.0
11.4,0.9323402863509554,-6.907476527027388,-0.2591765419459001,0.2591765419459001,-0.28517580032348633,0.28517580032348633,1.232027755322314,-1.232027755322314,3,1.0,7.020644653634968e-71,86.62999725341797,0.0,1.0
11.42,0.8016448470189328,-6.9068067965948465,-0.2559720144785165,0.2559720144785165,-0.28197580575942993,0.28197580575942993,1.2316876162266353,-1.2316876162266353,3,1.0,4.994703892054049e-71,86.62999725341797,0.0,1.0
11.44,0.6709633504298653,-6.906145483514225,-0.252767677019128,0.252767677019128,-0.27877581119537354,0.27877581119537354,1.2313423579097402,-1.2313423579097402,3,1.0,3.5533869324070422e-71,86.62999725341797,0.0,1.0
11.46,0.540295631255785,-6.905492580741818,-0.24956352951956637,0.24956352951956637,-0.27557581663131714,0.27557581663131714,1.2309919864429741,-1.2309919864429741,3,1.0,2.527989439271547e-71,86.62999725341797,0.0,1.0
11.48,0.4096415243087842,-6.904848081366328,-0.24635957193209723,0.24635957193209723,-0.27237582206726074,0.27237582206726074,1.2306365078885622,-1.2306365078885622,3,1.0,1.798489927112843e-71,86.62999725341797,0.0,1.0
11.5,0.279000864538434,-6.904211978607883,-0.24315580420942082,0.24315580420942082,-0.26917582750320435,0.26917582750320435,1.2302759283000806,-1.2302759283000806,3,1.0,1.279501396516283e-71,86.62999725341797,0.0,1.0
11.52,0.14837348702919823,-6.903584265818544,-0.23995222630467042,0.23995222630467042,-0.26597583293914795,0.26597583293914795,1.2299102537223048,-1.2299102537223048,3,1.0,9.102768934131485e-72,86.62999725341797,0.0,1.0
11.540000000000001,0.017759226997849452,-6.90296493648101,-0.2367488381714129,0.2367488381714129,-0.26277583837509155,0.26277583837509155,1.2295394901915233,-1.2295394901915233,3,1.0,6.475991545909559e-72,86.62999725341797,0.0,1.0
11.56,0.005645255723845553,-0.42410766990736026,-0.23501552888363456,0.23501552888363456,-0.26277583837509155,0.26277583837509155,1.3023612825207054,-1.3023612825207054,4,1.0,4.607220814475562e-72,86.62999725341797,0.0,1.0
11.58,0.01159754736364232,-0.7690439041563584,-0.23501552888363456,0.23501552888363456,-0.26277583837509155,0.26277583837509155,1.3171041019169065,-1.3171041019169065,4,1.0,3.27771947860929e-72,86.62999725341797,0.0,1.0
11.6,0.012128983038196116,-0.9879933342444154,-0.23501552888363456,0.23501552888363456,-0.26277583837509155,0.26277583837509155,1.3281234071963757,-1.3281234071963757,4,1.0,2.3318710808693194e-72,86.62999725341797,0.0,1.0
11.620000000000001,0.009370142781016258,-1.1146024253837836,-0.23501552888363456,0.23501552888363456,-0.26277583837509155,0.26277583837509155,1.3360642178061073,-1.3360642178061073,4,1.0,1.6589652571799062e-72,86.62999725341797,0.0,1.0
11.64,0.004850926077486939,-1.1761335038341534,-0.23501552888363456,0.23501552888363456,-0.26277583837509155,0.26277583837509155,1.3415496668915254,-1.3415496668915254,4,1.0,1.180239228106893e-72,86.62999725341797,0.0,1.0
11.66,0.0,0,-0.23501552888363456,0.23501552888363456,-0.26277583837509155,0.26277583837509155,1.3451418977661795,-1.3451418977661795,4,1.0,8.396587146919951e-73,86.62999725341797,0.0,1.0
11.68,0.012539741936487908,-0.5062148739192487,-0.23501552888363456,0.23501552888363456,-0.26277583837509155,0.26277583837509155,1.303067932123601,-1.303067932123601,4,1.0,5.973591966512399e-73,86.62999725341797,0.0,1.0
11.700000000000001,0.01694754909179006,-0.842030586547986,-0.23501552888363456,0.23501552888363456,-0.26277583837509155,0.26277583837509155,1.3181306545562355,-1.3181306545562355,4,1.0,4.249798204675462e-73,86.62999725341797,0.0,1.0
11.72,0.016142186976281895,-1.0499060870007124,-0.23501552888363456,0.23501552888363456,-0.26277583837509155,0.26277583837509155,1.32926286032922,-1.32926286032922,4,1.0,3.0234379719456e-73,86.62999725341797,0.0,1.0
11.74,0.012273734541228567,-1.165121043142822,-0.23501552888363456,0.23501552888363456,-0.26277583837509155,0.26277583837509155,1.3371838169608465,-1.3371838169608465,4,1.0,2.1509673471426853e-73,86.62999725341797,0.0,1.0
11.76,0.006866327074708447,-1.2159413311403067,-0.23501552888363456,0.23501552888363456,-0.26277583837509155,0.26277583837509155,1.3425713602082425,-1.3425713602082425,4,1.0,1.5302647421262487e-73,86.62999725341797,0.0,1.0
11.78,0.0009518063833201039,-1.224257171601628,-0.23501552888363456,0.23501552888363456,-0.26277583837509155,0.26277583837509155,1.34602641888524,-1.34602641888524,4,1.0,1.0886776984808298e-73,86.62999725341797,0.0,1.0
11.8,0.010300129279137009,-0.3974475896617584,-0.23501552888363456,0.23501552888363456,-0.26277583837509155,0.26277583837509155,1.298604720245105,-1.298604720245105,4,1.0,7.745190087322383e-74,86.62999725341797,0.0,1.0
11.82,0.016434098868404225,-0.7716083652493364,-0.23501552888363456,0.23501552888363456,-0.26277583837509155,0.26277583837509155,1.3147616924823584,-1.3147616924823584,4,1.0,5.510167937899869e-74,86.62999725341797,0.0,1.0
11.84,0.01670290169722624,-1.0078789785526172,-0.23501552888363456,0.23501552888363456,-0.26277583837509155,0.26277583837509155,1.3268086290909735,-1.3268086290909735,4,1.0,3.920104007977451e-74,86.62999725341797,0.0,1.0
11.86,0.013435268253528447,-1.143343424709905,-0.23501552888363456,0.23501552888363456,-0.26277583837509155,0.26277583837509155,1.3354664379097843,-1.3354664379097843,4,1.0,2.7888833165433244e-74,86.62999725341797,0.0,1.0
11.88,0.008298785375209035,-1.207974907932717,-0.23501552888363456,0.23501552888363456,-0.26277583837509155,0.26277583837509155,1.3414276034739019,-1.3414276034739019,4,1.0,1.984097905939651e-74,86.62999725341797,0.0,1.0
11.9,0.00243662655038569,-1.2251816553435084,-0.23501552888363456,0.23501552888363456,-0.26277583837509155,0.26277583837509155,1.345314374538538,-1.345314374538538,4,1.0,1.4115486571282493e-74,86.62999725341797,0.0,1.0
11.92,0.007502726516036653,-0.27733120088015806,-0.23501552888363456,0.23501552888363456,-0.26277583837509155,0.26277583837509155,1.293841633035706,-1.293841633035706,4,1.0,1.0042194014095023e-74,86.62999725341797,0.0,1.0
11.94,0.015558007840296026,-0.6926032962038506,-0.23501552888363456,0.23501552888363456,-0.26277583837509155,0.26277583837509155,1.3111356610384313,-1.3111356610384313,4,1.0,7.144327622534331e-75,86.62999725341797,0.0,1.0
11.96,0.017045812521396315,-0.9595865450957173,-0.23501552888363456,0.23501552888363456,-0.26277583837509155,0.26277583837509155,1.3241427361668727,-1.3241427361668727,4,1.0,5.082695784055389e-75,86.62999725341797,0.0,1.0
11.98,0.014482549777289244,-1.1171709763482047,-0.23501552888363456,0.23501552888363456,-0.26277583837509155,0.26277583837509155,1.3335808755819853,-1.3335808755819853,4,1.0,3.6159870876820634e-75,86.62999725341797,0.0,1.0
12.0,0.00968784077465212,-1.197072496384111,-0.23501552888363456,0.23501552888363456,-0.26277583837509155,0.26277583837509155,1.340154645340687,-1.340154645340687,4,1.0,2.572525127177849e-75,86.62999725341797,0.0,1.0
12.02,0.003923847626410428,-1.224270168987296,-0.23501552888363456,0.23501552888363456,-0.26277583837509155,0.26277583837509155,1.3445064208463673,-1.3445064208463673,4,1.0,1.8301739938467634e-75,86.62999725341797,0.0,1.0
12.040000000000001,0.004089849587787709,-0.1451087980969623,-0.23501552888363456,0.23501552888363456,-0.26277583837509155,0.26277583837509155,1.2887691513019788,-1.2887691513019788,4,1.0,1.3020424221968915e-75,86.62999725341797,0.0,1.0
12.06,0.014275557485449775,-0.6043649169498979,-0.23501552888363456,0.23501552888363456,-0.26277583837509155,0.26277583837509155,1.3072413848283158,-1.3072413848283158,4,1.0,9.263132767158603e-76,86.62999725341797,0.0,1.0
12.08,0.017138930808160476,-0.9044921063539684,-0.23501552888363456,0.23501552888363456,-0.26277583837509155,0.26277583837509155,1.3212538721916964,-1.3212538721916964,4,1.0,6.590079339905876e-76,86.62999725341797,0.0,1.0
12.1,0.01539307908418732,-1.086176451271631,-0.23501552888363456,0.23501552888363456,-0.26277583837509155,0.26277583837509155,1.3315166091712378,-1.3315166091712378,4,1.0,4.688386402084989e-76,86.62999725341797,0.0,1.0
12.120000000000001,0.01101840945467065,-1.1829052681443413,-0.23501552888363456,0.23501552888363456,-0.26277583837509155,0.26277583837509155,1.3387432458837734,-1.3387432458837734,4,1.0,3.33546318966918e-76,86.62999725341797,0.0,1.0
12.14,0.005403990040978711,-1.2212781391419187,-0.23501552888363456,0.23501552888363456,-0.26277583837509155,0.26277583837509155,1.3435947954592309,-1.3435947954592309,4,1.0,2.3729517440564462e-76,86.62999725341797,0.0,1.0
12.16,0.0,0,-0.23501552888363456,0.23501552888363456,-0.26277583837509155,0.26277583837509155,1.3466499405127523,-1.3466499405127523,5,1.0,1.6881913123973097e-76,86.62999725341797,0.0,1.0
12.18,0.012539741936487908,-0.5062148739192487,-0.23501552888363456,0.23501552888363456,-0.256775826215744,0.256775826215744,1.303067932123601,-1.303067932123601,5,1.0,1.2010315483204186e-76,86.62999725341797,0.0,1.0
12.200000000000001,0.007356091629760274,-1.490726021916471,-0.23424984408088131,0.23424984408088131,-0.2507758140563965,0.2507758140563965,1.2107303624312902,-1.2107303624312902,5,1.0,8.5445101480386e-77,86.62999725341797,0.0,1.0
12.22,0.0,0,-0.2321628917306977,0.2321628917306977,-0.24477581679821014,0.24477581679821014,1.0845519089431994,-1.0845519089431994,5,1.0,6.078828967651476e-77,86.62999725341797,0.0,1.0
12.24,4.7664142553560315e-05,-0.8237682718618414,-0.22976317780376346,0.22976317780376346,-0.2387758195400238,0.2387758195400238,0.9274079782206772,-0.9274079782206772,5,1.0,4.324667064318615e-77,86.62999725341797,0.0,1.0
12.26,0.0,0,-0.2269115207458779,0.2269115207458779,-0.23277582228183746,0.23277582228183746,0.8168056094259887,-0.8168056094259887,5,1.0,3.0767019958496873e-77,86.62999725341797,0.0,1.0
12.280000000000001,0.0,0,-0.2238140563897666,0.2238140563897666,-0.22677582502365112,0.22677582502365112,0.726906175529302,-0.726906175529302,5,1.0,2.188861022243086e-77,86.62999725341797,0.0,1.0
12.3,0.0,0,-0.22056061587341527,0.22056061587341527,-0.22077582776546478,0.22077582776546478,0.6480483600113648,-0.6480483600113648,5,1.0,1.55722347538306e-77,86.62999725341797,0.0,1.0
12.32,0.0,0,-0.21724006116842065,0.21724006116842065,-0.21477583050727844,0.21477583050727844,0.5760380662219448,-0.5760380662219448,5,1.0,1.1078569756791033e-77,86.62999725341797,0.0,1.0
12.34,0.0,0,-0.21385052437857113,0.21385052437857113,-0.2087758332490921,0.2087758332490921,0.5193133875180311,-0.5193133875180311,5,1.0,7.881637401201745e-78,86.62999725341797,0.0,1.0
12.36,0.0,0.0,-0.20996562559711085,0.20996562559711085,-0.20277583599090576,0.20277583599090576,0.4284994863605932,-0.4284994863605932,5,1.0,5.607240779970107e-78,86.62999725341797,0.0,1.0
12.38,0.0,0.0,-0.20560546574692357,0.20560546574692357,-0.19677583873271942,0.19677583873271942,0.35789313477874407,-0.35789313477874407,5,1.0,3.989164632182371e-78,86.62999725341797,0.0,1.0
12.4,0.0,0.0,-0.20195349241760996,0.20195349241760996,-0.19077584147453308,0.19077584147453308,0.035458730893129856,-0.035458730893129856,5,1.0,2.838015181994654e-78,86.62999725341797,0.0,1.0
12.42,0.0,0.0,-0.19741304933190446,0.19741304933190446,-0.18477584421634674,0.18477584421634674,0.010540823726910967,-0.010540823726910967,5,1.0,2.0190518356285116e-78,86.62999725341797,0.0,1.0
12.44,0.0,0.0,-0.19234205943140753,0.19234205943140753,-0.1787758469581604,0.1787758469581604,0.007152064243992007,-0.007152064243992007,5,1.0,1.4364159645156332e-78,86.62999725341797,0.0,1.0
12.46,0.0,0.0,-0.18697100761316168,0.18697100761316168,-0.17277584969997406,0.17277584969997406,0.004571853273958523,-0.004571853273958523,5,1.0,1.0219107735156756e-78,86.62999725341797,0.0,1.0
12.48,0.0,0.0,-0.18142649039977402,0.18142649039977402,-0.16677585244178772,0.16677585244178772,0.0024586582777357084,-0.0024586582777357084,5,1.0,7.270189519089272e-79,86.62999725341797,0.0,1.0
12.5,0.0,0.0,-0.1757756928438276,0.1757756928438276,-0.16077585518360138,0.16077585518360138,0.000631243537436179,-0.000631243537436179,5,1.0,5.172237832627636e-79,86.62999725341797,0.0,1.0
12.52,0.0,0.0,-0.17004544404337282,0.17004544404337282,-0.15477585792541504,0.15477585792541504,-0.0009827598570794696,0.0009827598570794696,5,1.0,3.6796900723182017e-79,86.62999725341797,0.0,1.0
12.540000000000001,0.0,0.0,-0.16426770427433918,0.16426770427433918,-0.1487758606672287,0.1487758606672287,-0.0024695390543606165,0.0024695390543606165,5,1.0,2.6178454020236695e-79,86.62999725341797,0.0,1.0
12.56,0.0,0.0,-0.1584508415439581,0.1584508415439581,-0.14277586340904236,0.14277586340904236,-0.0038516489211222645,0.0038516489211222645,5,1.0,1.8624162400120325e-79,86.62999725341797,0.0,1.0
12.58,0.0,0.0,-0.15260174248678315,0.15260174248678315,-0.13677586615085602,0.13677586615085602,-0.005147644426966899,0.005147644426966899,5,1.0,1.324980554000337e-79,86.62999725341797,0.0,1.0
12.6,0.0,0.0,-0.14673024949206875,0.14673024949206875,-0.13077586889266968,0.13077586889266968,-0.0063840446938977155,0.0063840446938977155,5,1.0,9.426321736045954e-80,86.62999725341797,0.0,1.0
12.620000000000001,0.0,0.0,-0.14084319543419954,0.14084319543419954,-0.12477587163448334,0.12477587163448334,-0.007579249469555106,0.007579249469555106,5,1.0,6.706177022989712e-80,86.62999725341797,0.0,1.0
12.64,0.0,0.0,-0.13494246466066692,0.13494246466066692,-0.118775874376297,0.118775874376297,-0.00873831421121363,0.00873831421121363,5,1.0,4.770981886996342e-80,86.62999725341797,0.0,1.0
12.66,0.0,0.0,-0.1290297133362583,0.1290297133362583,-0.11277587711811066,0.11277587711811066,-0.00986567789391644,0.00986567789391644,5,1.0,3.3942241739242695e-80,86.62999725341797,0.0,1.0
12.68,0.0,0.0,-0.12310639707455626,0.12310639707455626,-0.10677587985992432,0.10677587985992432,-0.0109652377116694,0.0109652377116694,5,1.0,2.4147561268787366e-80,86.62999725341797,0.0,1.0
12.700000000000001,0.0,0.0,-0.11717379522343621,0.11717379522343621,-0.10077588260173798,0.10077588260173798,-0.012040414726692126,0.012040414726692126,5,1.0,1.7179322441619313e-80,86.62999725341797,0.0,1.0
12.72,0.0,0.0,-0.11123303220974173,0.11123303220974173,-0.09477588534355164,0.09477588534355164,-0.013094211563396001,0.013094211563396001,5,1.0,1.2221901676448076e-80,86.62999725341797,0.0,1.0
12.74,0.0,0.0,-0.10528509629925331,0.10528509629925331,-0.0887758880853653,0.0887758880853653,-0.014129263111204656,0.014129263111204656,5,1.0,8.695039114399688e-81,86.62999725341797,0.0,1.0
12.76,0.0,0.0,-0.09933139559030753,0.09933139559030753,-0.08277589082717896,0.08277589082717896,-0.014756479331197446,0.014756479331197446,5,1.0,6.18591993311735e-81,86.62999725341797,0.0,1.0
12.780000000000001,0.0,0.0,-0.09337480134703421,0.09337480134703421,-0.07677589356899261,0.07677589356899261,-0.013793960850430746,0.013793960850430746,5,1.0,4.400854891563123e-81,86.62999725341797,0.0,1.0
12.8,0.0,0.0,-0.08741549441532884,0.08741549441532884,-0.07077589631080627,0.07077589631080627,-0.012948085323910265,0.012948085323910265,5,1.0,3.1309043741267674e-81,86.62999725341797,0.0,1.0
12.82,0.0,0.0,-0.0814536443382184,0.0814536443382184,-0.06477589905261993,0.06477589905261993,-0.012211562609877198,0.012211562609877198,5,1.0,2.227422271686033e-81,86.62999725341797,0.0,1.0
12.84,0.0,0.0,-0.07548941006229072,0.07548941006229072,-0.058775898069143295,0.058775898069143295,-0.011577556116024866,0.011577556116024866,5,1.0,1.5846571416882522e-81,86.62999725341797,0.0,1.0
12.86,0.0,0.0,-0.06952294036714123,0.06952294036714123,-0.052775897085666656,0.052775897085666656,-0.011039505479845522,0.011039505479845522,5,1.0,1.1273741349469365e-81,86.62999725341797,0.0,1.0
12.88,0.0,0.0,-0.06355437496647129,0.06355437496647129,-0.04677589610219002,0.04677589610219002,-0.010591556273186533,0.010591556273186533,5,1.0,8.020488512696775e-82,86.62999725341797,0.0,1.0
12.9,0.0,0.0,-0.057583844841875974,0.057583844841875974,-0.04077589511871338,0.04077589511871338,-0.010228068884843112,0.010228068884843112,5,1.0,5.706023758060472e-82,86.62999725341797,0.0,1.0
12.92,0.0,0.0,-0.05161147278860058,0.05161147278860058,-0.03477589413523674,0.03477589413523674,-0.00994375410953982,0.00994375410953982,5,1.0,4.059441900079869e-82,86.62999725341797,0.0,1.0
12.94,0.0,0.0,-0.045637373927187606,0.045637373927187606,-0.0287758931517601,0.0287758931517601,-0.009733651250767451,0.009733651250767451,5,1.0,2.8880126054234015e-82,86.62999725341797,0.0,1.0
12.96,0.0,0.0,-0.039661656183145655,0.039661656183145655,-0.022775892168283463,0.022775892168283463,-0.009593107592093282,0.009593107592093282,5,1.0,2.0546215500510957e-82,86.62999725341797,0.0,1.0
12.98,0.0,0.0,-0.033684420736639034,0.033684420736639034,-0.016775891184806824,0.016775891184806824,-0.009517759151392184,0.009517759151392184,5,1.0,1.4617213602208193e-82,86.62999725341797,0.0,1.0
13.0,0.0,0.0,-0.027705762444071788,0.027705762444071788,-0.01077589113265276,0.01077589113265276,-0.009503512637833469,0.009503512637833469,5,1.0,1.0399138152097486e-82,86.62999725341797,0.0,1.0
13.02,0.0,0.0,-0.021725770291530368,0.021725770291530368,-0.004775891080498695,0.004775891080498695,-0.00954656578062375,0.00954656578062375,5,1.0,7.398268729552716e-83,86.62999725341797,0.0,1.0
13.040000000000001,0.0,0.0,-0.015744527645263157,0.015744527645263157,0.0,0.0,-0.009643277401702888,0.009643277401702888,7,1.0,5.2633573469391536e-83,86.62999725341797,0.0,1.0
