time_s,tilt_deg,rate_dps,arm_l,arm_r,target_l,target_r,torque_l,torque_r,phase,committed,wheel_rad_s,setpoint,wheel_request,supported
0.0,87.16,0.0,0.0,0.0,0.0,0.0,0.0,0.0,1,0.0,0,87.16,0.0,0.0
0.02,87.16000017263333,1.446821230999795e-05,0.0,0.0,0.0,0.0,0.0,0.0,1,0.0,2.0628440259995123e-06,87.16000366210938,0.0,0.0
0.04,87.16000056696487,2.2997467071476222e-05,0.0,0.0,0.0,0.0,0.0,0.0,1,0.0,3.255716403168179e-06,87.16000366210938,0.0,0.0
0.06,87.16000107323974,2.650715203802784e-05,0.0,0.0,0.0,0.0,0.0,0.0,1,0.0,3.6966841096637045e-06,87.16000366210938,0.0,0.0
0.08,87.16000160692403,2.6432436050593786e-05,0.0,0.0,0.0,0.0,0.0,0.0,1,0.0,3.585172473653328e-06,87.16000366210938,0.0,0.0
0.1,87.16000211285686,2.4216120531679984e-05,0.0,0.0,0.0,0.0,0.0,0.0,1,0.0,3.1272247613130594e-06,87.16000366210938,0.0,0.0
0.12,87.16000256209274,2.104398093620345e-05,0.0,0.0,0.0,0.0,0.0,0.0,1,0.0,2.4955027126528377e-06,87.16000366210938,0.0,0.0
0.14,87.16000294550618,1.775248263097427e-05,0.0,0.0,0.0,0.0,0.0,0.0,1,0.0,1.8142861078423817e-06,87.16000366210938,0.0,0.0
0.16,87.16000326683795,1.4842239855409015e-05,0.0,0.0,0.0,0.0,0.0,0.0,1,0.0,1.1601035547087808e-06,87.16000366210938,0.0,0.0
0.18,87.1600035366764,1.2544282483421077e-05,0.0,0.0,0.0,0.0,0.0,0.0,1,0.0,5.704184400621915e-07,87.16000366210938,0.0,0.0
0.2,87.16000376799016,1.090239505109973e-05,0.0,0.0,0.0,0.0,0.0,0.0,1,0.0,5.5024637285261716e-08,87.16000366210938,0.0,0.0
0.22,87.1600039732655,9.849556792648988e-06,0.0,0.0,0.0,0.0,0.0,0.0,1,0.0,-3.931109157402502e-07,87.16000366210938,0.0,0.0
0.24,87.16000416299715,9.268000776321966e-06,0.0,0.0,0.0,0.0,0.0,0.0,1,0.0,-7.891727419819774e-07,87.16000366210938,0.0,0.0
0.26,87.16000434516492,9.03022564080154e-06,0.0,0.0,0.0,0.0,0.0,0.0,1,0.0,-1.1504616720834884e-06,87.16000366210938,0.0,0.0
0.28,87.16000452533214,9.022846448450725e-06,0.0,0.0,0.0,0.0,0.0,0.0,1,0.0,-1.4927940016605666e-06,87.16000366210938,0.0,0.0
0.3,87.16000434741233,-2.0984876050191714e-05,0.0,0.0,0.0,0.0,0.0,0.0,1,0.0,-6.126399953729747e-06,87.15999603271484,0.0,0.0
0.32,87.16000371128204,-3.85401005071035e-05,0.0,0.0,0.0,0.0,0.0,0.0,1,0.0,-8.950316851043533e-06,87.15999603271484,0.0,0.0
0.34,87.16000284672033,-4.559703955706594e-05,0.0,0.0,0.0,0.0,0.0,0.0,1,0.0,-1.0216388537419408e-05,87.15999603271484,0.0,0.0
0.36,87.16000193039672,-4.516659304859264e-05,0.0,0.0,0.0,0.0,0.0,0.0,1,0.0,-1.0343469786172665e-05,87.15999603271484,0.0,0.0
0.38,87.16000107751326,-4.026338408379226e-05,0.0,0.0,0.0,0.0,0.0,0.0,1,0.0,-9.762495280155498e-06,87.15999603271484,0.0,0.0
0.4,87.1600003485698,-3.335927698613103e-05,0.0,0.0,0.0,0.0,0.0,0.0,1,0.0,-8.83383177751618e-06,87.15999603271484,0.0,0.0
0.42,87.15999976279016,-2.6194792129324225e-05,0.0,0.0,0.0,0.0,0.0,0.0,1,0.0,-7.816549181083384e-06,87.15999603271484,0.0,0.0
0.44,87.15999931265188,-1.9809581667725795e-05,0.0,0.0,0.0,0.0,0.0,0.0,1,0.0,-6.870085673180549e-06,87.15999603271484,0.0,0.0
0.46,87.15999897643175,-1.4681875337483216e-05,0.0,0.0,0.0,0.0,0.0,0.0,1,0.0,-6.0725469179177404e-06,87.15999603271484,0.0,0.0
0.48,87.15999872750037,-1.0900641582688971e-05,0.0,0.0,0.0,0.0,0.0,0.0,2,0.0,-5.444540580760547e-06,87.15999603271484,0.0,0.0
0.5,87.15999854026722,-8.324962266785283e-06,0.0,0.0,-0.07999999821186066,0.07999999821186066,0.0,0.0,2,0.0,-4.971786283383682e-06,87.15999603271484,0.0,0.0
0.52,87.1599983933074,-6.709009668142218e-06,0.0,0.0,-0.1599999964237213,0.1599999964237213,0.0,0.0,2,0.0,-4.623170634436534e-06,87.15999603271484,0.0,0.0
0.54,87.1656973894129,0.4998421896874411,-0.006750000000000004,0.006750000000000004,-0.23999999463558197,0.23999999463558197,-0.11898750768865446,0.11898750768865446,2,0.0,-0.0016194813749026641,87.15999603271484,0.0,0.0
0.56,87.18054078486418,0.9144600602461205,-0.02550000000000001,0.02550000000000001,-0.265500009059906,0.265500009059906,-0.11617541452089794,0.11617541452089794,2,0.0,-0.012457814571193365,87.15999603271484,0.0,0.0
0.58,87.20222264950786,1.1958004434486622,-0.05624999999999999,0.05624999999999999,-0.29624998569488525,0.29624998569488525,-0.11156694875902465,0.11156694875902465,2,0.0,-0.03671719343257805,87.15999603271484,0.0,0.0
0.6,87.22785338761011,1.327377928685156,-0.09899999999999995,0.09899999999999995,-0.33899998664855957,0.33899998664855957,-0.10517424559040256,0.10517424559040256,2,0.0,-0.07388502926264635,87.15999603271484,0.0,0.0
0.62,87.25444507943449,1.31163906903956,-0.15375000000000025,0.15375000000000025,-0.39375001192092896,0.39375001192092896,-0.09702825531152595,0.09702825531152595,2,0.0,-0.12051573011920855,87.15999603271484,0.0,0.0
0.64,87.27834875249995,0.9307266875558418,-0.21953906083107064,0.21953906083107064,-0.4595390558242798,0.4595390558242798,0.15266696558317572,-0.15266696558317572,2,0.0,-0.17164609541295509,87.15999603271484,0.0,0.0
0.66,87.29108777316405,0.17080429761514426,-0.28919530415535016,0.28919530415535016,-0.5291953086853027,0.5291953086853027,0.16277715566118128,-0.16277715566118128,2,0.0,-0.2186867597786184,87.15999603271484,0.0,0.0
0.68,87.28807973285409,-0.6254442335812366,-0.35851097678393146,0.35851097678393146,-0.5985109806060791,0.5985109806060791,0.17263204067435733,-0.17263204067435733,2,0.0,-0.24891281212536978,87.15999603271484,0.0,0.0
0.7000000000000001,87.26984213312197,-1.3586211473551322,-0.4276223069950938,0.4276223069950938,-0.6676223278045654,0.6676223278045654,0.18220625768816878,-0.18220625768816878,2,0.0,-0.2537121334490971,87.15999603271484,0.0,0.0
0.72,87.23756374940726,-2.0365573369034657,-0.49673363720625613,0.49673363720625613,-0.736733615398407,0.736733615398407,0.1914834724724058,-0.1914834724724058,2,0.0,-0.2297355230709745,87.15999603271484,0.0,0.0
0.74,87.19231821847929,-2.663984661105778,-0.5658449674174181,0.5658449674174181,-0.8058449625968933,0.8058449625968933,0.20041939119590801,-0.20041939119590801,2,0.0,-0.1766160182690859,87.15999603271484,0.0,0.0
0.76,87.13496235129865,-3.255298120778224,-0.63495629762858,0.63495629762858,-0.8749563097953796,0.8749563097953796,0.2089713495370652,-0.2089713495370652,2,0.0,-0.09544471516196962,87.15999603271484,0.0,0.0
0.78,87.06602556734917,-3.827645870464788,-0.7040676278397419,0.7040676278397419,-0.944067656993866,0.944067656993866,0.21709851638355934,-0.21709851638355934,2,0.0,0.012237541010472627,87.15999603271484,0.0,0.0
0.8,86.98570501997203,-4.396829039458114,-0.7731789580509038,0.7731789580509038,-1.0131789445877075,1.0131789445877075,0.22476208877949444,-0.22476208877949444,2,0.0,0.14505165332918346,87.15999603271484,0.0,0.0
0.8200000000000001,86.89391707447474,-4.975378064425599,-0.8422902882620656,0.8422902882620656,-1.0822902917861938,1.0822902917861938,0.2319254771891438,-0.2319254771891438,2,0.0,0.30207901521308694,87.15999603271484,0.0,0.0
0.84,86.79036958923713,-5.572101371433862,-0.9114016184732275,0.9114016184732275,-1.1514016389846802,1.1514016389846802,0.23855448019277836,-0.23855448019277836,2,0.0,0.48294502796098976,87.15999603271484,0.0,0.0
0.86,86.67463276175751,-6.192485129536301,-0.9805129486843894,0.9805129486843894,-1.2205129861831665,1.2205129861831665,0.24461744778049394,-0.24461744778049394,2,0.0,0.6877753680648586,87.15999603271484,0.0,0.0
0.88,86.54619709192608,-6.83947233826534,-1.0496242788955508,1.0496242788955508,-1.2896243333816528,1.2896243333816528,0.25008543246439585,-0.25008543246439585,2,0.0,0.9170929489064147,87.15999603271484,0.0,0.0
0.9,86.40451463942594,-7.514308569780113,-1.1187356091067118,1.1187356091067118,-1.3587355613708496,1.3587355613708496,0.25493232748766026,-0.25493232748766026,2,0.0,1.1717014046101286,87.15999603271484,0.0,0.0
0.92,86.24902441246742,-8.217278613724831,-1.1878469393178728,1.1878469393178728,-1.427846908569336,1.427846908569336,0.2591349914705945,-0.2591349914705945,2,0.0,1.4525814826111212,87.15999603271484,0.0,0.0
0.9400000000000001,86.07916503256844,-8.948260212438553,-1.2569582695290338,1.2569582695290338,-1.4969582557678223,1.4969582557678223,0.2626733588985787,-0.2626733588985787,2,0.0,1.7608120124431994,87.15999603271484,0.0,0.0
0.96,85.89437849751232,-9.707087237986686,-1.3260695997401948,1.3260695997401948,-1.5660696029663086,1.5660696029663086,0.2655305359243664,-0.2655305359243664,2,0.0,2.0975173913706184,87.15999603271484,0.0,0.0
0.98,85.69410856980234,-10.493750738951269,-1.3951809299513558,1.3951809299513558,-1.635180950164795,1.635180950164795,0.26769288102733746,-0.26769288102733746,2,0.0,2.4638380831429383,87.15999603271484,0.0,0.0
1.0,85.47779656246301,-11.308480395465903,-1.4642922601625168,1.4642922601625168,-1.7042922973632812,1.7042922973632812,0.26915007014459924,-0.26915007014459924,2,0.0,2.8609183609390634,87.15999603271484,0.0,0.0
1.02,85.24487642534007,-12.151749080296428,-1.5334035903736778,1.5334035903736778,-1.75,1.75,0.2698951459629678,-0.2698951459629678,2,0.0,3.2899053173509065,87.15999603271484,0.0,0.0
1.04,84.99477025503967,-13.024236023313179,-1.6025149205848388,1.6025149205848388,-1.75,1.75,0.26992455113648667,-0.26992455113648667,9,1.0,3.7519540724651845,87.15999603271484,3.7519540786743164,0.0
1.06,84.68451386231993,-17.661917584000804,-1.6675012507959996,1.6675012507959996,-1.7899999618530273,1.7899999618530273,0.2692991582611542,-0.2692991582611542,9,1.0,3.751954074256948,87.15999603271484,3.7519540786743164,0.0
1.08,84.27333811115926,-22.857998212286216,-1.72086258100716,1.72086258100716,-1.8299999237060547,1.8299999237060547,0.26831417622902487,-0.26831417622902487,9,1.0,3.7519540755316645,87.15999603271484,3.7519540786743164,0.0
1.1,83.75455318432006,-28.3867876734206,-1.76222391121832,1.76222391121832,-1.850000023841858,1.850000023841858,0.2672600433797058,-0.2672600433797058,9,1.0,3.751954076438537,87.15999603271484,3.7519540786743164,0.0
1.12,83.12111130447335,-34.283780060964375,-1.7915852414294795,1.7915852414294795,-1.850000023841858,1.850000023841858,0.2663587471668841,-0.2663587471668841,9,1.0,3.751954077083714,87.15999603271484,3.7519540786743164,0.0
1.1400000000000001,82.37024892428364,-40.30775545430447,-1.8148496296473047,1.8148496296473047,-1.850000023841858,1.850000023841858,0.24553832112416976,-0.24553832112416976,10,1.0,3.7519540775427127,87.15999603271484,3.7519540786743164,0.0
1.16,81.49059893212863,-46.88723443463076,-1.8290250991130539,1.8290250991130539,-1.850000023841858,1.850000023841858,0.2046885796450921,-0.2046885796450921,10,1.0,3.7519540778692586,87.15999603271484,3.7519540786743164,0.0
1.18,80.91327366564342,-10.04930677140115,-1.8356859446767309,1.8356859446767309,-1.825685977935791,1.825685977935791,1.1321794507243583,-1.1321794507243583,10,1.0,3.7519540781015737,87.15999603271484,3.6919541358947754,0.0
1.2,80.96183625576973,9.573122943297015,-1.8386558612536312,1.8386558612536312,-1.8156859874725342,1.8156859874725342,0.6268102448933148,-0.6268102448933148,10,1.0,3.734639951749043,87.15999603271484,3.6319541931152344,0.0
1.22,81.11901123872613,4.863217137266042,-1.835748258578683,1.835748258578683,-1.8056859970092773,1.8056859970092773,0.11614416511849404,-0.11614416511849404,10,1.0,3.705008019880453,87.15999603271484,3.5719542503356934,0.0
1.24,81.1353895269732,-2.1803252804953144,-1.828014164658164,1.828014164658164,-1.7961297035217285,1.7961297035217285,0.1099984064226332,-0.1099984064226332,10,1.0,3.6666128199377876,87.15999603271484,3.5119543075561523,0.0
1.26,81.01064958114078,-9.254544342050977,-1.8193529674347195,1.8193529674347195,-1.7924522161483765,1.7924522161483765,0.10651533767280405,-0.10651533767280405,10,1.0,3.6219831598684387,87.15999603271484,3.4519543647766113,0.0
1.28,80.74357352096096,-16.423389779166133,-1.8103417924343486,1.8103417924343486,-1.7924522161483765,1.7924522161483765,0.10529139042648814,-0.10529139042648814,10,1.0,3.5729181119115285,87.15999603271484,3.3919544219970703,0.0
1.3,80.33300287357505,-23.6790539946073,-1.8031272746968408,1.8031272746968408,-1.7924522161483765,1.7924522161483765,0.11560524101350686,-0.11560524101350686,10,1.0,3.5206975917383603,87.15999603271484,3.3319544792175293,0.0
1.32,79.77545712778524,-31.171923040547686,-1.7988222314685547,1.7988222314685547,-1.7924522161483765,1.7924522161483765,0.12799802734094948,-0.12799802734094948,10,1.0,3.466232170970251,87.15999603271484,3.2719545364379883,0.0
1.34,79.11897962304668,-28.883072067501846,-1.7956378943317461,1.7956378943317461,-1.7924522161483765,1.7924522161483765,0.7919622227164613,-0.7919622227164613,10,1.0,3.4101696584403447,87.15999603271484,3.2119545936584473,0.0
1.36,78.70078330929147,-15.221483577896006,-1.7921565489699878,1.7921565489699878,-1.7924522161483765,1.7924522161483765,0.6356359934511003,-0.6356359934511003,10,1.0,3.3529709254019,87.15999603271484,3.1519546508789062,0.0
1.3800000000000001,78.51245113838677,-5.503594097739057,-1.7904230643666976,1.7904230643666976,-1.7888317108154297,1.7888317108154297,0.5401242259952841,-0.5401242259952841,10,1.0,3.294963849928223,87.15999603271484,3.0919547080993652,0.0
1.4000000000000001,78.47177431570911,0.1423001049290341,-1.7897933689064138,1.7897933689064138,-1.7797141075134277,1.7797141075134277,0.4525008981617316,-0.4525008981617316,10,1.0,3.236381694628325,87.15999603271484,3.031954765319824,0.0
1.42,78.47019691332139,-0.05682525294568465,-1.788547222022235,1.788547222022235,-1.769803524017334,1.769803524017334,0.3537003097580569,-0.3537003097580569,10,1.0,3.177390409741619,87.15999603271484,2.971954822540283,0.0
1.44,78.39147598957081,-6.331466313096975,-1.7850145647663225,1.7850145647663225,-1.7850145101547241,1.7850145101547241,0.253074401762744,-0.253074401762744,3,1.0,3.1181080574045006,87.15999603271484,2.911954879760742,1.0
1.46,78.1713106028767,-13.912897841756708,-1.7791192383457473,1.7791192383457473,-1.7850145101547241,1.7850145101547241,0.23281588458834146,-0.23281588458834146,3,1.0,3.0586186306747654,87.15999603271484,2.851954936981201,1.0
1.48,77.98685342903703,-4.393173692318224,-1.7786770707940125,1.7786770707940125,-1.781814455986023,1.781814455986023,0.6022082948245888,-0.6022082948245888,3,1.0,2.9989818848132734,87.15999603271484,2.79195499420166,1.0
1.5,77.98097496937204,2.1358282500702375,-1.779653006386981,1.779653006386981,-1.7786144018173218,1.7786144018173218,0.47085138385534475,-0.47085138385534475,3,1.0,2.9392403315619973,87.15999603271484,2.731955051422119,1.0
1.52,78.0215321376391,2.003080830844764,-1.779618868682277,1.779618868682277,-1.7754143476486206,1.7754143476486206,0.3563902328044603,-0.3563902328044603,3,1.0,2.8794242150898905,87.15999603271484,2.671955108642578,1.0
1.54,78.02437054476722,-0.8095187393343186,-1.778605755934564,1.778605755934564,-1.7722142934799194,1.7722142934799194,0.31826375469695856,-0.31826375469695856,3,1.0,2.819555052034791,87.15999603271484,2.611955165863037,1.0
1.56,77.96362268322008,-4.038447795052665,-1.776764717529833,1.776764717529833,-1.7690142393112183,1.7690142393112183,0.321905448348014,-0.321905448348014,3,1.0,2.7596481499987857,87.15999603271484,2.551955223083496,1.0
1.58,77.84450966778806,-6.621791743944342,-1.774310557659273,1.774310557659273,-1.765814185142517,1.765814185142517,0.3427241427817589,-0.3427241427817589,3,1.0,2.699714399283761,87.15999603271484,2.491955280303955,1.0
1.6,77.68415128743575,-8.268618858744734,-1.7714536587589527,1.7714536587589527,-1.762614130973816,1.762614130973816,0.3661056150846077,-0.3661056150846077,3,1.0,2.639761547587528,87.15999603271484,2.431955337524414,1.0
1.62,77.50046812094223,-9.088741230718727,-1.7683638054054915,1.7683638054054915,-1.7594140768051147,1.7594140768051147,0.38521509356533795,-0.38521509356533795,3,1.0,2.5797951068620977,87.15999603271484,2.371955394744873,1.0
1.6400000000000001,77.30728674868512,-9.335402446441902,-1.7651605166978481,1.7651605166978481,-1.7562140226364136,1.7562140226364136,0.3981592947614592,-0.3981592947614592,3,1.0,2.5198189984807233,87.15999603271484,2.311955451965332,1.0
1.6600000000000001,77.11312745482357,-9.264210375735727,-1.7619152652089043,1.7619152652089043,-1.7530139684677124,1.7530139684677124,0.40570873163605015,-0.40570873163605015,3,1.0,2.4598360122297,87.15999603271484,2.251955509185791,1.0
1.68,76.92207331677095,-9.06609999724715,-1.7586647780451987,1.7586647780451987,-1.7498139142990112,1.7498139142990112,0.4095525563524244,-0.4095525563524244,3,1.0,2.3998481328493426,87.15999603271484,2.19195556640625,1.0
1.7,76.7352469811115,-8.856558124724966,-1.7554235262015359,1.7554235262015359,-1.74661386013031,1.74661386013031,0.4113483980001241,-0.4113483980001241,3,1.0,2.339856772345338,87.15999603271484,2.131955623626709,1.0
1.72,76.55218505112782,-8.689656514656525,-1.7521938522162492,1.7521938522162492,-1.7434138059616089,1.7434138059616089,0.41232903298176404,-0.41232903298176404,3,1.0,2.279862935262231,87.15999603271484,2.071955680847168,1.0
1.74,76.37182995400508,-8.579250624230111,-1.748972909054918,1.748972909054918,-1.7402137517929077,1.7402137517929077,0.4132376823208198,-0.4132376823208198,3,1.0,2.219867336264101,87.15999603271484,2.011955738067627,1.0
1.76,76.19311164561095,-8.518089010052178,-1.745756686980676,1.745756686980676,-1.7370136976242065,1.7370136976242065,0.4144205774169354,-0.4144205774169354,3,1.0,2.1598704837850926,87.15999603271484,1.951955795288086,1.0
1.78,76.01520764862532,-8.491335409099937,-1.7425418934629415,1.7425418934629415,-1.7338136434555054,1.7338136434555054,0.4159648146793099,-0.4159648146793099,3,1.0,2.099872739540994,87.15999603271484,1.891955852508545,1.0
1.8,75.83759864914569,-8.484350519521648,-1.7393265021403426,1.7393265021403426,-1.7306135892868042,1.7306135892868042,0.4178220422918511,-0.4178220422918511,3,1.0,2.039874360867611,87.15999603271484,1.831955909729004,1.0
1.82,75.66002072368165,-8.48606846087526,-1.7361096257925677,1.7361096257925677,-1.727413535118103,1.727413535118103,0.4198956951858215,-0.4198956951858215,3,1.0,1.9798755308415987,87.15999603271484,1.771955966949463,1.0
1.84,75.48238357382895,-8.489623729090319,-1.7328911482918163,1.7328911482918163,-1.7242134809494019,1.7242134809494019,0.4220910175123348,-0.4220910175123348,3,1.0,1.9198763797093576,87.15999603271484,1.7119560241699219,1.0
1.86,75.30469342111996,-8.491620570438261,-1.7296713547263571,1.7296713547263571,-1.7210134267807007,1.7210134267807007,0.424336629711365,-0.424336629711365,3,1.0,1.8598770001322067,87.15999603271484,1.6519560813903809,1.0
1.8800000000000001,75.12699639525431,-8.490982908986156,-1.7264506589882431,1.7264506589882431,-1.7178133726119995,1.7178133726119995,0.42658839534529736,-0.42658839534529736,3,1.0,1.7998774580322765,87.15999603271484,1.5919561386108398,1.0
1.9000000000000001,74.94934442730836,-8.487896954695094,-1.7232294451665011,1.7232294451665011,-1.7146133184432983,1.7146133184432983,0.4288245907075838,-0.4288245907075838,3,1.0,1.739877800308612,87.15999603271484,1.5319561958312988,1.0
1.92,74.77177912251727,-8.483048296071134,-1.7200080002540155,1.7200080002540155,-1.7114132642745972,1.7114132642745972,0.4310384248121779,-0.4310384248121779,3,1.0,1.6798780603266437,87.15999603271484,1.4719562530517578,1.0
1.94,74.59432731777063,-8.47717078089003,-1.7167865049871072,1.7167865049871072,-1.708213210105896,1.708213210105896,0.433231197745104,-0.433231197745104,3,1.0,1.6198782618235723,87.15999603271484,1.4119563102722168,1.0
1.96,74.41700277163744,-8.470839658576729,-1.7135650535001723,1.7135650535001723,-1.7050131559371948,1.7050131559371948,0.4354073821493734,-0.4354073821493734,3,1.0,1.5598784216867772,87.15999603271484,1.3519563674926758,1.0
1.98,74.23981009592488,-8.46442069814952,-1.7103436815610358,1.7103436815610358,-1.7018131017684937,1.7018131017684937,0.4375717260303851,-0.4375717260303851,3,1.0,1.499878551930462,87.15999603271484,1.2919564247131348,1.0
2.0,74.0627486992064,-8.45809923677643,-1.707122392195534,1.707122392195534,-1.6986130475997925,1.6986130475997925,0.43972793272456673,-0.43972793272456673,3,1.0,1.439878661101904,87.15999603271484,1.2319564819335938,1.0
2.02,73.88581577343268,-8.451936801235039,-1.7039011742738466,1.7039011742738466,-1.6954129934310913,1.6954129934310913,0.4418783442851949,-0.4418783442851949,3,1.0,1.3798787552819003,87.15999603271484,1.1719565391540527,1.0
2.04,73.7090081365228,-8.445925901531137,-1.7006800137201523,1.7006800137201523,-1.6922129392623901,1.6922129392623901,0.44402413646447914,-0.44402413646447914,3,1.0,1.3198788387965181,87.15999603271484,1.1119565963745117,1.0
2.06,73.53232312835569,-8.44003068714077,-1.6974588989135446,1.6974588989135446,-1.689012885093689,1.689012885093689,0.44616568793940947,-0.44616568793940947,3,1.0,1.2598789147234555,87.15999603271484,1.0519566535949707,1.0
2.08,73.35575887641983,-8.434211561712532,-1.6942378223254342,1.6942378223254342,-1.6858128309249878,1.6858128309249878,0.4483029351697208,-0.4483029351697208,3,1.0,1.199878985252282,87.15999603271484,0.9919566512107849,1.0
2.1,73.17931422097114,-8.428436908365875,-1.6910167801638987,1.6910167801638987,-1.6826127767562866,1.6826127767562866,0.4504356365232581,-0.4504356365232581,3,1.0,1.1398790347406695,87.15999603271484,0.9319566488265991,1.0
2.12,73.002988512662,-8.422686022899757,-1.6877957712732805,1.6877957712732805,-1.6794127225875854,1.6794127225875854,0.45256352504890685,-0.45256352504890685,3,1.0,1.079879069260238,87.15999603271484,0.8719566464424133,1.0
2.14,72.82678140136525,-8.416948041036026,-1.6845747959940516,1.6845747959940516,-1.6762126684188843,1.6762126684188843,0.4546863866688261,-0.4546863866688261,3,1.0,1.019879093130525,87.15999603271484,0.8119566440582275,1.0
2.16,72.65069267157094,-8.41121898775949,-1.6813538552812672,1.6813538552812672,-1.673012614250183,1.673012614250183,0.4568040798792977,-0.4568040798792977,3,1.0,0.959879109424584,87.15999603271484,0.7519566416740417,1.0
2.18,72.47472213855745,-8.405498831239674,-1.6781329501620184,1.6781329501620184,-1.669812560081482,1.669812560081482,0.45891652679608524,-0.45891652679608524,3,1.0,0.8998791203286796,87.15999603271484,0.691956639289856,1.0
2.2,72.29886959604504,-8.399789250794084,-1.674912081475741,1.674912081475741,-1.6666125059127808,1.6666125059127808,0.46102369390492437,-0.46102369390492437,3,1.0,0.8398791273981885,87.15999603271484,0.6319566369056702,1.0
2.22,72.12313479884426,-8.394092254942779,-1.6716912498028342,1.6716912498028342,-1.6634124517440796,1.6634124517440796,0.46312557299351576,-0.46312557299351576,3,1.0,0.7798791317396536,87.15999603271484,0.5719566345214844,1.0
2.24,71.94751746487199,-8.388409503022888,-1.6684704554939003,1.6684704554939003,-1.6602123975753784,1.6602123975753784,0.46522216677112294,-0.46522216677112294,3,1.0,0.7198791341403041,87.15999603271484,0.5119566321372986,1.0
2.2600000000000002,71.77201728506375,-8.382742096335468,-1.6652496987365288,1.6652496987365288,-1.6570123434066772,1.6570123434066772,0.46731348000459716,-0.46731348000459716,3,1.0,0.6598791351601989,87.15999603271484,0.4519566297531128,1.0
2.2800000000000002,71.59663393429443,-8.377090623473672,-1.6620289796227568,1.6620289796227568,-1.653812289237976,1.653812289237976,0.46939951520244644,-0.46939951520244644,3,1.0,0.5998791351977814,87.15999603271484,0.391956627368927,1.0
2.3000000000000003,71.4213670800775,-8.37145530476642,-1.658808298200809,1.658808298200809,-1.650612235069275,1.650612235069275,0.47148027131043935,-0.47148027131043935,3,1.0,0.5398791345365166,87.15999603271484,0.3319566249847412,1.0
2.32,71.24621638818432,-8.36583614454551,-1.6555876545076764,1.6555876545076764,-1.6474121809005737,1.6474121809005737,0.47355574403370143,-0.47355574403370143,3,1.0,0.4798791333780701,87.15999603271484,0.2719566226005554,1.0
2.34,71.07118152555991,-8.360233049722243,-1.6523670485856083,1.6523670485856083,-1.6442121267318726,1.6442121267318726,0.475625926787695,-0.475625926787695,3,1.0,0.4198791318659131,87.15999603271484,0.21195662021636963,1.0
2.36,70.89626216135706,-8.354645904940009,-1.6491464804876999,1.6491464804876999,-1.6410120725631714,1.6410120725631714,0.4776908116805559,-0.4776908116805559,3,1.0,0.35987913010211553,87.15999603271484,0.15195661783218384,1.0
2.38,70.72145796690265,-8.349074610565857,-1.6459259502774435,1.6459259502774435,-1.6378120183944702,1.6378120183944702,0.47975039028403244,-0.47975039028403244,3,1.0,0.2998791281592932,87.15999603271484,0.09195661544799805,1.0
2.4,70.54676861520963,-8.343519095329462,-1.6427054580258065,1.6427054580258065,-1.634611964225769,1.634611964225769,0.4818046541123106,-0.4818046541123106,3,1.0,0.23987912608910694,87.15999603271484,0.031956616789102554,1.0
2.42,70.37219378047767,-8.337979310068803,-1.639485003808201,1.639485003808201,-1.6314119100570679,1.6314119100570679,0.4838535947432885,-0.4838535947432885,3,1.0,0.17987912500331368,87.15999603271484,0.0,1.0
2.44,70.19823597005761,-8.296298456863218,-1.6362663950924419,1.6362663950924419,-1.6282118558883667,1.6282118558883667,0.484977970109781,-0.484977970109781,3,1.0,0.1279715766967575,87.15999603271484,0.0,1.0
2.46,70.02568442393599,-8.217256996295642,-1.6330535485561224,1.6330535485561224,-1.6250118017196655,1.6250118017196655,0.4847803359612077,-0.4847803359612077,3,1.0,0.09104294031868564,87.15999603271484,0.0,1.0
2.48,69.85452702374185,-8.159749073767436,-1.6298474315297686,1.6298474315297686,-1.6218117475509644,1.6218117475509644,0.48438589284651534,-0.48438589284651534,3,1.0,0.06477076547640735,87.15999603271484,0.0,1.0
2.5,69.68411749294785,-8.13840537056586,-1.626644898459691,1.626644898459691,-1.6186116933822632,1.6186116933822632,0.4843879046720187,-0.4843879046720187,3,1.0,0.04607992718287382,87.15999603271484,0.0,1.0
2.52,69.51378522563834,-8.146750443084048,-1.6234424075988456,1.6234424075988456,-1.615411639213562,1.615411639213562,0.48497714160716976,-0.48497714160716976,3,1.0,0.03278268634871058,87.15999603271484,0.0,1.0
2.54,69.34307913555985,-8.171876923890753,-1.620237537481051,1.620237537481051,-1.6122115850448608,1.6122115850448608,0.4861142285560989,-0.4861142285560989,3,1.0,0.023322617676300547,87.15999603271484,0.0,1.0
2.56,69.17180093329803,-8.202047733251144,-1.6170292277773204,1.6170292277773204,-1.6090115308761597,1.6090115308761597,0.4876630273916921,-0.4876630273916921,3,1.0,0.016592432038330544,87.15999603271484,0.0,1.0
2.58,68.9999444268893,-8.229474258841817,-1.6138174578208055,1.6138174578208055,-1.6058114767074585,1.6058114767074585,0.48947397178163665,-0.48947397178163665,3,1.0,0.011804369679582535,87.15999603271484,0.0,1.0
2.6,68.82761272651256,-8.250393437305958,-1.6106027916640788,1.6106027916640788,-1.6026114225387573,1.6026114225387573,0.4914248274480514,-0.4914248274480514,3,1.0,0.008397993929422028,87.15999603271484,0.0,1.0
2.62,68.65494878599014,-8.264002699142326,-1.6073859969414335,1.6073859969414335,-1.5994113683700562,1.5994113683700562,0.49343266739589176,-0.49343266739589176,3,1.0,0.005974592795123595,87.15999603271484,0.0,1.0
2.64,68.48209060456973,-8.271192954637337,-1.604167802234389,1.604167802234389,-1.596211314201355,1.596211314201355,0.4954501715044485,-0.4954501715044485,3,1.0,0.004250510225124616,87.15999603271484,0.0,1.0
2.66,68.30914943239776,-8.273526559325553,-1.6009487826121986,1.6009487826121986,-1.5930112600326538,1.5930112600326538,0.4974558335870166,-0.4974558335870166,3,1.0,0.003023944525329808,87.15999603271484,0.0,1.0
2.68,68.13620426201014,-8.272587409650939,-1.597729334634188,1.597729334634188,-1.5898112058639526,1.5898112058639526,0.49944377126973616,-0.49944377126973616,3,1.0,0.0021513277248977865,87.15999603271484,0.0,1.0
2.7,67.96330544467504,-8.269662775770598,-1.5945097002658652,1.5945097002658652,-1.5866111516952515,1.5866111516952515,0.5014157447351761,-0.5014157447351761,3,1.0,0.0015305211260147403,87.15999603271484,0.0,1.0
2.72,67.79048190282082,-8.265655127621402,-1.5912900089116848,1.5912900089116848,-1.5834110975265503,1.5834110975265503,0.5033760049864254,-0.5033760049864254,3,1.0,0.0010888600979140559,87.15999603271484,0.0,1.0
2.74,67.61774852082932,-8.261121400000214,-1.5880703189300027,1.5880703189300027,-1.5802110433578491,1.5802110433578491,0.5053285723758312,-0.5053285723758312,3,1.0,0.0007746487733342072,87.15999603271484,0.0,1.0
2.7600000000000002,67.44511208438642,-8.256362467436565,-1.5848506500911728,1.5848506500911728,-1.577010989189148,1.577010989189148,0.5072761954544103,-0.5072761954544103,3,1.0,0.0005511091123439775,87.15999603271484,0.0,1.0
2.7800000000000002,67.27257533948973,-8.251515875319766,-1.581631005083854,1.581631005083854,-1.5738109350204468,1.5738109350204468,0.5092202666126775,-0.5092202666126775,3,1.0,0.0003920760790742673,87.15999603271484,0.0,1.0
2.8000000000000003,67.10013938812853,-8.246629777396441,-1.5784113816421546,1.5784113816421546,-1.5706108808517456,1.5706108808517456,0.5111611555206022,-0.5111611555206022,3,1.0,0.00027893505721296024,87.15999603271484,0.0,1.0
2.82,66.92780487996065,-8.241712440757992,-1.5751917780716005,1.5751917780716005,-1.5674108266830444,1.5674108266830444,0.5130986303935953,-0.5130986303935953,3,1.0,0.00019844303260250568,87.15999603271484,0.0,1.0
2.84,66.75557246354714,-8.236760344218059,-1.5719721948561478,1.5719721948561478,-1.5642107725143433,1.5642107725143433,0.515032206413059,-0.515032206413059,3,1.0,0.0001411785151065243,87.15999603271484,0.0,1.0
2.86,66.58344285772147,-8.231771044841986,-1.5687526343738651,1.5687526343738651,-1.561010718345642,1.561010718345642,0.5169613719853358,-0.5169613719853358,3,1.0,0.00010043876505156498,87.15999603271484,0.0,1.0
2.88,66.41141677709513,-8.226746944234513,-1.5655330999991244,1.5655330999991244,-1.557810664176941,1.557810664176941,0.518885702979939,-0.518885702979939,3,1.0,7.145524598747725e-05,87.15999603271484,0.0,1.0
2.9,66.23949483810759,-8.22169464481416,-1.562313595252165,1.562313595252165,-1.5546106100082397,1.5546106100082397,0.5208048978210957,-0.5208048978210957,3,1.0,5.083547349979416e-05,87.15999603271484,0.0,1.0
2.92,66.06767749767212,-8.216622871178028,-1.5590941232417799,1.5590941232417799,-1.5514105558395386,1.5514105558395386,0.5227187677819407,-0.5227187677819407,3,1.0,3.616592918035957e-05,87.15999603271484,0.0,1.0
2.94,65.89596503375215,-8.21154050171463,-1.5558746864162363,1.5558746864162363,-1.5482105016708374,1.5482105016708374,0.524627208832358,-0.524627208832358,3,1.0,2.572956133641758e-05,87.15999603271484,0.0,1.0
2.96,65.72435755796938,-8.206455286882361,-1.5526552865401524,1.5526552865401524,-1.5450104475021362,1.5450104475021362,0.5265301713586171,-0.5265301713586171,3,1.0,1.830480625184624e-05,87.15999603271484,0.0,1.0
2.98,65.55285504551487,-8.201373289993393,-1.5494359247971468,1.5494359247971468,-1.541810393333435,1.541810393333435,0.528427635613121,-0.528427635613121,3,1.0,1.3022605692207329e-05,87.15999603271484,0.0,1.0
3.0,65.38145736989978,-8.196298857168285,-1.546216601937647,1.546216601937647,-1.5386103391647339,1.5386103391647339,0.5303195951103097,-0.5303195951103097,3,1.0,9.264684732601631e-06,87.15999603271484,0.0,1.0
3.02,65.21016433464199,-8.191234880706272,-1.542997318421326,1.542997318421326,-1.5354102849960327,1.5354102849960327,0.5322060471368292,-0.5322060471368292,3,1.0,6.591183456154605e-06,87.15999603271484,0.0,1.0
3.04,65.03897569826648,-8.186183165928185,-1.539778074530365,1.539778074530365,-1.5322102308273315,1.5322102308273315,0.5340869883863716,-0.5340869883863716,3,1.0,4.689171904556182e-06,87.15999603271484,0.0,1.0
3.06,64.86789119200593,-8.181144782419679,-1.5365588704480646,1.5365588704480646,-1.5290101766586304,1.5290101766586304,0.5359624136868254,-0.5359624136868254,3,1.0,3.3360220204380975e-06,87.15999603271484,0.0,1.0
3.08,64.6969105312317,-8.176120343681845,-1.533339706307246,1.533339706307246,-1.5258101224899292,1.5258101224899292,0.5378323162465641,-0.5378323162465641,3,1.0,2.373349313560988e-06,87.15999603271484,0.0,1.0
3.1,64.52603342224425,-8.171110202468839,-1.530120582216591,1.530120582216591,-1.522610068321228,1.522610068321228,0.5396966883961167,-0.5396966883961167,3,1.0,1.6884741556474192e-06,87.15999603271484,0.0,1.0
3.12,64.35525956601181,-8.166114572648189,-1.526901498272996,1.526901498272996,-1.5194100141525269,1.5194100141525269,0.5415555222996791,-0.5415555222996791,3,1.0,1.2012327717624042e-06,87.15999603271484,0.0,1.0
3.14,64.18458866011275,-8.161133597098384,-1.5236824545662702,1.5236824545662702,-1.5162099599838257,1.5162099599838257,0.5434088104382803,-0.5434088104382803,3,1.0,8.54594171388254e-07,87.15999603271484,0.0,1.0
3.16,64.01402039973674,-8.15616738113604,-1.5204634511803707,1.5204634511803707,-1.5130099058151245,1.5130099058151245,0.5452565458312167,-0.5452565458312167,3,1.0,6.079847427899106e-07,87.15999603271484,0.0,1.0
3.18,63.84355447825507,-8.151216006684214,-1.517244488193539,1.517244488193539,-1.5098098516464233,1.5098098516464233,0.5470987220803205,-0.5470987220803205,3,1.0,4.3253916284596173e-07,87.15999603271484,0.0,1.0
3.2,63.673190587621924,-8.146279537406272,-1.5140255656784272,1.5140255656784272,-1.5066097974777222,1.5066097974777222,0.548935333297699,-0.548935333297699,3,1.0,3.0772174732044955e-07,87.15999603271484,0.0,1.0
3.22,63.502928418716095,-8.141358020592076,-1.5108066837025413,1.5108066837025413,-1.503409743309021,1.503409743309021,0.5507663739994714,-0.5507663739994714,3,1.0,2.1892277487870635e-07,87.15999603271484,0.0,1.0
3.24,63.33276766165306,-8.136451488565093,-1.5075878423289641,1.5075878423289641,-1.5002096891403198,1.5002096891403198,0.5525918389940199,-0.5525918389940199,3,1.0,1.5574843759964495e-07,87.15999603271484,0.0,1.0
3.2600000000000002,63.162708006064676,-8.131559960512682,-1.5043690416171973,1.5043690416171973,-1.4970096349716187,1.4970096349716187,0.5544117232935049,-0.5544117232935049,3,1.0,1.1080425884502127e-07,87.15999603271484,0.0,1.0
3.2800000000000002,62.99274914133719,-8.126683444735407,-1.5011502816239792,1.5011502816239792,-1.4938095808029175,1.4938095808029175,0.5562260220518505,-0.5562260220518505,3,1.0,7.882957907901647e-08,87.15999603271484,0.0,1.0
3.3000000000000003,62.82289075680207,-8.121821941038304,-1.4979315624039786,1.4979315624039786,-1.4906095266342163,1.4906095266342163,0.5580347305245703,-0.5580347305245703,3,1.0,5.608180229305444e-08,87.15999603271484,0.0,1.0
3.3200000000000003,62.653132541880765,-8.11697544293107,-1.494712884010335,1.494712884010335,-1.4874094724655151,1.4874094724655151,0.5598378440468827,-0.5598378440468827,3,1.0,3.9898329855150196e-08,87.15999603271484,0.0,1.0
3.34,62.48347418618933,-8.112143939469881,-1.491494246495043,1.491494246495043,-1.484209418296814,1.484209418296814,0.5616353580249986,-0.5616353580249986,3,1.0,2.8384906692407032e-08,87.15999603271484,0.0,1.0
3.36,62.31391537961099,-8.107327416667445,-1.488275649909209,1.488275649909209,-1.4810093641281128,1.4810093641281128,0.5634272679299756,-0.5634272679299756,3,1.0,2.0193901119714442e-08,87.15999603271484,0.0,1.0
3.38,62.14445581234494,-8.10252585851426,-1.4850570943032149,1.4850570943032149,-1.4778093099594116,1.4778093099594116,0.565213569296488,-0.565213569296488,3,1.0,1.4366566247754797e-08,87.15999603271484,0.0,1.0
3.4,61.97509517493896,-8.097739247649393,-1.4818385797268188,1.4818385797268188,-1.4746092557907104,1.4746092557907104,0.5669942577219396,-0.5669942577219396,3,1.0,1.0220819866728455e-08,87.15999603271484,0.0,1.0
3.42,61.805833158311245,-8.092967565790492,-1.4786201062292157,1.4786201062292157,-1.4714092016220093,1.4714092016220093,0.56876932886834,-0.56876932886834,3,1.0,7.271407582478999e-09,87.15999603271484,0.0,1.0
3.44,61.63666945376557,-8.088210794019936,-1.4754016738590747,1.4754016738590747,-1.468209147453308,1.468209147453308,0.5705387784578962,-0.5705387784578962,3,1.0,5.173104400621544e-09,87.15999603271484,0.0,1.0
3.46,61.46760375300211,-8.083468912939999,-1.4721832826645656,1.4721832826645656,-1.465009093284607,1.465009093284607,0.5723026022758275,-0.5723026022758275,3,1.0,3.680306575608916e-09,87.15999603271484,0.0,1.0
3.48,61.29863574812591,-8.078741902779829,-1.4689649326933765,1.4689649326933765,-1.4618090391159058,1.4618090391159058,0.5740607961657985,-0.5740607961657985,3,1.0,2.618284001545154e-09,87.15999603271484,0.0,1.0
3.5,61.12976513165352,-8.074029743465866,-1.4657466239927297,1.4657466239927297,-1.4586089849472046,1.4586089849472046,0.5758133560326719,-0.5758133560326719,3,1.0,1.8627282732860533e-09,87.15999603271484,0.0,1.0
3.52,60.960991596518596,-8.069332414670459,-1.4625283566093938,1.4625283566093938,-1.4554089307785034,1.4554089307785034,0.5775602778387141,-0.5775602778387141,3,1.0,1.32520254412875e-09,87.15999603271484,0.0,1.0
3.54,60.79231483607662,-8.06464989584659,-1.4593101305896967,1.4593101305896967,-1.4522088766098022,1.4522088766098022,0.5793015576039202,-0.5793015576039202,3,1.0,9.427901042524326e-10,87.15999603271484,0.0,1.0
3.56,60.62373454410898,-8.059982166262126,-1.456091945979532,1.456091945979532,-1.449008822441101,1.449008822441101,0.5810371914053846,-0.5810371914053846,3,1.0,6.707300590497176e-10,87.15999603271484,0.0,1.0
3.58,60.455250414826445,-8.055329205020282,-1.4528738028243695,1.4528738028243695,-1.4458087682724,1.4458087682724,0.5827671753767247,-0.5827671753767247,3,1.0,4.771781227695008e-10,87.15999603271484,0.0,1.0
3.6,60.286862142872394,-8.05069099108213,-1.4496557011692595,1.4496557011692595,-1.4426087141036987,1.4426087141036987,0.5844915057079625,-0.5844915057079625,3,1.0,3.3947928496364983e-10,87.15999603271484,0.0,1.0
3.62,60.118569423325404,-8.046067503276864,-1.4464376410588407,1.4464376410588407,-1.4394086599349976,1.4394086599349976,0.5862101786442451,-0.5862101786442451,3,1.0,2.415160700380646e-10,87.15999603271484,0.0,1.0
3.64,59.95037195170199,-8.041458720317681,-1.443219622537344,1.443219622537344,-1.4362086057662964,1.4362086057662964,0.5879231904861348,-0.5879231904861348,3,1.0,1.7182200702725383e-10,87.15999603271484,0.0,1.0
3.66,59.78226942395872,-8.03686462080638,-1.4400016456485971,1.4400016456485971,-1.4330085515975952,1.4330085515975952,0.5896305375894771,-0.5896305375894771,3,1.0,1.2223949360479682e-10,87.15999603271484,0.0,1.0
3.68,59.614261536494496,-8.03228518324535,-1.4367837104360288,1.4367837104360288,-1.429808497428894,1.429808497428894,0.5913322163645698,-0.5913322163645698,3,1.0,8.696495900194574e-11,87.15999603271484,0.0,1.0
3.7,59.44634798615253,-8.027720386043312,-1.4335658169426713,1.4335658169426713,-1.4266084432601929,1.4266084432601929,0.5930282232751013,-0.5930282232751013,3,1.0,6.186956335618627e-11,87.15999603271484,0.0,1.0
3.72,59.278528470222255,-8.023170207511223,-1.4303479652111653,1.4303479652111653,-1.4234083890914917,1.4234083890914917,0.5947185548404621,-0.5947185548404621,3,1.0,4.401592220378674e-11,87.15999603271484,0.0,1.0
3.74,59.110802686441225,-8.01863462587528,-1.4271301552837627,1.4271301552837627,-1.4202083349227905,1.4202083349227905,0.5964032076319694,-0.5964032076319694,3,1.0,3.13142893266611e-11,87.15999603271484,0.0,1.0
3.7600000000000002,58.943170332996914,-8.014113619274715,-1.42391238720233,1.42391238720233,-1.4170082807540894,1.4170082807540894,0.5980821782753137,-0.5980821782753137,3,1.0,2.227795458865748e-11,87.15999603271484,0.0,1.0
3.7800000000000002,58.77563110852841,-8.009607165766726,-1.4206946610083517,1.4206946610083517,-1.4138082265853882,1.4138082265853882,0.5997554634490418,-0.5997554634490418,3,1.0,1.5849226385978592e-11,87.15999603271484,0.0,1.0
3.8000000000000003,58.608184712128114,-8.005115243327822,-1.4174769767429334,1.4174769767429334,-1.410608172416687,1.410608172416687,0.6014230598838399,-0.6014230598838399,3,1.0,1.1275630176654283e-11,87.15999603271484,0.0,1.0
3.8200000000000003,58.44083084334336,-8.000637829858944,-1.4142593344468037,1.4142593344468037,-1.4074081182479858,1.4074081182479858,0.6030849643638201,-0.6030849643638201,3,1.0,8.021832282814389e-12,87.15999603271484,0.0,1.0
3.84,58.27356920217795,-7.996174903186224,-1.4110417341603192,1.4110417341603192,-1.4042080640792847,1.4042080640792847,0.6047411737235431,-0.6047411737235431,3,1.0,5.706979757711159e-12,87.15999603271484,0.0,1.0
3.86,58.106399489093704,-7.99172644105711,-1.4078241759234662,1.4078241759234662,-1.4010080099105835,1.4010080099105835,0.6063916848520265,-0.6063916848520265,3,1.0,4.060122027819081e-12,87.15999603271484,0.0,1.0
3.88,57.93932140501196,-7.987292421156103,-1.4046066597758637,1.4046066597758637,-1.3978079557418823,1.3978079557418823,0.6080364946863974,-0.6080364946863974,3,1.0,2.8884964693466923e-12,87.15999603271484,0.0,1.0
3.9,57.77233465131505,-7.982872821094437,-1.4013891857567673,1.4013891857567673,-1.3946079015731812,1.3946079015731812,0.6096756002178114,-0.6096756002178114,3,1.0,2.0549657858214725e-12,87.15999603271484,0.0,1.0
3.92,57.60543892984759,-7.978467618416139,-1.3981717539050713,1.3981717539050713,-1.39140784740448,1.39140784740448,0.6113089984874012,-0.6113089984874012,3,1.0,1.4619662602017909e-12,87.15999603271484,0.0,1.0
3.94,57.43863394291795,-7.974076790601156,-1.3949543642593123,1.3949543642593123,-1.3882077932357788,1.3882077932357788,0.612936686586061,-0.612936686586061,3,1.0,1.0400880446357442e-12,87.15999603271484,0.0,1.0
3.96,57.271919393299505,-7.969700315069551,-1.3917370168576708,1.3917370168576708,-1.3850077390670776,1.3850077390670776,0.6145586616561465,-0.6145586616561465,3,1.0,7.399508251612389e-13,87.15999603271484,0.0,1.0
3.98,57.10529498423193,-7.965338169175333,-1.3885197117379753,1.3885197117379753,-1.3818076848983765,1.3818076848983765,0.6161749208896946,-0.6161749208896946,3,1.0,5.264239181294997e-13,87.15999603271484,0.0,1.0
4.0,56.93876041942246,-7.960990330216831,-1.385302448937705,1.385302448937705,-1.3786076307296753,1.3786076307296753,0.6177854615288514,-0.6177854615288514,3,1.0,3.7451426791561183e-13,87.15999603271484,0.0,1.0
4.0200000000000005,56.772315403047024,-7.95665677543381,-1.3820852284939917,1.3820852284939917,-1.3754075765609741,1.3754075765609741,0.6193902808644511,-0.6193902808644511,3,1.0,2.664410412253773e-13,87.15999603271484,0.0,1.0
4.04,56.60595963975153,-7.9523374820111625,-1.3788680504436241,1.3788680504436241,-1.372207522392273,1.372207522392273,0.6209893762372801,-0.6209893762372801,3,1.0,1.895544029453621e-13,87.15999603271484,0.0,1.0
4.0600000000000005,56.43969283465286,-7.948032427081037,-1.375650914823049,1.375650914823049,-1.3690074682235718,1.3690074682235718,0.6225827450365448,-0.6225827450365448,3,1.0,1.3485486886976798e-13,87.15999603271484,0.0,1.0
4.08,56.27351469333998,-7.943741587724124,-1.3724338216683747,1.3724338216683747,-1.3658074140548706,1.3658074140548706,0.6241703847003452,-0.6241703847003452,3,1.0,9.593992740503248e-14,87.15999603271484,0.0,1.0
4.1,56.10742492187511,-7.939464940967258,-1.3692167710153744,1.3692167710153744,-1.3626073598861694,1.3626073598861694,0.6257522927155091,-0.6257522927155091,3,1.0,6.825463364894776e-14,87.15999603271484,0.0,1.0
4.12,55.94142322679458,-7.93520246379312,-1.3659997628994884,1.3659997628994884,-1.3594073057174683,1.3594073057174683,0.6273284666159897,-0.6273284666159897,3,1.0,4.855845882480522e-14,87.15999603271484,0.0,1.0
4.14,55.775509315109915,-7.930954133136683,-1.3627827973558257,1.3627827973558257,-1.356207251548767,1.356207251548767,0.6288989039844572,-0.6288989039844572,3,1.0,3.454599046810144e-14,87.15999603271484,0.0,1.0
4.16,55.609682894308676,-7.926719925889204,-1.359565874419168,1.359565874419168,-1.353007197380066,1.353007197380066,0.6304636024510099,-0.6304636024510099,3,1.0,2.457708680022017e-14,87.15999603271484,0.0,1.0
4.18,55.44394367235548,-7.922499818898246,-1.3563489941239726,1.3563489941239726,-1.3498071432113647,1.3498071432113647,0.6320225596925911,-0.6320225596925911,3,1.0,1.748490019828205e-14,87.15999603271484,0.0,1.0
4.2,55.27829135769283,-7.918293788966129,-1.353132156504374,1.353132156504374,-1.3466070890426636,1.3466070890426636,0.6335757734336738,-0.6335757734336738,3,1.0,1.2439299150017439e-14,87.15999603271484,0.0,1.0
4.22,55.112725659241924,-7.914101812862684,-1.3499153615941863,1.3499153615941863,-1.3434070348739624,1.3434070348739624,0.635123241445215,-0.635123241445215,3,1.0,8.849702405440551e-15,87.15999603271484,0.0,1.0
4.24,54.947246286403505,-7.909923867312793,-1.346698609426908,1.346698609426908,-1.3402069807052612,1.3402069807052612,0.6366649615449502,-0.6366649615449502,3,1.0,6.295952185115708e-15,87.15999603271484,0.0,1.0
4.26,54.78185294905856,-7.9057599290127945,-1.343481900035721,1.343481900035721,-1.33700692653656,1.33700692653656,0.6382009315959342,-0.6382009315959342,3,1.0,4.479135241078197e-15,87.15999603271484,0.0,1.0
4.28,54.61654535756915,-7.9016099746138995,-1.3402652334534968,1.3402652334534968,-1.3338068723678589,1.3338068723678589,0.6397311495087301,-0.6397311495087301,3,1.0,3.1865954375096515e-15,87.15999603271484,0.0,1.0
4.3,54.45132322277904,-7.897473980744465,-1.337048609712796,1.337048609712796,-1.3306068181991577,1.3306068181991577,0.6412556132382401,-0.6412556132382401,3,1.0,2.2670426177873136e-15,87.15999603271484,0.0,1.0
4.32,54.28618625601441,-7.893351923992724,-1.333832028845873,1.333832028845873,-1.3274067640304565,1.3274067640304565,0.6427743207858627,-0.6427743207858627,3,1.0,1.612844282134698e-15,87.15999603271484,0.0,1.0
4.34,54.1211341690845,-7.889243780922106,-1.3306154908846777,1.3306154908846777,-1.3242067098617554,1.3242067098617554,0.644287270197249,-0.644287270197249,3,1.0,1.1474273390385072e-15,87.15999603271484,0.0,1.0
4.36,53.956166674282215,-7.885149528062403,-1.3273989958608579,1.3273989958608579,-1.3210066556930542,1.3210066556930542,0.6457944595641768,-0.6457944595641768,3,1.0,8.163153212971081e-16,87.15999603271484,0.0,1.0
4.38,53.79128348438464,-7.881069141923919,-1.3241825438057608,1.3241825438057608,-1.317806601524353,1.317806601524353,0.6472958870217735,-0.6472958870217735,3,1.0,5.807519841237089e-16,87.15999603271484,0.0,1.0
4.4,53.62648431265368,-7.877002598984741,-1.3209661347504373,1.3209661347504373,-1.3146065473556519,1.3146065473556519,0.6487915507509084,-0.6487915507509084,3,1.0,4.1316493549049773e-16,87.15999603271484,0.0,1.0
4.42,53.4617688728365,-7.872949875702801,-1.317749768725643,1.317749768725643,-1.3114064931869507,1.3114064931869507,0.6502814489758341,-0.6502814489758341,3,1.0,2.939383223570776e-16,87.15999603271484,0.0,1.0
4.44,53.29713687916607,-7.868910948509615,-1.3145334457618416,1.3145334457618416,-1.3082064390182495,1.3082064390182495,0.6517655799650433,-0.6517655799650433,3,1.0,2.091168197696204e-16,87.15999603271484,0.0,1.0
4.46,53.13258804636156,-7.864885793817382,-1.3113171658892067,1.3113171658892067,-1.3050063848495483,1.3050063848495483,0.6532439420309462,-0.6532439420309462,3,1.0,1.4877217764561063e-16,87.15999603271484,0.0,1.0
4.48,52.96812208962882,-7.860874388021507,-1.3081009291376235,1.3081009291376235,-1.3018063306808472,1.3018063306808472,0.6547165335289933,-0.6547165335289933,3,1.0,1.0584113160194751e-16,87.15999603271484,0.0,1.0
4.5,52.80373872466074,-7.856876707492691,-1.304884735536693,1.304884735536693,-1.298606276512146,1.298606276512146,0.6561833528581303,-0.6561833528581303,3,1.0,7.52986567519756e-17,87.15999603271484,0.0,1.0
4.5200000000000005,52.63943766763763,-7.852892728592666,-1.3016685851157317,1.3016685851157317,-1.2954062223434448,1.2954062223434448,0.6576443984604282,-0.6576443984604282,3,1.0,5.3569794869308737e-17,87.15999603271484,0.0,1.0
4.54,52.47521863522755,-7.848922427659266,-1.298452477903777,1.298452477903777,-1.2922061681747437,1.2922061681747437,0.6590996688208175,-0.6590996688208175,3,1.0,3.811121002851786e-17,87.15999603271484,0.0,1.0
4.5600000000000005,52.31108134458661,-7.844965781022157,-1.2952364139295864,1.2952364139295864,-1.2890061140060425,1.2890061140060425,0.6605491624663904,-0.6605491624663904,3,1.0,2.7113494337271532e-17,87.15999603271484,0.0,1.0
4.58,52.14702551335929,-7.841022764995,-1.292020393221642,1.292020393221642,-1.2858060598373413,1.2858060598373413,0.6619928779669282,-0.6619928779669282,3,1.0,1.9289379020691385e-17,87.15999603271484,0.0,1.0
4.6000000000000005,51.98305085967865,-7.837093355883058,-1.288804415808152,1.288804415808152,-1.2826060056686401,1.2826060056686401,0.6634308139334667,-0.6634308139334667,3,1.0,1.372306123200098e-17,87.15999603271484,0.0,1.0
4.62,51.8191571021666,-7.833177529977766,-1.2855884817170524,1.2855884817170524,-1.279405951499939,1.279405951499939,0.6648629690198398,-0.6648629690198398,3,1.0,9.763010482361201e-18,87.15999603271484,0.0,1.0
4.64,51.655343959934044,-7.829275263562675,-1.2823725909760104,1.2823725909760104,-1.2762058973312378,1.2762058973312378,0.6662893419215933,-0.6662893419215933,3,1.0,6.94570781746752e-18,87.15999603271484,0.0,1.0
4.66,51.491611152581115,-7.825386532916835,-1.279156743612425,1.279156743612425,-1.2730058431625366,1.2730058431625366,0.667709931374618,-0.667709931374618,3,1.0,4.9413915075467396e-18,87.15999603271484,0.0,1.0
4.68,51.32795840019723,-7.821511314308898,-1.2759409396534305,1.2759409396534305,-1.2698057889938354,1.2698057889938354,0.6691247361566472,-0.6691247361566472,3,1.0,3.515458852076773e-18,87.15999603271484,0.0,1.0
4.7,51.164385423361345,-7.817649584005818,-1.2727251791258982,1.2727251791258982,-1.2666057348251343,1.2666057348251343,0.6705337550864425,-0.6705337550864425,3,1.0,2.5010062290693825e-18,87.15999603271484,0.0,1.0
4.72,51.00089194314194,-7.81380131826774,-1.2695094620564389,1.2695094620564389,-1.263405680656433,1.263405680656433,0.6719369870229068,-0.6719369870229068,3,1.0,1.7792932362580966e-18,87.15999603271484,0.0,1.0
4.74,50.837477681097106,-7.809966493352189,-1.2662937884714047,1.2662937884714047,-1.260205626487732,1.260205626487732,0.6733344308663429,-0.6733344308663429,3,1.0,1.265844276514188e-18,87.15999603271484,0.0,1.0
4.76,50.674142359274626,-7.806145085519926,-1.2630781583968904,1.2630781583968904,-1.2570055723190308,1.2570055723190308,0.6747260855562499,-0.6747260855562499,3,1.0,9.005607955625907e-19,87.15999603271484,0.0,1.0
4.78,50.51088570021197,-7.802337071026436,-1.2598625718587368,1.2598625718587368,-1.2538055181503296,1.2538055181503296,0.6761119500731785,-0.6761119500731785,3,1.0,6.40686821871676e-19,87.15999603271484,0.0,1.0
4.8,50.34770742693626,-7.7985424261323235,-1.256647028882532,1.256647028882532,-1.2506054639816284,1.2506054639816284,0.6774920234363816,-0.6774920234363816,3,1.0,4.558044340178026e-19,87.15999603271484,0.0,1.0
4.82,50.18460726296429,-7.794761127096235,-1.2534315294936138,1.2534315294936138,-1.2474054098129272,1.2474054098129272,0.6788663047060408,-0.6788663047060408,3,1.0,3.242733812806617e-19,87.15999603271484,0.0,1.0
4.84,50.02158493230246,-7.790993150181956,-1.250216073717072,1.250216073717072,-1.244205355644226,1.244205355644226,0.6802347929807182,-0.6802347929807182,3,1.0,2.3069811954283523e-19,87.15999603271484,0.0,1.0
4.86,49.85864015944666,-7.7872384716603325,-1.2470006615777491,1.2470006615777491,-1.241005301475525,1.241005301475525,0.6815974873985289,-0.6815974873985289,3,1.0,1.6412578223476348e-19,87.15999603271484,0.0,1.0
4.88,49.69577266938224,-7.7834970678036175,-1.2437852931002447,1.2437852931002447,-1.2378052473068237,1.2378052473068237,0.6829543871367718,-0.6829543871367718,3,1.0,1.1676416109309195e-19,87.15999603271484,0.0,1.0
4.9,49.53298218758379,-7.779768914895354,-1.2405699683089146,1.2405699683089146,-1.2346051931381226,1.2346051931381226,0.6843054914104166,-0.6843054914104166,3,1.0,8.30696379943025e-20,87.15999603271484,0.0,1.0
4.92,49.37026844001509,-7.776053989220625,-1.2373546872278758,1.2373546872278758,-1.2314051389694214,1.2314051389694214,0.6856507994750746,-0.6856507994750746,3,1.0,5.909831143310224e-20,87.15999603271484,0.0,1.0
4.94,49.20763115312887,-7.77235226707888,-1.2341394498810057,1.2341394498810057,-1.2282050848007202,1.2282050848007202,0.6869903106228654,-0.6869903106228654,3,1.0,4.204436781683689e-20,87.15999603271484,0.0,1.0
4.96,49.04507005386667,-7.768663724779953,-1.2309242562919454,1.2309242562919454,-1.225005030632019,1.225005030632019,0.6883240241846016,-0.6883240241846016,3,1.0,2.9911664517157874e-20,87.15999603271484,0.0,1.0
4.98,48.882584869658565,-7.764988338641594,-1.227709106484102,1.227709106484102,-1.2218049764633179,1.2218049764633179,0.6896519395291704,-0.6896519395291704,3,1.0,2.1280083888637055e-20,87.15999603271484,0.0,1.0
5.0,48.72017532842295,-7.761326084994553,-1.2244940004806495,1.2244940004806495,-1.2186049222946167,1.2186049222946167,0.6909740560632356,-0.6909740560632356,3,1.0,1.5139310286382495e-20,87.15999603271484,0.0,1.0
5.0200000000000005,48.55784115856632,-7.7576769401818595,-1.2212789383045315,1.2212789383045315,-1.2154048681259155,1.2154048681259155,0.6922903732307781,-0.6922903732307781,3,1.0,1.0770573891851635e-20,87.15999603271484,0.0,1.0
5.04,48.39558208898297,-7.754040880564613,-1.2180639199784629,1.2180639199784629,-1.2122048139572144,1.2122048139572144,0.6936008905132299,-0.6936008905132299,3,1.0,7.662519610565115e-21,87.15999603271484,0.0,1.0
5.0600000000000005,48.23339784905466,-7.7504178825165075,-1.2148489455249307,1.2148489455249307,-1.2090047597885132,1.2090047597885132,0.6949056074290706,-0.6949056074290706,3,1.0,5.451353602124637e-21,87.15999603271484,0.0,1.0
5.08,48.071288168650334,-7.746807922424996,-1.211634014966198,1.211634014966198,-1.205804705619812,1.205804705619812,0.6962045235339501,-0.6962045235339501,3,1.0,3.878261669232528e-21,87.15999603271484,0.0,1.0
5.1000000000000005,47.90925277812578,-7.743210976698177,-1.2084191283243042,1.2084191283243042,-1.2026046514511108,1.2026046514511108,0.6974976384201164,-0.6974976384201164,3,1.0,2.7591153817606253e-21,87.15999603271484,0.0,1.0
5.12,47.74729140832324,-7.739627021763596,-1.205204285621067,1.205204285621067,-1.1994045972824097,1.1994045972824097,0.6987849517156794,-0.6987849517156794,3,1.0,1.9629200758324717e-21,87.15999603271484,0.0,1.0
5.14,47.58540379057103,-7.7360560340618,-1.201989486878084,1.201989486878084,-1.1962045431137085,1.1962045431137085,0.7000664630866975,-0.7000664630866975,3,1.0,1.3964820933466994e-21,87.15999603271484,0.0,1.0
5.16,47.42358965668318,-7.7324979900622814,-1.198774732116736,1.198774732116736,-1.1930044889450073,1.1930044889450073,0.7013421722338756,-0.7013421722338756,3,1.0,9.935005816326567e-22,87.15999603271484,0.0,1.0
5.18,47.26184873895895,-7.728952866246225,-1.195560021358187,1.195560021358187,-1.1898044347763062,1.1898044347763062,0.7026120788945875,-0.7026120788945875,3,1.0,7.068070621220475e-22,87.15999603271484,0.0,1.0
5.2,47.1001807701825,-7.725420639122431,-1.1923453546233873,1.1923453546233873,-1.186604380607605,1.186604380607605,0.703876182841638,-0.703876182841638,3,1.0,5.028444193204471e-22,87.15999603271484,0.0,1.0
5.22,46.93858548362228,-7.721901285221845,-1.189130731933074,1.189130731933074,-1.1834043264389038,1.1834043264389038,0.7051344838837726,-0.7051344838837726,3,1.0,3.5773908268909817e-22,87.15999603271484,0.0,1.0
5.24,46.77706261303066,-7.718394781099732,-1.1859161533077731,1.1859161533077731,-1.1802042722702026,1.1802042722702026,0.7063869818649743,-0.7063869818649743,3,1.0,2.5450665527160104e-22,87.15999603271484,0.0,1.0
5.26,46.615611892643386,-7.714901103333663,-1.1827016187678026,1.1827016187678026,-1.1770042181015015,1.1770042181015015,0.7076336766645166,-0.7076336766645166,3,1.0,1.8106391141453965e-22,87.15999603271484,0.0,1.0
5.28,46.45423305717909,-7.711420228528,-1.1794871283332717,1.1794871283332717,-1.1738041639328003,1.1738041639328003,0.7088745681964743,-0.7088745681964743,3,1.0,1.2881447041825339e-22,87.15999603271484,0.0,1.0
5.3,46.29292584183877,-7.707952133313375,-1.1762726820240852,1.1762726820240852,-1.1706041097640991,1.1706041097640991,0.7101096564098168,-0.7101096564098168,3,1.0,9.164260099929901e-23,87.15999603271484,0.0,1.0
5.32,46.13168998230518,-7.704496794349978,-1.1730582798599423,1.1730582798599423,-1.167404055595398,1.167404055595398,0.7113389412882808,-0.7113389412882808,3,1.0,6.519738264379532e-23,87.15999603271484,0.0,1.0
5.34,45.970525214742324,-7.70105418832167,-1.169843921860341,1.169843921860341,-1.1642040014266968,1.1642040014266968,0.7125624228502967,-0.7125624228502967,3,1.0,4.638343583934264e-23,87.15999603271484,0.0,1.0
5.36,45.80943127579485,-7.697624291944672,-1.1666296080445782,1.1666296080445782,-1.1610039472579956,1.1610039472579956,0.71378010114812,-0.71378010114812,3,1.0,3.2998611800364375e-23,87.15999603271484,0.0,1.0
5.38,45.648407902587465,-7.694207081962038,-1.163415338431752,1.163415338431752,-1.1578038930892944,1.1578038930892944,0.7149919762681666,-0.7149919762681666,3,1.0,2.347623372539233e-23,87.15999603271484,0.0,1.0
5.4,45.487454832724254,-7.690802535151833,-1.1602011130407621,1.1602011130407621,-1.1546038389205933,1.1546038389205933,0.7161980483315359,-0.7161980483315359,3,1.0,1.670171924999471e-23,87.15999603271484,0.0,1.0
5.42,45.326571804288115,-7.68741062831966,-1.1569869318903132,1.1569869318903132,-1.151403784751892,1.151403784751892,0.717398317491936,-0.717398317491936,3,1.0,1.1882119984345235e-23,87.15999603271484,0.0,1.0
5.44,45.16575855584006,-7.684031338305103,-1.153772794998915,1.153772794998915,-1.148203730583191,1.148203730583191,0.7185927839373818,-0.7185927839373818,3,1.0,8.453307902563454e-24,87.15999603271484,0.0,1.0
5.46,45.005014826418574,-7.680664641980096,-1.150558702384885,1.150558702384885,-1.1450036764144897,1.1450036764144897,0.7197814478893843,-0.7197814478893843,3,1.0,6.013944867556346e-24,87.15999603271484,0.0,1.0
5.48,44.84434035553895,-7.677310516249568,-1.1473446540663492,1.1473446540663492,-1.1418036222457886,1.1418036222457886,0.7209643096021866,-0.7209643096021866,3,1.0,4.2785065073803326e-24,87.15999603271484,0.0,1.0
5.5,44.683734883192535,-7.673968938054056,-1.1441306500612443,1.1441306500612443,-1.1386035680770874,1.1386035680770874,0.7221413693634433,-0.7221413693634433,3,1.0,3.0438619469975277e-24,87.15999603271484,0.0,1.0
5.5200000000000005,44.523198149846046,-7.670639884370024,-1.1409166903873187,1.1409166903873187,-1.1354035139083862,1.1354035139083862,0.7233126274937667,-0.7233126274937667,3,1.0,2.1654975951064905e-24,87.15999603271484,0.0,1.0
5.54,44.36272989644083,-7.667323332207599,-1.1377027750621347,1.1377027750621347,-1.132203459739685,1.132203459739685,0.7244780843459406,-0.7244780843459406,3,1.0,1.5406020102316431e-24,87.15999603271484,0.0,1.0
5.5600000000000005,44.20232986439214,-7.664019258614957,-1.1344889041030688,1.1344889041030688,-1.1290034055709839,1.1290034055709839,0.725637740306142,-0.725637740306142,3,1.0,1.0960319509443106e-24,87.15999603271484,0.0,1.0
5.58,44.04199779558831,-7.660727640678408,-1.1312750775273146,1.1312750775273146,-1.1258033514022827,1.1258033514022827,0.7267915957924727,-0.7267915957924727,3,1.0,7.797510515452124e-25,87.15999603271484,0.0,1.0
5.6000000000000005,43.881733432390064,-7.657448455523248,-1.128061295351883,1.128061295351883,-1.1226032972335815,1.1226032972335815,0.7279396512547,-0.7279396512547,3,1.0,5.54739030976258e-25,87.15999603271484,0.0,1.0
5.62,43.72153651762968,-7.6541816803081595,-1.1248475575936054,1.1248475575936054,-1.1194032430648804,1.1194032430648804,0.7290819071758599,-0.7290819071758599,3,1.0,3.946585155334468e-25,87.15999603271484,0.0,1.0
5.64,43.56140679461017,-7.650927292237032,-1.1216338642691335,1.1216338642691335,-1.1162031888961792,1.1162031888961792,0.7302183640699195,-0.7302183640699195,3,1.0,2.807722824351438e-25,87.15999603271484,0.0,1.0
5.66,43.401344007104505,-7.647685268553228,-1.118420215394941,1.118420215394941,-1.113003134727478,1.113003134727478,0.7313490224827317,-0.7313490224827317,3,1.0,1.997500914867734e-25,87.15999603271484,0.0,1.0
5.68,43.241347899354764,-7.644455586537939,-1.115206610987326,1.115206610987326,-1.1098030805587769,1.1098030805587769,0.7324738829924213,-0.7324738829924213,3,1.0,1.4210839724961437e-25,87.15999603271484,0.0,1.0
5.7,43.081418216071256,-7.641238223516955,-1.1119930510624116,1.1119930510624116,-1.1066030263900757,1.1066030263900757,0.7335929462072865,-0.7335929462072865,3,1.0,1.0110031198754876e-25,87.15999603271484,0.0,1.0
5.72,42.9215547024317,-7.638033156858096,-1.1087795356361476,1.1087795356361476,-1.1034029722213745,1.1034029722213745,0.7347062127676872,-0.7347062127676872,3,1.0,7.192589095228456e-26,87.15999603271484,0.0,1.0
5.74,42.76175710408032,-7.63484036397007,-1.1055660647243113,1.1055660647243113,-1.1002029180526733,1.1002029180526733,0.7358136833449771,-0.7358136833449771,3,1.0,5.117030489398551e-26,87.15999603271484,0.0,1.0
5.76,42.60202516712699,-7.6316598223049965,-1.1023526383425106,1.1023526383425106,-1.0970028638839722,1.0970028638839722,0.736915358641219,-0.736915358641219,3,1.0,3.6404138597052314e-26,87.15999603271484,0.0,1.0
5.78,42.442358638146324,-7.62849150936097,-1.0991392565061835,1.0991392565061835,-1.093802809715271,1.093802809715271,0.7380112393894686,-0.7380112393894686,3,1.0,2.589903088791569e-26,87.15999603271484,0.0,1.0
5.8,42.28275726417675,-7.62533540268103,-1.0959259192305997,1.0959259192305997,-1.0906027555465698,1.0906027555465698,0.7391013263528623,-0.7391013263528623,3,1.0,1.8425372135780274e-26,87.15999603271484,0.0,1.0
5.82,42.12322079271961,-7.6221914798510095,-1.0927126265308635,1.0927126265308635,-1.0874027013778687,1.0874027013778687,0.7401856203259003,-0.7401856203259003,3,1.0,1.3108379993492105e-26,87.15999603271484,0.0,1.0
5.84,41.96374897173814,-7.619059718503664,-1.0894993784219138,1.0894993784219138,-1.0842026472091675,1.0842026472091675,0.7412641221324057,-0.7412641221324057,3,1.0,9.325707225207555e-27,87.15999603271484,0.0,1.0
5.86,41.80434154965669,-7.615940096320809,-1.0862861749185249,1.0862861749185249,-1.0810025930404663,1.0810025930404663,0.7423368326271397,-0.7423368326271397,3,1.0,6.634596746010238e-27,87.15999603271484,0.0,1.0
5.88,41.644998275359576,-7.612832591028853,-1.0830730160353095,1.0830730160353095,-1.0778025388717651,1.0778025388717651,0.7434037526937727,-0.7434037526937727,3,1.0,4.7200574625791956e-27,87.15999603271484,0.0,1.0
5.9,41.48571889819019,-7.6097371804006375,-1.0798599017867192,1.0798599017867192,-1.074602484703064,1.074602484703064,0.7444648832472828,-0.7444648832472828,3,1.0,3.35799496230832e-27,87.15999603271484,0.0,1.0
5.92,41.32650316795003,-7.606653842261203,-1.076646832187045,1.076646832187045,-1.0714024305343628,1.0714024305343628,0.7455202252312223,-0.7455202252312223,3,1.0,2.3889815444590805e-27,87.15999603271484,0.0,1.0
5.94,41.16735083489769,-7.603582554479841,-1.0734338072504201,1.0734338072504201,-1.0682023763656616,1.0682023763656616,0.7465697796192442,-0.7465697796192442,3,1.0,1.6995954085180893e-27,87.15999603271484,0.0,1.0
5.96,41.00826164974784,-7.600523294978751,-1.0702208269908204,1.0702208269908204,-1.0650023221969604,1.0650023221969604,0.7476135474135261,-0.7476135474135261,3,1.0,1.2091447752518407e-27,87.15999603271484,0.0,1.0
5.98,40.84923536367016,-7.597476041729152,-1.0670078914220649,1.0670078914220649,-1.0618022680282593,1.0618022680282593,0.748651529646618,-0.748651529646618,3,1.0,8.602230155432097e-28,87.15999603271484,0.0,1.0
6.0,40.69027172828842,-7.594440772751674,-1.0637950005578185,1.0637950005578185,-1.058602213859558,1.058602213859558,0.7496837273793201,-0.7496837273793201,3,1.0,6.119892767316713e-28,87.15999603271484,0.0,1.0
6.0200000000000005,40.53137049567935,-7.591417466119615,-1.0605821544115925,1.0605821544115925,-1.055402159690857,1.055402159690857,0.7507101417016969,-0.7507101417016969,3,1.0,4.353881122304627e-28,87.15999603271484,0.0,1.0
6.04,40.372531418371565,-7.588406099954765,-1.0573693529967463,1.0573693529967463,-1.0522021055221558,1.0522021055221558,0.7517307737325518,-0.7517307737325518,3,1.0,3.097485780861492e-28,87.15999603271484,0.0,1.0
6.0600000000000005,40.21375424934462,-7.585406652433157,-1.0541565963264876,1.0541565963264876,-1.0490020513534546,1.0490020513534546,0.7527456246198816,-0.7527456246198816,3,1.0,2.2036472501482864e-28,87.15999603271484,0.0,1.0
6.08,40.055038742027854,-7.582419101782994,-1.050943884413875,1.050943884413875,-1.0458019971847534,1.0458019971847534,0.7537546955388892,-0.7537546955388892,3,1.0,1.5677428555412146e-28,87.15999603271484,0.0,1.0
6.1000000000000005,39.89638465029927,-7.579443426286959,-1.0477312172718174,1.0477312172718174,-1.0426019430160522,1.0426019430160522,0.7547579876943544,-0.7547579876943544,3,1.0,1.1153407882931953e-28,87.15999603271484,0.0,1.0
6.12,39.73779172848449,-7.576479604277105,-1.0445185949130775,1.0445185949130775,-1.039401888847351,1.039401888847351,0.7557555023186879,-0.7557555023186879,3,1.0,7.934879560341156e-29,87.15999603271484,0.0,1.0
6.140000000000001,39.57925973135566,-7.57352761414426,-1.0413060173502704,1.0413060173502704,-1.03620183467865,1.03620183467865,0.7567472406723679,-0.7567472406723679,3,1.0,5.645118899800214e-29,87.15999603271484,0.0,1.0
6.16,39.42078841413033,-7.570587434329261,-1.0380934845958674,1.0380934845958674,-1.0330017805099487,1.0330017805099487,0.7577332040441324,-0.7577332040441324,3,1.0,4.0161122989384675e-29,87.15999603271484,0.0,1.0
6.18,39.262377532470296,-7.567659043331309,-1.0348809966621948,1.0348809966621948,-1.0298017263412476,1.0298017263412476,0.7587133937502999,-0.7587133937502999,3,1.0,2.8571865861418174e-29,87.15999603271484,0.0,1.0
6.2,39.10402684248049,-7.564742419703683,-1.0316685535614367,1.0316685535614367,-1.0266016721725464,1.0266016721725464,0.7596878111344356,-0.7596878111344356,3,1.0,2.0326909658842208e-29,87.15999603271484,0.0,1.0
6.22,38.945736100707855,-7.561837542054629,-1.0284561553056355,1.0284561553056355,-1.0234016180038452,1.0234016180038452,0.7606564575687675,-0.7606564575687675,3,1.0,1.4461192639038378e-29,87.15999603271484,0.0,1.0
6.24,38.78750506414014,-7.558944389048329,-1.025243801906693,1.025243801906693,-1.020201563835144,1.020201563835144,0.7616193344518776,-0.7616193344518776,3,1.0,1.0288140010127317e-29,87.15999603271484,0.0,1.0
6.26,38.62933349020481,-7.556062939407244,-1.0220314933763717,1.0220314933763717,-1.0170015096664429,1.0170015096664429,0.7625764432100323,-0.7625764432100323,3,1.0,7.319301216017883e-30,87.15999603271484,0.0,1.0
6.28,38.4712211367678,-7.55319317191163,-1.0188192297262957,1.0188192297262957,-1.0138014554977417,1.0138014554977417,0.7635277852959035,-0.7635277852959035,3,1.0,5.20717741380523e-30,87.15999603271484,0.0,1.0
6.3,38.31316776213242,-7.550335065396407,-1.015607010967952,1.015607010967952,-1.0106014013290405,1.0106014013290405,0.7644733621902613,-0.7644733621902613,3,1.0,3.704547171730591e-30,87.15999603271484,0.0,1.0
6.32,38.155173125038054,-7.547488598758335,-1.0123948371126912,1.0123948371126912,-1.0074013471603394,1.0074013471603394,0.765413175400182,-0.765413175400182,3,1.0,2.6355295118604998e-30,87.15999603271484,0.0,1.0
6.34,37.99723698465907,-7.544653750947527,-1.0091827081717297,1.0091827081717297,-1.0042012929916382,1.0042012929916382,0.7663472264590736,-0.7663472264590736,3,1.0,1.8749972630643526e-30,87.15999603271484,0.0,1.0
6.36,37.83935910060353,-7.541830500976904,-1.0059706241561488,1.0059706241561488,-1.001001238822937,1.001001238822937,0.767275516927522,-0.767275516927522,3,1.0,1.3339310831761602e-30,87.15999603271484,0.0,1.0
6.38,37.68153923291208,-7.53901882791666,-1.002758585076898,1.002758585076898,-0.9978012442588806,0.9978012442588806,0.7681980483919604,-0.7681980483919604,3,1.0,9.489998570746996e-31,87.15999603271484,0.0,1.0
6.4,37.523777142056616,-7.536218710897752,-0.9995465909447949,0.9995465909447949,-0.9946012496948242,0.9946012496948242,0.769114822466005,-0.769114822466005,3,1.0,6.75147869396238e-31,87.15999603271484,0.0,1.0
6.42,37.36607314314285,-7.533390084593233,-0.9963346621597772,0.9963346621597772,-0.9914012551307678,0.9914012551307678,0.7700263624367912,-0.7700263624367912,3,1.0,4.80321089779047e-31,87.15999603271484,0.0,1.0
6.44,37.2084273268205,-7.53056884255008,-0.9931227935556823,0.9931227935556823,-0.9882012605667114,0.9882012605667114,0.770931558088646,-0.770931558088646,3,1.0,3.417152889675057e-31,87.15999603271484,0.0,1.0
6.46,37.05083935283412,-7.527769248633177,-0.9899109805988032,0.9899109805988032,-0.985001266002655,0.985001266002655,0.7718307813979555,-0.7718307813979555,3,1.0,2.4310683248961887e-31,87.15999603271484,0.0,1.0
6.48,36.8933087315843,-7.5249944635226385,-0.9866992194103162,0.9866992194103162,-0.9818012714385986,0.9818012714385986,0.7727242382489605,-0.7727242382489605,3,1.0,1.729537246685957e-31,87.15999603271484,0.0,1.0
6.5,36.73583497833967,-7.522242286860834,-0.9834875070917884,0.9834875070917884,-0.9786012768745422,0.9786012768745422,0.7736120171553633,-0.7736120171553633,3,1.0,1.2304463256094524e-31,87.15999603271484,0.0,1.0
6.5200000000000005,36.57841767542697,-7.519508870665482,-0.9802758417205025,0.9802758417205025,-0.9754012823104858,0.9754012823104858,0.774494136767201,-0.774494136767201,3,1.0,8.753775977399975e-32,87.15999603271484,0.0,1.0
6.54,36.42105648075634,-7.516790670791879,-0.9770642221671539,0.9770642221671539,-0.9722012877464294,0.9722012877464294,0.7753705828289641,-0.7753705828289641,3,1.0,6.227707155332433e-32,87.15999603271484,0.0,1.0
6.5600000000000005,36.26375111197417,-7.514085178801312,-0.9738526478597684,0.9738526478597684,-0.969001293182373,0.969001293182373,0.7762413316903752,-0.7762413316903752,3,1.0,4.430583614740666e-32,87.15999603271484,0.0,1.0
6.58,36.10650132452747,-7.511390962624569,-0.9706411185688117,0.9706411185688117,-0.9658012986183167,0.9658012986183167,0.7771063624007797,-0.7771063624007797,3,1.0,3.152054307884459e-32,87.15999603271484,0.0,1.0
6.6000000000000005,35.949306892785664,-7.508707408845873,-0.9674296342456246,0.9674296342456246,-0.9626013040542603,0.9626013040542603,0.7779656610413057,-0.7779656610413057,3,1.0,2.2424689891411802e-32,87.15999603271484,0.0,1.0
6.62,35.792167597263386,-7.50603440550248,-0.9642181949180141,0.9642181949180141,-0.9594013094902039,0.9594013094902039,0.7788192207382442,-0.7788192207382442,3,1.0,1.595361842174261e-32,87.15999603271484,0.0,1.0
6.640000000000001,35.63508321767347,-7.503372080289451,-0.9610068006325589,0.9610068006325589,-0.9562013149261475,0.9562013149261475,0.7796670398731949,-0.7796670398731949,3,1.0,1.134989790177836e-32,87.15999603271484,0.0,1.0
6.66,35.47805353021895,-7.500720628393239,-0.9577954514289163,0.9577954514289163,-0.9530013203620911,0.9530013203620911,0.7805091199958973,-0.7805091199958973,3,1.0,8.074668641016788e-33,87.15999603271484,0.0,1.0
6.68,35.321078307379544,-7.498080221771638,-0.9545841473327533,0.9545841473327533,-0.9498013257980347,0.9498013257980347,0.7813454641386148,-0.7813454641386148,3,1.0,5.744569178195337e-33,87.15999603271484,0.0,1.0
6.7,35.16415731882338,-7.495450975879211,-0.9513728883575135,0.9513728883575135,-0.9466013312339783,0.9466013312339783,0.7821760757294407,-0.7821760757294407,3,1.0,4.0868643049253825e-33,87.15999603271484,0.0,1.0
6.72,35.007290332578016,-7.492832949260688,-0.948161674508985,0.948161674508985,-0.9434013366699219,0.9434013366699219,0.7830009580308398,-0.7830009580308398,3,1.0,2.9075217529402826e-33,87.15999603271484,0.0,1.0
6.74,34.85047711602571,-7.490226157293773,-0.9449505057896068,0.9449505057896068,-0.9402013421058655,0.9402013421058655,0.7838201139472993,-0.7838201139472993,3,1.0,2.068500961393011e-33,87.15999603271484,0.0,1.0
6.76,34.69371743658017,-7.487630588622174,-0.9417393822014054,0.9417393822014054,-0.9370013475418091,0.9370013475418091,0.7846335460339258,-0.7846335460339258,3,1.0,1.4715956030103316e-33,87.15999603271484,0.0,1.0
6.78,34.537011062062135,-7.485046218677225,-0.938528303747502,0.938528303747502,-0.9338013529777527,0.9338013529777527,0.7854412565931239,-0.7854412565931239,3,1.0,1.0469386571331079e-33,87.15999603271484,0.0,1.0
6.8,34.38035776085502,-7.4824730186527795,-0.9353172704325665,0.9353172704325665,-0.9306013584136963,0.9306013584136963,0.7862432477818769,-0.7862432477818769,3,1.0,7.448245629149111e-34,87.15999603271484,0.0,1.0
6.82,34.223757301929425,-7.479910960335677,-0.93210628226267,0.93210628226267,-0.9274013638496399,0.9274013638496399,0.7870395217002853,-0.7870395217002853,3,1.0,5.298912460072201e-34,87.15999603271484,0.0,1.0
6.84,34.0672094548062,-7.477360017997455,-0.9288953392448898,0.9288953392448898,-0.9242013692855835,0.9242013692855835,0.7878300804461555,-0.7878300804461555,3,1.0,3.769810322798943e-34,87.15999603271484,0.0,1.0
6.86,33.91071398950271,-7.4748201685815525,-0.9256844413868929,0.9256844413868929,-0.9210013747215271,0.9210013747215271,0.788614926146649,-0.788614926146649,3,1.0,2.681959737392573e-34,87.15999603271484,0.0,1.0
6.88,33.754270676485184,-7.472291391120543,-0.9224735886966027,0.9224735886966027,-0.9178013801574707,0.9178013801574707,0.7893940609692744,-0.7893940609692744,3,1.0,1.9080291625002434e-34,87.15999603271484,0.0,1.0
6.9,33.59787928663542,-7.469773665985871,-0.919262781181978,0.919262781181978,-0.9146013855934143,0.9146013855934143,0.7901674871214602,-0.7901674871214602,3,1.0,1.3574309987557017e-34,87.15999603271484,0.0,1.0
6.92,33.441539591231376,-7.467266974250685,-0.9160520188508903,0.9160520188508903,-0.9114013910293579,0.9114013910293579,0.7909352068463973,-0.7909352068463973,3,1.0,9.657184243286777e-35,87.15999603271484,0.0,1.0
6.94,33.28525136193844,-7.464771297255102,-0.9128413017110723,0.9128413017110723,-0.9082013964653015,0.9082013964653015,0.7916972224188212,-0.7916972224188212,3,1.0,6.870419755720541e-35,87.15999603271484,0.0,1.0
6.96,33.12901437080681,-7.462286616379554,-0.909630629770106,0.909630629770106,-0.9050014019012451,0.9050014019012451,0.7924535361402012,-0.7924535361402012,3,1.0,4.887829250291895e-35,87.15999603271484,0.0,1.0
6.98,32.97282839027187,-7.459812912948782,-0.9064200030354311,0.9064200030354311,-0.9018014073371887,0.9018014073371887,0.7932041503355656,-0.7932041503355656,3,1.0,3.4773530045404703e-35,87.15999603271484,0.0,1.0
7.0,32.81669319315559,-7.457350168225076,-0.9032094215143602,0.9032094215143602,-0.8986014127731323,0.8986014127731323,0.793949067352458,-0.793949067352458,3,1.0,2.47389654977504e-35,87.15999603271484,0.0,1.0
7.0200000000000005,32.660608552667256,-7.454898363436224,-0.8999988852140904,0.8999988852140904,-0.8954014182090759,0.8954014182090759,0.7946882895608616,-0.7946882895608616,3,1.0,1.7600065713770178e-35,87.15999603271484,0.0,1.0
7.04,32.50457424240382,-7.452457479814784,-0.8967883941417134,0.8967883941417134,-0.8922014236450195,0.8922014236450195,0.7954218193514063,-0.7954218193514063,3,1.0,1.2521231462051087e-35,87.15999603271484,0.0,1.0
7.0600000000000005,32.34859003634933,-7.4500274986302895,-0.8935779483042204,0.8935779483042204,-0.8890014290809631,0.8890014290809631,0.7961496591368507,-0.7961496591368507,3,1.0,8.90799158798557e-36,87.15999603271484,0.0,1.0
7.08,32.19265570887388,-7.447608401209375,-0.8903675477085046,0.8903675477085046,-0.8858014345169067,0.8858014345169067,0.7968718113521145,-0.7968718113521145,3,1.0,6.337420913599425e-36,87.15999603271484,0.0,1.0
7.1000000000000005,32.03677103473233,-7.445200168949627,-0.8871571923613625,0.8871571923613625,-0.8826014399528503,0.8826014399528503,0.7975882784534106,-0.7975882784534106,3,1.0,4.508637377958022e-36,87.15999603271484,0.0,1.0
7.12,31.88093578906275,-7.4428027833222945,-0.8839468822694933,0.8839468822694933,-0.879401445388794,0.879401445388794,0.7982990629195679,-0.7982990629195679,3,1.0,3.2075841707624123e-36,87.15999603271484,0.0,1.0
7.140000000000001,31.72514974738483,-7.440416225877736,-0.880736617439499,0.880736617439499,-0.8762014508247375,0.8762014508247375,0.7990041672508059,-0.7990041672508059,3,1.0,2.2819746522141772e-36,87.15999603271484,0.0,1.0
7.16,31.56941268559836,-7.438040478241014,-0.8775263978778843,0.8775263978778843,-0.8730014562606812,0.8730014562606812,0.7997035939696115,-0.7997035939696115,3,1.0,1.6234673935650025e-36,87.15999603271484,0.0,1.0
7.18,31.41372437998167,-7.4356755221085145,-0.8743162235910579,0.8743162235910579,-0.8698014616966248,0.8698014616966248,0.8003973456202061,-0.8003973456202061,3,1.0,1.1549849492900377e-36,87.15999603271484,0.0,1.0
7.2,31.25808460719016,-7.433321339251744,-0.8711060945853308,0.8711060945853308,-0.8666014671325684,0.8666014671325684,0.8010854247681317,-0.8010854247681317,3,1.0,8.216920391343227e-37,87.15999603271484,0.0,1.0
7.22,31.1024931442548,-7.430977911511001,-0.8678960108669193,0.8678960108669193,-0.863401472568512,0.863401472568512,0.8017678340006953,-0.8017678340006953,3,1.0,5.8457714759984465e-37,87.15999603271484,0.0,1.0
7.24,30.946949768580684,-7.428645220800714,-0.8646859724419438,0.8646859724419438,-0.8602014780044556,0.8602014780044556,0.8024445759267032,-0.8024445759267032,3,1.0,4.158862751743266e-37,87.15999603271484,0.0,1.0
7.26,30.791454257945528,-7.426323249103908,-0.8614759793164309,0.8614759793164309,-0.8570014834403992,0.8570014834403992,0.8031156531762541,-0.8031156531762541,3,1.0,2.958743676322624e-37,87.15999603271484,0.0,1.0
7.28,30.636006390498256,-7.424011978475049,-0.8582660314963133,0.8582660314963133,-0.8538014888763428,0.8538014888763428,0.8037810684005187,-0.8037810684005187,3,1.0,2.1049418229802464e-37,87.15999603271484,0.0,1.0
7.3,30.480605944757485,-7.421711391042549,-0.8550561289874307,0.8550561289874307,-0.8506014943122864,0.8506014943122864,0.8044408242714728,-0.8044408242714728,3,1.0,1.4975207597700218e-37,87.15999603271484,0.0,1.0
7.32,30.325252699610083,-7.419421469002669,-0.8518462717955305,0.8518462717955305,-0.84740149974823,0.84740149974823,0.8050949234828858,-0.8050949234828858,3,1.0,1.065382616022651e-37,87.15999603271484,0.0,1.0
7.34,30.169946434309665,-7.417142194625408,-0.8486364599262696,0.8486364599262696,-0.8442015051841736,0.8442015051841736,0.8057433687488437,-0.8057433687488437,3,1.0,7.579461661002809e-38,87.15999603271484,0.0,1.0
7.36,30.014686928475157,-7.414873550252934,-0.8454266933852128,0.8454266933852128,-0.8410015106201172,0.8410015106201172,0.8063861628042123,-0.8063861628042123,3,1.0,5.392263606203806e-38,87.15999603271484,0.0,1.0
7.38,29.859473962089247,-7.412615518299126,-0.8422169721778358,0.8422169721778358,-0.8378015160560608,0.8378015160560608,0.8070233084046756,-0.8070233084046756,3,1.0,3.8362232173284823e-38,87.15999603271484,0.0,1.0
7.4,29.704307315496933,-7.410368081251189,-0.8390072963095243,0.8390072963095243,-0.8346015214920044,0.8346015214920044,0.807654808326403,-0.807654808326403,3,1.0,2.7292079260069215e-38,87.15999603271484,0.0,1.0
7.42,29.549186769404017,-7.408131221667667,-0.8357976657855753,0.8357976657855753,-0.831401526927948,0.831401526927948,0.8082806653667417,-0.8082806653667417,3,1.0,1.9416429861884146e-38,87.15999603271484,0.0,1.0
7.44,29.39411210487561,-7.40590492218132,-0.8325880806111979,0.8325880806111979,-0.8282015323638916,0.8282015323638916,0.8089008823419839,-0.8089008823419839,3,1.0,1.381344913258581e-38,87.15999603271484,0.0,1.0
7.46,29.239083103334636,-7.4036891654963455,-0.8293785407915136,0.8293785407915136,-0.8250015377998352,0.8250015377998352,0.8095154620900507,-0.8095154620900507,3,1.0,9.827315232297789e-39,87.15999603271484,0.0,1.0
7.48,29.08409954656032,-7.401483934390129,-0.8261690463315574,0.8261690463315574,-0.8218015432357788,0.8218015432357788,0.8101244074685,-0.8101244074685,3,1.0,6.99145620677242e-39,87.15999603271484,0.0,1.0
7.5,28.929161216686712,-7.399289211713597,-0.8229595972362778,0.8229595972362778,-0.8186015486717224,0.8186015486717224,0.8107277213548542,-0.8107277213548542,3,1.0,4.973938327588127e-39,87.15999603271484,0.0,1.0
7.5200000000000005,28.774267896201106,-7.397104980390862,-0.8197501935105376,0.8197501935105376,-0.815401554107666,0.815401554107666,0.8113254066474244,-0.8113254066474244,3,1.0,3.538613667162098e-39,87.15999603271484,0.0,1.0
7.54,28.619419367942623,-7.394931223420135,-0.8165408351591154,0.8165408351591154,-0.8122015595436096,0.8122015595436096,0.8119174662630755,-0.8119174662630755,3,1.0,2.5174792811510866e-39,87.15999603271484,0.0,1.0
7.5600000000000005,28.464615415100646,-7.392767923871684,-0.8133315221867049,0.8133315221867049,-0.8090015649795532,0.8090015649795532,0.8125039031393706,-0.8125039031393706,3,1.0,1.791012675341784e-39,87.15999603271484,0.0,1.0
7.58,28.30985582121329,-7.390615064889263,-0.8101222545979165,0.8101222545979165,-0.8058015704154968,0.8058015704154968,0.8130847202337671,-0.8130847202337671,3,1.0,1.2741818481891304e-39,87.15999603271484,0.0,1.0
7.6000000000000005,28.155140370165928,-7.388472629692477,-0.8069130323972776,0.8069130323972776,-0.8026015758514404,0.8026015758514404,0.8136599205227357,-0.8136599205227357,3,1.0,9.064924020958386e-40,87.15999603271484,0.0,1.0
7.62,28.00046884618962,-7.386340601572771,-0.8037038555892329,0.8037038555892329,-0.799401581287384,0.799401581287384,0.814229507002614,-0.814229507002614,3,1.0,6.44906750339699e-40,87.15999603271484,0.0,1.0
7.640000000000001,27.845841033859642,-7.384218963896162,-0.8004947241781454,0.8004947241781454,-0.7962015867233276,0.7962015867233276,0.8147934826889609,-0.8147934826889609,3,1.0,4.5880662173464014e-40,87.15999603271484,0.0,1.0
7.66,27.691256718093914,-7.382107700104258,-0.7972856381682969,0.7972856381682969,-0.7930015921592712,0.7930015921592712,0.8153518506167067,-0.8153518506167067,3,1.0,3.264092305386357e-40,87.15999603271484,0.0,1.0
7.68,27.536715684151485,-7.380006793709458,-0.7940765975638887,0.7940765975638887,-0.7898015975952148,0.7898015975952148,0.8159046138403054,-0.8159046138403054,3,1.0,2.322176288084296e-40,87.15999603271484,0.0,1.0
7.7,27.38221771763104,-7.377916228301151,-0.7908676023690419,0.7908676023690419,-0.7866016030311584,0.7866016030311584,0.8164517754328442,-0.8164517754328442,3,1.0,1.652068081543629e-40,87.15999603271484,0.0,1.0
7.72,27.2277626044693,-7.375835987543247,-0.7876586525877981,0.7876586525877981,-0.783401608467102,0.783401608467102,0.8169933384867216,-0.8169933384867216,3,1.0,1.175332363895092e-40,87.15999603271484,0.0,1.0
7.74,27.073350130939556,-7.37376605517141,-0.7844497482241203,0.7844497482241203,-0.7802016139030457,0.7802016139030457,0.8175293061134787,-0.8175293061134787,3,1.0,8.361678196267145e-41,87.15999603271484,0.0,1.0
7.76,26.918980083650084,-7.371706414998893,-0.781240889281893,0.781240889281893,-0.7770016193389893,0.7770016193389893,0.818059681443035,-0.818059681443035,3,1.0,5.948756658603344e-41,87.15999603271484,0.0,1.0
7.78,26.76465224954263,-7.369657050912965,-0.7780320757649226,0.7780320757649226,-0.7738016247749329,0.7738016247749329,0.8185844676244926,-0.8185844676244926,3,1.0,4.2321295979885405e-41,87.15999603271484,0.0,1.0
7.8,26.610366415890844,-7.367617946874784,-0.774823307676939,0.774823307676939,-0.7706016302108765,0.7706016302108765,0.8191036678252125,-0.8191036678252125,3,1.0,3.010867978313941e-41,87.15999603271484,0.0,1.0
7.82,26.456122370298786,-7.365589086920133,-0.771614585021595,0.771614585021595,-0.7674016356468201,0.7674016356468201,0.8196172852316793,-0.8196172852316793,3,1.0,2.1420246646380767e-41,87.15999603271484,0.0,1.0
7.84,26.301919900699335,-7.3635704551606285,-0.7684059078024675,0.7684059078024675,-0.7642016410827637,0.7642016410827637,0.8201253230484278,-0.8201253230484278,3,1.0,1.5239026410208968e-41,87.15999603271484,0.0,1.0
7.86,26.14775879535266,-7.361562035783552,-0.7651972760230576,0.7651972760230576,-0.7610016465187073,0.7610016465187073,0.8206277844984792,-0.8206277844984792,3,1.0,1.0841515028506192e-41,87.15999603271484,0.0,1.0
7.88,25.99363884284469,-7.3595638130484735,-0.7619886896867921,0.7619886896867921,-0.7578016519546509,0.7578016519546509,0.8211246728234831,-0.8211246728234831,3,1.0,7.712989330774044e-42,87.15999603271484,0.0,1.0
7.9,25.83955983208552,-7.35757577129461,-0.7587801487970223,0.7587801487970223,-0.7546016573905945,0.7546016573905945,0.8216159912826804,-0.8216159912826804,3,1.0,5.487259323093992e-42,87.15999603271484,0.0,1.0
7.92,25.685521552307904,-7.355597894932092,-0.7555716533570264,0.7555716533570264,-0.7514016628265381,0.7514016628265381,0.8221017431538888,-0.8221017431538888,3,1.0,3.903806110394323e-42,87.15999603271484,0.0,1.0
7.94,25.531523793065684,-7.353630168448591,-0.7523632033700086,0.7523632033700086,-0.7482016682624817,0.7482016682624817,0.8225819317330492,-0.8225819317330492,3,1.0,2.7772884877908677e-42,87.15999603271484,0.0,1.0
7.96,25.377566344232246,-7.351672576406261,-0.749154798839101,0.749154798839101,-0.7450016736984253,0.7450016736984253,0.8230565603336293,-0.8230565603336293,3,1.0,1.975848985910973e-42,87.15999603271484,0.0,1.0
7.98,25.223648995998946,-7.349725103443942,-0.7459464397673622,0.7459464397673622,-0.7418016791343689,0.7418016791343689,0.82352563228753,-0.82352563228753,3,1.0,1.4056801201198777e-42,87.15999603271484,0.0,1.0
8.0,25.06977153887357,-7.347787734274905,-0.7427381261577798,0.7427381261577798,-0.7386016845703125,0.7386016845703125,0.8239891509437062,-0.8239891509437062,3,1.0,1.0000443425534471e-42,87.15999603271484,0.0,1.0
8.02,24.915933763678776,-7.34586045368869,-0.7395298580132698,0.7395298580132698,-0.7354016900062561,0.7354016900062561,0.8244471196692311,-0.8244471196692311,3,1.0,7.114624961672418e-43,87.15999603271484,0.0,1.0
8.040000000000001,24.762135461550535,-7.343943246549257,-0.7363216353366774,0.7363216353366774,-0.7322016954421997,0.7322016954421997,0.8248995418490401,-0.8248995418490401,3,1.0,5.0615643918356535e-43,87.15999603271484,0.0,1.0
8.06,24.608376423936544,-7.34203609779835,-0.7331134581307771,0.7331134581307771,-0.7290017008781433,0.7290017008781433,0.8253464208849107,-0.8253464208849107,3,1.0,3.600953561250869e-43,87.15999603271484,0.0,1.0
8.08,24.454656442594693,-7.340138992452072,-0.7299053263982741,0.7299053263982741,-0.7258017063140869,0.7258017063140869,0.8257877601965793,-0.8257877601965793,3,1.0,2.5618298111945365e-43,87.15999603271484,0.0,1.0
8.1,24.300975309591507,-7.338251915602821,-0.7266972401418036,0.7266972401418036,-0.7226017117500305,0.7226017117500305,0.8262235632206945,-0.8262235632206945,3,1.0,1.8225650150415284e-43,87.15999603271484,0.0,1.0
8.120000000000001,24.147332817300555,-7.336374852416881,-0.7234891993639323,0.7234891993639323,-0.7194017171859741,0.7194017171859741,0.8266538334119241,-0.8266538334119241,3,1.0,1.2966291591807403e-43,87.15999603271484,0.0,1.0
8.14,23.993728758400913,-7.334507788140168,-0.7202812040671582,0.7202812040671582,-0.7162017226219177,0.7162017226219177,0.8270785742410719,-0.8270785742410719,3,1.0,9.22462113868374e-44,87.15999603271484,0.0,1.0
8.16,23.84016292587557,-7.33265070809266,-0.7170732542539117,0.7170732542539117,-0.7130017280578613,0.7130017280578613,0.8274977891965629,-0.8274977891965629,3,1.0,6.562680975493124e-44,87.15999603271484,0.0,1.0
8.18,23.686635113009885,-7.33080359766922,-0.7138653499265553,0.7138653499265553,-0.7098017334938049,0.7098017334938049,0.8279114817840506,-0.8279114817840506,3,1.0,4.668894357676012e-44,87.15999603271484,0.0,1.0
8.2,23.53314511339,-7.328966442343548,-0.7106574910873845,0.7106574910873845,-0.7066017389297485,0.7066017389297485,0.828319655525581,-0.828319655525581,3,1.0,3.32159594600756e-44,87.15999603271484,0.0,1.0
8.22,23.379692720901286,-7.32713922766125,-0.7074496777386288,0.7074496777386288,-0.7034017443656921,0.7034017443656921,0.8287223139604134,-0.8287223139604134,3,1.0,2.363086157731279e-44,87.15999603271484,0.0,1.0
8.24,23.22627772972676,-7.32532193924922,-0.7042419098824508,0.7042419098824508,-0.7002017498016357,0.7002017498016357,0.8291194606440843,-0.8291194606440843,3,1.0,1.681172628950599e-44,87.15999603271484,0.0,1.0
8.26,23.072899934345532,-7.323514562806816,-0.7010341875209478,0.7010341875209478,-0.6970017552375793,0.6970017552375793,0.8295110991495805,-0.8295110991495805,3,1.0,1.1960382396916687e-44,87.15999603271484,0.0,1.0
8.28,22.919559129531205,-7.321717084110656,-0.6978265106561521,0.6978265106561521,-0.693801760673523,0.693801760673523,0.8298972330655279,-0.8298972330655279,3,1.0,8.508986205049506e-45,87.15999603271484,0.0,1.0
8.3,22.76625511035033,-7.319929489013983,-0.6946188792900307,0.6946188792900307,-0.6906017661094666,0.6906017661094666,0.8302778659979582,-0.8302778659979582,3,1.0,6.053556135160678e-45,87.15999603271484,0.0,1.0
8.32,22.612987672160827,-7.318151763446051,-0.6914112934244868,0.6914112934244868,-0.6874017715454102,0.6874017715454102,0.8306530015684297,-0.8306530015684297,3,1.0,4.306687189103073e-45,87.15999603271484,0.0,1.0
8.34,22.45975661061041,-7.316383893412547,-0.6882037530613595,0.6882037530613595,-0.6842017769813538,0.6842017769813538,0.8310226434150628,-0.8310226434150628,3,1.0,3.0639105561531587e-45,87.15999603271484,0.0,1.0
8.36,22.306561721634996,-7.314625864995581,-0.6849962582024242,0.6849962582024242,-0.6810017824172974,0.6810017824172974,0.8313867951932117,-0.8313867951932117,3,1.0,2.1797607961542826e-45,87.15999603271484,0.0,1.0
8.38,22.153402801457144,-7.312877664353189,-0.6817888088493934,0.6817888088493934,-0.677801787853241,0.677801787853241,0.8317454605728348,-0.8317454605728348,3,1.0,1.550749292896017e-45,87.15999603271484,0.0,1.0
8.4,22.000279646584488,-7.311139277720771,-0.6785814050039168,0.6785814050039168,-0.6746017932891846,0.6746017932891846,0.8320986432410533,-0.8320986432410533,3,1.0,1.1032510418850947e-45,87.15999603271484,0.0,1.0
8.42,21.847192053808154,-7.309410691408152,-0.6753740466675827,0.6753740466675827,-0.6714017987251282,0.6714017987251282,0.832446346900549,-0.832446346900549,3,1.0,7.848869362677581e-46,87.15999603271484,0.0,1.0
8.44,21.69413982020118,-7.307691891803944,-0.6721667338419165,0.6721667338419165,-0.6682018041610718,0.6682018041610718,0.8327885752700273,-0.8327885752700273,3,1.0,5.5839285832095345e-46,87.15999603271484,0.0,1.0
8.46,21.541122743116947,-7.305982865372102,-0.6689594665283828,0.6689594665283828,-0.6650018095970154,0.6650018095970154,0.8331253320839895,-0.8331253320839895,3,1.0,3.9725796139060126e-46,87.15999603271484,0.0,1.0
8.48,21.38814062018757,-7.304283598652998,-0.665752244728385,0.665752244728385,-0.661801815032959,0.661801815032959,0.8334566210929046,-0.8334566210929046,3,1.0,2.8262160866947914e-46,87.15999603271484,0.0,1.0
8.5,21.235193249322368,-7.302594078264462,-0.6625450684432662,0.6625450684432662,-0.6586018204689026,0.6586018204689026,0.8337824460624086,-0.8337824460624086,3,1.0,2.0106575940560616e-46,87.15999603271484,0.0,1.0
8.52,21.08228042870626,-7.300914290899061,-0.6593379376743089,0.6593379376743089,-0.6554018259048462,0.6554018259048462,0.834102810774405,-0.834102810774405,3,1.0,1.4304440412633932e-46,87.15999603271484,0.0,1.0
8.540000000000001,20.929401956798184,-7.299244223327758,-0.6561308524227363,0.6561308524227363,-0.6522018313407898,0.6522018313407898,0.8344177190257162,-0.8344177190257162,3,1.0,1.0176621624859793e-46,87.15999603271484,0.0,1.0
8.56,20.776557632329524,-7.297583862397375,-0.6529238126897114,0.6529238126897114,-0.6490018367767334,0.6490018367767334,0.8347271746289688,-0.8347271746289688,3,1.0,7.239963585300042e-47,87.15999603271484,0.0,1.0
8.58,20.623747254302536,-7.29593319502973,-0.6497168184763393,0.6497168184763393,-0.645801842212677,0.645801842212677,0.8350311814120572,-0.8350311814120572,3,1.0,5.15073416785237e-47,87.15999603271484,0.0,1.0
8.6,20.47097062198877,-7.294292208226474,-0.6465098697836655,0.6465098697836655,-0.6426018476486206,0.6426018476486206,0.8353297432181133,-0.8353297432181133,3,1.0,3.6643916996693537e-47,87.15999603271484,0.0,1.0
8.620000000000001,20.318227534927473,-7.292660889063498,-0.6433029666126777,0.6433029666126777,-0.6394018530845642,0.6394018530845642,0.8356228639051251,-0.8356228639051251,3,1.0,2.6069616662442593e-47,87.15999603271484,0.0,1.0
8.64,20.165517792924025,-7.291039224693114,-0.6400961089643057,0.6400961089643057,-0.6362018585205078,0.6362018585205078,0.8359105473472285,-0.8359105473472285,3,1.0,1.854673213532354e-47,87.15999603271484,0.0,1.0
8.66,20.012841196048345,-7.289427202345794,-0.6368892968394216,0.6368892968394216,-0.6330018639564514,0.6330018639564514,0.8361927974323442,-0.8361927974323442,3,1.0,1.3194719253198772e-47,87.15999603271484,0.0,1.0
8.68,19.86019754463333,-7.287824809327067,-0.6336825302388407,0.6336825302388407,-0.629801869392395,0.629801869392395,0.8364696180643286,-0.8364696180643286,3,1.0,9.387131646719999e-48,87.15999603271484,0.0,1.0
8.700000000000001,19.707586639273266,-7.286232033020434,-0.6304758091633209,0.6304758091633209,-0.6266018748283386,0.6266018748283386,0.8367410131613771,-0.8367410131613771,3,1.0,6.678295980529468e-48,87.15999603271484,0.0,1.0
8.72,19.55500828082224,-7.284648860884639,-0.6272691336135642,0.6272691336135642,-0.6234018802642822,0.6234018802642822,0.8370069866567712,-0.8370069866567712,3,1.0,4.751146450485736e-48,87.15999603271484,0.0,1.0
8.74,19.40246227039257,-7.283075280456873,-0.6240625035902163,0.6240625035902163,-0.6202018857002258,0.6202018857002258,0.8372675424982932,-0.8372675424982932,3,1.0,3.3801126304937376e-48,87.15999603271484,0.0,1.0
8.76,19.24994840935321,-7.281511279348517,-0.6208559190938673,0.6208559190938673,-0.6170018911361694,0.6170018911361694,0.8375226846484836,-0.8375226846484836,3,1.0,2.4047167381370096e-48,87.15999603271484,0.0,1.0
8.78,19.097466499328217,-7.279956845248606,-0.617649380125052,0.617649380125052,-0.613801896572113,0.613801896572113,0.837772417084765,-0.837772417084765,3,1.0,1.7107899122969812e-48,87.15999603271484,0.0,1.0
8.8,18.9450163421951,-7.2784119659246995,-0.61444288668425,0.61444288668425,-0.6106019020080566,0.6106019020080566,0.8380167437984366,-0.8380167437984366,3,1.0,1.2171088917044652e-48,87.15999603271484,0.0,1.0
8.82,18.792597740083288,-7.27687662921735,-0.6112364387718863,0.6112364387718863,-0.6074019074440002,0.6074019074440002,0.8382556687958627,-0.8382556687958627,3,1.0,8.658889344730476e-49,87.15999603271484,0.0,1.0
8.84,18.64021049537253,-7.2753508230467965,-0.6080300363883315,0.6080300363883315,-0.6042019128799438,0.6042019128799438,0.8384891960972645,-0.8384891960972645,3,1.0,6.160201868157291e-49,87.15999603271484,0.0,1.0
8.86,18.48785441069133,-7.273834535408081,-0.6048236795339024,0.6048236795339024,-0.6010019183158875,0.6010019183158875,0.838717329737618,-0.838717329737618,3,1.0,4.382558264189227e-49,87.15999603271484,0.0,1.0
8.88,18.33552928891537,-7.272327754373258,-0.6016173682088618,0.6016173682088618,-0.597801923751831,0.597801923751831,0.8389400737656263,-0.8389400737656263,3,1.0,3.1178875871414668e-49,87.15999603271484,0.0,1.0
8.9,18.1832349331659,-7.270830468091822,-0.5984111024134195,0.5984111024134195,-0.5946019291877747,0.5946019291877747,0.8391574322443838,-0.8391574322443838,3,1.0,2.218161726561611e-49,87.15999603271484,0.0,1.0
8.92,18.030971146808188,-7.269342664787861,-0.5952048821477323,0.5952048821477323,-0.5914019346237183,0.5914019346237183,0.8393694092509034,-0.8393694092509034,3,1.0,1.5780689032774753e-49,87.15999603271484,0.0,1.0
8.94,17.87873773344993,-7.267864332764248,-0.5919987074119036,0.5919987074119036,-0.5882019400596619,0.5882019400596619,0.8395760088764976,-0.8395760088764976,3,1.0,1.1226870582388095e-49,87.15999603271484,0.0,1.0
8.96,17.726534496939667,-7.266395460399074,-0.5887925782059854,0.5887925782059854,-0.5850019454956055,0.5850019454956055,0.8397772352259925,-0.8397772352259925,3,1.0,7.987143198368245e-50,87.15999603271484,0.0,1.0
8.98,17.574361241365228,-7.264936036146746,-0.585586494529977,0.585586494529977,-0.5818019509315491,0.5818019509315491,0.8399730924184112,-0.8399730924184112,3,1.0,5.682300869426272e-50,87.15999603271484,0.0,1.0
9.0,17.42221777105211,-7.263486048538958,-0.5823804563838263,0.5823804563838263,-0.5786019563674927,0.5786019563674927,0.8401635845859117,-0.8401635845859117,3,1.0,4.042564702893901e-50,87.15999603271484,0.0,1.0
9.02,17.270103890561952,-7.262045486183163,-0.5791744637674295,0.5791744637674295,-0.5754019618034363,0.5754019618034363,0.8403487158751749,-0.8403487158751749,3,1.0,2.87600564500445e-50,87.15999603271484,0.0,1.0
9.040000000000001,17.118019404690912,-7.260614337765117,-0.5759685166806319,0.5759685166806319,-0.5722019672393799,0.5722019672393799,0.8405284904456505,-0.8405284904456505,3,1.0,2.046079426799604e-50,87.15999603271484,0.0,1.0
9.06,16.965964118468115,-7.259192592043966,-0.5727626151232277,0.5727626151232277,-0.5690019726753235,0.5690019726753235,0.8407029124711433,-0.8407029124711433,3,1.0,1.4556442293652446e-50,87.15999603271484,0.0,1.0
9.08,16.81393783715406,-7.257780237858263,-0.5695567590949607,0.5695567590949607,-0.5658019781112671,0.5658019781112671,0.8408719861381918,-0.8408719861381918,3,1.0,1.0355903562349168e-50,87.15999603271484,0.0,1.0
9.1,16.661940366239065,-7.256377264119767,-0.5663509485955247,0.5663509485955247,-0.5626019835472107,0.5626019835472107,0.8410357156473705,-0.8410357156473705,3,1.0,7.367510304316727e-51,87.15999603271484,0.0,1.0
9.120000000000001,16.509971511441687,-7.254983659820285,-0.5631451836245632,0.5631451836245632,-0.5594019889831543,0.5594019889831543,0.8411941052119432,-0.8411941052119432,3,1.0,5.241474851268318e-51,87.15999603271484,0.0,1.0
9.14,16.3580310787071,-7.253599414025369,-0.5599394641816704,0.5599394641816704,-0.5562019944190979,0.5562019944190979,0.8413471590589502,-0.8413471590589502,3,1.0,3.728947430230452e-51,87.15999603271484,0.0,1.0
9.16,16.20611887420559,-7.252224515877873,-0.5567337902663908,0.5567337902663908,-0.5530019998550415,0.5530019998550415,0.8414948814282126,-0.8414948814282126,3,1.0,2.6528886109331582e-51,87.15999603271484,0.0,1.0
9.18,16.05423470433093,-7.250858954596757,-0.55352816187822,0.55352816187822,-0.5498020052909851,0.5498020052909851,0.8416372765729867,-0.8416372765729867,3,1.0,1.8873470634001186e-51,87.15999603271484,0.0,1.0
9.200000000000001,15.902378375698827,-7.249502719478211,-0.5503225790166048,0.5503225790166048,-0.5466020107269287,0.5466020107269287,0.8417743487591698,-0.8417743487591698,3,1.0,1.3427171133551984e-51,87.15999603271484,0.0,1.0
9.22,15.750549695145345,-7.248155799892292,-0.5471170416809433,0.5471170416809433,-0.5434020161628723,0.5434020161628723,0.8419061022663207,-0.8419061022663207,3,1.0,9.55250510867329e-52,87.15999603271484,0.0,1.0
9.24,15.598748469725317,-7.246818185288574,-0.5439115498705858,0.5439115498705858,-0.5402020215988159,0.5402020215988159,0.8420325413858527,-0.8420325413858527,3,1.0,6.795947779589387e-52,87.15999603271484,0.0,1.0
9.26,15.446974506710795,-7.245489865190204,-0.5407061035848342,0.5407061035848342,-0.5370020270347595,0.5370020270347595,0.8421536704227928,-0.8421536704227928,3,1.0,4.834847581601592e-52,87.15999603271484,0.0,1.0
9.28,15.295227613589459,-7.244170829197755,-0.5375007028229428,0.5375007028229428,-0.5338020324707031,0.5338020324707031,0.8422694936947916,-0.8422694936947916,3,1.0,3.43966020567791e-52,87.15999603271484,0.0,1.0
9.3,15.143507598063064,-7.242861066987731,-0.5342953475841187,0.5342953475841187,-0.5306020379066467,0.5306020379066467,0.8423800155319237,-0.8423800155319237,3,1.0,2.4470807260908474e-52,87.15999603271484,0.0,1.0
9.32,14.991814268045841,-7.241560568312882,-0.5310900378675216,0.5310900378675216,-0.5274020433425903,0.5274020433425903,0.842485240277003,-0.842485240277003,3,1.0,1.7409289644716854e-52,87.15999603271484,0.0,1.0
9.34,14.840147431662958,-7.240269323001498,-0.5278847736722645,0.5278847736722645,-0.5242020487785339,0.5242020487785339,0.8425851722853024,-0.8425851722853024,3,1.0,1.2385507462102154e-52,87.15999603271484,0.0,1.0
9.36,14.688506897248924,-7.238987320958522,-0.5246795549974135,0.5246795549974135,-0.5210020542144775,0.5210020542144775,0.8426798159249961,-0.8426798159249961,3,1.0,8.811433333831645e-53,87.15999603271484,0.0,1.0
9.38,14.536892473346036,-7.237714552165705,-0.5214743818419885,0.5214743818419885,-0.5178020596504211,0.5178020596504211,0.8427691755758646,-0.8427691755758646,3,1.0,6.268726383164411e-53,87.15999603271484,0.0,1.0
9.4,14.385303968702797,-7.236451006678918,-0.5182692542049632,0.5182692542049632,-0.5146020650863647,0.5146020650863647,0.8428532556306676,-0.8428532556306676,3,1.0,4.4597659629450235e-53,87.15999603271484,0.0,1.0
9.42,14.23374119227235,-7.235196674631701,-0.5150641720852654,0.5150641720852654,-0.5114020705223083,0.5114020705223083,0.8429320604941659,-0.8429320604941659,3,1.0,3.1728155335761934e-53,87.15999603271484,0.0,1.0
9.44,14.082203953210927,-7.233951546232473,-0.5118591354817774,0.5118591354817774,-0.508202075958252,0.508202075958252,0.8430055945834305,-0.8430055945834305,3,1.0,2.2572391676478824e-53,87.15999603271484,0.0,1.0
9.46,13.930692060876261,-7.232715611766437,-0.5086541443933359,0.5086541443933359,-0.5050020813941956,0.5050020813941956,0.8430738623274479,-0.8430738623274479,3,1.0,1.6058698042936033e-53,87.15999603271484,0.0,1.0
9.48,13.77920532482602,-7.231488861594071,-0.5054491988187325,0.5054491988187325,-0.5018020868301392,0.5018020868301392,0.8431368681673187,-0.8431368681673187,3,1.0,1.142465479645734e-53,87.15999603271484,0.0,1.0
9.5,13.62774355481627,-7.230271286151874,-0.5022442987567141,0.5022442987567141,-0.49860209226608276,0.49860209226608276,0.8431946165562658,-0.8431946165562658,3,1.0,8.127853009580101e-54,87.15999603271484,0.0,1.0
9.52,13.476306560799877,-7.2290628759518505,-0.4990394442059827,0.4990394442059827,-0.49540209770202637,0.49540209770202637,0.8432471119594005,-0.8432471119594005,3,1.0,5.782406184021018e-54,87.15999603271484,0.0,1.0
9.540000000000001,13.32489415292495,-7.227863621583161,-0.4958346351651958,0.4958346351651958,-0.49220210313796997,0.49220210313796997,0.8432943588534431,-0.8432943588534431,3,1.0,4.113782721906271e-54,87.15999603271484,0.0,1.0
9.56,13.173506141533288,-7.226673513708902,-0.492629871632967,0.492629871632967,-0.4890021085739136,0.4890021085739136,0.8433363617270886,-0.8433363617270886,3,1.0,2.9266723478920966e-54,87.15999603271484,0.0,1.0
9.58,13.02214233715882,-7.22549254306822,-0.48942515360786576,0.48942515360786576,-0.4858021140098572,0.4858021140098572,0.8433731250809254,-0.8433731250809254,3,1.0,2.0821252873431155e-54,87.15999603271484,0.0,1.0
9.6,12.870802550526024,-7.224320700477449,-0.48622048108841764,0.48622048108841764,-0.4826021194458008,0.4826021194458008,0.8434046534267097,-0.8434046534267097,3,1.0,1.4812883701573438e-54,87.15999603271484,0.0,1.0
9.620000000000001,12.719486592548382,-7.223157976827108,-0.48301585407310493,0.48301585407310493,-0.4794021248817444,0.4794021248817444,0.8434309512880105,-0.8434309512880105,3,1.0,1.0538343916678116e-54,87.15999603271484,0.0,1.0
9.64,12.56819427432681,-7.222004363083791,-0.47981127256036643,0.47981127256036643,-0.476202130317688,0.476202130317688,0.843452023200082,-0.843452023200082,3,1.0,7.497304018824514e-55,87.15999603271484,0.0,1.0
9.66,12.416925407148106,-7.220859850289284,-0.476606736548598,0.476606736548598,-0.4730021357536316,0.4730021357536316,0.8434678737092811,-0.8434678737092811,3,1.0,5.3338141168200286e-55,87.15999603271484,0.0,1.0
9.68,12.265679802483385,-7.219724429561013,-0.4734022460361525,0.4734022460361525,-0.4698021411895752,0.4698021411895752,0.8434785073737444,-0.8434785073737444,3,1.0,3.7946404415982545e-55,87.15999603271484,0.0,1.0
9.700000000000001,12.114457271986524,-7.2185980920925354,-0.4701978010213401,0.4701978010213401,-0.4666021466255188,0.4666021466255188,0.8434839287624827,-0.8434839287624827,3,1.0,2.699624652386223e-55,87.15999603271484,0.0,1.0
9.72,11.963257627492613,-7.217480829152147,-0.4669934015024288,0.4669934015024288,-0.4634021520614624,0.4634021520614624,0.8434841424559132,-0.8434841424559132,3,1.0,1.9205965297470537e-55,87.15999603271484,0.0,1.0
9.74,11.812080681016385,-7.21637263208332,-0.4637890474776441,0.4637890474776441,-0.460202157497406,0.460202157497406,0.8434791530458773,-0.8434791530458773,3,1.0,1.3663718127688446e-55,87.15999603271484,0.0,1.0
9.76,11.660926244750659,-7.215273492306495,-0.46058473894516955,0.46058473894516955,-0.4570021629333496,0.4570021629333496,0.8434689651345328,-0.8434689651345328,3,1.0,9.720791961313719e-56,87.15999603271484,0.0,1.0
9.78,11.509794131064801,-7.21418340131462,-0.4573804759031469,0.4573804759031469,-0.4538021683692932,0.4538021683692932,0.8434535833364419,-0.8434535833364419,3,1.0,6.915672254952127e-56,87.15999603271484,0.0,1.0
9.8,11.358684152503159,-7.213102350678833,-0.4541762583496763,0.4541762583496763,-0.4506021738052368,0.4506021738052368,0.843433012275705,-0.843433012275705,3,1.0,4.9200232787875765e-56,87.15999603271484,0.0,1.0
9.82,11.207596121783512,-7.212030332043746,-0.4509720862828164,0.4509720862828164,-0.4474021792411804,0.4474021792411804,0.8434072565881366,-0.8434072565881366,3,1.0,3.500256832801459e-56,87.15999603271484,0.0,1.0
9.84,11.056529851795517,-7.210967337129217,-0.4477679597005847,0.4477679597005847,-0.444202184677124,0.444202184677124,0.843376320920286,-0.843376320920286,3,1.0,2.490191042061993e-56,87.15999603271484,0.0,1.0
9.86,10.905485155599159,-7.209913357731427,-0.4445638786009576,0.4445638786009576,-0.4410021901130676,0.4410021901130676,0.8433402099293859,-0.8433402099293859,3,1.0,1.7715989774963836e-56,87.15999603271484,0.0,1.0
9.88,10.754461846423203,-7.208868385720352,-0.44135984298187075,0.44135984298187075,-0.43780219554901123,0.43780219554901123,0.8432989282832634,-0.8432989282832634,3,1.0,1.260370342697626e-56,87.15999603271484,0.0,1.0
9.9,10.60345973766364,-7.207832413041986,-0.43815585284121905,0.43815585284121905,-0.43460220098495483,0.43460220098495483,0.8432524806605879,-0.8432524806605879,3,1.0,8.966664696299608e-57,87.15999603271484,0.0,1.0
9.92,10.452478642882143,-7.206805431716221,-0.43495190817685714,0.43495190817685714,-0.43140220642089844,0.43140220642089844,0.8432008717506443,-0.8432008717506443,3,1.0,6.379162778757536e-57,87.15999603271484,0.0,1.0
9.94,10.301518375804513,-7.205787433839581,-0.43174800898659904,0.43174800898659904,-0.42820221185684204,0.42820221185684204,0.8431441062529574,-0.8431441062529574,3,1.0,4.5383338327214545e-57,87.15999603271484,0.0,1.0
9.96,10.150578750319143,-7.204778411581444,-0.4285441552682191,0.4285441552682191,-0.42500221729278564,0.42500221729278564,0.8430821888777394,-0.8430821888777394,3,1.0,3.2287111477716154e-57,87.15999603271484,0.0,1.0
9.98,9.999659580475457,-7.203778357187787,-0.42534034701945145,0.42534034701945145,-0.42180222272872925,0.42180222272872925,0.8430151243456399,-0.8430151243456399,3,1.0,2.2970050375279483e-57,87.15999603271484,0.0,1.0
10.0,9.848760680482386,-7.202787262978515,-0.4221365842379906,0.4221365842379906,-0.41860222816467285,0.41860222816467285,0.8429429173874022,-0.8429429173874022,3,1.0,1.634160474860165e-57,87.15999603271484,0.0,1.0
10.02,9.6978818647068,-7.201805121348886,-0.41893286692149156,0.41893286692149156,-0.41540223360061646,0.41540223360061646,0.8428655727440959,-0.8428655727440959,3,1.0,1.1625923382689609e-57,87.15999603271484,0.0,1.0
10.040000000000001,9.547022947671989,-7.200831924768391,-0.41572919506756983,0.41572919506756983,-0.41220223903656006,0.41220223903656006,0.8427830951671437,-0.8427830951671437,3,1.0,8.271041710988318e-58,87.15999603271484,0.0,1.0
10.06,9.396183744056096,-7.199867665781465,-0.4125255686738018,0.4125255686738018,-0.40900224447250366,0.40900224447250366,0.8426954894179929,-0.8426954894179929,3,1.0,5.884275057821872e-58,87.15999603271484,0.0,1.0
10.08,9.245364068690593,-7.198912337007429,-0.40932198773772477,0.40932198773772477,-0.40580224990844727,0.40580224990844727,0.8426027602679195,-0.8426027602679195,3,1.0,4.186255391519147e-58,87.15999603271484,0.0,1.0
10.1,9.094563736558744,-7.197965931138868,-0.40611845225683735,0.40611845225683735,-0.40260225534439087,0.40260225534439087,0.8425049124987815,-0.8425049124987815,3,1.0,2.9782316480477547e-58,87.15999603271484,0.0,1.0
10.120000000000001,8.943782562794052,-7.1970284409454806,-0.402914962228599,0.402914962228599,-0.3994022607803345,0.3994022607803345,0.8424019509017193,-0.8424019509017193,3,1.0,2.1188061692085313e-58,87.15999603271484,0.0,1.0
10.14,8.793020362678732,-7.1960998592689,-0.3997115176504312,0.3997115176504312,-0.3962022662162781,0.3962022662162781,0.8422938802782242,-0.8422938802782242,3,1.0,1.50738428477144e-58,87.15999603271484,0.0,1.0
10.16,8.642276951642163,-7.195180179026243,-0.39650811851971673,0.39650811851971673,-0.3930022716522217,0.3930022716522217,0.8421807054394259,-0.8421807054394259,3,1.0,1.0723998329798503e-58,87.15999603271484,0.0,1.0
10.18,8.491552145259375,-7.194269393209529,-0.3933047648338002,0.3933047648338002,-0.3898022770881653,0.3898022770881653,0.8420624312061198,-0.8420624312061198,3,1.0,7.629384314230053e-59,87.15999603271484,0.0,1.0
10.200000000000001,8.340845759249483,-7.193367494884328,-0.39010145658998824,0.39010145658998824,-0.3866022825241089,0.3866022825241089,0.8419390624088745,-0.8419390624088745,3,1.0,5.427780126790941e-59,87.15999603271484,0.0,1.0
10.22,8.190157609474172,-7.1924744771908555,-0.3868981937855495,0.3868981937855495,-0.3834022879600525,0.3834022879600525,0.8418106038880574,-0.8418106038880574,3,1.0,3.8614907692928056e-59,87.15999603271484,0.0,1.0
10.24,8.039487511936152,-7.191590333344403,-0.38369497641771483,0.38369497641771483,-0.3802022933959961,0.3802022933959961,0.8416770604931358,-0.8416770604931358,3,1.0,2.7471840444924993e-59,87.15999603271484,0.0,1.0
10.26,7.888835282777642,-7.190715056632748,-0.3804918044836775,0.3804918044836775,-0.3770022988319397,0.3770022988319397,0.84153843708356,-0.84153843708356,3,1.0,1.9544317532309755e-59,87.15999603271484,0.0,1.0
10.28,7.738200738278823,-7.189848640419137,-0.37728867798059346,0.37728867798059346,-0.3738023042678833,0.3738023042678833,0.8413947385280434,-0.8413947385280434,3,1.0,1.3904432379386349e-59,87.15999603271484,0.0,1.0
10.3,7.58758369485632,-7.188991078140163,-0.3740855969055812,0.3740855969055812,-0.3706023097038269,0.3706023097038269,0.8412459697046055,-0.8412459697046055,3,1.0,9.892043529957901e-60,87.15999603271484,0.0,1.0
10.32,7.436983969061664,-7.188142363307247,-0.37088256125572205,0.37088256125572205,-0.3674023151397705,0.3674023151397705,0.8410921355006701,-0.8410921355006701,3,1.0,7.037505921036422e-60,87.15999603271484,0.0,1.0
10.34,7.286401377579771,-7.187302489505481,-0.3676795710280605,0.3676795710280605,-0.3642023205757141,0.3642023205757141,0.8409332408127804,-0.8409332408127804,3,1.0,5.006699519531277e-60,87.15999603271484,0.0,1.0
10.36,7.135835737227407,-7.186471450393685,-0.3644766262196039,0.3644766262196039,-0.3610023260116577,0.3610023260116577,0.8407692905468064,-0.8407692905468064,3,1.0,3.5619209930530427e-60,87.15999603271484,0.0,1.0
10.38,6.985286864951671,-7.185649239704929,-0.3612737268273231,0.3612737268273231,-0.3578023314476013,0.3578023314476013,0.8406002896177233,-0.8406002896177233,3,1.0,2.534060834140041e-60,87.15999603271484,0.0,1.0
10.4,6.834754577828459,-7.184835851245846,-0.35807087284815226,0.35807087284815226,-0.3546023368835449,0.3546023368835449,0.8404262429494818,-0.8404262429494818,3,1.0,1.8028093053289392e-60,87.15999603271484,0.0,1.0
10.42,6.684238693060951,-7.184031278897367,-0.354868064278989,0.354868064278989,-0.3514023423194885,0.3514023423194885,0.8402471554752637,-0.8402471554752637,3,1.0,1.2825743358618204e-60,87.15999603271484,0.0,1.0
10.44,6.5337390279780765,-7.183235516613251,-0.3516653011166946,0.3516653011166946,-0.34820234775543213,0.34820234775543213,0.840063032136936,-0.840063032136936,3,1.0,9.124630775695072e-61,87.15999603271484,0.0,1.0
10.46,6.383255400033009,-7.1824485584224504,-0.3484625833580943,0.3484625833580943,-0.34500235319137573,0.34500235319137573,0.8398738778852954,-0.8398738778852954,3,1.0,6.491544736611011e-61,87.15999603271484,0.0,1.0
10.48,6.23278762680163,-7.181670398426247,-0.3452599109999771,0.3452599109999771,-0.34180235862731934,0.34180235862731934,0.8396796976801758,-0.8396796976801758,3,1.0,4.618285835704086e-61,87.15999603271484,0.0,1.0
10.5,6.082335525981015,-7.18090103079994,-0.34205728403909624,0.34205728403909624,-0.33860236406326294,0.33860236406326294,0.8394804964899625,-0.8394804964899625,3,1.0,3.285591477168163e-61,87.15999603271484,0.0,1.0
10.52,5.931898915387913,-7.18014044979286,-0.33885470247216887,0.33885470247216887,-0.33540236949920654,0.33540236949920654,0.8392762792916609,-0.8392762792916609,3,1.0,2.3374714642785395e-61,87.15999603271484,0.0,1.0
10.540000000000001,5.781477612957226,-7.179388649727448,-0.3356521662958766,0.3356521662958766,-0.33220237493515015,0.33220237493515015,0.8390670510712214,-0.8390670510712214,3,1.0,1.6629495432663047e-61,87.15999603271484,0.0,1.0
10.56,5.6310714367405,-7.178645624999518,-0.3324496755068654,0.3324496755068654,-0.32900238037109375,0.32900238037109375,0.8388528168231233,-0.8388528168231233,3,1.0,1.1830737725404287e-61,87.15999603271484,0.0,1.0
10.58,5.48068020490441,-7.177911370077985,-0.32924723010174595,0.32924723010174595,-0.32580238580703735,0.32580238580703735,0.8386335815500131,-0.8386335815500131,3,1.0,8.416752973297518e-62,87.15999603271484,0.0,1.0
10.6,5.330303735729232,-7.177185879506641,-0.3260448300770933,0.3260448300770933,-0.32260239124298096,0.32260239124298096,0.8384093502633776,-0.8384093502633776,3,1.0,5.987938559519692e-62,87.15999603271484,0.0,1.0
10.620000000000001,5.179941847607338,-7.1764691479005815,-0.32284247542944744,0.32284247542944744,-0.31940239667892456,0.31940239667892456,0.8381801279829337,-0.8381801279829337,3,1.0,4.260004814960764e-62,87.15999603271484,0.0,1.0
10.64,5.029594359041687,-7.175761169949492,-0.31964016615531327,0.31964016615531327,-0.31620240211486816,0.31620240211486816,0.8379459197369079,-0.8379459197369079,3,1.0,3.0306992703920743e-62,87.15999603271484,0.0,1.0
10.66,4.879261088644314,-7.175061940415713,-0.3164379022511607,0.3164379022511607,-0.31300240755081177,0.31300240755081177,0.8377067305614987,-0.8377067305614987,3,1.0,2.1561332595910806e-62,87.15999603271484,0.0,1.0
10.68,4.728941855134807,-7.17437145413486,-0.3132356837134246,0.3132356837134246,-0.30980241298675537,0.30980241298675537,0.8374625655015456,-0.8374625655015456,3,1.0,1.5339399321244566e-62,87.15999603271484,0.0,1.0
10.700000000000001,4.578636477338808,-7.173689706015776,-0.3100335105385052,0.3100335105385052,-0.306602418422699,0.306602418422699,0.8372134296095489,-0.8372134296095489,3,1.0,1.0912923423908563e-62,87.15999603271484,0.0,1.0
10.72,4.428344774186504,-7.173016691040696,-0.30683138272276794,0.30683138272276794,-0.3034024238586426,0.3034024238586426,0.8369593279466727,-0.8369593279466727,3,1.0,7.763791473317591e-63,87.15999603271484,0.0,1.0
10.74,4.278066564711115,-7.1723524042640525,-0.3036293002625437,0.3036293002625437,-0.3002024292945862,0.3002024292945862,0.836700265581742,-0.836700265581742,3,1.0,5.5234015396005e-63,87.15999603271484,0.0,1.0
10.76,4.127801668047399,-7.17169684081357,-0.30042726315412904,0.30042726315412904,-0.2970024347305298,0.2970024347305298,0.8364362475915967,-0.8364362475915967,3,1.0,3.929518801800667e-63,87.15999603271484,0.0,1.0
10.78,3.9775499034301314,-7.171049995890146,-0.29722527139378596,0.29722527139378596,-0.2938024401664734,0.2938024401664734,0.8361672790611646,-0.8361672790611646,3,1.0,2.7955812922523433e-63,87.15999603271484,0.0,1.0
10.8,3.8273110901926093,-7.170411864767076,-0.2940233249777423,0.2940233249777423,-0.290602445602417,0.290602445602417,0.8358933650832294,-0.8358933650832294,3,1.0,1.9888630531580618e-63,87.15999603271484,0.0,1.0
10.82,3.6770850477651487,-7.1697824427909,-0.29082142390219173,0.29082142390219173,-0.2874024510383606,0.2874024510383606,0.835614510758288,-0.835614510758288,3,1.0,1.4149387303383616e-63,87.15999603271484,0.0,1.0
10.84,3.5268715956735774,-7.169161725381069,-0.2876195681632936,0.2876195681632936,-0.2842024564743042,0.2842024564743042,0.8353307211945868,-0.8353307211945868,3,1.0,1.006631204412255e-63,87.15999603271484,0.0,1.0
10.86,3.3766705535377417,-7.168549708028781,-0.2844177577571736,0.2844177577571736,-0.2810024619102478,0.2810024619102478,0.8350420015082352,-0.8350420015082352,3,1.0,7.16148593553694e-64,87.15999603271484,0.0,1.0
10.88,3.2264817410700037,-7.167946386298532,-0.28121599267992337,0.28121599267992337,-0.2778024673461914,0.2778024673461914,0.8347483568227712,-0.8347483568227712,3,1.0,5.094902738966695e-64,87.15999603271484,0.0,1.0
10.9,3.0763049780737353,-7.167351755827824,-0.2780142729276007,0.2780142729276007,-0.274602472782135,0.274602472782135,0.8344497922694194,-0.8344497922694194,3,1.0,3.624671493205145e-64,87.15999603271484,0.0,1.0
10.92,2.9261400844418306,-7.166765812326229,-0.27481259849622974,0.27481259849622974,-0.2714024782180786,0.2714024782180786,0.834146312986931,-0.834146312986931,3,1.0,2.5787034820449988e-64,87.15999603271484,0.0,1.0
10.94,2.7759868801552043,-7.166188551575143,-0.27161096938180107,0.27161096938180107,-0.2682024836540222,0.2682024836540222,0.8338379241216519,-0.8338379241216519,3,1.0,1.8345694667162624e-64,87.15999603271484,0.0,1.0
10.96,2.6258451852812934,-7.165619969429795,-0.26840938558027144,0.26840938558027144,-0.2650024890899658,0.2650024890899658,0.8335246308269584,-0.8335246308269584,3,1.0,1.3051694976339511e-64,87.15999603271484,0.0,1.0
10.98,2.4757148199725734,-7.16506006181666,-0.26520784708756456,0.26520784708756456,-0.2618024945259094,0.2618024945259094,0.8332064382639836,-0.8332064382639836,3,1.0,9.285379749632131e-65,87.15999603271484,0.0,1.0
11.0,2.325595604465049,-7.164508824735406,-0.2620063538995704,0.2620063538995704,-0.258602499961853,0.258602499961853,0.8328833516009603,-0.8328833516009603,3,1.0,6.605906531770582e-65,87.15999603271484,0.0,1.0
11.02,2.1754873590767727,-7.163966254257524,-0.25880490601214573,0.25880490601214573,-0.25540250539779663,0.25540250539779663,0.8325553760133606,-0.8325553760133606,3,1.0,4.6996463562212504e-65,87.15999603271484,0.0,1.0
11.040000000000001,2.0253899042063477,-7.163432346526948,-0.25560350342111404,0.25560350342111404,-0.25220251083374023,0.25220251083374023,0.8322225166839051,-0.8322225166839051,3,1.0,3.343473869531693e-65,87.15999603271484,0.0,1.0
11.06,1.8753030603314433,-7.162907097759244,-0.25240214612226586,0.25240214612226586,-0.24900251626968384,0.24900251626968384,0.8318847788024384,-0.8318847788024384,3,1.0,2.378650789637193e-65,87.15999603271484,0.0,1.0
11.08,1.7252266480073002,-7.162390504242709,-0.24920083411135846,0.24920083411135846,-0.24580252170562744,0.24580252170562744,0.831542167565825,-0.831542167565825,3,1.0,1.6922457898060773e-65,87.15999603271484,0.0,1.0
11.1,1.575160487865244,-7.161882562337767,-0.24599956738411616,0.24599956738411616,-0.24260252714157104,0.24260252714157104,0.8311946881779559,-0.8311946881779559,3,1.0,1.2039160290330738e-65,87.15999603271484,0.0,1.0
11.120000000000001,1.4251044006111988,-7.161383268476676,-0.2427983459362303,0.2427983459362303,-0.23940253257751465,0.23940253257751465,0.8308423458496575,-0.8308423458496575,3,1.0,8.565031236560855e-66,87.15999603271484,0.0,1.0
11.14,1.2750582070241985,-7.160892619163567,-0.2395971697633594,0.2395971697633594,-0.23620253801345825,0.23620253801345825,0.8304851457986683,-0.8304851457986683,3,1.0,6.093428305143684e-66,87.15999603271484,0.0,1.0
11.16,1.1250217279549055,-7.160410610974655,-0.23639603886112917,0.23639603886112917,-0.23300254344940186,0.23300254344940186,0.830123093249703,-0.830123093249703,3,1.0,4.3350534848528025e-66,87.15999603271484,0.0,1.0
11.18,0.9749947843241232,-7.159937240558106,-0.23319495322513262,0.23319495322513262,-0.22980254888534546,0.22980254888534546,0.8297561934339963,-0.8297561934339963,3,1.0,3.0840912168722547e-66,87.15999603271484,0.0,1.0
11.200000000000001,0.8249771971213121,-7.159472504633627,-0.22999391285092996,0.22999391285092996,-0.22660255432128906,0.22660255432128906,0.8293844515898426,-0.8293844515898426,3,1.0,2.1941179427712537e-66,87.15999603271484,0.0,1.0
11.22,0.6749687874031112,-7.159016399993377,-0.22679291773404894,0.22679291773404894,-0.22340255975723267,0.22340255975723267,0.8290078729618506,-0.8290078729618506,3,1.0,1.5609634113458727e-66,87.15999603271484,0.0,1.0
11.24,0.5249693762918561,-7.158568923500472,-0.22359196786998467,0.22359196786998467,-0.22020256519317627,0.22020256519317627,0.8286264628015819,-0.8286264628015819,3,1.0,1.110517681872205e-66,87.15999603271484,0.0,1.0
11.26,0.374978784974095,-7.158130072090222,-0.2203910632541998,0.2203910632541998,-0.21700257062911987,0.21700257062911987,0.8282402263669449,-0.8282402263669449,3,1.0,7.900566488534798e-67,87.15999603271484,0.0,1.0
11.28,0.2249968346991162,-7.157699842769263,-0.2171902038821245,0.2171902038821245,-0.21380257606506348,0.21380257606506348,0.8278491689224708,-0.8278491689224708,3,1.0,5.620707518544673e-67,87.15999603271484,0.0,1.0
11.3,0.07502334677746514,-7.15727823261591,-0.21398938974915668,0.21398938974915668,-0.21060258150100708,0.21060258150100708,0.8274532957391549,-0.8274532957391549,3,1.0,3.998745286793174e-67,87.15999603271484,0.0,1.0
11.32,0.0,0.0,-0.21110530824230747,0.21110530824230747,-0.21060258150100708,0.21060258150100708,0.6411020548197078,-0.6411020548197078,4,1.0,2.8448311562012722e-67,87.15999603271484,0.0,1.0
11.34,0.0,0.0,-0.20865571887080303,0.20865571887080303,-0.21060258150100708,0.21060258150100708,0.5782919256585544,-0.5782919256585544,4,1.0,2.0239009306301085e-67,87.15999603271484,0.0,1.0
11.36,0.0,0.0,-0.20717969548066073,0.20717969548066073,-0.21060258150100708,0.21060258150100708,0.5889395789508076,-0.5889395789508076,4,1.0,1.4398657607768465e-67,87.15999603271484,0.0,1.0
11.38,0.0,0.0,-0.20627633204390083,0.20627633204390083,-0.21060258150100708,0.21060258150100708,0.5954206678193309,-0.5954206678193309,4,1.0,1.0243650653453802e-67,87.15999603271484,0.0,1.0
11.4,0.0,0.0,-0.20572344778514223,0.20572344778514223,-0.21060258150100708,0.21060258150100708,0.5993872970383974,-0.5993872970383974,4,1.0,7.287650110756898e-68,87.15999603271484,0.0,1.0
11.42,0.0,0.0,-0.205385066696815,0.205385066696815,-0.21060258150100708,0.21060258150100708,0.6018149980673857,-0.6018149980673857,4,1.0,5.1846598379366085e-68,87.15999603271484,0.0,1.0
11.44,0.0,0.0,-0.2051779676838454,0.2051779676838454,-0.21060258150100708,0.21060258150100708,0.6033008250681888,-0.6033008250681888,4,1.0,3.6885274713498877e-68,87.15999603271484,0.0,1.0
11.46,0.0,0.0,-0.2050512170819366,0.2050512170819366,-0.21060258150100708,0.21060258150100708,0.6042101957154083,-0.6042101957154083,4,1.0,2.6241326012079136e-68,87.15999603271484,0.0,1.0
11.48,0.0,0.0,-0.20497364203164445,0.20497364203164445,-0.21060258150100708,0.21060258150100708,0.6047667575102658,-0.6047667575102658,4,1.0,1.8668891480973897e-68,87.15999603271484,0.0,1.0
11.5,0.0,0.0,-0.204926163845123,0.204926163845123,-0.21060258150100708,0.21060258150100708,0.6051073897173118,-0.6051073897173118,4,1.0,1.3281627192465392e-68,87.15999603271484,0.0,1.0
11.52,0.0,0.0,-0.20489710581352752,0.20489710581352752,-0.21060258150100708,0.21060258150100708,0.6053158666161728,-0.6053158666161728,4,1.0,9.448960644471743e-69,87.15999603271484,0.0,1.0
11.540000000000001,0.0,0.0,-0.20487932145238236,0.20487932145238236,-0.21060258150100708,0.21060258150100708,0.6054434605754273,-0.6054434605754273,4,1.0,6.722283043106769e-69,87.15999603271484,0.0,1.0
11.56,0.0,0.0,-0.20486843690558024,0.20486843690558024,-0.21060258150100708,0.21060258150100708,0.605521551804198,-0.605521551804198,4,1.0,4.782440208180924e-69,87.15999603271484,0.0,1.0
11.58,0.0,0.0,-0.20486177524599447,0.20486177524599447,-0.21060258150100708,0.21060258150100708,0.6055693459141845,-0.6055693459141845,4,1.0,3.402375978244321e-69,87.15999603271484,0.0,1.0
11.6,0.0,0.0,-0.2048576981163326,0.2048576981163326,-0.21060258150100708,0.21060258150100708,0.605598597302818,-0.605598597302818,4,1.0,2.4205555727663076e-69,87.15999603271484,0.0,1.0
11.620000000000001,0.0,0.0,-0.20485520279424227,0.20485520279424227,-0.21060258150100708,0.21060258150100708,0.6056165000051432,-0.6056165000051432,4,1.0,1.722058149456313e-69,87.15999603271484,0.0,1.0
11.64,0.0,0.0,-0.20485367558444997,0.20485367558444997,-0.21060258150100708,0.21060258150100708,0.6056274569805047,-0.6056274569805047,4,1.0,1.2251254643659461e-69,87.15999603271484,0.0,1.0
11.66,0.0,0.0,-0.2048527408875782,0.2048527408875782,-0.21060258150100708,0.21060258150100708,0.6056341629686934,-0.6056341629686934,4,1.0,8.715921723733594e-70,87.15999603271484,0.0,1.0
11.68,0.0,0.0,-0.20485216882586993,0.20485216882586993,-0.21060258150100708,0.21060258150100708,0.6056382672287479,-0.6056382672287479,4,1.0,6.200776467703856e-70,87.15999603271484,0.0,1.0
11.700000000000001,0.0,0.0,-0.20485181870744326,0.20485181870744326,-0.21060258150100708,0.21060258150100708,0.6056407791555147,-0.6056407791555147,4,1.0,4.4114242900703165e-70,87.15999603271484,0.0,1.0
11.72,0.0,0.0,-0.2048516044247689,0.2048516044247689,-0.21060258150100708,0.21060258150100708,0.6056423165278173,-0.6056423165278173,4,1.0,3.138423771342409e-70,87.15999603271484,0.0,1.0
11.74,0.0,0.0,-0.20485147327753117,0.20485147327753117,-0.21060258150100708,0.21060258150100708,0.60564325744443,-0.60564325744443,4,1.0,2.232771803586843e-70,87.15999603271484,0.0,1.0
11.76,0.0,0.0,-0.20485139301160202,0.20485139301160202,-0.21060258150100708,0.21060258150100708,0.6056438333128359,-0.6056438333128359,4,1.0,1.5884629642478385e-70,87.15999603271484,0.0,1.0
11.78,0.0,0.0,-0.20485134388651563,0.20485134388651563,-0.21060258150100708,0.21060258150100708,0.6056441857611005,-0.6056441857611005,4,1.0,1.1300817149041401e-70,87.15999603271484,0.0,1.0
11.8,0.0,0.0,-0.20485131382053198,0.20485131382053198,-0.21060258150100708,0.21060258150100708,0.6056444014696212,-0.6056444014696212,4,1.0,8.039751074494843e-71,87.15999603271484,0.0,1.0
11.82,0.0,0.0,-0.2048512954192743,0.2048512954192743,-0.21060258150100708,0.21060258150100708,0.6056445334895669,-0.6056445334895669,4,1.0,5.71972774069032e-71,87.15999603271484,0.0,1.0
11.84,0.0,0.0,-0.20485128415716863,0.20485128415716863,-0.21060258150100708,0.21060258150100708,0.6056446142896091,-0.6056446142896091,4,1.0,4.069191337454184e-71,87.15999603271484,0.0,1.0
11.86,0.0,0.0,-0.20485127726443197,0.20485127726443197,-0.21060258150100708,0.21060258150100708,0.6056446637416446,-0.6056446637416446,4,1.0,2.8949486569117243e-71,87.15999603271484,0.0,1.0
11.88,0.0,0.0,-0.2048512730458764,0.2048512730458764,-0.21060258150100708,0.21060258150100708,0.6056446940076351,-0.6056446940076351,4,1.0,2.05955607174723e-71,87.15999603271484,0.0,1.0
11.9,0.0,0.0,-0.2048512704639975,0.2048512704639975,-0.21060258150100708,0.21060258150100708,0.6056447125313473,-0.6056447125313473,4,1.0,1.46523193167644e-71,87.15999603271484,0.0,1.0
11.92,0.0,0.0,-0.20485126888381242,0.20485126888381242,-0.21060258150100708,0.21060258150100708,0.6056447238684077,-0.6056447238684077,5,1.0,1.0424113443937163e-71,87.15999603271484,0.0,1.0
11.94,0.0,0.0,-0.20485126791669314,0.20485126791669314,-0.20460258424282074,0.20460258424282074,0.6056447308070212,-0.6056447308070212,5,1.0,7.416036925140317e-72,87.15999603271484,0.0,1.0
11.96,0.0,0.0,-0.20485126732478795,0.20485126732478795,-0.1986025869846344,0.1986025869846344,0.6056447350536681,-0.6056447350536681,5,1.0,5.275998191196984e-72,87.15999603271484,0.0,1.0
11.98,0.0,0.0,-0.20307738332615402,0.20307738332615402,-0.19260258972644806,0.19260258972644806,0.45261256195082117,-0.45261256195082117,5,1.0,3.7535084027358957e-72,87.15999603271484,0.0,1.0
12.0,0.0,0.0,-0.20016911291478237,0.20016911291478237,-0.18660259246826172,0.18660259246826172,0.30759471644010267,-0.30759471644010267,5,1.0,2.6703620469234084e-72,87.15999603271484,0.0,1.0
12.02,0.0,0.0,-0.19656863928683094,0.19656863928683094,-0.18060259521007538,0.18060259521007538,0.16754550841657956,-0.16754550841657956,5,1.0,1.8997782065577311e-72,87.15999603271484,0.0,1.0
12.040000000000001,0.0,0.0,-0.19254288410728487,0.19254288410728487,-0.17460259795188904,0.17460259795188904,0.03049347713739696,-0.03049347713739696,5,1.0,1.351561013335218e-72,87.15999603271484,0.0,1.0
12.06,0.0,0.0,-0.18782425803874242,0.18782425803874242,-0.1686026006937027,0.1686026006937027,0.007466660561375845,-0.007466660561375845,5,1.0,9.615423350274181e-73,87.15999603271484,0.0,1.0
12.08,0.0,0.0,-0.18261586489911844,0.18261586489911844,-0.16260260343551636,0.16260260343551636,0.004447091372022906,-0.004447091372022906,5,1.0,6.840709763952528e-73,87.15999603271484,0.0,1.0
12.1,0.0,0.0,-0.17714199651148013,0.17714199651148013,-0.15660260617733002,0.15660260617733002,0.002142715613442151,-0.002142715613442151,5,1.0,4.8666926426386713e-73,87.15999603271484,0.0,1.0
12.120000000000001,0.0,0.0,-0.17151650981423483,0.17151650981423483,-0.15060260891914368,0.15060260891914368,0.0002464089612116936,-0.0002464089612116936,5,1.0,3.4623157676884796e-73,87.15999603271484,0.0,1.0
12.14,0.0,0.0,-0.1658058130496343,0.1658058130496343,-0.14460261166095734,0.14460261166095734,-0.0014209387049712169,0.0014209387049712169,5,1.0,2.4631985940835366e-73,87.15999603271484,0.0,1.0
12.16,0.0,0.0,-0.160039758195875,0.160039758195875,-0.138602614402771,0.138602614402771,-0.0029398283019846823,0.0029398283019846823,5,1.0,1.752395714601678e-73,87.15999603271484,0.0,1.0
12.18,0.0,0.0,-0.1542325235389927,0.1542325235389927,-0.13260261714458466,0.13260261714458466,-0.004348482596066471,0.004348482596066471,5,1.0,1.246708547142902e-73,87.15999603271484,0.0,1.0
12.200000000000001,0.0,0.0,-0.14839135776991796,0.14839135776991796,-0.12660261988639832,0.12660261988639832,-0.0056664325545372485,0.0056664325545372485,5,1.0,8.869470454465568e-74,87.15999603271484,0.0,1.0
12.22,0.0,0.0,-0.1425243616776583,0.1425243616776583,-0.12060262262821198,0.12060262262821198,-0.00691550151268679,0.00691550151268679,5,1.0,6.3100157870033865e-74,87.15999603271484,0.0,1.0
12.24,0.0,0.0,-0.1366412599754622,0.1366412599754622,-0.11460262537002563,0.11460262537002563,-0.008121885676635292,0.008121885676635292,5,1.0,4.48914052272257e-74,87.15999603271484,0.0,1.0
12.26,0.0,0.0,-0.13074400295203292,0.13074400295203292,-0.1086026281118393,0.1086026281118393,-0.009290818173765463,0.009290818173765463,5,1.0,3.1937135045299458e-74,87.15999603271484,0.0,1.0
12.280000000000001,0.0,0.0,-0.12483430472830102,0.12483430472830102,-0.10260263085365295,0.10260263085365295,-0.010426894126106968,0.010426894126106968,5,1.0,2.272106630966183e-74,87.15999603271484,0.0,1.0
12.3,0.0,0.0,-0.11891367185586564,0.11891367185586564,-0.09660263359546661,0.09660263359546661,-0.01153414795890027,0.01153414795890027,5,1.0,1.6164469778388325e-74,87.15999603271484,0.0,1.0
12.32,0.0,0.0,-0.11298342845234324,0.11298342845234324,-0.09060263633728027,0.09060263633728027,-0.012616121341253637,0.012616121341253637,5,1.0,1.1499904082640676e-74,87.15999603271484,0.0,1.0
12.34,0.0,0.0,-0.10704473829298262,0.10704473829298262,-0.08460263907909393,0.08460263907909393,-0.013675922894133836,0.013675922894133836,5,1.0,8.181387680698884e-75,87.15999603271484,0.0,1.0
12.36,0.0,0.0,-0.10109862422712358,0.10109862422712358,-0.07860264182090759,0.07860264182090759,-0.014716280663105836,0.014716280663105836,5,1.0,5.82049240592635e-75,87.15999603271484,0.0,1.0
12.38,0.0,0.0,-0.09514598524344366,0.09514598524344366,-0.07260264456272125,0.07260264456272125,-0.01573958823250747,0.01573958823250747,5,1.0,4.1408784389193393e-75,87.15999603271484,0.0,1.0
12.4,0.0,0.0,-0.08919015108395738,0.08919015108395738,-0.06660264730453491,0.06660264730453491,-0.01490549823101198,0.01490549823101198,5,1.0,2.9459490795741503e-75,87.15999603271484,0.0,1.0
12.42,0.0,0.0,-0.08323155673080235,0.08323155673080235,-0.06060264632105827,0.06060264632105827,-0.014029442715693927,0.014029442715693927,5,1.0,2.0958393508669807e-75,87.15999603271484,0.0,1.0
12.44,0.0,0.0,-0.07727037469608286,0.07727037469608286,-0.054602645337581635,0.054602645337581635,-0.013264624696751645,0.013264624696751645,5,1.0,1.4910449793916628e-75,87.15999603271484,0.0,1.0
12.46,0.0,0.0,-0.07130676647706605,0.07130676647706605,-0.048602644354104996,0.048602644354104996,-0.012603939399016384,0.012603939399016384,5,1.0,1.0607755454393066e-75,87.15999603271484,0.0,1.0
12.48,0.0,0.0,-0.0653408837102705,0.0653408837102705,-0.04260264337062836,0.04260264337062836,-0.012041022003582015,0.012041022003582015,5,1.0,7.546685535007479e-76,87.15999603271484,0.0,1.0
12.5,0.0,0.0,-0.0593728685549324,0.0593728685549324,-0.03660264238715172,0.03660264238715172,-0.011569754404265288,0.011569754404265288,5,1.0,5.3689456557659404e-76,87.15999603271484,0.0,1.0
12.52,0.0,0.0,-0.053402854285335664,0.053402854285335664,-0.03060264140367508,0.03060264140367508,-0.011184398803363107,0.011184398803363107,5,1.0,3.8196341057080234e-76,87.15999603271484,0.0,1.0
12.540000000000001,0.0,0.0,-0.047430965846121435,0.047430965846121435,-0.02460264042019844,0.02460264042019844,-0.010879573945778058,0.010879573945778058,5,1.0,2.717405918575377e-76,87.15999603271484,0.0,1.0
12.56,0.0,0.0,-0.04145732037289081,0.04145732037289081,-0.018602639436721802,0.018602639436721802,-0.010650232838443636,0.010650232838443636,5,1.0,1.9332466728353576e-76,87.15999603271484,0.0,1.0
12.58,0.0,0.0,-0.035482027680269805,0.035482027680269805,-0.012602639384567738,0.012602639384567738,-0.010491641862117838,0.010491641862117838,5,1.0,1.3753715160774969e-76,87.15999603271484,0.0,1.0
12.6,0.0,0.0,-0.029505190719470324,0.029505190719470324,-0.006602639332413673,0.006602639332413673,-0.010399361188570853,0.010399361188570853,5,1.0,9.784818636014856e-77,87.15999603271484,0.0,1.0
12.620000000000001,0.0,0.0,-0.023526906065461182,0.023526906065461182,-0.0006026392802596092,0.0006026392802596092,-0.010369263665770182,0.010369263665770182,7,1.0,6.961222812928235e-77,87.15999603271484,0.0,1.0
