[Balance] --- Log dump (242992 bytes, 2511 samples) ---
t_ms,state,roll,roll_rate,setpoint,angle_err,motor_vel,vel_integ,bl_pos,br_pos,bl_vel,br_vel,arm_l,arm_r,meas_drift,meas_vel,pos_shift,flags
20,1,-3.04,-0.14,0.00,0.00,0.00,0.00,-17.10,-11.68,-0.00,-0.06,3.94,3.51,0.00,0.00,0.00,0
40,1,-3.04,-0.13,0.00,0.00,0.00,0.00,-17.10,-11.68,-0.00,0.01,3.94,3.51,0.00,0.00,0.00,0
60,1,-3.04,-0.16,0.00,0.00,0.00,0.00,-17.10,-11.68,0.03,0.01,3.94,3.52,0.00,0.00,0.00,0
81,1,-3.04,-0.16,0.00,0.00,0.00,0.00,-17.10,-11.68,0.03,0.01,3.95,3.53,0.00,0.00,0.00,0
100,1,-3.04,-0.09,0.00,0.00,0.00,0.00,-17.10,-11.68,0.03,0.01,3.96,3.54,0.00,0.00,0.00,0
120,1,-3.03,-0.06,0.00,0.00,0.00,0.00,-17.10,-11.68,0.03,0.01,3.97,3.55,0.00,0.00,0.00,0
140,1,-3.02,-0.05,0.00,0.00,0.00,0.00,-17.10,-11.68,0.03,0.01,3.99,3.56,0.00,0.00,0.00,0
160,1,-2.99,0.37,0.00,0.00,0.00,0.00,-17.10,-11.68,0.03,0.01,4.00,3.57,0.00,0.00,0.00,0
180,1,-2.90,1.63,0.00,0.00,0.00,0.00,-17.10,-11.68,0.03,0.01,4.01,3.58,0.00,0.00,0.00,0
200,1,-2.77,2.84,0.00,0.00,0.00,0.00,-17.10,-11.68,0.03,0.03,4.03,3.59,0.00,0.00,0.00,0
220,1,-2.67,3.42,0.00,0.00,0.00,0.00,-17.10,-11.68,0.06,0.03,4.04,3.60,0.00,0.00,0.00,0
240,1,-2.56,3.93,0.00,0.00,0.00,0.00,-17.10,-11.68,0.06,0.03,4.05,3.61,0.00,0.00,0.00,0
260,1,-2.42,4.74,0.00,0.00,0.00,0.00,-17.10,-11.68,0.06,0.03,4.07,3.62,0.00,0.00,0.00,0
280,1,-2.24,6.00,0.00,0.00,0.00,0.00,-17.10,-11.68,0.06,0.03,4.08,3.63,0.00,0.00,0.00,0
301,1,-1.97,8.45,0.00,0.00,0.00,0.00,-17.10,-11.68,0.06,0.03,4.10,3.64,0.00,0.00,0.00,0
320,1,-1.65,10.91,0.00,0.00,0.00,0.00,-17.10,-11.68,0.06,0.03,4.11,3.65,0.00,0.00,0.00,0
340,1,-1.21,14.14,0.00,0.00,0.00,0.00,-17.10,-11.68,0.06,0.03,4.12,3.66,0.00,0.00,0.00,0
360,1,-0.75,16.64,0.00,0.00,0.00,0.00,-17.10,-11.68,0.06,-0.02,4.14,3.67,0.00,0.00,0.00,0
380,1,-0.29,18.34,0.00,0.00,0.00,0.00,-17.10,-11.68,0.02,-0.02,4.15,3.68,0.00,0.00,0.00,0
401,1,0.13,18.92,0.00,0.00,0.00,0.00,-17.10,-11.68,0.02,-0.02,4.16,3.70,0.00,0.00,0.00,0
420,1,0.53,19.25,0.00,0.00,0.00,0.00,-17.10,-11.68,0.02,-0.02,4.18,3.71,0.00,0.00,0.00,0
440,1,0.95,19.81,0.00,0.00,0.00,0.00,-17.10,-11.68,0.02,-0.02,4.19,3.72,0.00,0.00,0.00,0
460,1,1.39,20.49,0.00,0.00,0.00,0.00,-17.10,-11.68,0.02,-0.02,4.20,3.73,0.00,0.00,0.00,0
480,1,1.85,21.29,0.00,0.00,0.00,0.00,-17.10,-11.68,0.02,-0.02,4.22,3.74,0.00,0.00,0.00,0
501,1,2.33,22.12,0.00,0.00,0.00,0.00,-17.10,-11.68,0.02,-0.02,4.23,3.76,0.00,0.00,0.00,0
520,1,2.81,22.77,0.00,0.00,0.00,0.00,-17.10,-11.68,0.02,0.02,4.25,3.77,0.00,0.00,0.00,0
540,1,3.29,23.15,0.00,0.00,0.00,0.00,-17.10,-11.68,0.01,0.02,4.26,3.78,0.00,0.00,0.00,0
560,1,3.79,23.63,0.00,0.00,0.00,0.00,-17.10,-11.68,0.01,0.02,4.28,3.79,0.00,0.00,0.00,0
580,1,4.29,24.04,0.00,0.00,0.00,0.00,-17.10,-11.68,0.01,0.02,4.29,3.81,0.00,0.00,0.00,0
601,1,4.79,24.23,0.00,0.00,0.00,0.00,-17.10,-11.68,0.01,0.02,4.30,3.82,0.00,0.00,0.00,0
620,1,5.29,24.59,0.00,0.00,0.00,0.00,-17.10,-11.68,0.01,0.02,4.32,3.83,0.00,0.00,0.00,0
640,1,5.81,24.85,0.00,0.00,0.00,0.00,-17.10,-11.68,0.01,0.02,4.33,3.84,0.00,0.00,0.00,0
660,1,6.32,25.06,0.00,0.00,0.00,0.00,-17.10,-11.68,0.01,0.02,4.35,3.86,0.00,0.00,0.00,0
680,1,6.83,25.24,0.00,0.00,0.00,0.00,-17.10,-11.68,0.01,0.00,4.36,3.87,0.00,0.00,0.00,0
700,1,7.35,25.50,0.00,0.00,0.00,0.00,-17.10,-11.68,0.01,0.00,4.37,3.88,0.00,0.00,0.00,0
720,1,7.88,25.74,0.00,0.00,0.00,0.00,-17.10,-11.68,0.01,0.00,4.39,3.90,0.00,0.00,0.00,0
740,1,8.41,26.08,0.00,0.00,0.00,0.00,-17.10,-11.68,0.01,0.00,4.40,3.91,0.00,0.00,0.00,0
760,1,8.95,26.26,0.00,0.00,0.00,0.00,-17.10,-11.68,0.01,0.00,4.42,3.92,0.00,0.00,0.00,0
780,1,9.48,26.18,0.00,0.00,0.00,0.00,-17.10,-11.68,0.01,0.00,4.43,3.94,0.00,0.00,0.00,0
801,1,10.01,26.21,0.00,0.00,0.00,0.00,-17.10,-11.68,0.01,0.00,4.44,3.95,0.00,0.00,0.00,0
819,1,10.40,26.20,0.00,0.00,0.00,0.00,-17.10,-11.68,0.01,0.00,4.46,3.97,0.00,0.00,0.00,0
840,1,11.07,26.43,0.00,0.00,0.00,0.00,-17.10,-11.68,0.01,-0.02,4.47,3.98,0.00,0.00,0.00,0
860,1,11.60,26.47,0.00,0.00,0.00,0.00,-17.10,-11.68,-0.01,-0.02,4.49,3.99,0.00,0.00,0.00,0
880,1,12.15,26.76,0.00,0.00,0.00,0.00,-17.10,-11.68,-0.01,-0.02,4.50,4.01,0.00,0.00,0.00,0
901,1,12.70,27.02,0.00,0.00,0.00,0.00,-17.10,-11.68,-0.01,-0.02,4.52,4.02,0.00,0.00,0.00,0
921,1,13.26,27.16,0.00,0.00,0.00,0.00,-17.10,-11.68,-0.01,-0.02,4.53,4.03,0.00,0.00,0.00,0
940,1,13.80,27.18,0.00,0.00,0.00,0.00,-17.10,-11.68,-0.01,-0.02,4.54,4.05,0.00,0.00,0.00,0
960,1,14.35,27.13,0.00,0.00,0.00,0.00,-17.10,-11.68,-0.01,-0.02,4.56,4.06,0.00,0.00,0.00,0
980,1,14.90,27.17,0.00,0.00,0.00,0.00,-17.10,-11.68,-0.01,-0.02,4.57,4.07,0.00,0.00,0.00,0
1001,1,15.45,27.33,0.00,0.00,0.00,0.00,-17.10,-11.68,-0.01,-0.01,4.59,4.09,0.00,0.00,0.00,0
1020,1,16.02,27.52,0.00,0.00,0.00,0.00,-17.10,-11.68,-0.04,-0.01,4.60,4.10,0.00,0.00,0.00,0
1040,1,16.58,27.62,0.00,0.00,0.00,0.00,-17.10,-11.68,-0.04,-0.01,4.61,4.12,0.00,0.00,0.00,0
1060,1,17.15,27.98,0.00,0.00,0.00,0.00,-17.10,-11.68,-0.04,-0.01,4.63,4.13,0.00,0.00,0.00,0
1080,1,17.73,28.23,0.00,0.00,0.00,0.00,-17.10,-11.68,-0.04,-0.01,4.64,4.14,0.00,0.00,0.00,0
1101,1,18.32,28.49,0.00,0.00,0.00,0.00,-17.10,-11.68,-0.04,-0.01,4.66,4.16,0.00,0.00,0.00,0
1121,1,18.90,28.65,0.00,0.00,0.00,0.00,-17.10,-11.68,-0.04,-0.01,4.67,4.17,0.00,0.00,0.00,0
1140,1,19.48,28.83,0.00,0.00,0.00,0.00,-17.10,-11.68,-0.04,-0.01,4.68,4.19,0.00,0.00,0.00,0
1160,1,20.07,28.91,0.00,0.00,0.00,0.00,-17.10,-11.68,-0.04,-0.08,4.70,4.20,0.00,0.00,0.00,0
1180,1,20.65,28.90,0.00,0.00,0.00,0.00,-17.10,-11.68,-0.02,-0.08,4.71,4.21,0.00,0.00,0.00,0
1200,1,21.23,28.91,0.00,0.00,0.00,0.00,-17.10,-11.68,-0.02,-0.08,4.73,4.23,0.00,0.00,0.00,0
1220,1,21.82,28.91,0.00,0.00,0.00,0.00,-17.10,-11.68,-0.02,-0.08,4.74,4.24,0.00,0.00,0.00,0
1240,1,22.41,29.02,0.00,0.00,0.00,0.00,-17.10,-11.68,-0.02,-0.08,4.76,4.26,0.00,0.00,0.00,0
1260,1,22.99,29.19,0.00,0.00,0.00,0.00,-17.10,-11.68,-0.02,-0.08,4.77,4.27,0.00,0.00,0.00,0
1280,1,23.58,29.30,0.00,0.00,0.00,0.00,-17.10,-11.68,-0.02,-0.08,4.78,4.28,0.00,0.00,0.00,0
1301,1,24.17,29.19,0.00,0.00,0.00,0.00,-17.10,-11.68,-0.02,-0.08,4.80,4.30,0.00,0.00,0.00,0
1321,1,24.76,29.20,0.00,0.00,0.00,0.00,-17.10,-11.68,-0.02,-0.02,4.81,4.31,0.00,0.00,0.00,0
1339,1,25.20,29.07,0.00,0.00,0.00,0.00,-17.10,-11.68,-0.00,-0.02,4.83,4.33,0.00,0.00,0.00,0
1360,1,25.89,28.34,0.00,0.00,0.00,0.00,-17.10,-11.68,-0.00,-0.02,4.84,4.34,0.00,0.00,0.00,0
1380,1,26.39,27.07,0.00,0.00,0.00,0.00,-17.10,-11.68,-0.00,-0.02,4.85,4.35,0.00,0.00,0.00,0
1401,1,26.84,25.45,0.00,0.00,0.00,0.00,-17.10,-11.68,-0.00,-0.02,4.87,4.36,0.00,0.00,0.00,0
1420,1,27.25,23.59,0.00,0.00,0.00,0.00,-17.10,-11.68,-0.00,-0.02,4.88,4.37,0.00,0.00,0.00,0
1440,1,27.62,21.87,0.00,0.00,0.00,0.00,-17.10,-11.68,-0.00,-0.02,4.90,4.38,0.00,0.00,0.00,0
1460,1,27.98,20.69,0.00,0.00,0.00,0.00,-17.10,-11.68,-0.00,-0.02,4.91,4.39,0.00,0.00,0.00,0
1480,1,28.35,20.05,0.00,0.00,0.00,0.00,-17.10,-11.68,-0.00,0.07,4.92,4.40,0.00,0.00,0.00,0
1501,1,28.73,19.84,0.00,0.00,0.00,0.00,-17.10,-11.68,-0.02,0.07,4.94,4.41,0.00,0.00,0.00,0
1520,1,29.13,19.85,0.00,0.00,0.00,0.00,-17.10,-11.68,-0.02,0.07,4.95,4.42,0.00,0.00,0.00,0
1540,1,29.54,20.09,0.00,0.00,0.00,0.00,-17.10,-11.68,-0.02,0.07,4.97,4.43,0.00,0.00,0.00,0
1560,1,29.96,20.03,0.00,0.00,0.00,0.00,-17.10,-11.68,-0.02,0.07,4.98,4.43,0.00,0.00,0.00,0
1580,1,30.37,20.10,0.00,0.00,0.00,0.00,-17.10,-11.68,-0.02,0.07,5.00,4.44,0.00,0.00,0.00,0
1600,1,30.75,19.59,0.00,0.00,0.00,0.00,-17.10,-11.68,-0.02,0.07,5.01,4.45,0.00,0.00,0.00,0
1620,1,31.13,19.08,0.00,0.00,0.00,0.00,-17.10,-11.68,-0.02,0.07,5.02,4.46,0.00,0.00,0.00,0
1640,1,31.49,18.69,0.00,0.00,0.00,0.00,-17.10,-11.68,-0.02,-0.03,5.04,4.47,0.00,0.00,0.00,0
1660,1,31.86,18.65,0.00,0.00,0.00,0.00,-17.10,-11.68,-0.00,-0.03,5.05,4.48,0.00,0.00,0.00,0
1680,1,32.23,18.53,0.00,0.00,0.00,0.00,-17.10,-11.68,-0.00,-0.03,5.07,4.49,0.00,0.00,0.00,0
1701,1,32.62,18.55,0.00,0.00,0.00,0.00,-17.10,-11.68,-0.00,-0.03,5.08,4.50,0.00,0.00,0.00,0
1720,1,32.99,18.44,0.00,0.00,0.00,0.00,-17.10,-11.68,-0.00,-0.03,5.09,4.50,0.00,0.00,0.00,0
1740,1,33.37,18.32,0.00,0.00,0.00,0.00,-17.10,-11.68,-0.00,-0.03,5.11,4.51,0.00,0.00,0.00,0
1760,1,33.73,18.14,0.00,0.00,0.00,0.00,-17.10,-11.68,-0.00,-0.03,5.12,4.52,0.00,0.00,0.00,0
1780,1,34.10,18.19,0.00,0.00,0.00,0.00,-17.10,-11.68,-0.00,-0.03,5.13,4.53,0.00,0.00,0.00,0
1801,1,34.46,17.96,0.00,0.00,0.00,0.00,-17.10,-11.68,-0.00,0.00,5.15,4.54,0.00,0.00,0.00,0
1820,1,34.82,17.69,0.00,0.00,0.00,0.00,-17.10,-11.68,0.04,0.00,5.16,4.55,0.00,0.00,0.00,0
1840,1,35.17,17.47,0.00,0.00,0.00,0.00,-17.10,-11.68,0.04,0.00,5.17,4.55,0.00,0.00,0.00,0
1860,1,35.51,17.31,0.00,0.00,0.00,0.00,-17.10,-11.68,0.04,0.00,5.18,4.56,0.00,0.00,0.00,0
1880,1,35.85,16.99,0.00,0.00,0.00,0.00,-17.10,-11.68,0.04,0.00,5.20,4.57,0.00,0.00,0.00,0
1901,1,36.18,16.93,0.00,0.00,0.00,0.00,-17.10,-11.68,0.04,0.00,5.21,4.58,0.00,0.00,0.00,0
1921,1,36.52,16.92,0.00,0.00,0.00,0.00,-17.10,-11.68,0.04,0.00,5.22,4.59,0.00,0.00,0.00,0
1940,1,36.88,17.15,0.00,0.00,0.00,0.00,-17.10,-11.68,0.04,0.00,5.23,4.59,0.00,0.00,0.00,0
1960,1,37.24,17.15,0.00,0.00,0.00,0.00,-17.10,-11.68,0.04,-0.01,5.25,4.60,0.00,0.00,0.00,0
1980,1,37.60,17.29,0.00,0.00,0.00,0.00,-17.10,-11.68,-0.02,-0.01,5.26,4.61,0.00,0.00,0.00,0
2001,1,37.95,17.18,0.00,0.00,0.00,0.00,-17.10,-11.68,-0.02,-0.01,5.27,4.62,0.00,0.00,0.00,0
2020,1,38.29,16.92,0.00,0.00,0.00,0.00,-17.10,-11.68,-0.02,-0.01,5.28,4.62,0.00,0.00,0.00,0
2040,1,38.62,16.46,0.00,0.00,0.00,0.00,-17.10,-11.68,-0.02,-0.01,5.29,4.63,0.00,0.00,0.00,0
2060,1,38.93,15.96,0.00,0.00,0.00,0.00,-17.10,-11.68,-0.02,-0.01,5.31,4.64,0.00,0.00,0.00,0
2080,1,39.23,15.73,0.00,0.00,0.00,0.00,-17.10,-11.68,-0.02,-0.01,5.32,4.64,0.00,0.00,0.00,0
2100,1,39.55,15.65,0.00,0.00,0.00,0.00,-17.10,-11.68,-0.02,-0.01,5.33,4.65,0.00,0.00,0.00,0
2120,1,39.86,15.63,0.00,0.00,0.00,0.00,-17.10,-11.68,-0.02,0.02,5.34,4.66,0.00,0.00,0.00,0
2140,1,40.19,15.77,0.00,0.00,0.00,0.00,-17.10,-11.68,-0.02,0.02,5.35,4.67,0.00,0.00,0.00,0
2160,1,40.51,15.67,0.00,0.00,0.00,0.00,-17.10,-11.68,-0.02,0.02,5.36,4.67,0.00,0.00,0.00,0
2180,1,40.83,15.41,0.00,0.00,0.00,0.00,-17.10,-11.68,-0.02,0.02,5.37,4.68,0.00,0.00,0.00,0
2201,1,41.13,15.07,0.00,0.00,0.00,0.00,-17.10,-11.68,-0.02,0.02,5.39,4.69,0.00,0.00,0.00,0
2220,1,41.42,14.91,0.00,0.00,0.00,0.00,-17.10,-11.68,-0.02,0.02,5.40,4.69,0.00,0.00,0.00,0
2240,1,41.72,14.90,0.00,0.00,0.00,0.00,-17.10,-11.68,-0.02,0.02,5.41,4.70,0.00,0.00,0.00,0
2260,1,42.03,15.16,0.00,0.00,0.00,0.00,-17.10,-11.68,-0.02,0.02,5.42,4.71,0.00,0.00,0.00,0
2280,1,42.35,15.24,0.00,0.00,0.00,0.00,-17.10,-11.68,-0.02,0.01,5.43,4.71,0.00,0.00,0.00,0
2300,1,42.67,15.32,0.00,0.00,0.00,0.00,-17.10,-11.68,0.00,0.01,5.44,4.72,0.00,0.00,0.00,0
2321,1,42.99,15.16,0.00,0.00,0.00,0.00,-17.10,-11.68,0.00,0.01,5.45,4.72,0.00,0.00,0.00,0
2340,1,43.28,14.81,0.00,0.00,0.00,0.00,-17.10,-11.68,0.00,0.01,5.46,4.73,0.00,0.00,0.00,0
2360,1,43.57,14.40,0.00,0.00,0.00,0.00,-17.10,-11.68,0.00,0.01,5.47,4.74,0.00,0.00,0.00,0
2380,1,43.85,14.09,0.00,0.00,0.00,0.00,-17.10,-11.68,0.00,0.01,5.48,4.74,0.00,0.00,0.00,0
2400,1,44.13,13.97,0.00,0.00,0.00,0.00,-17.10,-11.68,0.00,0.01,5.49,4.75,0.00,0.00,0.00,0
2421,1,44.42,13.98,0.00,0.00,0.00,0.00,-17.10,-11.68,0.00,0.01,5.50,4.76,0.00,0.00,0.00,0
2441,1,44.71,13.95,0.00,0.00,0.00,0.00,-17.10,-11.68,0.00,-0.00,5.51,4.76,0.00,0.00,0.00,0
2460,1,44.99,13.77,0.00,0.00,0.00,0.00,-17.10,-11.68,-0.03,-0.00,5.52,4.77,0.00,0.00,0.00,0
2480,1,45.27,13.63,0.00,0.00,0.00,0.00,-17.10,-11.68,-0.03,-0.00,5.53,4.77,0.00,0.00,0.00,0
2500,1,45.55,13.71,0.00,0.00,0.00,0.00,-17.10,-11.68,-0.03,-0.00,5.54,4.78,0.00,0.00,0.00,0
2521,1,45.83,13.78,0.00,0.00,0.00,0.00,-17.10,-11.68,-0.03,-0.00,5.55,4.79,0.00,0.00,0.00,0
2540,1,46.12,13.76,0.00,0.00,0.00,0.00,-17.10,-11.68,-0.03,-0.00,5.55,4.79,0.00,0.00,0.00,0
2560,1,46.40,13.61,0.00,0.00,0.00,0.00,-17.10,-11.68,-0.03,-0.00,5.56,4.80,0.00,0.00,0.00,0
2580,1,46.68,13.45,0.00,0.00,0.00,0.00,-17.10,-11.68,-0.03,-0.00,5.57,4.80,0.00,0.00,0.00,0
2600,1,46.94,13.07,0.00,0.00,0.00,0.00,-17.10,-11.68,-0.03,0.04,5.58,4.81,0.00,0.00,0.00,0
2620,1,47.19,12.83,0.00,0.00,0.00,0.00,-17.10,-11.68,-0.02,0.04,5.59,4.81,0.00,0.00,0.00,0
2640,1,47.43,12.59,0.00,0.00,0.00,0.00,-17.10,-11.68,-0.02,0.04,5.60,4.82,0.00,0.00,0.00,0
2660,1,47.69,12.55,0.00,0.00,0.00,0.00,-17.10,-11.68,-0.02,0.04,5.61,4.82,0.00,0.00,0.00,0
2680,1,47.95,12.66,0.00,0.00,0.00,0.00,-17.10,-11.68,-0.02,0.04,5.62,4.83,0.00,0.00,0.00,0
2700,1,48.23,12.93,0.00,0.00,0.00,0.00,-17.10,-11.68,-0.02,0.04,5.63,4.84,0.00,0.00,0.00,0
2721,1,48.51,13.16,0.00,0.00,0.00,0.00,-17.10,-11.68,-0.02,0.04,5.63,4.84,0.00,0.00,0.00,0
2739,1,48.72,13.19,0.00,0.00,0.00,0.00,-17.10,-11.68,-0.02,0.04,5.64,4.85,0.00,0.00,0.00,0
2760,1,49.06,12.94,0.00,0.00,0.00,0.00,-17.10,-11.68,-0.02,0.00,5.65,4.85,0.00,0.00,0.00,0
2780,1,49.31,12.51,0.00,0.00,0.00,0.00,-17.10,-11.68,0.01,0.00,5.66,4.86,0.00,0.00,0.00,0
2800,1,49.54,12.13,0.00,0.00,0.00,0.00,-17.10,-11.68,0.01,0.00,5.67,4.86,0.00,0.00,0.00,0
2821,1,49.77,11.87,0.00,0.00,0.00,0.00,-17.10,-11.68,0.01,0.00,5.68,4.87,0.00,0.00,0.00,0
2841,1,50.01,11.70,0.00,0.00,0.00,0.00,-17.10,-11.68,0.01,0.00,5.68,4.87,0.00,0.00,0.00,0
2860,1,50.26,11.81,0.00,0.00,0.00,0.00,-17.10,-11.68,0.01,0.00,5.69,4.88,0.00,0.00,0.00,0
2880,1,50.51,11.91,0.00,0.00,0.00,0.00,-17.10,-11.68,0.01,0.00,5.70,4.88,0.00,0.00,0.00,0
2900,1,50.77,12.10,0.00,0.00,0.00,0.00,-17.10,-11.68,0.01,0.00,5.71,4.89,0.00,0.00,0.00,0
2921,1,51.03,12.10,0.00,0.00,0.00,0.00,-17.10,-11.68,0.01,-0.01,5.72,4.89,0.00,0.00,0.00,0
2940,1,51.27,11.74,0.00,0.00,0.00,0.00,-17.10,-11.68,-0.01,-0.01,5.72,4.90,0.00,0.00,0.00,0
2960,1,51.48,11.13,0.00,0.00,0.00,0.00,-17.10,-11.68,-0.01,-0.01,5.73,4.90,0.00,0.00,0.00,0
2980,1,51.68,10.57,0.00,0.00,0.00,0.00,-17.10,-11.68,-0.01,-0.01,5.74,4.90,0.00,0.00,0.00,0
3000,1,51.88,10.43,0.00,0.00,0.00,0.00,-17.10,-11.68,-0.01,-0.01,5.75,4.91,0.00,0.00,0.00,0
3021,1,52.10,10.82,0.00,0.00,0.00,0.00,-17.10,-11.68,-0.01,-0.01,5.75,4.91,0.00,0.00,0.00,0
3040,1,52.35,11.30,0.00,0.00,0.00,0.00,-17.10,-11.68,-0.01,-0.01,5.76,4.92,0.00,0.00,0.00,0
3060,1,52.62,11.82,0.00,0.00,0.00,0.00,-17.10,-11.68,-0.01,-0.01,5.77,4.92,0.00,0.00,0.00,0
3080,1,52.90,12.10,0.00,0.00,0.00,0.00,-17.10,-11.68,-0.01,-0.03,5.78,4.93,0.00,0.00,0.00,0
3100,1,53.16,11.97,0.00,0.00,0.00,0.00,-17.09,-11.68,0.01,-0.03,5.78,4.93,0.00,0.00,0.00,0
3120,1,53.40,11.64,0.00,0.00,0.00,0.00,-17.09,-11.68,0.01,-0.03,5.79,4.94,0.00,0.00,0.00,0
3140,1,53.61,11.11,0.00,0.00,0.00,0.00,-17.09,-11.68,0.01,-0.03,5.80,4.94,0.00,0.00,0.00,0
3160,1,53.81,10.56,0.00,0.00,0.00,0.00,-17.09,-11.68,0.01,-0.03,5.80,4.94,0.00,0.00,0.00,0
3180,1,54.00,10.07,0.00,0.00,0.00,0.00,-17.09,-11.68,0.01,-0.03,5.81,4.95,0.00,0.00,0.00,0
3200,1,54.19,9.79,0.00,0.00,0.00,0.00,-17.09,-11.68,0.01,-0.03,5.82,4.95,0.00,0.00,0.00,0
3221,1,54.39,9.82,0.00,0.00,0.00,0.00,-17.09,-11.68,0.01,-0.03,5.82,4.96,0.00,0.00,0.00,0
3240,1,54.59,9.99,0.00,0.00,0.00,0.00,-17.09,-11.68,0.01,0.03,5.83,4.96,0.00,0.00,0.00,0
3260,1,54.82,10.48,0.00,0.00,0.00,0.00,-17.09,-11.68,-0.01,0.03,5.84,4.97,0.00,0.00,0.00,0
3280,1,55.07,10.84,0.00,0.00,0.00,0.00,-17.09,-11.68,-0.01,0.03,5.85,4.97,0.00,0.00,0.00,0
3300,1,55.32,11.05,0.00,0.00,0.00,0.00,-17.09,-11.68,-0.01,0.03,5.85,4.97,0.00,0.00,0.00,0
3321,1,55.55,10.94,0.00,0.00,0.00,0.00,-17.09,-11.68,-0.01,0.03,5.86,4.98,0.00,0.00,0.00,0
3340,1,55.77,10.55,0.00,0.00,0.00,0.00,-17.09,-11.68,-0.01,0.03,5.86,4.98,0.00,0.00,0.00,0
3360,1,55.96,9.97,0.00,0.00,0.00,0.00,-17.09,-11.68,-0.01,0.03,5.87,4.99,0.00,0.00,0.00,0
3380,1,56.14,9.57,0.00,0.00,0.00,0.00,-17.09,-11.68,-0.01,0.03,5.88,4.99,0.00,0.00,0.00,0
3400,1,56.32,9.33,0.00,0.00,0.00,0.00,-17.09,-11.68,-0.01,0.00,5.88,4.99,0.00,0.00,0.00,0
3421,1,56.51,9.32,0.00,0.00,0.00,0.00,-17.09,-11.68,0.03,0.00,5.89,5.00,0.00,0.00,0.00,0
3440,1,56.70,9.41,0.00,0.00,0.00,0.00,-17.09,-11.68,0.03,0.00,5.90,5.00,0.00,0.00,0.00,0
3460,1,56.92,9.60,0.00,0.00,0.00,0.00,-17.09,-11.68,0.03,0.00,5.90,5.00,0.00,0.00,0.00,0
3480,1,57.12,9.69,0.00,0.00,0.00,0.00,-17.09,-11.68,0.03,0.00,5.91,5.01,0.00,0.00,0.00,0
3500,1,57.34,9.81,0.00,0.00,0.00,0.00,-17.09,-11.68,0.03,0.00,5.91,5.01,0.00,0.00,0.00,0
3520,1,57.54,9.79,0.00,0.00,0.00,0.00,-17.09,-11.68,0.03,0.00,5.92,5.02,0.00,0.00,0.00,0
3540,1,57.74,9.59,0.00,0.00,0.00,0.00,-17.09,-11.68,0.03,0.00,5.92,5.02,0.00,0.00,0.00,0
3561,1,57.93,9.34,0.00,0.00,0.00,0.00,-17.09,-11.68,0.03,0.02,5.93,5.02,0.00,0.00,0.00,0
3580,1,58.11,8.90,0.00,0.00,0.00,0.00,-17.09,-11.68,0.01,0.02,5.94,5.03,0.00,0.00,0.00,0
3600,1,58.27,8.49,0.00,0.00,0.00,0.00,-17.09,-11.68,0.01,0.02,5.94,5.03,0.00,0.00,0.00,0
3621,1,58.44,8.34,0.00,0.00,0.00,0.00,-17.09,-11.68,0.01,0.02,5.95,5.03,0.00,0.00,0.00,0
3640,1,58.60,8.26,0.00,0.00,0.00,0.00,-17.09,-11.68,0.01,0.02,5.95,5.04,0.00,0.00,0.00,0
3661,1,58.78,8.39,0.00,0.00,0.00,0.00,-17.09,-11.68,0.01,0.02,5.96,5.04,0.00,0.00,0.00,0
3680,1,58.96,8.55,0.00,0.00,0.00,0.00,-17.09,-11.68,0.01,0.02,5.96,5.04,0.00,0.00,0.00,0
3700,1,59.16,8.80,0.00,0.00,0.00,0.00,-17.09,-11.68,0.01,0.02,5.97,5.05,0.00,0.00,0.00,0
3721,1,59.35,8.94,0.00,0.00,0.00,0.00,-17.09,-11.68,0.01,0.03,5.98,5.05,0.00,0.00,0.00,0
3740,1,59.54,8.95,0.00,0.00,0.00,0.00,-17.09,-11.68,-0.01,0.03,5.98,5.05,0.00,0.00,0.00,0
3760,1,59.73,8.87,0.00,0.00,0.00,0.00,-17.09,-11.68,-0.01,0.03,5.99,5.06,0.00,0.00,0.00,0
3780,1,59.91,8.74,0.00,0.00,0.00,0.00,-17.09,-11.68,-0.01,0.03,5.99,5.06,0.00,0.00,0.00,0
3800,1,60.08,8.55,0.00,0.00,0.00,0.00,-17.09,-11.68,-0.01,0.03,6.00,5.06,0.00,0.00,0.00,0
3821,1,60.25,8.38,0.00,0.00,0.00,0.00,-17.09,-11.68,-0.01,0.03,6.00,5.07,0.00,0.00,0.00,0
3841,1,60.42,8.23,0.00,0.00,0.00,0.00,-17.09,-11.68,-0.01,0.03,6.01,5.07,0.00,0.00,0.00,0
3860,1,60.59,8.07,0.00,0.00,0.00,0.00,-17.09,-11.68,-0.01,0.03,6.01,5.07,0.00,0.00,0.00,0
3880,1,60.75,7.97,0.00,0.00,0.00,0.00,-17.09,-11.68,-0.01,-0.00,6.02,5.08,0.00,0.00,0.00,0
3900,1,60.91,7.83,0.00,0.00,0.00,0.00,-17.09,-11.68,-0.00,-0.00,6.02,5.08,0.00,0.00,0.00,0
3921,1,61.07,7.66,0.00,0.00,0.00,0.00,-17.09,-11.68,-0.00,-0.00,6.03,5.08,0.00,0.00,0.00,0
3940,1,61.23,7.61,0.00,0.00,0.00,0.00,-17.09,-11.68,-0.00,-0.00,6.03,5.08,0.00,0.00,0.00,0
3960,1,61.39,7.63,0.00,0.00,0.00,0.00,-17.09,-11.68,-0.00,-0.00,6.04,5.09,0.00,0.00,0.00,0
3980,1,61.54,7.62,0.00,0.00,0.00,0.00,-17.09,-11.68,-0.00,-0.00,6.04,5.09,0.00,0.00,0.00,0
4000,1,61.71,7.71,0.00,0.00,0.00,0.00,-17.09,-11.68,-0.00,-0.00,6.05,5.09,0.00,0.00,0.00,0
4020,1,61.88,7.85,0.00,0.00,0.00,0.00,-17.09,-11.68,-0.00,-0.00,6.05,5.10,0.00,0.00,0.00,0
4040,1,62.05,7.88,0.00,0.00,0.00,0.00,-17.09,-11.68,-0.00,0.01,6.05,5.10,0.00,0.00,0.00,0
4060,1,62.22,7.93,0.00,0.00,0.00,0.00,-17.09,-11.68,0.04,0.01,6.06,5.10,0.00,0.00,0.00,0
4080,1,62.39,7.84,0.00,0.00,0.00,0.00,-17.09,-11.68,0.04,0.01,6.06,5.10,0.00,0.00,0.00,0
4100,1,62.55,7.75,0.00,0.00,0.00,0.00,-17.09,-11.68,0.04,0.01,6.07,5.11,0.00,0.00,0.00,0
4121,1,62.70,7.50,0.00,0.00,0.00,0.00,-17.09,-11.68,0.04,0.01,6.07,5.11,0.00,0.00,0.00,0
4140,1,62.84,7.24,0.00,0.00,0.00,0.00,-17.09,-11.68,0.04,0.01,6.08,5.11,0.00,0.00,0.00,0
4160,1,62.98,7.03,0.00,0.00,0.00,0.00,-17.09,-11.68,0.04,0.01,6.08,5.12,0.00,0.00,0.00,0
4180,1,63.12,6.89,0.00,0.00,0.00,0.00,-17.09,-11.68,0.04,0.01,6.09,5.12,0.00,0.00,0.00,0
4200,1,63.26,6.77,0.00,0.00,0.00,0.00,-17.09,-11.68,0.04,-0.02,6.09,5.12,0.00,0.00,0.00,0
4221,1,63.40,6.74,0.00,0.00,0.00,0.00,-17.09,-11.68,-0.03,-0.02,6.09,5.12,0.00,0.00,0.00,0
4240,1,63.54,6.73,0.00,0.00,0.00,0.00,-17.09,-11.68,-0.03,-0.02,6.10,5.13,0.00,0.00,0.00,0
4260,1,63.69,6.82,0.00,0.00,0.00,0.00,-17.09,-11.68,-0.03,-0.02,6.10,5.13,0.00,0.00,0.00,0
4280,1,63.84,6.91,0.00,0.00,0.00,0.00,-17.09,-11.68,-0.03,-0.02,6.11,5.13,0.00,0.00,0.00,0
4300,1,63.99,6.95,0.00,0.00,0.00,0.00,-17.09,-11.68,-0.03,-0.02,6.11,5.13,0.00,0.00,0.00,0
4320,1,64.14,6.95,0.00,0.00,0.00,0.00,-17.09,-11.68,-0.03,-0.02,6.11,5.14,0.00,0.00,0.00,0
4341,1,64.28,6.93,0.00,0.00,0.00,0.00,-17.09,-11.68,-0.03,-0.02,6.12,5.14,0.00,0.00,0.00,0
4361,1,64.42,6.90,0.00,0.00,0.00,0.00,-17.09,-11.68,-0.03,-0.08,6.12,5.14,0.00,0.00,0.00,0
4380,1,64.57,6.93,0.00,0.00,0.00,0.00,-17.09,-11.68,-0.07,-0.08,6.13,5.14,0.00,0.00,0.00,0
4400,1,64.71,6.93,0.00,0.00,0.00,0.00,-17.09,-11.68,-0.07,-0.08,6.13,5.15,0.00,0.00,0.00,0
4420,1,64.86,6.89,0.00,0.00,0.00,0.00,-17.09,-11.68,-0.07,-0.08,6.13,5.15,0.00,0.00,0.00,0
4441,1,65.00,6.74,0.00,0.00,0.00,0.00,-17.09,-11.68,-0.07,-0.08,6.14,5.15,0.00,0.00,0.00,0
4460,1,65.13,6.56,0.00,0.00,0.00,0.00,-17.09,-11.68,-0.07,-0.08,6.14,5.15,0.00,0.00,0.00,0
4481,1,65.26,6.35,0.00,0.00,0.00,0.00,-17.09,-11.68,-0.07,-0.08,6.14,5.16,0.00,0.00,0.00,0
4500,1,65.39,6.20,0.00,0.00,0.00,0.00,-17.09,-11.68,-0.07,-0.08,6.15,5.16,0.00,0.00,0.00,0
4520,1,65.51,5.98,0.00,0.00,0.00,0.00,-17.09,-11.68,-0.07,-0.04,6.15,5.16,0.00,0.00,0.00,0
4540,1,65.63,5.86,0.00,0.00,0.00,0.00,-17.09,-11.68,-0.00,-0.04,6.16,5.16,0.00,0.00,0.00,0
4560,1,65.74,5.75,0.00,0.00,0.00,0.00,-17.09,-11.68,-0.00,-0.04,6.16,5.16,0.00,0.00,0.00,0
4580,1,65.86,5.79,0.00,0.00,0.00,0.00,-17.09,-11.68,-0.00,-0.04,6.16,5.17,0.00,0.00,0.00,0
4600,1,65.99,5.88,0.00,0.00,0.00,0.00,-17.09,-11.68,-0.00,-0.04,6.17,5.17,0.00,0.00,0.00,0
4620,1,66.12,5.93,0.00,0.00,0.00,0.00,-17.09,-11.68,-0.00,-0.04,6.17,5.17,0.00,0.00,0.00,0
4641,1,66.25,5.97,0.00,0.00,0.00,0.00,-17.09,-11.68,-0.00,-0.04,6.17,5.17,0.00,0.00,0.00,0
4659,1,66.35,6.09,0.00,0.00,0.00,0.00,-17.09,-11.68,-0.00,-0.04,6.18,5.18,0.00,0.00,0.00,0
4680,1,66.52,6.21,0.00,0.00,0.00,0.00,-17.09,-11.68,-0.00,0.04,6.18,5.18,0.00,0.00,0.00,0
4700,1,66.65,6.20,0.00,0.00,0.00,0.00,-17.09,-11.68,0.02,0.04,6.18,5.18,0.00,0.00,0.00,0
4720,1,66.78,6.17,0.00,0.00,0.00,0.00,-17.09,-11.68,0.02,0.04,6.19,5.18,0.00,0.00,0.00,0
4741,1,66.91,6.06,0.00,0.00,0.00,0.00,-17.09,-11.68,0.02,0.04,6.19,5.18,0.00,0.00,0.00,0
4761,1,67.03,5.92,0.00,0.00,0.00,0.00,-17.09,-11.68,0.02,0.04,6.19,5.19,0.00,0.00,0.00,0
4780,1,67.15,5.80,0.00,0.00,0.00,0.00,-17.09,-11.68,0.02,0.04,6.20,5.19,0.00,0.00,0.00,0
4799,1,67.24,5.76,0.00,0.00,0.00,0.00,-17.09,-11.68,0.02,0.04,6.20,5.19,0.00,0.00,0.00,0
4820,1,67.39,5.77,0.00,0.00,0.00,0.00,-17.09,-11.68,0.02,0.04,6.21,5.19,0.00,0.00,0.00,0
4841,1,67.51,5.80,0.00,0.00,0.00,0.00,-17.09,-11.68,0.02,-0.00,6.21,5.19,0.00,0.00,0.00,0
4860,1,67.64,5.76,0.00,0.00,0.00,0.00,-17.09,-11.68,0.02,-0.00,6.21,5.20,0.00,0.00,0.00,0
4880,1,67.75,5.62,0.00,0.00,0.00,0.00,-17.09,-11.68,0.02,-0.00,6.21,5.20,0.00,0.00,0.00,0
4900,1,67.87,5.57,0.00,0.00,0.00,0.00,-17.09,-11.68,0.02,-0.00,6.22,5.20,0.00,0.00,0.00,0
4920,1,67.98,5.48,0.00,0.00,0.00,0.00,-17.09,-11.68,0.02,-0.00,6.22,5.20,0.00,0.00,0.00,0
4941,1,68.09,5.32,0.00,0.00,0.00,0.00,-17.09,-11.68,0.02,-0.00,6.22,5.20,0.00,0.00,0.00,0
4961,1,68.19,5.15,0.00,0.00,0.00,0.00,-17.09,-11.68,0.02,-0.00,6.22,5.20,0.00,0.00,0.00,0
4980,1,68.29,4.96,0.00,0.00,0.00,0.00,-17.09,-11.68,0.02,-0.00,6.23,5.21,0.00,0.00,0.00,0
5000,1,68.39,4.84,0.00,0.00,0.00,0.00,-17.09,-11.68,0.02,-0.04,6.23,5.21,0.00,0.00,0.00,0
5020,1,68.49,4.79,0.00,0.00,0.00,0.00,-17.09,-11.68,-0.00,-0.04,6.23,5.21,0.00,0.00,0.00,0
5040,1,68.59,4.72,0.00,0.00,0.00,0.00,-17.09,-11.68,-0.00,-0.04,6.24,5.21,0.00,0.00,0.00,0
5060,1,68.69,4.68,0.00,0.00,0.00,0.00,-17.09,-11.68,-0.00,-0.04,6.24,5.21,0.00,0.00,0.00,0
5080,1,68.79,4.64,0.00,0.00,0.00,0.00,-17.09,-11.68,-0.00,-0.04,6.25,5.21,0.00,0.00,0.00,0
5100,1,68.89,4.70,0.00,0.00,0.00,0.00,-17.09,-11.68,-0.00,-0.04,6.25,5.22,0.00,0.00,0.00,0
5120,1,69.00,4.84,0.00,0.00,0.00,0.00,-17.09,-11.68,-0.00,-0.04,6.25,5.22,0.00,0.00,0.00,0
5141,1,69.11,4.98,0.00,0.00,0.00,0.00,-17.09,-11.68,-0.00,-0.04,6.25,5.22,0.00,0.00,0.00,0
5161,1,69.22,5.09,0.00,0.00,0.00,0.00,-17.09,-11.68,-0.00,-0.02,6.26,5.22,0.00,0.00,0.00,0
5180,1,69.34,5.28,0.00,0.00,0.00,0.00,-17.09,-11.68,-0.03,-0.02,6.26,5.22,0.00,0.00,0.00,0
5200,1,69.47,5.44,0.00,0.00,0.00,0.00,-17.09,-11.68,-0.03,-0.02,6.26,5.23,0.00,0.00,0.00,0
5220,1,69.59,5.47,0.00,0.00,0.00,0.00,-17.09,-11.68,-0.03,-0.02,6.26,5.23,0.00,0.00,0.00,0
5241,1,69.70,5.43,0.00,0.00,0.00,0.00,-17.09,-11.68,-0.03,-0.02,6.26,5.23,0.00,0.00,0.00,0
5260,1,69.81,5.24,0.00,0.00,0.00,0.00,-17.09,-11.68,-0.03,-0.02,6.27,5.23,0.00,0.00,0.00,0
5280,1,69.91,4.99,0.00,0.00,0.00,0.00,-17.09,-11.68,-0.03,-0.02,6.27,5.23,0.00,0.00,0.00,0
5300,1,70.01,4.81,0.00,0.00,0.00,0.00,-17.09,-11.68,-0.03,-0.02,6.27,5.23,0.00,0.00,0.00,0
5320,1,70.10,4.62,0.00,0.00,0.00,0.00,-17.09,-11.68,-0.03,-0.02,6.27,5.24,0.00,0.00,0.00,0
5341,1,70.19,4.47,0.00,0.00,0.00,0.00,-17.09,-11.68,-0.01,-0.02,6.28,5.24,0.00,0.00,0.00,0
5361,1,70.28,4.27,0.00,0.00,0.00,0.00,-17.09,-11.68,-0.01,-0.02,6.28,5.24,0.00,0.00,0.00,0
5380,1,70.36,4.00,0.00,0.00,0.00,0.00,-17.09,-11.68,-0.01,-0.02,6.28,5.24,0.00,0.00,0.00,0
5401,1,70.43,3.82,0.00,0.00,0.00,0.00,-17.09,-11.68,-0.01,-0.02,6.29,5.24,0.00,0.00,0.00,0
5420,1,70.51,3.85,0.00,0.00,0.00,0.00,-17.09,-11.68,-0.01,-0.02,6.29,5.24,0.00,0.00,0.00,0
5440,1,70.60,3.98,0.00,0.00,0.00,0.00,-17.09,-11.68,-0.01,-0.02,6.29,5.24,0.00,0.00,0.00,0
5460,1,70.70,4.24,0.00,0.00,0.00,0.00,-17.09,-11.68,-0.01,-0.02,6.29,5.25,0.00,0.00,0.00,0
5480,1,70.80,4.42,0.00,0.00,0.00,0.00,-17.09,-11.68,-0.01,-0.06,6.30,5.25,0.00,0.00,0.00,0
5500,1,70.91,4.49,0.00,0.00,0.00,0.00,-17.09,-11.68,-0.05,-0.06,6.30,5.25,0.00,0.00,0.00,0
5520,1,71.01,4.42,0.00,0.00,0.00,0.00,-17.09,-11.68,-0.05,-0.06,6.30,5.25,0.00,0.00,0.00,0
5541,1,71.09,4.29,0.00,0.00,0.00,0.00,-17.09,-11.68,-0.05,-0.06,6.30,5.25,0.00,0.00,0.00,0
5560,1,71.18,4.18,0.00,0.00,0.00,0.00,-17.09,-11.68,-0.05,-0.06,6.31,5.25,0.00,0.00,0.00,0
5580,1,71.26,3.96,0.00,0.00,0.00,0.00,-17.09,-11.68,-0.05,-0.06,6.31,5.25,0.00,0.00,0.00,0
5600,1,71.33,3.75,0.00,0.00,0.00,0.00,-17.09,-11.68,-0.05,-0.06,6.31,5.25,0.00,0.00,0.00,0
5620,1,71.40,3.59,0.00,0.00,0.00,0.00,-17.09,-11.68,-0.05,-0.06,6.31,5.26,0.00,0.00,0.00,0
5641,1,71.47,3.52,0.00,0.00,0.00,0.00,-17.09,-11.68,-0.05,-0.00,6.31,5.26,0.00,0.00,0.00,0
5660,1,71.55,3.54,0.00,0.00,0.00,0.00,-17.09,-11.68,0.02,-0.00,6.31,5.26,0.00,0.00,0.00,0
5680,1,71.62,3.61,0.00,0.00,0.00,0.00,-17.09,-11.68,0.02,-0.00,6.31,5.26,0.00,0.00,0.00,0
5700,1,71.71,3.75,0.00,0.00,0.00,0.00,-17.09,-11.68,0.02,-0.00,6.32,5.26,0.00,0.00,0.00,0
5720,1,71.80,3.83,0.00,0.00,0.00,0.00,-17.09,-11.68,0.02,-0.00,6.32,5.26,0.00,0.00,0.00,0
5741,1,71.88,3.79,0.00,0.00,0.00,0.00,-17.09,-11.68,0.02,-0.00,6.32,5.26,0.00,0.00,0.00,0
5760,1,71.96,3.73,0.00,0.00,0.00,0.00,-17.09,-11.68,0.02,-0.00,6.32,5.27,0.00,0.00,0.00,0
5780,1,72.04,3.70,0.00,0.00,0.00,0.00,-17.09,-11.68,0.02,-0.00,6.33,5.27,0.00,0.00,0.00,0
5800,1,72.12,3.65,0.00,0.00,0.00,0.00,-17.09,-11.68,0.02,-0.04,6.33,5.27,0.00,0.00,0.00,0
5820,1,72.19,3.65,0.00,0.00,0.00,0.00,-17.09,-11.68,-0.00,-0.04,6.33,5.27,0.00,0.00,0.00,0
5841,1,72.27,3.64,0.00,0.00,0.00,0.00,-17.09,-11.68,-0.00,-0.04,6.34,5.27,0.00,0.00,0.00,0
5860,1,72.36,3.80,0.00,0.00,0.00,0.00,-17.09,-11.68,-0.00,-0.04,6.34,5.27,0.00,0.00,0.00,0
5880,1,72.44,3.91,0.00,0.00,0.00,0.00,-17.09,-11.68,-0.00,-0.04,6.34,5.27,0.00,0.00,0.00,0
5900,1,72.54,4.05,0.00,0.00,0.00,0.00,-17.09,-11.68,-0.00,-0.04,6.34,5.28,0.00,0.00,0.00,0
5920,1,72.63,4.09,0.00,0.00,0.00,0.00,-17.09,-11.68,-0.00,-0.04,6.34,5.28,0.00,0.00,0.00,0
5940,1,72.72,4.09,0.00,0.00,0.00,0.00,-17.09,-11.68,-0.00,-0.04,6.34,5.28,0.00,0.00,0.00,0
5960,1,72.81,4.07,0.00,0.00,0.00,0.00,-17.09,-11.68,-0.00,-0.04,6.35,5.28,0.00,0.00,0.00,0
5980,1,72.89,3.88,0.00,0.00,0.00,0.00,-17.09,-11.68,-0.03,-0.04,6.35,5.28,0.00,0.00,0.00,0
6000,1,72.97,3.72,0.00,0.00,0.00,0.00,-17.09,-11.68,-0.03,-0.04,6.35,5.28,0.00,0.00,0.00,0
6020,1,73.04,3.55,0.00,0.00,0.00,0.00,-17.09,-11.68,-0.03,-0.04,6.35,5.28,0.00,0.00,0.00,0
6041,1,73.11,3.32,0.00,0.00,0.00,0.00,-17.09,-11.68,-0.03,-0.04,6.35,5.28,0.00,0.00,0.00,0
6060,1,73.17,3.05,0.00,0.00,0.00,0.00,-17.09,-11.68,-0.03,-0.04,6.35,5.28,0.00,0.00,0.00,0
6080,1,73.22,2.82,0.00,0.00,0.00,0.00,-17.09,-11.68,-0.03,-0.04,6.35,5.28,0.00,0.00,0.00,0
6100,1,73.27,2.71,0.00,0.00,0.00,0.00,-17.09,-11.68,-0.03,-0.04,6.36,5.29,0.00,0.00,0.00,0
6120,1,73.32,2.65,0.00,0.00,0.00,0.00,-17.09,-11.68,-0.03,0.02,6.36,5.29,0.00,0.00,0.00,0
6141,1,73.39,2.74,0.00,0.00,0.00,0.00,-17.09,-11.68,-0.03,0.02,6.36,5.29,0.00,0.00,0.00,0
6160,1,73.45,2.76,0.00,0.00,0.00,0.00,-17.09,-11.68,-0.03,0.02,6.36,5.29,0.00,0.00,0.00,0
6180,1,73.52,2.94,0.00,0.00,0.00,0.00,-17.09,-11.68,-0.03,0.02,6.36,5.29,0.00,0.00,0.00,0
6200,1,73.59,2.98,0.00,0.00,0.00,0.00,-17.09,-11.68,-0.03,0.02,6.36,5.29,0.00,0.00,0.00,0
6220,1,73.66,3.07,0.00,0.00,0.00,0.00,-17.09,-11.68,-0.03,0.02,6.36,5.29,0.00,0.00,0.00,0
6241,1,73.73,3.01,0.00,0.00,0.00,0.00,-17.09,-11.68,-0.03,0.02,6.37,5.29,0.00,0.00,0.00,0
6260,1,73.79,3.01,0.00,0.00,0.00,0.00,-17.09,-11.68,-0.03,0.02,6.37,5.29,0.00,0.00,0.00,0
6280,1,73.85,2.99,0.00,0.00,0.00,0.00,-17.09,-11.68,-0.03,0.07,6.37,5.29,0.00,0.00,0.00,0
6300,1,73.92,3.03,0.00,0.00,0.00,0.00,-17.09,-11.68,-0.02,0.07,6.37,5.30,0.00,0.00,0.00,0
6320,1,73.98,3.01,0.00,0.00,0.00,0.00,-17.09,-11.68,-0.02,0.07,6.38,5.30,0.00,0.00,0.00,0
6340,1,74.05,3.09,0.00,0.00,0.00,0.00,-17.09,-11.68,-0.02,0.07,6.38,5.30,0.00,0.00,0.00,0
6361,1,74.12,3.04,0.00,0.00,0.00,0.00,-17.09,-11.68,-0.02,0.07,6.38,5.30,0.00,0.00,0.00,0
6380,1,74.18,2.93,0.00,0.00,0.00,0.00,-17.09,-11.68,-0.02,0.07,6.38,5.30,0.00,0.00,0.00,0
6400,1,74.25,2.94,0.00,0.00,0.00,0.00,-17.09,-11.68,-0.02,0.07,6.38,5.30,0.00,0.00,0.00,0
6420,1,74.31,2.90,0.00,0.00,0.00,0.00,-17.09,-11.68,-0.02,0.07,6.39,5.30,0.00,0.00,0.00,0
6440,1,74.37,2.90,0.00,0.00,0.00,0.00,-17.09,-11.68,-0.02,-0.00,6.39,5.30,0.00,0.00,0.00,0
6460,1,74.44,2.92,0.00,0.00,0.00,0.00,-17.09,-11.68,-0.04,-0.00,6.39,5.30,0.00,0.00,0.00,0
6480,1,74.51,2.93,0.00,0.00,0.00,0.00,-17.09,-11.68,-0.04,-0.00,6.39,5.30,0.00,0.00,0.00,0
6500,1,74.57,2.90,0.00,0.00,0.00,0.00,-17.09,-11.68,-0.04,-0.00,6.39,5.31,0.00,0.00,0.00,0
6520,1,74.63,2.83,0.00,0.00,0.00,0.00,-17.09,-11.68,-0.04,-0.00,6.39,5.31,0.00,0.00,0.00,0
6540,1,74.68,2.77,0.00,0.00,0.00,0.00,-17.09,-11.68,-0.04,-0.00,6.39,5.31,0.00,0.00,0.00,0
6561,1,74.74,2.69,0.00,0.00,0.00,0.00,-17.09,-11.68,-0.04,-0.00,6.39,5.31,0.00,0.00,0.00,0
6579,1,74.78,2.67,0.00,0.00,0.00,0.00,-17.09,-11.68,-0.04,-0.00,6.39,5.31,0.00,0.00,0.00,0
6600,1,74.85,2.64,0.00,0.00,0.00,0.00,-17.09,-11.68,-0.04,0.05,6.39,5.31,0.00,0.00,0.00,0
6621,1,74.91,2.61,0.00,0.00,0.00,0.00,-17.09,-11.68,-0.02,0.05,6.40,5.31,0.00,0.00,0.00,0
6640,1,74.96,2.64,0.00,0.00,0.00,0.00,-17.09,-11.68,-0.02,0.05,6.40,5.31,0.00,0.00,0.00,0
6661,1,75.03,2.70,0.00,0.00,0.00,0.00,-17.09,-11.68,-0.02,0.05,6.40,5.31,0.00,0.00,0.00,0
6681,1,75.09,2.72,0.00,0.00,0.00,0.00,-17.09,-11.68,-0.02,0.05,6.40,5.31,0.00,0.00,0.00,0
6700,1,75.15,2.66,0.00,0.00,0.00,0.00,-17.09,-11.68,-0.02,0.05,6.40,5.31,0.00,0.00,0.00,0
6720,1,75.21,2.59,0.00,0.00,0.00,0.00,-17.09,-11.68,-0.02,0.05,6.40,5.31,0.00,0.00,0.00,0
6740,1,75.26,2.50,0.00,0.00,0.00,0.00,-17.09,-11.68,-0.02,0.05,6.40,5.32,0.00,0.00,0.00,0
6761,1,75.31,2.36,0.00,0.00,0.00,0.00,-17.09,-11.68,-0.02,-0.04,6.40,5.32,0.00,0.00,0.00,0
6780,1,75.35,2.25,0.00,0.00,0.00,0.00,-17.09,-11.68,-0.03,-0.04,6.41,5.32,0.00,0.00,0.00,0
6800,1,75.39,2.18,0.00,0.00,0.00,0.00,-17.09,-11.68,-0.03,-0.04,6.41,5.32,0.00,0.00,0.00,0
6820,1,75.44,2.22,0.00,0.00,0.00,0.00,-17.09,-11.68,-0.03,-0.04,6.41,5.32,0.00,0.00,0.00,0
6840,1,75.50,2.31,0.00,0.00,0.00,0.00,-17.09,-11.68,-0.03,-0.04,6.41,5.32,0.00,0.00,0.00,0
6861,1,75.55,2.40,0.00,0.00,0.00,0.00,-17.09,-11.68,-0.03,-0.04,6.41,5.32,0.00,0.00,0.00,0
6880,1,75.60,2.50,0.00,0.00,0.00,0.00,-17.09,-11.68,-0.03,-0.04,6.41,5.32,0.00,0.00,0.00,0
6900,1,75.66,2.57,0.00,0.00,0.00,0.00,-17.09,-11.68,-0.03,-0.04,6.42,5.32,0.00,0.00,0.00,0
6920,1,75.72,2.50,0.00,0.00,0.00,0.00,-17.09,-11.68,-0.03,-0.02,6.42,5.32,0.00,0.00,0.00,0
6940,1,75.78,2.57,0.00,0.00,0.00,0.00,-17.09,-11.68,0.02,-0.02,6.42,5.32,0.00,0.00,0.00,0
6960,1,75.83,2.50,0.00,0.00,0.00,0.00,-17.09,-11.68,0.02,-0.02,6.42,5.32,0.00,0.00,0.00,0
6980,1,75.87,2.31,0.00,0.00,0.00,0.00,-17.09,-11.68,0.02,-0.02,6.42,5.32,0.00,0.00,0.00,0
7000,1,75.92,2.23,0.00,0.00,0.00,0.00,-17.09,-11.68,0.02,-0.02,6.42,5.33,0.00,0.00,0.00,0
7020,1,75.96,2.15,0.00,0.00,0.00,0.00,-17.09,-11.68,0.02,-0.02,6.43,5.33,0.00,0.00,0.00,0
7041,1,76.00,2.05,0.00,0.00,0.00,0.00,-17.09,-11.68,0.02,-0.02,6.43,5.33,0.00,0.00,0.00,0
7061,1,76.05,2.01,0.00,0.00,0.00,0.00,-17.09,-11.68,0.02,-0.02,6.43,5.33,0.00,0.00,0.00,0
7080,1,76.09,1.95,0.00,0.00,0.00,0.00,-17.09,-11.68,0.02,0.02,6.43,5.33,0.00,0.00,0.00,0
7100,1,76.13,1.95,0.00,0.00,0.00,0.00,-17.09,-11.68,-0.04,0.02,6.43,5.33,0.00,0.00,0.00,0
7120,1,76.17,1.98,0.00,0.00,0.00,0.00,-17.09,-11.68,-0.04,0.02,6.43,5.33,0.00,0.00,0.00,0
7140,1,76.21,2.03,0.00,0.00,0.00,0.00,-17.09,-11.68,-0.04,0.02,6.43,5.33,0.00,0.00,0.00,0
7161,1,76.26,2.09,0.00,0.00,0.00,0.00,-17.09,-11.68,-0.04,0.02,6.43,5.33,0.00,0.00,0.00,0
7180,1,76.32,2.26,0.00,0.00,0.00,0.00,-17.09,-11.68,-0.04,0.02,6.43,5.33,0.00,0.00,0.00,0
7200,1,76.37,2.37,0.00,0.00,0.00,0.00,-17.09,-11.68,-0.04,0.02,6.44,5.33,0.00,0.00,0.00,0
7220,1,76.43,2.38,0.00,0.00,0.00,0.00,-17.09,-11.68,-0.04,0.02,6.44,5.33,0.00,0.00,0.00,0
7240,1,76.48,2.36,0.00,0.00,0.00,0.00,-17.09,-11.68,-0.04,0.02,6.44,5.33,0.00,0.00,0.00,0
7261,1,76.53,2.33,0.00,0.00,0.00,0.00,-17.09,-11.68,-0.01,0.02,6.44,5.33,0.00,0.00,0.00,0
7281,1,76.58,2.27,0.00,0.00,0.00,0.00,-17.09,-11.68,-0.01,0.02,6.44,5.34,0.00,0.00,0.00,0
7300,1,76.63,2.16,0.00,0.00,0.00,0.00,-17.09,-11.68,-0.01,0.02,6.44,5.34,0.00,0.00,0.00,0
7320,1,76.67,2.05,0.00,0.00,0.00,0.00,-17.09,-11.68,-0.01,0.02,6.44,5.34,0.00,0.00,0.00,0
7340,1,76.70,1.87,0.00,0.00,0.00,0.00,-17.09,-11.68,-0.01,0.02,6.44,5.34,0.00,0.00,0.00,0
7360,1,76.73,1.77,0.00,0.00,0.00,0.00,-17.09,-11.68,-0.01,0.02,6.44,5.34,0.00,0.00,0.00,0
7380,1,76.77,1.77,0.00,0.00,0.00,0.00,-17.09,-11.68,-0.01,0.02,6.44,5.34,0.00,0.00,0.00,0
7400,1,76.81,1.75,0.00,0.00,0.00,0.00,-17.09,-11.68,-0.01,0.02,6.44,5.34,0.00,0.00,0.00,0
7420,1,76.86,1.87,0.00,0.00,0.00,0.00,-17.09,-11.68,0.01,0.02,6.44,5.34,0.00,0.00,0.00,0
7440,1,76.90,1.84,0.00,0.00,0.00,0.00,-17.09,-11.68,0.01,0.02,6.44,5.34,0.00,0.00,0.00,0
7461,1,76.94,1.92,0.00,0.00,0.00,0.00,-17.09,-11.68,0.01,0.02,6.44,5.34,0.00,0.00,0.00,0
7480,1,76.98,1.93,0.00,0.00,0.00,0.00,-17.09,-11.68,0.01,0.02,6.44,5.34,0.00,0.00,0.00,0
7500,1,77.03,2.01,0.00,0.00,0.00,0.00,-17.09,-11.68,0.01,0.02,6.44,5.34,0.00,0.00,0.00,0
7520,1,77.08,2.01,0.00,0.00,0.00,0.00,-17.09,-11.68,0.01,0.02,6.44,5.34,0.00,0.00,0.00,0
7540,1,77.13,2.00,0.00,0.00,0.00,0.00,-17.09,-11.68,0.01,0.02,6.45,5.34,0.00,0.00,0.00,0
7561,1,77.17,1.99,0.00,0.00,0.00,0.00,-17.09,-11.68,0.01,-0.05,6.45,5.34,0.00,0.00,0.00,0
7580,1,77.21,1.89,0.00,0.00,0.00,0.00,-17.09,-11.68,-0.03,-0.05,6.45,5.34,0.00,0.00,0.00,0
7600,1,77.24,1.81,0.00,0.00,0.00,0.00,-17.09,-11.68,-0.03,-0.05,6.45,5.34,0.00,0.00,0.00,0
7620,1,77.28,1.75,0.00,0.00,0.00,0.00,-17.09,-11.68,-0.03,-0.05,6.45,5.35,0.00,0.00,0.00,0
7640,1,77.32,1.82,0.00,0.00,0.00,0.00,-17.09,-11.68,-0.03,-0.05,6.45,5.35,0.00,0.00,0.00,0
7661,1,77.36,1.92,0.00,0.00,0.00,0.00,-17.09,-11.68,-0.03,-0.05,6.45,5.35,0.00,0.00,0.00,0
7681,1,77.41,2.07,0.00,0.00,0.00,0.00,-17.09,-11.68,-0.03,-0.05,6.45,5.35,0.00,0.00,0.00,0
7700,1,77.47,2.28,0.00,0.00,0.00,0.00,-17.09,-11.68,-0.03,-0.05,6.45,5.35,0.00,0.00,0.00,0
7720,1,77.52,2.43,0.00,0.00,0.00,0.00,-17.09,-11.68,-0.03,-0.00,6.45,5.35,0.00,0.00,0.00,0
7740,1,77.59,2.56,0.00,0.00,0.00,0.00,-17.09,-11.68,0.00,-0.00,6.45,5.35,0.00,0.00,0.00,0
7761,1,77.65,2.65,0.00,0.00,0.00,0.00,-17.09,-11.68,0.00,-0.00,6.45,5.35,0.00,0.00,0.00,0
7780,1,77.71,2.66,0.00,0.00,0.00,0.00,-17.09,-11.68,0.00,-0.00,6.46,5.35,0.00,0.00,0.00,0
7800,1,77.77,2.62,0.00,0.00,0.00,0.00,-17.09,-11.68,0.00,-0.00,6.46,5.35,0.00,0.00,0.00,0
7820,1,77.82,2.51,0.00,0.00,0.00,0.00,-17.09,-11.68,0.00,-0.00,6.46,5.35,0.00,0.00,0.00,0
7840,1,77.87,2.54,0.00,0.00,0.00,0.00,-17.09,-11.68,0.00,-0.00,6.46,5.35,0.00,0.00,0.00,0
7860,1,77.92,2.53,0.00,0.00,0.00,0.00,-17.09,-11.68,0.00,-0.00,6.46,5.36,0.00,0.00,0.00,0
7880,1,77.98,2.57,0.00,0.00,0.00,0.00,-17.09,-11.68,0.00,0.05,6.46,5.36,0.00,0.00,0.00,0
7900,1,78.04,2.70,0.00,0.00,0.00,0.00,-17.09,-11.68,-0.07,0.05,6.46,5.36,0.00,0.00,0.00,0
7920,1,78.10,2.82,0.00,0.00,0.00,0.00,-17.09,-11.68,-0.07,0.05,6.47,5.36,0.00,0.00,0.00,0
7940,1,78.17,2.84,0.00,0.00,0.00,0.00,-17.09,-11.68,-0.07,0.05,6.47,5.36,0.00,0.00,0.00,0
7961,1,78.22,2.78,0.00,0.00,0.00,0.00,-17.09,-11.68,-0.07,0.05,6.47,5.36,0.00,0.00,0.00,0
7980,1,78.28,2.67,0.00,0.00,0.00,0.00,-17.09,-11.68,-0.07,0.05,6.47,5.36,0.00,0.00,0.00,0
8000,1,78.33,2.54,0.00,0.00,0.00,0.00,-17.09,-11.68,-0.07,0.05,6.47,5.36,0.00,0.00,0.00,0
8020,1,78.38,2.38,0.00,0.00,0.00,0.00,-17.09,-11.68,-0.07,0.05,6.47,5.36,0.00,0.00,0.00,0
8040,1,78.43,2.20,0.00,0.00,0.00,0.00,-17.09,-11.68,-0.07,-0.00,6.47,5.36,0.00,0.00,0.00,0
8061,1,78.46,1.98,0.00,0.00,0.00,0.00,-17.09,-11.68,-0.01,-0.00,6.47,5.36,0.00,0.00,0.00,0
8081,1,78.49,1.79,0.00,0.00,0.00,0.00,-17.09,-11.68,-0.01,-0.00,6.47,5.36,0.00,0.00,0.00,0
8100,1,78.52,1.71,0.00,0.00,0.00,0.00,-17.09,-11.68,-0.01,-0.00,6.47,5.36,0.00,0.00,0.00,0
8120,1,78.56,1.73,0.00,0.00,0.00,0.00,-17.09,-11.68,-0.01,-0.00,6.48,5.36,0.00,0.00,0.00,0
8140,1,78.60,1.86,0.00,0.00,0.00,0.00,-17.09,-11.68,-0.01,-0.00,6.48,5.37,0.00,0.00,0.00,0
8161,1,78.65,2.01,0.00,0.00,0.00,0.00,-17.09,-11.68,-0.01,-0.00,6.48,5.37,0.00,0.00,0.00,0
8180,1,78.71,2.25,0.00,0.00,0.00,0.00,-17.09,-11.68,-0.01,-0.00,6.48,5.37,0.00,0.00,0.00,0
8200,1,78.77,2.43,0.00,0.00,0.00,0.00,-17.09,-11.68,-0.01,0.01,6.48,5.37,0.00,0.00,0.00,0
8220,1,78.84,2.52,0.00,0.00,0.00,0.00,-17.09,-11.68,0.02,0.01,6.48,5.37,0.00,0.00,0.00,0
8240,1,78.89,2.53,0.00,0.00,0.00,0.00,-17.09,-11.68,0.02,0.01,6.48,5.37,0.00,0.00,0.00,0
8261,1,78.94,2.39,0.00,0.00,0.00,0.00,-17.09,-11.68,0.02,0.01,6.48,5.37,0.00,0.00,0.00,0
8281,1,78.99,2.24,0.00,0.00,0.00,0.00,-17.09,-11.68,0.02,0.01,6.48,5.37,0.00,0.00,0.00,0
8300,1,79.02,2.02,0.00,0.00,0.00,0.00,-17.09,-11.68,0.02,0.01,6.48,5.37,0.00,0.00,0.00,0
8320,1,79.06,1.93,0.00,0.00,0.00,0.00,-17.09,-11.68,0.02,0.01,6.48,5.37,0.00,0.00,0.00,0
8340,1,79.10,1.83,0.00,0.00,0.00,0.00,-17.09,-11.68,0.02,0.01,6.48,5.37,0.00,0.00,0.00,0
8360,1,79.13,1.79,0.00,0.00,0.00,0.00,-17.09,-11.68,0.02,0.03,6.48,5.37,0.00,0.00,0.00,0
8380,1,79.17,1.90,0.00,0.00,0.00,0.00,-17.09,-11.68,-0.02,0.03,6.48,5.37,0.00,0.00,0.00,0
8400,1,79.22,2.02,0.00,0.00,0.00,0.00,-17.09,-11.68,-0.02,0.03,6.48,5.37,0.00,0.00,0.00,0
8420,1,79.27,2.20,0.00,0.00,0.00,0.00,-17.09,-11.68,-0.02,0.03,6.48,5.37,0.00,0.00,0.00,0
8440,1,79.33,2.41,0.00,0.00,0.00,0.00,-17.09,-11.68,-0.02,0.03,6.48,5.38,0.00,0.00,0.00,0
8460,1,79.40,2.56,0.00,0.00,0.00,0.00,-17.09,-11.68,-0.02,0.03,6.48,5.38,0.00,0.00,0.00,0
8481,1,79.46,2.61,0.00,0.00,0.00,0.00,-17.09,-11.68,-0.02,0.03,6.48,5.38,0.00,0.00,0.00,0
8499,1,79.51,2.66,0.00,0.00,0.00,0.00,-17.09,-11.68,-0.02,0.03,6.48,5.38,0.00,0.00,0.00,0
8520,1,79.58,2.56,0.00,0.00,0.00,0.00,-17.09,-11.68,-0.02,0.01,6.49,5.38,0.00,0.00,0.00,0
8540,1,79.63,2.33,0.00,0.00,0.00,0.00,-17.09,-11.68,-0.04,0.01,6.49,5.38,0.00,0.00,0.00,0
8560,1,79.66,2.10,0.00,0.00,0.00,0.00,-17.09,-11.68,-0.04,0.01,6.49,5.38,0.00,0.00,0.00,0
8581,1,79.70,1.96,0.00,0.00,0.00,0.00,-17.09,-11.68,-0.04,0.01,6.49,5.38,0.00,0.00,0.00,0
8601,1,79.74,1.84,0.00,0.00,0.00,0.00,-17.09,-11.68,-0.04,0.01,6.49,5.38,0.00,0.00,0.00,0
8620,1,79.77,1.80,0.00,0.00,0.00,0.00,-17.09,-11.68,-0.04,0.01,6.49,5.38,0.00,0.00,0.00,0
8640,1,79.81,1.83,0.00,0.00,0.00,0.00,-17.09,-11.68,-0.04,0.01,6.49,5.38,0.00,0.00,0.00,0
8660,1,79.86,1.95,0.00,0.00,0.00,0.00,-17.09,-11.68,-0.04,0.01,6.49,5.38,0.00,0.00,0.00,0
8681,1,79.91,2.10,0.00,0.00,0.00,0.00,-17.09,-11.68,-0.04,0.01,6.49,5.38,0.00,0.00,0.00,0
8700,2,79.96,2.19,79.96,0.00,0.00,0.00,-17.09,-11.68,-0.02,0.01,6.49,5.38,0.00,0.00,0.00,0
8721,2,80.01,2.21,79.96,-0.05,-0.28,0.00,-17.09,-11.68,0.04,-0.00,6.49,5.38,0.00,0.02,0.00,16
8741,2,80.05,2.06,79.96,-0.09,-0.35,0.00,-17.09,-11.68,0.01,0.00,6.49,5.38,0.00,0.01,0.00,16
8760,2,80.06,1.51,79.96,-0.11,-0.36,0.00,-17.09,-11.68,-0.05,-0.07,6.49,5.39,-0.00,-0.06,-0.00,16
8782,2,80.01,0.32,79.96,-0.05,-0.13,0.00,-17.10,-11.68,-0.19,-0.08,6.49,5.39,-0.00,-0.13,-0.00,16
8800,2,79.97,-0.16,79.95,-0.02,-0.03,0.00,-17.10,-11.69,-0.22,-0.22,6.49,5.39,-0.01,-0.22,-0.00,16
8821,2,79.99,0.14,79.96,-0.03,-0.08,0.00,-17.11,-11.69,-0.07,-0.16,6.49,5.39,-0.01,-0.11,-0.00,16
8841,2,80.02,0.49,79.96,-0.06,-0.16,0.00,-17.11,-11.70,-0.08,-0.16,6.49,5.39,-0.02,-0.12,-0.00,16
8860,2,80.05,0.72,79.96,-0.09,-0.23,0.00,-17.11,-11.70,-0.11,0.01,6.49,5.39,-0.02,-0.05,-0.00,16
8880,2,80.06,0.49,79.96,-0.10,-0.25,0.00,-17.12,-11.70,-0.11,-0.11,6.49,5.39,-0.02,-0.11,-0.00,16
8901,2,80.05,0.13,79.96,-0.09,-0.20,0.00,-17.12,-11.71,-0.09,-0.14,6.49,5.39,-0.03,-0.11,-0.00,16
8921,2,80.05,0.05,79.95,-0.10,-0.20,0.00,-17.13,-11.71,-0.22,-0.12,6.49,5.39,-0.03,-0.17,-0.00,16
8940,2,80.06,0.04,79.96,-0.11,-0.22,0.00,-17.13,-11.71,-0.14,-0.11,6.49,5.39,-0.04,-0.13,-0.00,16
8961,2,80.04,-0.32,79.96,-0.09,-0.15,0.00,-17.13,-11.72,-0.09,-0.10,6.49,5.39,-0.04,-0.09,-0.00,16
8980,2,80.02,-0.53,79.96,-0.07,-0.10,0.00,-17.14,-11.72,-0.19,-0.14,6.49,5.39,-0.04,-0.16,-0.00,16
9001,2,80.03,-0.26,79.95,-0.08,-0.13,0.00,-17.14,-11.73,-0.10,-0.20,6.49,5.39,-0.05,-0.15,-0.00,16
9019,2,80.05,0.04,79.96,-0.10,-0.19,0.00,-17.14,-11.73,-0.05,-0.16,6.49,5.39,-0.05,-0.11,-0.00,16
9041,2,80.09,0.43,79.96,-0.14,-0.30,0.00,-17.15,-11.74,-0.07,-0.08,6.49,5.39,-0.05,-0.08,-0.00,16
9061,2,80.10,0.21,79.96,-0.14,-0.30,0.00,-17.15,-11.74,-0.07,-0.10,6.49,5.39,-0.06,-0.08,-0.00,16
9082,2,80.07,-0.36,79.95,-0.11,-0.20,0.00,-17.15,-11.74,-0.16,-0.17,6.49,5.39,-0.06,-0.16,-0.00,16
9100,2,80.03,-0.78,79.95,-0.08,-0.10,0.00,-17.16,-11.75,-0.18,-0.23,6.49,5.39,-0.07,-0.21,-0.00,16
9121,2,80.03,-0.37,79.95,-0.08,-0.12,0.00,-17.16,-11.75,-0.22,-0.08,6.49,5.39,-0.07,-0.15,-0.00,48
9140,2,80.07,0.28,79.96,-0.10,-0.22,0.00,-17.17,-11.75,-0.17,-0.05,6.49,5.39,-0.08,-0.11,-0.00,48
9161,2,80.01,-1.36,79.96,-0.05,0.01,0.00,-17.17,-11.76,-0.07,-0.05,6.49,5.39,-0.08,-0.06,-0.00,48
9180,2,80.01,-1.95,80.33,-0.05,0.05,0.00,-17.17,-11.76,-0.31,-0.11,6.43,5.31,-0.08,-0.21,-0.00,48
9201,2,79.91,-3.61,81.09,0.42,1.12,0.00,-17.18,-11.76,-0.23,0.16,6.29,5.17,-0.09,-0.04,-0.00,32
9220,2,79.75,-5.82,82.02,1.31,3.07,0.00,-17.18,-11.76,-0.11,-0.01,6.12,5.00,-0.09,-0.06,-0.00,32
9241,2,79.73,-5.44,83.01,2.29,5.02,0.00,-17.18,-11.76,0.08,0.14,5.94,4.82,-0.08,0.11,0.00,32
9261,2,80.07,0.26,84.03,2.94,5.86,0.00,-17.16,-11.75,0.95,0.60,5.75,4.63,-0.07,0.77,0.00,32
9281,2,80.80,10.38,85.09,3.23,5.64,0.00,-17.11,-11.71,2.14,2.08,5.55,4.44,-0.02,2.11,0.01,32
9301,2,81.91,22.96,86.15,3.17,4.51,0.00,-17.03,-11.62,3.37,3.53,5.36,4.25,0.06,3.45,0.02,32
9321,2,83.05,32.80,87.22,3.10,3.58,0.00,-16.91,-11.50,4.13,4.31,5.16,4.05,0.18,4.22,0.03,32
9340,2,84.13,41.34,88.28,3.36,3.58,0.00,-16.78,-11.37,4.18,4.23,4.97,3.86,0.31,4.20,0.03,32
9361,2,85.10,45.09,89.27,3.18,2.76,0.00,-16.66,-11.25,3.85,3.72,4.77,3.69,0.43,3.79,0.03,32
9380,2,85.90,44.99,90.03,3.56,3.52,0.00,-16.56,-11.15,3.04,2.60,4.58,3.60,0.53,2.82,0.03,32
9400,2,86.89,46.12,90.70,3.42,3.19,0.00,-16.49,-11.08,1.82,2.13,4.38,3.56,0.60,1.98,0.03,32
9421,2,88.01,45.50,91.30,2.69,1.73,0.00,-16.43,-11.01,1.97,2.42,4.18,3.54,0.66,2.19,0.03,32
9441,2,89.03,45.30,91.66,2.27,0.91,0.00,-16.36,-10.94,2.59,2.55,4.06,3.53,0.74,2.57,0.04,32
9460,2,89.66,41.26,91.85,2.14,0.88,0.00,-16.27,-10.86,2.85,2.66,4.00,3.52,0.82,2.76,0.05,32
9482,2,89.75,31.21,91.94,2.10,1.71,0.00,-16.21,-10.79,1.66,1.83,3.97,3.52,0.89,1.74,0.04,32
9500,2,89.79,23.13,91.98,2.18,2.38,0.00,-16.18,-10.76,0.62,0.52,3.95,3.51,0.92,0.57,0.04,32
9520,2,90.13,21.83,92.01,1.97,2.20,0.00,-16.17,-10.75,0.40,0.62,3.95,3.51,0.93,0.51,0.04,32
9541,2,90.80,25.64,92.04,1.22,0.38,0.00,-16.14,-10.72,1.42,1.23,3.94,3.51,0.96,1.32,0.06,224
9561,2,91.48,28.81,92.06,0.55,-1.20,0.00,-16.09,-10.68,1.88,1.66,3.94,3.51,1.01,1.77,0.07,224
9580,2,91.84,26.15,92.07,0.27,-1.65,0.00,-16.03,-10.62,1.51,1.66,3.94,3.51,1.06,1.59,0.08,224
9601,2,91.84,19.47,92.06,0.22,-1.11,0.00,-16.01,-10.60,0.08,0.17,3.94,3.51,1.08,0.12,0.07,224
9620,2,91.79,13.80,92.06,0.24,-0.72,0.00,-16.02,-10.61,-0.51,-0.53,3.94,3.51,1.07,-0.52,0.07,224
9641,2,91.84,11.34,92.06,0.22,-0.47,0.00,-16.04,-10.63,-0.76,-0.60,3.94,3.51,1.05,-0.68,0.07,224
9660,2,92.08,12.05,92.07,0.04,-0.86,0.00,-16.06,-10.65,-0.49,-0.63,3.94,3.51,1.03,-0.56,0.07,224
9682,2,92.45,14.53,92.07,-0.38,-1.93,0.00,-16.08,-10.66,-0.51,-0.40,3.94,3.51,1.02,-0.46,0.07,224
9700,2,92.88,17.25,92.07,-0.70,-2.73,0.00,-16.09,-10.67,-0.43,-0.27,3.94,3.51,1.01,-0.35,0.07,224
9721,2,93.14,16.80,92.07,-1.07,-3.48,0.00,-16.10,-10.68,-0.48,-0.69,3.94,3.51,0.99,-0.59,0.07,224
9740,2,93.28,14.77,92.06,-1.18,-3.59,0.00,-16.12,-10.71,-1.14,-1.19,3.94,3.51,0.97,-1.16,0.06,224
9761,2,93.32,12.03,92.05,-1.26,-3.48,0.00,-16.17,-10.76,-1.78,-1.64,3.94,3.51,0.92,-1.71,0.06,224
9780,2,93.39,10.45,92.05,-1.32,-3.49,0.00,-16.23,-10.82,-2.19,-2.02,3.94,3.51,0.86,-2.10,0.05,224
9801,2,93.59,11.16,92.05,-1.54,-3.98,0.00,-16.30,-10.89,-2.44,-2.24,3.94,3.51,0.79,-2.34,0.05,32
9821,2,93.95,13.97,92.04,-1.91,-4.94,0.00,-16.37,-10.95,-2.29,-2.37,3.94,3.51,0.72,-2.33,0.04,32
9841,2,94.34,16.42,92.04,-2.29,-5.90,0.00,-16.44,-11.02,-2.10,-2.40,3.94,3.51,0.65,-2.25,0.04,32
9860,2,94.63,16.96,92.03,-2.52,-6.40,0.00,-16.51,-11.10,-2.53,-2.51,3.94,3.51,0.58,-2.52,0.03,32
9882,2,94.82,15.92,92.03,-2.79,-6.85,0.00,-16.59,-11.18,-3.11,-2.96,3.94,3.51,0.50,-3.03,0.03,32
9900,2,94.93,13.95,92.02,-2.88,-6.92,0.00,-16.70,-11.28,-3.67,-3.65,3.94,3.51,0.40,-3.66,0.02,32
9920,2,95.02,13.05,92.01,-3.00,-7.05,0.00,-16.82,-11.40,-4.15,-4.17,3.94,3.51,0.28,-4.16,0.01,32
9941,2,95.30,13.68,92.01,-3.29,-7.67,0.00,-16.95,-11.53,-4.38,-4.44,3.94,3.51,0.15,-4.41,0.01,32
9962,2,95.64,15.72,92.01,-3.63,-8.51,0.00,-17.08,-11.67,-4.50,-4.44,3.94,3.51,0.01,-4.47,0.01,32
9980,2,96.04,18.03,92.01,-3.93,-9.27,0.00,-17.22,-11.81,-4.60,-4.59,3.94,3.51,-0.13,-4.60,0.01,32
10001,2,96.40,17.68,92.00,-4.39,-10.20,0.00,-17.37,-11.95,-4.99,-4.94,3.94,3.51,-0.27,-4.96,0.00,32
10021,2,96.56,12.78,91.99,-4.56,-10.14,0.00,-17.52,-12.11,-5.43,-5.40,3.94,3.51,-0.43,-5.41,-0.00,32
10040,2,96.44,5.04,91.99,-4.54,-9.69,0.00,-17.70,-12.28,-6.19,-6.06,3.94,3.51,-0.61,-6.12,-0.01,32
10061,2,95.95,-5.31,91.98,-3.96,-7.50,0.00,-17.90,-12.47,-6.55,-6.40,3.94,3.51,-0.80,-6.48,-0.02,32
10082,2,95.44,-12.77,91.97,-3.46,-5.90,0.00,-18.09,-12.68,-6.70,-6.67,3.94,3.51,-1.00,-6.68,-0.03,32
10100,2,95.14,-16.34,91.96,-3.23,-5.22,0.00,-18.29,-12.88,-6.08,-6.27,3.94,3.51,-1.20,-6.18,-0.04,32
10121,2,94.96,-17.75,91.96,-3.00,-4.59,0.00,-18.45,-13.05,-5.12,-5.34,3.94,3.51,-1.37,-5.23,-0.04,32
10141,2,94.90,-17.00,91.96,-2.94,-4.52,0.00,-18.59,-13.19,-3.97,-4.28,3.94,3.51,-1.51,-4.13,-0.04,32
10159,2,94.82,-16.66,91.96,-2.85,-4.38,0.00,-18.70,-13.30,-3.27,-3.06,3.94,3.51,-1.62,-3.16,-0.04,32
10182,2,94.27,-20.08,91.95,-2.31,-3.02,0.00,-18.79,-13.39,-3.19,-2.74,3.94,3.51,-1.71,-2.97,-0.05,32
10200,2,93.64,-23.89,91.94,-1.86,-1.90,0.00,-18.89,-13.48,-3.30,-3.31,3.94,3.51,-1.80,-3.31,-0.06,224
10221,2,93.19,-23.73,91.92,-1.25,-0.61,0.00,-18.99,-13.58,-3.08,-3.28,3.94,3.51,-1.90,-3.18,-0.08,224
10241,2,93.02,-19.81,91.92,-1.10,-0.61,0.00,-19.08,-13.67,-2.42,-2.70,3.94,3.51,-1.99,-2.56,-0.08,224
10260,2,93.53,-8.81,91.93,-1.48,-2.05,0.00,-19.13,-13.73,-1.41,-1.20,3.94,3.51,-2.04,-1.31,-0.07,224
10282,2,93.73,-5.07,91.93,-1.80,-3.19,0.00,-19.15,-13.74,-0.32,-0.23,3.94,3.51,-2.06,-0.28,-0.07,224
10299,2,93.50,-7.97,91.92,-1.56,-2.49,0.00,-19.16,-13.75,-0.71,-0.45,3.94,3.51,-2.07,-0.58,-0.08,224
10321,2,92.74,-16.05,91.90,-0.82,-0.36,0.00,-19.20,-13.79,-1.53,-1.76,3.94,3.51,-2.11,-1.65,-0.10,224
10340,2,92.09,-20.67,91.87,-0.35,0.88,0.00,-19.26,-13.85,-2.10,-2.10,3.94,3.51,-2.17,-2.10,-0.13,224
10361,2,91.88,-17.61,91.86,-0.00,1.40,0.00,-19.31,-13.91,-1.69,-1.92,3.94,3.51,-2.23,-1.80,-0.14,224
10381,2,92.29,-8.66,91.87,-0.43,-0.16,0.00,-19.35,-13.95,-0.44,-0.47,3.94,3.51,-2.26,-0.45,-0.13,224
10402,2,92.57,-3.85,91.88,-0.70,-1.08,0.00,-19.34,-13.94,0.71,0.74,3.94,3.51,-2.25,0.73,-0.12,224
10420,2,92.48,-4.90,91.87,-0.60,-0.81,0.00,-19.32,-13.91,0.52,0.89,3.94,3.51,-2.23,0.70,-0.13,224
10441,2,91.93,-10.80,91.85,-0.05,0.76,0.00,-19.31,-13.91,-0.08,-0.08,3.94,3.51,-2.22,-0.08,-0.15,224
10461,2,91.41,-14.56,91.84,0.44,2.04,0.00,-19.32,-13.92,-0.57,-0.41,3.94,3.51,-2.23,-0.49,-0.16,224
10481,2,91.10,-14.40,91.85,0.75,2.64,0.00,-19.34,-13.93,-0.24,-0.38,3.94,3.51,-2.25,-0.31,-0.15,224
10500,2,91.18,-9.01,91.84,0.70,2.23,0.00,-19.34,-13.93,0.33,0.25,3.94,3.51,-2.25,0.29,-0.16,224
10521,2,91.50,-2.02,91.84,0.34,0.85,0.00,-19.32,-13.91,0.89,1.00,3.94,3.51,-2.23,0.94,-0.16,240
10540,2,91.86,3.64,91.83,0.06,-0.08,0.00,-19.28,-13.87,1.35,1.68,3.94,3.51,-2.19,1.52,-0.17,240
10560,2,91.98,4.24,91.83,-0.15,-0.68,0.00,-19.23,-13.82,1.48,1.58,3.94,3.51,-2.14,1.53,-0.17,224
10581,2,91.44,-3.47,91.82,0.39,1.05,0.00,-19.20,-13.79,0.49,0.61,3.94,3.51,-2.11,0.55,-0.18,224
10602,2,91.05,-7.09,91.81,0.76,2.10,0.00,-19.20,-13.79,-0.33,-0.26,3.94,3.51,-2.11,-0.30,-0.19,224
10620,2,90.99,-5.29,91.81,0.82,2.10,0.00,-19.20,-13.79,0.08,0.00,3.94,3.51,-2.11,0.04,-0.19,224
10641,2,91.16,-0.54,91.80,0.65,1.34,0.00,-19.19,-13.79,0.50,0.43,3.94,3.51,-2.10,0.47,-0.20,224
10661,2,91.59,5.90,91.79,0.22,-0.04,0.00,-19.17,-13.77,1.02,0.98,3.94,3.51,-2.08,1.00,-0.21,224
10680,2,91.96,9.61,91.79,-0.09,-0.90,0.00,-19.13,-13.73,1.42,1.39,3.94,3.51,-2.04,1.41,-0.21,224
10702,2,91.86,5.43,91.78,-0.07,-0.58,0.00,-19.09,-13.68,1.22,1.21,3.94,3.51,-2.00,1.21,-0.22,224
10720,2,91.60,0.51,91.76,0.11,0.11,0.00,-19.08,-13.67,-0.10,-0.12,3.94,3.51,-1.99,-0.11,-0.24,240
10741,2,91.40,-1.95,91.76,0.36,0.88,0.00,-19.09,-13.68,-0.30,-0.45,3.94,3.51,-2.00,-0.38,-0.24,240
10762,2,91.32,-2.06,91.75,0.44,1.04,0.00,-19.10,-13.70,-0.11,-0.50,3.94,3.51,-2.01,-0.31,-0.25,224
10780,2,91.51,1.20,91.74,0.30,0.57,0.00,-19.10,-13.70,0.05,0.10,3.94,3.51,-2.02,0.07,-0.26,240
10800,2,91.76,4.19,91.73,0.05,-0.17,0.00,-19.09,-13.69,0.41,0.57,3.94,3.51,-2.01,0.49,-0.27,224
10821,2,91.95,5.24,91.74,-0.22,-0.86,0.00,-19.08,-13.67,0.41,0.86,3.94,3.51,-1.99,0.64,-0.26,224
10841,2,91.95,3.41,91.73,-0.21,-0.69,0.00,-19.07,-13.65,0.40,0.41,3.94,3.51,-1.97,0.40,-0.27,240
10860,2,91.68,-1.14,91.71,-0.02,-0.04,0.00,-19.06,-13.65,-0.06,-0.14,3.94,3.51,-1.97,-0.10,-0.29,240
10881,2,91.44,-3.88,91.71,0.27,0.85,0.00,-19.07,-13.66,-0.41,-0.57,3.94,3.51,-1.98,-0.49,-0.29,240
10902,2,91.41,-3.13,91.70,0.30,0.85,0.00,-19.08,-13.68,-0.49,-0.26,3.94,3.51,-1.99,-0.38,-0.30,240
10920,2,91.47,-1.57,91.70,0.25,0.66,0.00,-19.09,-13.68,0.05,0.01,3.94,3.51,-2.00,0.03,-0.30,240
10940,2,91.60,0.35,91.69,0.13,0.26,0.00,-19.08,-13.67,0.33,0.30,3.94,3.51,-1.99,0.31,-0.31,240
10961,2,91.72,1.71,91.68,-0.04,-0.21,0.00,-19.07,-13.66,0.63,0.34,3.94,3.51,-1.98,0.49,-0.32,240
10981,2,91.60,-0.29,91.68,0.08,0.19,0.00,-19.05,-13.65,0.39,0.51,3.94,3.51,-1.96,0.45,-0.32,240
11002,2,91.44,-2.05,91.67,0.24,0.64,0.00,-19.05,-13.64,-0.02,0.14,3.94,3.51,-1.96,0.06,-0.33,240
11020,2,91.37,-2.07,91.67,0.29,0.76,0.00,-19.05,-13.64,0.01,-0.05,3.94,3.51,-1.96,-0.02,-0.33,240
11040,2,91.40,-0.77,91.66,0.29,0.67,0.00,-19.05,-13.64,0.21,0.06,3.94,3.51,-1.96,0.14,-0.34,240
11060,2,91.51,1.14,91.65,0.17,0.28,0.00,-19.04,-13.63,0.43,0.29,3.94,3.51,-1.95,0.36,-0.35,240
11081,2,91.65,2.76,91.64,-0.00,-0.22,0.00,-19.02,-13.62,0.45,0.35,3.94,3.51,-1.94,0.40,-0.36,240
11101,2,91.66,2.29,91.63,-0.02,-0.22,0.00,-19.01,-13.61,0.23,0.38,3.94,3.51,-1.92,0.30,-0.37,240
11120,2,91.65,1.75,91.63,-0.02,-0.19,0.00,-19.01,-13.60,0.01,0.25,3.94,3.51,-1.92,0.13,-0.37,240
11141,2,91.62,1.14,91.62,0.00,-0.08,0.00,-19.01,-13.60,-0.02,0.06,3.94,3.51,-1.92,0.02,-0.38,240
11160,2,91.60,0.69,91.61,0.01,-0.04,0.00,-19.01,-13.60,-0.03,-0.09,3.94,3.51,-1.92,-0.06,-0.39,240
11181,2,91.58,0.41,91.60,0.03,0.02,0.00,-19.01,-13.60,-0.01,-0.13,3.94,3.51,-1.92,-0.07,-0.40,240
11201,2,91.60,0.48,91.60,0.01,-0.02,0.00,-19.01,-13.60,-0.05,-0.12,3.94,3.51,-1.92,-0.08,-0.40,240
11221,2,91.62,0.65,91.59,-0.03,-0.11,0.00,-19.01,-13.61,0.03,-0.06,3.94,3.51,-1.92,-0.02,-0.41,240
11242,2,91.64,0.63,91.58,-0.05,-0.15,0.00,-19.01,-13.61,-0.03,0.03,3.94,3.51,-1.92,-0.00,-0.42,240
11260,2,91.63,0.26,91.58,-0.05,-0.13,0.00,-19.01,-13.61,0.01,-0.01,3.94,3.51,-1.92,-0.00,-0.42,240
11281,2,91.60,-0.27,91.57,-0.02,-0.01,0.00,-19.01,-13.61,-0.07,-0.12,3.94,3.51,-1.92,-0.09,-0.43,240
11302,2,91.57,-0.48,91.56,-0.00,0.03,0.00,-19.01,-13.61,-0.11,-0.08,3.94,3.51,-1.93,-0.09,-0.44,240
11319,2,91.56,-0.51,91.55,0.00,0.04,0.00,-19.02,-13.61,-0.06,-0.06,3.94,3.51,-1.93,-0.06,-0.45,240
11341,2,91.57,0.01,91.55,-0.02,-0.04,0.00,-19.02,-13.61,-0.04,-0.02,3.94,3.51,-1.93,-0.03,-0.45,240
11360,2,91.60,0.46,91.54,-0.05,-0.12,0.00,-19.02,-13.61,-0.00,-0.04,3.94,3.51,-1.93,-0.02,-0.46,240
11381,2,91.63,0.64,91.54,-0.08,-0.22,0.00,-19.02,-13.61,0.01,-0.01,3.94,3.51,-1.93,-0.00,-0.46,240
11402,2,91.62,0.36,91.53,-0.08,-0.20,0.00,-19.02,-13.61,-0.06,0.03,3.94,3.51,-1.93,-0.01,-0.47,240
11420,2,91.58,-0.38,91.52,-0.06,-0.10,0.00,-19.02,-13.61,-0.12,-0.09,3.94,3.51,-1.93,-0.10,-0.48,240
11440,2,91.54,-0.70,91.51,-0.03,0.00,0.00,-19.03,-13.62,-0.11,-0.20,3.94,3.51,-1.94,-0.15,-0.49,240
11461,2,91.57,-0.13,91.51,-0.05,-0.10,0.00,-19.03,-13.62,-0.12,-0.11,3.94,3.51,-1.94,-0.11,-0.49,240
11481,2,91.59,0.19,91.50,-0.08,-0.18,0.00,-19.03,-13.62,-0.02,0.04,3.94,3.51,-1.94,0.01,-0.50,240
11500,2,91.59,0.07,91.50,-0.09,-0.19,0.00,-19.03,-13.62,-0.05,-0.05,3.94,3.51,-1.94,-0.05,-0.50,240
11521,2,91.56,-0.47,91.49,-0.07,-0.09,0.00,-19.03,-13.63,-0.08,-0.03,3.94,3.51,-1.94,-0.05,-0.51,240
11540,2,91.51,-1.11,91.48,-0.04,-0.00,0.00,-19.04,-13.63,-0.12,-0.08,3.94,3.51,-1.95,-0.10,-0.52,240
11561,2,91.47,-1.44,91.47,0.01,0.13,0.00,-19.04,-13.63,-0.12,-0.06,3.94,3.51,-1.95,-0.09,-0.53,240
11580,2,91.45,-1.32,91.46,0.02,0.14,0.00,-19.04,-13.63,0.01,-0.05,3.94,3.51,-1.95,-0.02,-0.54,240
11602,2,91.43,-1.12,91.46,0.03,0.15,0.00,-19.04,-13.63,-0.05,0.00,3.94,3.51,-1.95,-0.03,-0.54,240
11620,2,91.43,-0.76,91.45,0.03,0.12,0.00,-19.04,-13.63,0.03,0.02,3.94,3.51,-1.95,0.02,-0.55,240
11641,2,91.45,-0.20,91.44,0.00,0.02,0.00,-19.04,-13.63,0.11,0.07,3.94,3.51,-1.95,0.09,-0.56,240
11660,2,91.48,0.46,91.44,-0.03,-0.08,0.00,-19.04,-13.63,0.22,0.08,3.94,3.51,-1.95,0.15,-0.56,240
11681,2,91.49,0.73,91.43,-0.05,-0.16,0.00,-19.03,-13.63,0.08,-0.00,3.94,3.51,-1.95,0.04,-0.57,240
11700,2,91.52,1.10,91.43,-0.08,-0.24,0.00,-19.03,-13.63,-0.02,0.00,3.94,3.51,-1.95,-0.01,-0.57,240
11721,2,91.55,1.32,91.42,-0.12,-0.35,0.00,-19.03,-13.63,-0.02,-0.04,3.94,3.51,-1.95,-0.03,-0.58,240
11741,2,91.55,1.06,91.42,-0.13,-0.34,0.00,-19.04,-13.63,-0.05,-0.05,3.94,3.51,-1.95,-0.05,-0.58,240
11762,2,91.54,0.73,91.41,-0.12,-0.30,0.00,-19.04,-13.63,-0.24,-0.10,3.94,3.51,-1.95,-0.17,-0.59,240
11780,2,91.55,0.76,91.40,-0.14,-0.34,0.00,-19.05,-13.64,-0.26,-0.16,3.94,3.51,-1.96,-0.21,-0.60,240
11802,2,91.57,0.91,91.40,-0.17,-0.41,0.00,-19.05,-13.64,-0.06,-0.30,3.94,3.51,-1.96,-0.18,-0.60,240
11820,2,91.58,0.83,91.39,-0.18,-0.43,0.00,-19.05,-13.65,-0.15,-0.18,3.94,3.51,-1.97,-0.16,-0.61,240
11840,2,91.55,0.15,91.38,-0.17,-0.37,0.00,-19.06,-13.66,-0.27,-0.23,3.94,3.51,-1.97,-0.25,-0.62,240
11861,2,91.55,-0.09,91.37,-0.17,-0.32,0.00,-19.07,-13.67,-0.41,-0.29,3.94,3.51,-1.98,-0.35,-0.63,240
11881,2,91.56,-0.07,91.37,-0.18,-0.36,0.00,-19.08,-13.67,-0.32,-0.23,3.94,3.51,-1.99,-0.27,-0.63,240
11900,2,91.52,-0.67,91.36,-0.16,-0.28,0.00,-19.09,-13.68,-0.11,-0.30,3.94,3.51,-2.00,-0.20,-0.64,240
11921,2,91.48,-0.98,91.35,-0.12,-0.16,0.00,-19.09,-13.69,-0.11,-0.42,3.94,3.51,-2.01,-0.27,-0.65,240
11940,2,91.50,-0.50,91.34,-0.15,-0.24,0.00,-19.10,-13.70,-0.20,-0.27,3.94,3.51,-2.02,-0.23,-0.66,240
11960,2,91.53,-0.11,91.34,-0.18,-0.34,0.00,-19.11,-13.71,-0.26,0.00,3.94,3.51,-2.02,-0.13,-0.66,240
11981,2,91.52,-0.38,91.33,-0.18,-0.33,0.00,-19.12,-13.71,-0.21,-0.07,3.94,3.51,-2.03,-0.14,-0.67,240
12002,2,91.49,-0.83,91.32,-0.15,-0.24,0.00,-19.12,-13.71,-0.14,-0.18,3.94,3.51,-2.03,-0.16,-0.68,240
12020,2,91.41,-1.66,91.31,-0.11,-0.10,0.00,-19.12,-13.72,-0.18,-0.22,3.94,3.51,-2.03,-0.20,-0.69,240
12041,2,91.37,-1.92,91.30,-0.06,0.04,0.00,-19.13,-13.72,-0.22,-0.24,3.94,3.51,-2.04,-0.23,-0.70,240
12060,2,91.34,-1.76,91.29,-0.05,0.04,0.00,-19.13,-13.73,-0.09,-0.21,3.94,3.51,-2.05,-0.15,-0.71,240
12080,2,91.32,-1.62,91.28,-0.04,0.06,0.00,-19.14,-13.73,-0.06,-0.10,3.94,3.51,-2.05,-0.08,-0.72,240
12102,2,91.31,-1.50,91.28,-0.03,0.06,0.00,-19.14,-13.73,-0.05,-0.01,3.94,3.51,-2.05,-0.03,-0.72,240
12120,2,91.29,-1.52,91.27,-0.02,0.08,0.00,-19.14,-13.73,0.01,-0.04,3.94,3.51,-2.05,-0.01,-0.73,240
12141,2,91.25,-1.75,91.26,0.02,0.18,0.00,-19.14,-13.73,0.05,0.00,3.94,3.51,-2.05,0.03,-0.74,240
12162,2,91.21,-1.88,91.26,0.06,0.26,0.00,-19.14,-13.73,0.02,0.08,3.94,3.51,-2.05,0.05,-0.74,240
12180,2,91.18,-1.73,91.25,0.07,0.29,0.00,-19.14,-13.73,0.01,0.04,3.94,3.51,-2.05,0.03,-0.75,240
12202,2,91.16,-1.51,91.25,0.09,0.30,0.00,-19.14,-13.73,0.06,0.11,3.94,3.51,-2.05,0.08,-0.75,240
12219,2,91.15,-1.44,91.24,0.10,0.32,0.00,-19.13,-13.72,0.12,0.24,3.94,3.51,-2.04,0.18,-0.76,240
12241,2,91.13,-1.21,91.24,0.11,0.32,0.00,-19.13,-13.72,0.12,0.24,3.94,3.51,-2.04,0.18,-0.76,240
12261,2,91.12,-0.97,91.23,0.11,0.30,0.00,-19.13,-13.72,0.19,0.09,3.94,3.51,-2.03,0.14,-0.77,240
12280,2,91.11,-0.83,91.22,0.11,0.29,0.00,-19.12,-13.71,0.29,0.08,3.94,3.51,-2.03,0.19,-0.78,240
12302,2,91.09,-0.67,91.22,0.14,0.32,0.00,-19.11,-13.71,0.18,0.13,3.94,3.51,-2.02,0.16,-0.78,240
12322,2,91.09,-0.15,91.21,0.12,0.26,0.00,-19.10,-13.70,0.22,0.17,3.94,3.51,-2.02,0.19,-0.79,240
12339,2,91.12,0.38,91.20,0.09,0.15,0.00,-19.10,-13.69,0.28,0.30,3.94,3.51,-2.01,0.29,-0.80,240
12361,2,91.17,1.14,91.19,0.03,-0.02,0.00,-19.09,-13.69,0.08,0.25,3.94,3.51,-2.00,0.17,-0.81,240
12381,2,91.22,1.68,91.18,-0.03,-0.19,0.00,-19.09,-13.68,0.05,0.25,3.94,3.51,-2.00,0.15,-0.82,240
12401,2,91.25,1.93,91.18,-0.07,-0.29,0.00,-19.08,-13.67,0.15,0.08,3.94,3.51,-1.99,0.11,-0.82,240
12422,2,91.29,2.19,91.17,-0.11,-0.39,0.00,-19.08,-13.67,0.09,0.05,3.94,3.51,-1.99,0.07,-0.83,240
12440,2,91.31,2.17,91.17,-0.13,-0.44,0.00,-19.08,-13.67,-0.06,-0.06,3.94,3.51,-1.99,-0.06,-0.83,240
12461,2,91.29,1.44,91.16,-0.12,-0.35,0.00,-19.08,-13.68,-0.16,-0.13,3.94,3.51,-1.99,-0.15,-0.84,240
12480,2,91.29,1.32,91.15,-0.12,-0.35,0.00,-19.09,-13.68,-0.23,-0.35,3.94,3.51,-2.00,-0.29,-0.85,240
12501,2,91.34,1.81,91.15,-0.19,-0.52,0.00,-19.10,-13.70,-0.13,-0.38,3.94,3.51,-2.01,-0.26,-0.85,240
12522,2,91.41,2.39,91.15,-0.26,-0.71,0.00,-19.10,-13.71,-0.26,-0.22,3.94,3.51,-2.02,-0.24,-0.85,240
12540,2,91.51,2.93,91.16,-0.33,-0.89,0.00,-19.11,-13.71,-0.43,-0.07,3.94,3.51,-2.02,-0.25,-0.84,240
12561,2,91.55,2.48,91.15,-0.39,-0.98,0.00,-19.12,-13.71,-0.43,-0.21,3.94,3.51,-2.03,-0.32,-0.85,240
12581,2,91.52,1.30,91.14,-0.36,-0.83,0.00,-19.14,-13.72,-0.27,-0.42,3.94,3.51,-2.04,-0.34,-0.86,240
12600,2,91.44,-0.06,91.12,-0.32,-0.66,0.00,-19.15,-13.74,-0.54,-0.72,3.94,3.51,-2.06,-0.63,-0.88,240
12622,2,91.38,-1.10,91.11,-0.26,-0.42,0.00,-19.16,-13.76,-0.77,-0.57,3.94,3.51,-2.08,-0.67,-0.89,240
12640,2,91.32,-1.83,91.10,-0.23,-0.33,0.00,-19.19,-13.78,-0.59,-0.68,3.94,3.51,-2.10,-0.63,-0.90,240
12661,2,91.40,-0.45,91.10,-0.31,-0.58,0.00,-19.20,-13.80,-0.56,-0.23,3.94,3.51,-2.11,-0.39,-0.90,240
12681,2,91.44,-0.10,91.10,-0.34,-0.67,0.00,-19.21,-13.80,-0.01,-0.25,3.94,3.51,-2.12,-0.13,-0.90,240
12700,2,91.36,-1.35,91.08,-0.29,-0.49,0.00,-19.22,-13.81,-0.19,-0.38,3.94,3.51,-2.13,-0.28,-0.92,240
12720,2,91.23,-2.84,91.06,-0.18,-0.17,0.00,-19.22,-13.82,-0.42,-0.47,3.94,3.51,-2.14,-0.44,-0.94,240
12741,2,91.15,-3.38,91.04,-0.09,0.10,0.00,-19.24,-13.83,-0.63,-0.18,3.94,3.51,-2.15,-0.41,-0.96,240
12761,2,91.11,-3.23,91.03,-0.06,0.13,0.00,-19.26,-13.84,-0.31,-0.26,3.94,3.51,-2.16,-0.29,-0.97,240
12780,2,91.09,-2.59,91.03,-0.06,0.09,0.00,-19.26,-13.85,0.01,-0.29,3.94,3.51,-2.17,-0.14,-0.97,240
12801,2,91.12,-1.30,91.02,-0.09,-0.07,0.00,-19.26,-13.86,0.01,-0.11,3.94,3.51,-2.17,-0.05,-0.98,240
12820,2,91.18,-0.24,91.03,-0.14,-0.24,0.00,-19.26,-13.86,0.02,-0.01,3.94,3.51,-2.17,0.00,-0.97,240
12841,2,91.18,-0.31,91.02,-0.15,-0.28,0.00,-19.26,-13.85,0.02,0.07,3.94,3.51,-2.17,0.04,-0.98,240
12860,2,91.13,-0.87,91.00,-0.12,-0.19,0.00,-19.26,-13.85,-0.01,-0.03,3.94,3.51,-2.17,-0.02,-1.00,240
12881,2,91.04,-1.71,90.99,-0.04,0.06,0.00,-19.26,-13.85,-0.09,-0.10,3.94,3.51,-2.17,-0.09,-1.01,240
12899,2,90.98,-2.11,90.97,0.01,0.18,0.00,-19.27,-13.86,-0.23,-0.22,3.94,3.51,-2.18,-0.22,-1.03,240
12922,2,90.99,-1.05,90.97,-0.02,0.04,0.00,-19.27,-13.87,-0.22,-0.20,3.94,3.51,-2.18,-0.21,-1.03,240
12940,2,91.04,-0.15,90.97,-0.06,-0.09,0.00,-19.27,-13.87,0.05,0.11,3.94,3.51,-2.18,0.08,-1.03,240
12961,2,91.08,0.46,90.97,-0.11,-0.27,0.00,-19.27,-13.87,0.07,0.01,3.94,3.51,-2.18,0.04,-1.03,240
12980,2,91.10,0.52,90.96,-0.13,-0.30,0.00,-19.27,-13.86,0.03,0.11,3.94,3.51,-2.18,0.07,-1.04,240
13001,2,91.08,0.30,90.95,-0.12,-0.27,0.00,-19.27,-13.86,-0.02,-0.04,3.94,3.51,-2.18,-0.03,-1.05,240
13020,2,91.04,-0.26,90.94,-0.10,-0.19,0.00,-19.27,-13.86,-0.11,-0.10,3.94,3.51,-2.18,-0.11,-1.06,240
13041,2,91.02,-0.52,90.93,-0.08,-0.11,0.00,-19.28,-13.87,-0.23,-0.12,3.94,3.51,-2.19,-0.18,-1.07,240
13060,2,91.01,-0.51,90.92,-0.08,-0.13,0.00,-19.28,-13.87,-0.21,-0.11,3.94,3.51,-2.19,-0.16,-1.08,240
13081,2,91.04,-0.05,90.92,-0.12,-0.24,0.00,-19.29,-13.88,-0.16,-0.11,3.94,3.51,-2.20,-0.13,-1.08,240
13100,2,91.03,-0.17,90.91,-0.12,-0.23,0.00,-19.29,-13.88,-0.04,-0.10,3.94,3.51,-2.20,-0.07,-1.09,240
13120,2,91.01,-0.52,90.90,-0.10,-0.16,0.00,-19.29,-13.88,-0.10,-0.14,3.94,3.51,-2.20,-0.12,-1.10,240
13141,2,90.98,-0.87,90.89,-0.08,-0.09,0.00,-19.30,-13.89,-0.12,-0.16,3.94,3.51,-2.21,-0.14,-1.11,240
13161,2,90.95,-1.20,90.88,-0.06,-0.02,0.00,-19.30,-13.89,-0.15,-0.18,3.94,3.51,-2.21,-0.16,-1.12,240
13180,2,90.91,-1.37,90.87,-0.04,0.02,0.00,-19.30,-13.90,-0.13,-0.07,3.94,3.51,-2.21,-0.10,-1.13,240
13201,2,90.90,-1.31,90.86,-0.03,0.05,0.00,-19.31,-13.90,-0.10,-0.06,3.94,3.51,-2.22,-0.08,-1.14,240
13222,2,90.90,-1.00,90.85,-0.04,-0.00,0.00,-19.31,-13.90,-0.09,-0.04,3.94,3.51,-2.22,-0.06,-1.15,240
13239,2,90.90,-0.86,90.84,-0.05,-0.03,0.00,-19.31,-13.90,-0.01,0.00,3.94,3.51,-2.22,-0.01,-1.16,240
13261,2,90.88,-0.89,90.83,-0.04,-0.00,0.00,-19.31,-13.90,0.01,-0.06,3.94,3.51,-2.22,-0.02,-1.17,240
13281,2,90.86,-0.92,90.83,-0.03,0.02,0.00,-19.31,-13.90,0.00,-0.01,3.94,3.51,-2.22,-0.00,-1.17,240
13300,2,90.84,-0.97,90.82,-0.02,0.03,0.00,-19.31,-13.90,-0.01,0.04,3.94,3.51,-2.22,0.02,-1.18,240
13320,2,90.82,-0.98,90.81,-0.01,0.05,0.00,-19.31,-13.90,-0.03,-0.02,3.94,3.51,-2.22,-0.02,-1.19,240
13341,2,90.82,-0.81,90.80,-0.01,0.05,0.00,-19.31,-13.90,-0.04,-0.02,3.94,3.51,-2.22,-0.03,-1.20,240
13360,2,90.81,-0.62,90.79,-0.01,0.02,0.00,-19.31,-13.90,-0.00,0.01,3.94,3.51,-2.22,0.00,-1.21,240
13381,2,90.82,-0.40,90.79,-0.02,-0.02,0.00,-19.31,-13.90,0.01,0.02,3.94,3.51,-2.22,0.01,-1.21,240
13401,2,90.82,-0.22,90.78,-0.03,-0.05,0.00,-19.31,-13.90,0.04,0.00,3.94,3.51,-2.22,0.02,-1.22,240
13420,2,90.82,-0.09,90.77,-0.04,-0.08,0.00,-19.31,-13.90,-0.02,0.04,3.94,3.51,-2.22,0.01,-1.23,240
13441,2,90.82,-0.11,90.76,-0.05,-0.08,0.00,-19.31,-13.90,0.07,-0.01,3.94,3.51,-2.22,0.03,-1.24,240
13460,2,90.81,-0.23,90.76,-0.05,-0.08,0.00,-19.31,-13.90,0.02,0.02,3.94,3.51,-2.22,0.02,-1.24,240
13481,2,90.79,-0.39,90.75,-0.04,-0.04,0.00,-19.31,-13.90,-0.01,0.02,3.94,3.51,-2.22,0.00,-1.25,240
13499,2,90.77,-0.55,90.74,-0.03,-0.01,0.00,-19.31,-13.90,-0.05,-0.06,3.94,3.51,-2.22,-0.05,-1.26,240
13522,2,90.76,-0.61,90.73,-0.02,0.01,0.00,-19.31,-13.91,-0.07,-0.03,3.94,3.51,-2.22,-0.05,-1.27,240
13540,2,90.76,-0.35,90.72,-0.03,-0.04,0.00,-19.31,-13.91,-0.01,-0.02,3.94,3.51,-2.22,-0.02,-1.28,240
13561,2,90.77,-0.25,90.72,-0.04,-0.07,0.00,-19.31,-13.91,0.01,-0.04,3.94,3.51,-2.23,-0.02,-1.28,240
13581,2,90.76,-0.33,90.71,-0.05,-0.07,0.00,-19.31,-13.91,-0.01,0.01,3.94,3.51,-2.23,0.00,-1.29,240
13602,2,90.76,-0.41,90.70,-0.05,-0.06,0.00,-19.31,-13.91,-0.05,-0.02,3.94,3.51,-2.23,-0.04,-1.30,240
13620,2,90.74,-0.62,90.69,-0.04,-0.04,0.00,-19.32,-13.91,-0.04,-0.00,3.94,3.51,-2.23,-0.02,-1.31,240
13641,2,90.71,-0.88,90.68,-0.02,0.03,0.00,-19.32,-13.91,-0.03,0.00,3.94,3.51,-2.23,-0.01,-1.32,240
13661,2,90.69,-0.98,90.67,-0.01,0.06,0.00,-19.32,-13.91,-0.10,-0.04,3.94,3.51,-2.23,-0.07,-1.33,240
13681,2,90.68,-0.91,90.66,-0.01,0.06,0.00,-19.32,-13.91,-0.04,-0.04,3.94,3.51,-2.23,-0.04,-1.34,240
13700,2,90.67,-0.79,90.65,-0.01,0.04,0.00,-19.32,-13.91,-0.01,0.04,3.94,3.51,-2.23,0.02,-1.35,240
13722,2,90.66,-0.75,90.65,-0.01,0.04,0.00,-19.32,-13.91,-0.01,-0.03,3.94,3.51,-2.23,-0.02,-1.35,240
13740,2,90.66,-0.71,90.64,-0.01,0.03,0.00,-19.32,-13.91,-0.00,-0.01,3.94,3.51,-2.23,-0.01,-1.36,240
13760,2,90.64,-0.69,90.63,-0.01,0.03,0.00,-19.32,-13.91,0.06,0.05,3.94,3.51,-2.23,0.06,-1.37,240
13781,2,90.64,-0.59,90.62,-0.01,0.03,0.00,-19.32,-13.91,0.04,0.01,3.94,3.51,-2.23,0.03,-1.38,240
13801,2,90.62,-0.56,90.61,-0.00,0.04,0.00,-19.32,-13.91,0.10,0.04,3.94,3.51,-2.23,0.07,-1.39,240
13820,2,90.62,-0.44,90.60,-0.01,0.03,0.00,-19.32,-13.91,0.02,0.01,3.94,3.51,-2.23,0.01,-1.40,240
13841,2,90.62,-0.32,90.60,-0.01,-0.00,0.00,-19.32,-13.91,0.06,0.02,3.94,3.51,-2.23,0.04,-1.40,240
13860,2,90.62,-0.20,90.59,-0.02,-0.02,0.00,-19.32,-13.91,0.04,0.06,3.94,3.51,-2.23,0.05,-1.41,240
13880,2,90.62,-0.19,90.58,-0.03,-0.04,0.00,-19.31,-13.91,0.04,0.03,3.94,3.51,-2.23,0.03,-1.42,240
13901,2,90.61,-0.15,90.58,-0.03,-0.05,0.00,-19.31,-13.91,-0.01,0.01,3.94,3.51,-2.23,0.00,-1.42,240
13920,2,90.61,-0.15,90.57,-0.04,-0.06,0.00,-19.31,-13.91,-0.00,0.03,3.94,3.51,-2.23,0.01,-1.43,240
13941,2,90.61,-0.18,90.56,-0.04,-0.06,0.00,-19.31,-13.91,-0.01,-0.03,3.94,3.51,-2.23,-0.02,-1.44,240
13961,2,90.60,-0.26,90.55,-0.04,-0.06,0.00,-19.32,-13.91,-0.01,-0.02,3.94,3.51,-2.23,-0.02,-1.45,240
13980,2,90.59,-0.37,90.54,-0.04,-0.04,0.00,-19.32,-13.91,-0.06,-0.05,3.94,3.51,-2.23,-0.06,-1.46,240
14000,2,90.57,-0.44,90.53,-0.03,-0.03,0.00,-19.32,-13.91,-0.10,-0.06,3.94,3.51,-2.23,-0.08,-1.47,240
14022,2,90.56,-0.41,90.53,-0.03,-0.03,0.00,-19.32,-13.91,-0.07,-0.06,3.94,3.51,-2.23,-0.06,-1.47,240
14040,2,90.56,-0.35,90.52,-0.04,-0.04,0.00,-19.32,-13.91,-0.03,-0.01,3.94,3.51,-2.23,-0.02,-1.48,240
14061,2,90.56,-0.34,90.51,-0.04,-0.05,0.00,-19.32,-13.91,-0.02,-0.04,3.94,3.51,-2.23,-0.03,-1.49,240
14081,2,90.55,-0.39,90.50,-0.04,-0.05,0.00,-19.32,-13.92,-0.07,-0.06,3.94,3.51,-2.23,-0.06,-1.50,240
14100,2,90.54,-0.54,90.50,-0.04,-0.03,0.00,-19.32,-13.92,-0.09,-0.02,3.94,3.51,-2.23,-0.05,-1.50,240
14122,2,90.52,-0.63,90.49,-0.03,-0.01,0.00,-19.32,-13.92,-0.08,-0.02,3.94,3.51,-2.23,-0.05,-1.51,240
14139,2,90.52,-0.58,90.48,-0.03,-0.02,0.00,-19.33,-13.92,-0.03,-0.04,3.94,3.51,-2.24,-0.04,-1.52,240
14161,2,90.51,-0.57,90.47,-0.03,-0.01,0.00,-19.33,-13.92,-0.05,-0.01,3.94,3.51,-2.24,-0.03,-1.53,240
14181,2,90.51,-0.47,90.46,-0.04,-0.03,0.00,-19.33,-13.92,0.03,-0.03,3.94,3.51,-2.24,-0.00,-1.54,240
14201,2,90.51,-0.41,90.46,-0.04,-0.05,0.00,-19.33,-13.92,-0.03,-0.02,3.94,3.51,-2.24,-0.03,-1.54,240
14220,2,90.50,-0.49,90.45,-0.04,-0.04,0.00,-19.33,-13.92,-0.01,-0.01,3.94,3.51,-2.24,-0.01,-1.55,240
14241,2,90.48,-0.65,90.44,-0.03,-0.01,0.00,-19.33,-13.92,0.00,-0.03,3.94,3.51,-2.24,-0.02,-1.56,240
14259,2,90.46,-0.78,90.43,-0.02,0.02,0.00,-19.33,-13.92,-0.04,-0.03,3.94,3.51,-2.24,-0.04,-1.57,240
14281,2,90.44,-0.78,90.42,-0.01,0.04,0.00,-19.33,-13.92,0.01,-0.03,3.94,3.51,-2.24,-0.01,-1.58,240
14301,2,90.44,-0.61,90.41,-0.02,0.01,0.00,-19.33,-13.92,0.04,-0.03,3.94,3.51,-2.24,0.01,-1.59,240
14323,2,90.44,-0.47,90.41,-0.03,-0.02,0.00,-19.33,-13.92,-0.03,-0.04,3.94,3.51,-2.24,-0.04,-1.59,240
14340,2,90.44,-0.36,90.40,-0.04,-0.04,0.00,-19.33,-13.92,-0.00,-0.03,3.94,3.51,-2.24,-0.02,-1.60,240
14360,2,90.44,-0.32,90.39,-0.04,-0.06,0.00,-19.33,-13.92,0.05,-0.04,3.94,3.51,-2.24,0.01,-1.61,240
14381,2,90.44,-0.35,90.39,-0.05,-0.06,0.00,-19.33,-13.92,0.01,0.01,3.94,3.51,-2.24,0.01,-1.61,240
14400,2,90.42,-0.51,90.38,-0.05,-0.06,0.00,-19.33,-13.92,-0.00,-0.02,3.94,3.51,-2.24,-0.01,-1.62,240
14421,2,90.40,-0.79,90.36,-0.02,0.02,0.00,-19.33,-13.92,-0.04,-0.01,3.94,3.51,-2.24,-0.03,-1.64,240
14442,2,90.37,-0.91,90.35,-0.01,0.06,0.00,-19.33,-13.93,-0.05,-0.06,3.94,3.51,-2.24,-0.05,-1.65,240
14460,2,90.36,-0.88,90.34,-0.01,0.05,0.00,-19.33,-13.93,-0.01,-0.06,3.94,3.51,-2.24,-0.03,-1.66,240
14481,2,90.35,-0.77,90.34,-0.01,0.05,0.00,-19.33,-13.93,0.03,0.02,3.94,3.51,-2.24,0.02,-1.66,240
14501,2,90.34,-0.63,90.33,-0.01,0.04,0.00,-19.33,-13.93,0.00,0.01,3.94,3.51,-2.24,0.01,-1.67,240
14520,2,90.34,-0.47,90.32,-0.01,0.01,0.00,-19.33,-13.93,0.00,-0.00,3.94,3.51,-2.24,-0.00,-1.68,240
14542,2,90.34,-0.33,90.32,-0.02,-0.02,0.00,-19.33,-13.93,0.07,0.03,3.94,3.51,-2.24,0.05,-1.68,240
14560,2,90.35,-0.14,90.31,-0.03,-0.05,0.00,-19.33,-13.93,-0.05,0.01,3.94,3.51,-2.24,-0.02,-1.69,240
14581,2,90.34,-0.19,90.30,-0.03,-0.05,0.00,-19.33,-13.93,-0.00,-0.02,3.94,3.51,-2.24,-0.01,-1.70,240
14601,2,90.34,-0.24,90.29,-0.04,-0.05,0.00,-19.33,-13.92,0.00,-0.02,3.94,3.51,-2.24,-0.01,-1.71,240
14620,2,90.33,-0.31,90.29,-0.04,-0.05,0.00,-19.33,-13.92,-0.02,0.04,3.94,3.51,-2.24,0.01,-1.71,240
14640,2,90.32,-0.38,90.28,-0.04,-0.04,0.00,-19.33,-13.93,0.01,0.00,3.94,3.51,-2.24,0.01,-1.72,240
14661,2,90.30,-0.51,90.27,-0.02,-0.01,0.00,-19.33,-13.93,-0.02,0.00,3.94,3.51,-2.24,-0.01,-1.73,240
14681,2,90.29,-0.54,90.26,-0.02,0.00,0.00,-19.33,-13.93,-0.01,-0.09,3.94,3.51,-2.24,-0.05,-1.74,240
14700,2,90.29,-0.40,90.25,-0.03,-0.02,0.00,-19.33,-13.93,-0.02,-0.04,3.94,3.51,-2.25,-0.03,-1.75,240
14721,2,90.29,-0.28,90.25,-0.04,-0.06,0.00,-19.34,-13.93,-0.03,-0.03,3.94,3.51,-2.25,-0.03,-1.75,240
14740,2,90.29,-0.25,90.24,-0.05,-0.07,0.00,-19.34,-13.93,-0.01,0.01,3.94,3.51,-2.25,0.00,-1.76,240
14761,2,90.28,-0.28,90.23,-0.05,-0.07,0.00,-19.34,-13.93,-0.04,-0.08,3.94,3.51,-2.25,-0.06,-1.77,240
14779,2,90.28,-0.26,90.22,-0.05,-0.08,0.00,-19.34,-13.93,-0.03,-0.04,3.94,3.51,-2.25,-0.04,-1.78,240
14801,2,90.28,-0.26,90.22,-0.05,-0.08,0.00,-19.34,-13.93,-0.06,-0.10,3.94,3.51,-2.25,-0.08,-1.78,240
14821,2,90.27,-0.33,90.21,-0.06,-0.08,0.00,-19.34,-13.94,-0.02,-0.09,3.94,3.51,-2.25,-0.05,-1.79,240
14840,2,90.26,-0.39,90.20,-0.06,-0.09,0.00,-19.34,-13.94,-0.09,-0.08,3.94,3.51,-2.25,-0.09,-1.80,240
14861,2,90.26,-0.41,90.19,-0.06,-0.08,0.00,-19.34,-13.94,-0.04,-0.05,3.94,3.51,-2.26,-0.05,-1.81,240
14881,2,90.25,-0.44,90.18,-0.06,-0.08,0.00,-19.35,-13.94,-0.02,-0.06,3.94,3.51,-2.26,-0.04,-1.82,240
14899,2,90.24,-0.55,90.17,-0.05,-0.07,0.00,-19.35,-13.94,-0.08,-0.05,3.94,3.51,-2.26,-0.06,-1.83,240
14921,2,90.22,-0.62,90.17,-0.05,-0.05,0.00,-19.35,-13.94,-0.07,-0.09,3.94,3.51,-2.26,-0.08,-1.83,240
14942,2,90.22,-0.65,90.16,-0.05,-0.05,0.00,-19.35,-13.95,-0.11,-0.02,3.94,3.51,-2.26,-0.06,-1.84,240
14960,2,90.21,-0.76,90.15,-0.05,-0.05,0.00,-19.35,-13.95,-0.06,-0.02,3.94,3.51,-2.26,-0.04,-1.85,240
14981,2,90.18,-0.92,90.14,-0.03,0.01,0.00,-19.35,-13.95,-0.10,-0.04,3.94,3.51,-2.26,-0.07,-1.86,240
15001,2,90.16,-0.98,90.13,-0.03,0.03,0.00,-19.36,-13.95,-0.02,-0.04,3.94,3.51,-2.27,-0.03,-1.87,240
15020,2,90.14,-0.96,90.12,-0.02,0.04,0.00,-19.36,-13.95,-0.03,-0.02,3.94,3.51,-2.27,-0.03,-1.88,240
15040,2,90.13,-0.81,90.11,-0.02,0.03,0.00,-19.36,-13.95,-0.08,0.01,3.94,3.51,-2.27,-0.03,-1.89,240
15061,2,90.13,-0.63,90.10,-0.02,0.00,0.00,-19.36,-13.95,0.01,-0.00,3.94,3.51,-2.27,0.01,-1.90,240
15081,2,90.13,-0.47,90.10,-0.03,-0.03,0.00,-19.36,-13.95,0.02,0.08,3.94,3.51,-2.27,0.05,-1.90,240
15100,2,90.13,-0.36,90.09,-0.04,-0.04,0.00,-19.36,-13.95,-0.01,-0.04,3.94,3.51,-2.27,-0.03,-1.91,240
15121,2,90.13,-0.31,90.08,-0.04,-0.06,0.00,-19.36,-13.95,0.01,0.01,3.94,3.51,-2.27,0.01,-1.92,240
15140,2,90.13,-0.35,90.07,-0.05,-0.07,0.00,-19.36,-13.95,-0.01,0.00,3.94,3.51,-2.27,-0.00,-1.93,240
15160,2,90.12,-0.42,90.07,-0.05,-0.06,0.00,-19.36,-13.95,-0.01,-0.00,3.94,3.51,-2.27,-0.01,-1.93,240
15181,2,90.10,-0.56,90.06,-0.04,-0.03,0.00,-19.36,-13.95,-0.07,-0.03,3.94,3.51,-2.27,-0.05,-1.94,240
15201,2,90.08,-0.74,90.04,-0.02,0.01,0.00,-19.36,-13.95,-0.06,-0.00,3.94,3.51,-2.27,-0.03,-1.96,240
15220,2,90.07,-0.75,90.04,-0.03,0.01,0.00,-19.36,-13.95,-0.06,0.02,3.94,3.51,-2.27,-0.02,-1.96,240
15242,2,90.06,-0.66,90.03,-0.02,0.01,0.00,-19.36,-13.95,0.01,0.02,3.94,3.51,-2.27,0.01,-1.97,240
15260,2,90.06,-0.48,90.02,-0.03,-0.02,0.00,-19.36,-13.95,-0.00,-0.03,3.94,3.51,-2.27,-0.01,-1.98,240
15280,2,90.06,-0.42,90.02,-0.04,-0.05,0.00,-19.36,-13.95,0.02,-0.01,3.94,3.51,-2.27,0.01,-1.98,240
15301,2,90.05,-0.42,90.01,-0.04,-0.04,0.00,-19.36,-13.95,-0.05,-0.03,3.94,3.51,-2.27,-0.04,-1.99,240
15321,2,90.04,-0.50,90.00,-0.04,-0.03,0.00,-19.36,-13.95,-0.04,-0.01,3.94,3.51,-2.27,-0.02,-2.00,240
15340,2,90.03,-0.65,89.99,-0.03,-0.00,0.00,-19.36,-13.96,0.02,-0.07,3.94,3.51,-2.27,-0.02,-2.01,240
15361,2,90.01,-0.68,89.98,-0.02,0.01,0.00,-19.36,-13.96,-0.06,-0.01,3.94,3.51,-2.27,-0.03,-2.02,240
15380,2,90.01,-0.58,89.97,-0.03,-0.01,0.00,-19.37,-13.96,-0.04,-0.04,3.94,3.51,-2.28,-0.04,-2.03,240
15401,2,90.00,-0.56,89.96,-0.03,-0.01,0.00,-19.36,-13.96,0.05,-0.01,3.94,3.51,-2.28,0.02,-2.04,240
15419,2,89.99,-0.53,89.96,-0.03,-0.02,0.00,-19.37,-13.96,-0.02,-0.01,3.94,3.51,-2.28,-0.02,-2.04,240
15442,2,89.99,-0.51,89.95,-0.03,-0.02,0.00,-19.37,-13.96,-0.01,0.00,3.94,3.51,-2.28,-0.01,-2.05,240
15460,2,89.98,-0.54,89.94,-0.03,-0.02,0.00,-19.37,-13.96,-0.08,-0.00,3.94,3.51,-2.28,-0.04,-2.06,240
15481,2,89.97,-0.57,89.93,-0.03,-0.01,0.00,-19.37,-13.96,-0.03,-0.04,3.94,3.51,-2.28,-0.03,-2.07,240
15500,2,89.96,-0.59,89.92,-0.03,-0.01,0.00,-19.37,-13.96,0.00,-0.06,3.94,3.51,-2.28,-0.03,-2.08,240
15521,2,89.95,-0.50,89.91,-0.03,-0.02,0.00,-19.37,-13.96,0.02,-0.02,3.94,3.51,-2.28,-0.00,-2.09,240
15540,2,89.95,-0.49,89.91,-0.03,-0.03,0.00,-19.37,-13.96,-0.03,-0.02,3.94,3.51,-2.28,-0.02,-2.09,240
15561,2,89.94,-0.50,89.90,-0.03,-0.02,0.00,-19.37,-13.96,-0.06,-0.05,3.94,3.51,-2.28,-0.05,-2.10,240
15580,2,89.92,-0.59,89.89,-0.03,-0.01,0.00,-19.37,-13.96,-0.05,-0.02,3.94,3.51,-2.28,-0.04,-2.11,240
15601,2,89.91,-0.55,89.88,-0.03,-0.01,0.00,-19.37,-13.96,-0.04,-0.04,3.94,3.51,-2.28,-0.04,-2.12,240
15620,2,89.91,-0.46,89.87,-0.03,-0.02,0.00,-19.37,-13.96,-0.03,0.01,3.94,3.51,-2.28,-0.01,-2.13,240
15642,2,89.91,-0.45,89.87,-0.03,-0.03,0.00,-19.37,-13.96,0.05,0.02,3.94,3.51,-2.28,0.04,-2.13,240
15660,2,89.90,-0.52,89.86,-0.03,-0.03,0.00,-19.37,-13.96,0.03,-0.03,3.94,3.51,-2.28,-0.00,-2.14,240
15680,2,89.88,-0.59,89.85,-0.03,-0.01,0.00,-19.37,-13.96,-0.02,-0.01,3.94,3.51,-2.28,-0.02,-2.15,240
15701,2,89.87,-0.60,89.84,-0.03,-0.00,0.00,-19.37,-13.96,-0.01,-0.02,3.94,3.51,-2.28,-0.01,-2.16,240
15721,2,89.86,-0.58,89.83,-0.03,-0.01,0.00,-19.37,-13.97,0.04,0.02,3.94,3.51,-2.28,0.03,-2.17,240
15740,2,89.86,-0.59,89.82,-0.03,-0.01,0.00,-19.37,-13.97,0.00,0.03,3.94,3.51,-2.28,0.02,-2.18,240
15761,2,89.85,-0.55,89.81,-0.03,-0.01,0.00,-19.37,-13.97,-0.03,0.00,3.94,3.51,-2.28,-0.01,-2.19,240
15780,2,89.84,-0.59,89.81,-0.03,-0.01,0.00,-19.37,-13.97,0.03,0.02,3.94,3.51,-2.28,0.02,-2.19,240
15800,2,89.83,-0.58,89.80,-0.03,-0.00,0.00,-19.37,-13.97,0.02,-0.04,3.94,3.51,-2.28,-0.01,-2.20,240
15821,2,89.82,-0.54,89.79,-0.03,-0.01,0.00,-19.37,-13.97,0.02,-0.04,3.94,3.51,-2.28,-0.01,-2.21,240
15842,2,89.81,-0.53,89.78,-0.03,-0.01,0.00,-19.37,-13.97,-0.05,0.07,3.94,3.51,-2.28,0.01,-2.22,240
15860,2,89.81,-0.42,89.77,-0.03,-0.03,0.00,-19.37,-13.97,0.01,-0.02,3.94,3.51,-2.28,-0.00,-2.23,240
15881,2,89.81,-0.35,89.77,-0.04,-0.05,0.00,-19.37,-13.97,0.02,0.04,3.94,3.51,-2.28,0.03,-2.23,240
15900,2,89.80,-0.43,89.76,-0.04,-0.04,0.00,-19.37,-13.97,-0.04,0.05,3.94,3.51,-2.28,0.00,-2.24,240
15920,2,89.79,-0.55,89.75,-0.04,-0.03,0.00,-19.37,-13.97,-0.00,-0.03,3.94,3.51,-2.29,-0.02,-2.25,240
15941,2,89.77,-0.69,89.74,-0.02,0.01,0.00,-19.37,-13.97,-0.02,-0.03,3.94,3.51,-2.29,-0.02,-2.26,240
15960,2,89.76,-0.79,89.73,-0.02,0.02,0.00,-19.38,-13.97,-0.05,-0.04,3.94,3.51,-2.29,-0.04,-2.27,240
15981,2,89.75,-0.77,89.72,-0.02,0.02,0.00,-19.38,-13.97,-0.05,-0.06,3.94,3.51,-2.29,-0.05,-2.28,240
16001,2,89.73,-0.82,89.71,-0.01,0.04,0.00,-19.38,-13.97,-0.01,0.05,3.94,3.51,-2.29,0.02,-2.29,240
16020,2,89.72,-0.86,89.70,-0.01,0.05,0.00,-19.38,-13.97,-0.02,0.05,3.94,3.51,-2.29,0.02,-2.30,240
16042,2,89.70,-0.90,89.69,-0.00,0.07,0.00,-19.38,-13.97,0.03,0.05,3.94,3.51,-2.29,0.04,-2.31,240
16059,2,89.69,-0.91,89.68,0.00,0.08,0.00,-19.38,-13.97,0.01,0.06,3.94,3.51,-2.29,0.04,-2.32,240
16081,2,89.67,-0.90,89.68,0.01,0.09,0.00,-19.38,-13.97,-0.01,-0.01,3.94,3.51,-2.29,-0.01,-2.32,240
16101,2,89.66,-0.83,89.67,0.02,0.10,0.00,-19.38,-13.97,0.04,0.02,3.94,3.51,-2.29,0.03,-2.33,240
16121,2,89.65,-0.77,89.66,0.02,0.09,0.00,-19.38,-13.97,0.06,-0.05,3.94,3.51,-2.29,0.01,-2.34,240
16140,2,89.65,-0.65,89.65,0.01,0.07,0.00,-19.37,-13.97,0.06,0.01,3.94,3.51,-2.28,0.03,-2.35,240
16161,2,89.65,-0.56,89.64,0.01,0.06,0.00,-19.37,-13.96,0.11,0.05,3.94,3.51,-2.28,0.08,-2.36,240
16179,2,89.64,-0.55,89.63,0.00,0.05,0.00,-19.37,-13.96,0.07,0.05,3.94,3.51,-2.28,0.06,-2.37,240
16201,2,89.63,-0.49,89.63,0.00,0.05,0.00,-19.37,-13.96,0.09,0.06,3.94,3.51,-2.28,0.07,-2.37,240
16221,2,89.63,-0.34,89.62,-0.00,0.02,0.00,-19.37,-13.96,0.08,0.02,3.94,3.51,-2.28,0.05,-2.38,240
16242,2,89.63,-0.24,89.61,-0.01,0.00,0.00,-19.36,-13.96,0.09,-0.00,3.94,3.51,-2.28,0.04,-2.39,240
16260,2,89.62,-0.25,89.60,-0.01,0.00,0.00,-19.36,-13.96,0.01,0.05,3.94,3.51,-2.27,0.03,-2.40,240
16281,2,89.62,-0.22,89.60,-0.01,-0.01,0.00,-19.36,-13.96,0.04,0.06,3.94,3.51,-2.27,0.05,-2.40,240
16300,2,89.62,-0.17,89.59,-0.02,-0.03,0.00,-19.36,-13.96,-0.01,0.06,3.94,3.51,-2.27,0.03,-2.41,240
16320,2,89.61,-0.13,89.58,-0.03,-0.04,0.00,-19.36,-13.96,0.02,-0.00,3.94,3.51,-2.27,0.01,-2.42,240
16342,2,89.62,-0.03,89.58,-0.04,-0.07,0.00,-19.36,-13.96,0.04,0.05,3.94,3.51,-2.27,0.05,-2.42,240
16360,2,89.62,0.07,89.57,-0.04,-0.09,0.00,-19.36,-13.96,-0.03,-0.05,3.94,3.51,-2.27,-0.04,-2.43,240
16381,2,89.63,0.16,89.57,-0.06,-0.13,0.00,-19.36,-13.96,-0.00,-0.02,3.94,3.51,-2.27,-0.01,-2.43,240
16401,2,89.63,0.06,89.56,-0.06,-0.13,0.00,-19.36,-13.96,-0.02,0.01,3.94,3.51,-2.27,-0.01,-2.44,240
16420,2,89.61,-0.29,89.55,-0.06,-0.10,0.00,-19.37,-13.96,-0.10,-0.08,3.94,3.51,-2.28,-0.09,-2.45,240
16440,2,89.59,-0.48,89.54,-0.05,-0.06,0.00,-19.37,-13.96,-0.14,-0.09,3.94,3.51,-2.28,-0.11,-2.46,240
16462,2,89.60,-0.41,89.53,-0.06,-0.09,0.00,-19.37,-13.96,-0.03,-0.10,3.94,3.51,-2.28,-0.06,-2.47,240
16480,2,89.59,-0.50,89.52,-0.06,-0.08,0.00,-19.37,-13.97,-0.02,-0.04,3.94,3.51,-2.28,-0.03,-2.48,240
16501,2,89.57,-0.63,89.51,-0.05,-0.04,0.00,-19.37,-13.97,-0.06,-0.03,3.94,3.51,-2.28,-0.05,-2.49,240
16521,2,89.55,-0.73,89.50,-0.04,-0.02,0.00,-19.38,-13.97,-0.06,-0.05,3.94,3.51,-2.29,-0.05,-2.50,240
16540,2,89.54,-0.77,89.49,-0.04,-0.02,0.00,-19.38,-13.97,-0.06,-0.04,3.94,3.51,-2.29,-0.05,-2.51,240
16560,2,89.53,-0.83,89.48,-0.04,-0.01,0.00,-19.38,-13.97,0.01,-0.02,3.94,3.51,-2.29,-0.01,-2.52,240
16581,2,89.52,-0.85,89.48,-0.03,0.01,0.00,-19.38,-13.97,0.01,-0.01,3.94,3.51,-2.29,-0.00,-2.52,240
16601,2,89.50,-0.88,89.47,-0.03,0.02,0.00,-19.38,-13.97,-0.04,-0.04,3.94,3.51,-2.29,-0.04,-2.53,240
16620,2,89.48,-0.99,89.45,-0.02,0.04,0.00,-19.38,-13.97,0.01,0.00,3.94,3.51,-2.29,0.01,-2.55,240
16641,2,89.46,-0.94,89.44,-0.01,0.05,0.00,-19.38,-13.98,-0.03,-0.04,3.94,3.51,-2.29,-0.04,-2.56,240
16660,2,89.45,-0.80,89.43,-0.01,0.04,0.00,-19.38,-13.98,0.00,0.03,3.94,3.51,-2.29,0.02,-2.56,240
16681,2,89.45,-0.65,89.43,-0.01,0.03,0.00,-19.38,-13.97,0.01,0.05,3.94,3.51,-2.29,0.03,-2.57,240
16699,2,89.44,-0.59,89.42,-0.01,0.02,0.00,-19.38,-13.97,0.02,-0.01,3.94,3.51,-2.29,0.00,-2.58,240
16721,2,89.44,-0.51,89.41,-0.02,0.01,0.00,-19.38,-13.97,0.12,0.04,3.94,3.51,-2.29,0.08,-2.59,240
16741,2,89.43,-0.44,89.41,-0.02,-0.01,0.00,-19.38,-13.97,-0.01,0.01,3.94,3.51,-2.29,0.00,-2.59,240
16762,2,89.43,-0.46,89.40,-0.02,-0.00,0.00,-19.38,-13.97,0.05,-0.01,3.94,3.51,-2.29,0.02,-2.60,240
16780,2,89.41,-0.52,89.39,-0.02,0.00,0.00,-19.38,-13.97,0.06,-0.03,3.94,3.51,-2.29,0.01,-2.61,240
16801,2,89.40,-0.56,89.38,-0.02,0.01,0.00,-19.38,-13.97,-0.07,-0.01,3.94,3.51,-2.29,-0.04,-2.62,240
16819,2,89.40,-0.51,89.37,-0.02,0.01,0.00,-19.38,-13.97,-0.02,-0.08,3.94,3.51,-2.29,-0.05,-2.63,240
16841,2,89.39,-0.43,89.36,-0.02,-0.01,0.00,-19.38,-13.97,-0.01,0.00,3.94,3.51,-2.29,-0.00,-2.64,240
16862,2,89.38,-0.38,89.36,-0.02,-0.01,0.00,-19.38,-13.97,0.02,-0.01,3.94,3.51,-2.29,0.00,-2.64,240
16880,2,89.38,-0.34,89.35,-0.03,-0.02,0.00,-19.38,-13.97,0.08,-0.04,3.94,3.51,-2.29,0.02,-2.65,240
16901,2,89.38,-0.29,89.34,-0.03,-0.03,0.00,-19.38,-13.97,0.02,-0.02,3.94,3.51,-2.29,0.00,-2.66,240
16921,2,89.38,-0.23,89.34,-0.04,-0.06,0.00,-19.38,-13.97,-0.01,-0.02,3.94,3.51,-2.29,-0.02,-2.66,240
16940,2,89.37,-0.29,89.33,-0.04,-0.06,0.00,-19.38,-13.97,0.00,0.03,3.94,3.51,-2.29,0.02,-2.67,240
16960,2,89.37,-0.37,89.32,-0.04,-0.05,0.00,-19.38,-13.97,-0.01,-0.04,3.94,3.51,-2.29,-0.03,-2.68,240
16981,2,89.35,-0.50,89.31,-0.03,-0.02,0.00,-19.38,-13.97,-0.03,-0.05,3.94,3.51,-2.29,-0.04,-2.69,240
17001,2,89.34,-0.59,89.30,-0.03,-0.01,0.00,-19.38,-13.97,-0.06,-0.05,3.94,3.51,-2.29,-0.05,-2.70,240
17020,2,89.32,-0.74,89.29,-0.02,0.01,0.00,-19.38,-13.98,-0.06,0.01,3.94,3.51,-2.29,-0.03,-2.71,240
17041,2,89.31,-0.66,89.28,-0.02,0.01,0.00,-19.38,-13.98,-0.08,-0.01,3.94,3.51,-2.29,-0.04,-2.72,240
17060,2,89.31,-0.54,89.28,-0.03,-0.02,0.00,-19.38,-13.98,-0.02,-0.00,3.94,3.51,-2.29,-0.01,-2.72,240
17080,2,89.31,-0.47,89.27,-0.03,-0.03,0.00,-19.38,-13.98,0.03,-0.02,3.94,3.51,-2.30,0.01,-2.73,240
17101,2,89.30,-0.47,89.26,-0.03,-0.02,0.00,-19.38,-13.98,0.04,0.01,3.94,3.51,-2.30,0.03,-2.74,240
17121,2,89.29,-0.47,89.25,-0.03,-0.02,0.00,-19.38,-13.98,-0.06,0.02,3.94,3.51,-2.30,-0.02,-2.75,240
17140,2,89.28,-0.43,89.24,-0.03,-0.03,0.00,-19.38,-13.98,-0.05,-0.02,3.94,3.51,-2.30,-0.03,-2.76,240
17162,2,89.27,-0.42,89.23,-0.03,-0.03,0.00,-19.39,-13.98,-0.02,-0.03,3.94,3.51,-2.30,-0.02,-2.77,240
17180,2,89.27,-0.40,89.23,-0.04,-0.04,0.00,-19.39,-13.98,-0.06,-0.04,3.94,3.51,-2.30,-0.05,-2.77,240
17200,2,89.26,-0.38,89.22,-0.04,-0.05,0.00,-19.39,-13.98,-0.06,-0.01,3.94,3.51,-2.30,-0.03,-2.78,240
17221,2,89.26,-0.37,89.21,-0.04,-0.05,0.00,-19.39,-13.98,-0.01,-0.02,3.94,3.51,-2.30,-0.02,-2.79,240
17241,2,89.25,-0.44,89.20,-0.04,-0.04,0.00,-19.39,-13.98,-0.07,0.01,3.94,3.51,-2.30,-0.03,-2.80,240
17260,2,89.24,-0.47,89.19,-0.04,-0.04,0.00,-19.39,-13.98,-0.10,-0.05,3.94,3.51,-2.30,-0.08,-2.81,240
17281,2,89.24,-0.33,89.19,-0.05,-0.07,0.00,-19.39,-13.98,-0.03,-0.01,3.94,3.51,-2.30,-0.02,-2.81,240
17300,2,89.24,-0.26,89.18,-0.05,-0.08,0.00,-19.39,-13.99,0.01,-0.00,3.94,3.51,-2.30,0.00,-2.82,240
17321,2,89.24,-0.20,89.18,-0.06,-0.10,0.00,-19.39,-13.99,-0.02,-0.06,3.94,3.51,-2.30,-0.04,-2.82,240
17340,2,89.23,-0.31,89.17,-0.06,-0.10,0.00,-19.39,-13.99,-0.06,-0.03,3.94,3.51,-2.30,-0.04,-2.83,240
17362,2,89.22,-0.44,89.16,-0.05,-0.07,0.00,-19.39,-13.99,-0.02,-0.05,3.94,3.51,-2.31,-0.03,-2.84,240
17380,2,89.20,-0.61,89.15,-0.05,-0.05,0.00,-19.40,-13.99,-0.09,-0.05,3.94,3.51,-2.31,-0.07,-2.85,240
17401,2,89.19,-0.66,89.14,-0.04,-0.03,0.00,-19.40,-13.99,-0.09,-0.09,3.94,3.51,-2.31,-0.09,-2.86,240
17420,2,89.18,-0.71,89.13,-0.04,-0.03,0.00,-19.40,-13.99,0.01,-0.06,3.94,3.51,-2.31,-0.02,-2.87,240
17441,2,89.16,-0.86,89.12,-0.03,0.01,0.00,-19.40,-13.99,-0.06,-0.04,3.94,3.51,-2.31,-0.05,-2.88,240
17460,2,89.14,-0.91,89.11,-0.03,0.01,0.00,-19.40,-14.00,-0.02,-0.03,3.94,3.51,-2.31,-0.02,-2.89,240
17481,2,89.13,-0.77,89.10,-0.03,0.00,0.00,-19.40,-14.00,-0.02,-0.03,3.94,3.51,-2.31,-0.03,-2.90,240
17501,2,89.13,-0.68,89.09,-0.03,-0.00,0.00,-19.40,-14.00,-0.02,0.01,3.94,3.51,-2.31,-0.00,-2.91,240
17521,2,89.12,-0.57,89.08,-0.03,-0.02,0.00,-19.40,-14.00,-0.03,-0.04,3.94,3.51,-2.32,-0.04,-2.92,240
17540,2,89.12,-0.47,89.08,-0.04,-0.03,0.00,-19.40,-14.00,0.04,-0.02,3.94,3.51,-2.32,0.01,-2.92,240
17562,2,89.12,-0.39,89.07,-0.04,-0.05,0.00,-19.40,-14.00,0.03,-0.01,3.94,3.51,-2.31,0.01,-2.93,240
17580,2,89.11,-0.38,89.06,-0.04,-0.05,0.00,-19.40,-14.00,0.03,-0.02,3.94,3.51,-2.31,0.00,-2.94,240
17600,2,89.10,-0.46,89.05,-0.04,-0.04,0.00,-19.40,-14.00,0.01,-0.05,3.94,3.51,-2.32,-0.02,-2.95,240
17621,2,89.09,-0.45,89.04,-0.04,-0.04,0.00,-19.40,-14.00,-0.06,-0.04,3.94,3.51,-2.32,-0.05,-2.96,240
17641,2,89.08,-0.47,89.03,-0.04,-0.04,0.00,-19.41,-14.00,0.02,-0.00,3.94,3.51,-2.32,0.01,-2.96,240
17660,2,89.07,-0.44,89.03,-0.04,-0.04,0.00,-19.41,-14.00,-0.09,-0.04,3.94,3.51,-2.32,-0.07,-2.97,240
17681,2,89.08,-0.30,89.02,-0.05,-0.08,0.00,-19.41,-14.00,-0.05,-0.08,3.94,3.51,-2.32,-0.06,-2.98,240
17701,2,89.08,-0.24,89.02,-0.05,-0.09,0.00,-19.41,-14.00,-0.01,-0.05,3.94,3.51,-2.32,-0.03,-2.98,240
17720,2,89.07,-0.28,89.01,-0.06,-0.09,0.00,-19.41,-14.01,-0.01,-0.05,3.94,3.51,-2.32,-0.03,-2.99,240
17741,2,89.06,-0.35,89.00,-0.05,-0.08,0.00,-19.41,-14.01,-0.07,-0.07,3.94,3.51,-2.32,-0.07,-3.00,240
17762,2,89.05,-0.46,88.99,-0.05,-0.06,0.00,-19.41,-14.01,0.00,-0.02,3.94,3.51,-2.32,-0.01,-3.01,240
17780,2,89.03,-0.61,88.98,-0.05,-0.05,0.00,-19.41,-14.01,-0.08,-0.00,3.94,3.51,-2.33,-0.04,-3.02,240
17801,2,89.02,-0.63,88.97,-0.04,-0.04,0.00,-19.42,-14.01,-0.08,-0.01,3.94,3.51,-2.33,-0.04,-3.03,240
17820,2,89.00,-0.81,88.96,-0.04,-0.02,0.00,-19.42,-14.01,-0.03,-0.02,3.94,3.51,-2.33,-0.03,-3.04,240
17840,2,88.99,-0.82,88.95,-0.04,-0.00,0.00,-19.42,-14.01,-0.10,-0.03,3.94,3.51,-2.33,-0.06,-3.05,240
17861,2,88.98,-0.77,88.94,-0.03,0.00,0.00,-19.42,-14.01,-0.06,-0.03,3.94,3.51,-2.33,-0.05,-3.06,240
17880,2,88.97,-0.71,88.93,-0.03,-0.00,0.00,-19.42,-14.01,-0.05,-0.02,3.94,3.51,-2.33,-0.04,-3.07,240
17901,2,88.96,-0.60,88.92,-0.03,-0.02,0.00,-19.42,-14.02,-0.03,-0.10,3.94,3.51,-2.33,-0.06,-3.08,240
17921,2,88.96,-0.49,88.92,-0.04,-0.03,0.00,-19.42,-14.02,0.02,0.01,3.94,3.51,-2.33,0.01,-3.08,240
17940,2,88.95,-0.38,88.91,-0.04,-0.04,0.00,-19.42,-14.02,-0.00,0.00,3.94,3.51,-2.33,0.00,-3.09,240
17962,2,88.95,-0.27,88.90,-0.04,-0.07,0.00,-19.42,-14.02,0.01,-0.01,3.94,3.51,-2.33,0.00,-3.10,240
17979,2,88.95,-0.22,88.90,-0.05,-0.08,0.00,-19.42,-14.02,0.01,-0.02,3.94,3.51,-2.33,-0.00,-3.10,240
18001,2,88.94,-0.29,88.89,-0.05,-0.07,0.00,-19.42,-14.02,-0.04,-0.01,3.94,3.51,-2.33,-0.02,-3.11,240
18020,2,88.93,-0.38,88.88,-0.05,-0.06,0.00,-19.42,-14.02,-0.07,-0.03,3.94,3.51,-2.34,-0.05,-3.12,240
18041,2,88.92,-0.42,88.87,-0.05,-0.06,0.00,-19.43,-14.02,-0.09,-0.09,3.94,3.51,-2.34,-0.09,-3.13,240
18060,2,88.92,-0.31,88.86,-0.06,-0.09,0.00,-19.43,-14.02,-0.03,-0.06,3.94,3.51,-2.34,-0.04,-3.14,240
18081,2,88.92,-0.32,88.86,-0.06,-0.09,0.00,-19.43,-14.02,0.03,-0.03,3.94,3.51,-2.34,-0.00,-3.14,240
18100,2,88.91,-0.39,88.85,-0.06,-0.08,0.00,-19.43,-14.02,-0.07,-0.06,3.94,3.51,-2.34,-0.07,-3.15,240
18121,2,88.91,-0.38,88.84,-0.06,-0.09,0.00,-19.43,-14.03,-0.10,-0.06,3.94,3.51,-2.34,-0.08,-3.16,240
18140,2,88.90,-0.38,88.83,-0.06,-0.10,0.00,-19.43,-14.03,-0.09,-0.01,3.94,3.51,-2.35,-0.05,-3.17,240
18162,2,88.89,-0.53,88.82,-0.06,-0.08,0.00,-19.44,-14.03,-0.04,-0.02,3.94,3.51,-2.35,-0.03,-3.18,240
18180,2,88.87,-0.68,88.81,-0.06,-0.06,0.00,-19.44,-14.03,-0.03,-0.07,3.94,3.51,-2.35,-0.05,-3.19,240
18201,2,88.85,-0.78,88.80,-0.04,-0.02,0.00,-19.44,-14.03,0.02,-0.03,3.94,3.51,-2.35,-0.01,-3.20,240
18220,2,88.83,-0.96,88.79,-0.04,-0.00,0.00,-19.44,-14.03,-0.06,0.02,3.94,3.51,-2.35,-0.02,-3.21,240
18240,2,88.82,-0.96,88.78,-0.03,0.01,0.00,-19.44,-14.03,-0.05,-0.05,3.94,3.51,-2.35,-0.05,-3.22,240
18262,2,88.81,-0.80,88.77,-0.03,-0.01,0.00,-19.44,-14.04,-0.01,-0.04,3.94,3.51,-2.35,-0.02,-3.23,240
18280,2,88.80,-0.74,88.76,-0.04,-0.01,0.00,-19.45,-14.04,-0.02,-0.04,3.94,3.51,-2.35,-0.03,-3.24,240
18301,2,88.80,-0.67,88.75,-0.03,-0.02,0.00,-19.44,-14.04,-0.03,-0.00,3.94,3.51,-2.35,-0.02,-3.25,240
18322,2,88.79,-0.65,88.74,-0.03,-0.01,0.00,-19.44,-14.04,0.04,-0.07,3.94,3.51,-2.35,-0.01,-3.26,240
18340,2,88.77,-0.61,88.73,-0.03,-0.02,0.00,-19.44,-14.04,-0.00,-0.04,3.94,3.51,-2.35,-0.02,-3.27,240
18360,2,88.77,-0.51,88.73,-0.03,-0.03,0.00,-19.44,-14.04,-0.00,-0.01,3.94,3.51,-2.35,-0.00,-3.27,240
18381,2,88.76,-0.41,88.72,-0.04,-0.04,0.00,-19.45,-14.04,-0.04,-0.01,3.94,3.51,-2.36,-0.03,-3.28,240
18401,2,88.76,-0.36,88.71,-0.04,-0.06,0.00,-19.45,-14.04,-0.01,-0.03,3.94,3.51,-2.36,-0.02,-3.29,240
18420,2,88.76,-0.34,88.70,-0.04,-0.06,0.00,-19.45,-14.04,-0.02,-0.06,3.94,3.51,-2.36,-0.04,-3.30,240
18441,2,88.75,-0.36,88.70,-0.05,-0.07,0.00,-19.45,-14.04,-0.07,-0.05,3.94,3.51,-2.36,-0.06,-3.30,240
18460,2,88.75,-0.32,88.69,-0.05,-0.07,0.00,-19.45,-14.04,-0.02,-0.03,3.94,3.51,-2.36,-0.03,-3.31,240
18480,2,88.74,-0.32,88.68,-0.05,-0.08,0.00,-19.45,-14.04,-0.10,-0.04,3.94,3.51,-2.36,-0.07,-3.32,240
18501,2,88.74,-0.32,88.67,-0.05,-0.08,0.00,-19.45,-14.04,-0.08,-0.05,3.94,3.51,-2.36,-0.06,-3.33,240
18521,2,88.73,-0.31,88.67,-0.06,-0.09,0.00,-19.45,-14.05,0.01,-0.05,3.94,3.51,-2.36,-0.02,-3.33,240
18540,2,88.72,-0.41,88.66,-0.06,-0.09,0.00,-19.45,-14.05,-0.03,-0.09,3.94,3.51,-2.36,-0.06,-3.34,240
18561,2,88.71,-0.53,88.65,-0.05,-0.06,0.00,-19.45,-14.05,-0.04,-0.09,3.94,3.51,-2.37,-0.07,-3.35,240
18582,2,88.69,-0.59,88.64,-0.05,-0.04,0.00,-19.46,-14.05,-0.03,-0.08,3.94,3.51,-2.37,-0.06,-3.36,240
18600,2,88.67,-0.67,88.63,-0.04,-0.03,0.00,-19.46,-14.05,-0.04,-0.03,3.94,3.51,-2.37,-0.04,-3.37,240
18620,2,88.67,-0.68,88.62,-0.04,-0.03,0.00,-19.46,-14.05,-0.07,-0.04,3.94,3.51,-2.37,-0.05,-3.38,240
18641,2,88.66,-0.60,88.61,-0.04,-0.04,0.00,-19.46,-14.05,-0.09,-0.02,3.94,3.51,-2.37,-0.05,-3.39,240
18660,2,88.65,-0.60,88.60,-0.04,-0.04,0.00,-19.46,-14.06,0.04,-0.02,3.94,3.51,-2.37,0.01,-3.40,240
18682,2,88.64,-0.58,88.59,-0.04,-0.04,0.00,-19.46,-14.06,-0.08,-0.08,3.94,3.51,-2.37,-0.08,-3.41,240
18700,2,88.63,-0.59,88.58,-0.04,-0.04,0.00,-19.46,-14.06,-0.01,-0.01,3.94,3.51,-2.37,-0.01,-3.42,240
18721,2,88.62,-0.65,88.57,-0.03,-0.02,0.00,-19.46,-14.06,-0.04,0.01,3.94,3.51,-2.38,-0.02,-3.43,240
18739,2,88.61,-0.61,88.57,-0.04,-0.03,0.00,-19.47,-14.06,0.00,-0.07,3.94,3.51,-2.38,-0.04,-3.43,240
18761,2,88.60,-0.62,88.55,-0.04,-0.02,0.00,-19.47,-14.06,-0.03,-0.02,3.94,3.51,-2.38,-0.02,-3.45,240
18782,2,88.59,-0.72,88.54,-0.03,-0.01,0.00,-19.47,-14.06,-0.05,-0.01,3.94,3.51,-2.38,-0.03,-3.46,240
18800,2,88.58,-0.72,88.54,-0.03,-0.01,0.00,-19.47,-14.06,0.01,-0.06,3.94,3.51,-2.38,-0.03,-3.46,240
18821,2,88.57,-0.62,88.53,-0.03,-0.01,0.00,-19.47,-14.06,-0.05,0.02,3.94,3.51,-2.38,-0.01,-3.47,240
18841,2,88.56,-0.61,88.52,-0.03,-0.01,0.00,-19.47,-14.06,0.01,0.01,3.94,3.51,-2.38,0.01,-3.48,240
18860,2,88.54,-0.59,88.51,-0.03,-0.01,0.00,-19.47,-14.06,-0.01,0.01,3.94,3.51,-2.38,-0.00,-3.49,240
18880,2,88.54,-0.51,88.50,-0.03,-0.02,0.00,-19.47,-14.06,-0.02,-0.05,3.94,3.51,-2.38,-0.03,-3.50,240
18901,2,88.54,-0.40,88.49,-0.04,-0.04,0.00,-19.47,-14.06,-0.01,-0.01,3.94,3.51,-2.38,-0.01,-3.51,240
18922,2,88.54,-0.30,88.49,-0.04,-0.06,0.00,-19.47,-14.06,-0.03,-0.03,3.94,3.51,-2.38,-0.03,-3.51,240
18940,2,88.53,-0.30,88.48,-0.04,-0.06,0.00,-19.47,-14.07,-0.04,-0.02,3.94,3.51,-2.38,-0.03,-3.52,240
18961,2,88.53,-0.39,88.47,-0.05,-0.06,0.00,-19.47,-14.07,-0.03,-0.05,3.94,3.51,-2.38,-0.04,-3.53,240
18982,2,88.51,-0.60,88.46,-0.03,-0.02,0.00,-19.47,-14.07,-0.01,-0.05,3.94,3.51,-2.38,-0.03,-3.54,240
18999,2,88.49,-0.73,88.45,-0.03,-0.01,0.00,-19.47,-14.07,-0.07,-0.01,3.94,3.51,-2.38,-0.04,-3.55,240
19021,2,88.48,-0.65,88.44,-0.03,-0.02,0.00,-19.47,-14.07,-0.02,0.01,3.94,3.51,-2.39,-0.00,-3.56,240
19040,2,88.48,-0.59,88.43,-0.04,-0.03,0.00,-19.48,-14.07,-0.07,-0.03,3.94,3.51,-2.39,-0.05,-3.57,240
19061,2,88.48,-0.51,88.43,-0.04,-0.05,0.00,-19.48,-14.07,-0.03,-0.01,3.94,3.51,-2.39,-0.02,-3.57,240
19082,2,88.47,-0.53,88.42,-0.04,-0.04,0.00,-19.48,-14.07,0.03,-0.03,3.94,3.51,-2.39,-0.00,-3.58,240
19100,2,88.45,-0.60,88.41,-0.04,-0.03,0.00,-19.48,-14.07,-0.08,-0.05,3.94,3.51,-2.39,-0.06,-3.59,240
19120,2,88.44,-0.65,88.40,-0.04,-0.02,0.00,-19.48,-14.07,-0.08,-0.02,3.94,3.51,-2.39,-0.05,-3.60,240
19141,2,88.43,-0.67,88.39,-0.03,-0.01,0.00,-19.48,-14.07,-0.06,-0.03,3.94,3.51,-2.39,-0.05,-3.61,240
19162,2,88.42,-0.60,88.38,-0.04,-0.02,0.00,-19.48,-14.07,0.01,-0.04,3.94,3.51,-2.39,-0.01,-3.62,240
19180,2,88.42,-0.51,88.37,-0.04,-0.04,0.00,-19.48,-14.07,-0.03,-0.04,3.94,3.51,-2.39,-0.04,-3.63,240
19201,2,88.41,-0.53,88.36,-0.04,-0.03,0.00,-19.48,-14.07,-0.08,-0.04,3.94,3.51,-2.39,-0.06,-3.64,240
19220,2,88.40,-0.47,88.36,-0.04,-0.05,0.00,-19.48,-14.08,-0.01,0.02,3.94,3.51,-2.39,0.00,-3.64,240
19241,2,88.40,-0.50,88.35,-0.04,-0.04,0.00,-19.48,-14.08,-0.03,-0.01,3.94,3.51,-2.39,-0.02,-3.65,240
19260,2,88.38,-0.59,88.34,-0.04,-0.04,0.00,-19.48,-14.08,-0.02,-0.02,3.94,3.51,-2.39,-0.02,-3.66,240
19282,2,88.37,-0.69,88.32,-0.03,0.00,0.00,-19.48,-14.08,-0.08,-0.05,3.94,3.51,-2.39,-0.07,-3.68,240
19300,2,88.36,-0.62,88.32,-0.04,-0.02,0.00,-19.48,-14.08,-0.04,-0.06,3.94,3.51,-2.40,-0.05,-3.68,240
19321,2,88.35,-0.53,88.31,-0.04,-0.03,0.00,-19.49,-14.08,0.01,-0.00,3.94,3.51,-2.40,0.00,-3.69,240
19340,2,88.35,-0.47,88.30,-0.04,-0.04,0.00,-19.49,-14.08,-0.02,-0.06,3.94,3.51,-2.40,-0.04,-3.70,240
19361,2,88.34,-0.45,88.30,-0.04,-0.05,0.00,-19.49,-14.08,-0.04,-0.01,3.94,3.51,-2.40,-0.02,-3.70,240
19380,2,88.34,-0.50,88.29,-0.04,-0.04,0.00,-19.49,-14.08,-0.02,-0.05,3.94,3.51,-2.40,-0.04,-3.71,240
19401,2,88.32,-0.57,88.28,-0.04,-0.03,0.00,-19.49,-14.08,-0.04,-0.06,3.94,3.51,-2.40,-0.05,-3.72,240
19420,2,88.31,-0.57,88.27,-0.04,-0.03,0.00,-19.49,-14.08,-0.09,-0.12,3.94,3.51,-2.40,-0.11,-3.73,240
19441,2,88.30,-0.58,88.26,-0.04,-0.03,0.00,-19.49,-14.08,-0.02,-0.01,3.94,3.51,-2.40,-0.02,-3.74,240
19461,2,88.30,-0.54,88.25,-0.04,-0.03,0.00,-19.49,-14.08,-0.03,0.01,3.94,3.51,-2.40,-0.01,-3.75,240
19482,2,88.30,-0.41,88.25,-0.05,-0.06,0.00,-19.49,-14.09,-0.01,0.03,3.94,3.51,-2.40,0.01,-3.75,240
19500,2,88.29,-0.38,88.24,-0.05,-0.06,0.00,-19.49,-14.09,-0.01,-0.01,3.94,3.51,-2.40,-0.01,-3.76,240
19520,2,88.29,-0.40,88.23,-0.05,-0.07,0.00,-19.49,-14.09,-0.05,-0.05,3.94,3.51,-2.40,-0.05,-3.77,240
19541,2,88.27,-0.53,88.22,-0.04,-0.04,0.00,-19.49,-14.09,0.03,-0.04,3.94,3.51,-2.40,-0.01,-3.78,240
19562,2,88.26,-0.60,88.21,-0.04,-0.03,0.00,-19.49,-14.09,-0.00,-0.08,3.94,3.51,-2.41,-0.04,-3.79,240
19580,2,88.25,-0.63,88.20,-0.04,-0.03,0.00,-19.49,-14.09,-0.03,-0.05,3.94,3.51,-2.41,-0.04,-3.80,240
19601,2,88.24,-0.50,88.19,-0.05,-0.05,0.00,-19.50,-14.09,-0.06,-0.02,3.94,3.51,-2.41,-0.04,-3.81,240
19621,2,88.24,-0.39,88.19,-0.05,-0.07,0.00,-19.50,-14.09,-0.07,-0.07,3.94,3.51,-2.41,-0.07,-3.81,240
19640,2,88.24,-0.34,88.18,-0.06,-0.08,0.00,-19.50,-14.09,0.00,0.01,3.94,3.51,-2.41,0.01,-3.82,240
19661,2,88.24,-0.28,88.17,-0.06,-0.10,0.00,-19.50,-14.09,-0.06,-0.06,3.94,3.51,-2.41,-0.06,-3.83,240
19682,2,88.23,-0.36,88.16,-0.06,-0.09,0.00,-19.50,-14.10,-0.03,-0.02,3.94,3.51,-2.41,-0.03,-3.84,240
19700,2,88.21,-0.54,88.15,-0.05,-0.06,0.00,-19.50,-14.10,-0.05,0.00,3.94,3.51,-2.41,-0.02,-3.85,240
19721,2,88.20,-0.53,88.14,-0.05,-0.06,0.00,-19.50,-14.10,-0.09,-0.09,3.94,3.51,-2.42,-0.09,-3.86,240
19740,2,88.19,-0.53,88.13,-0.05,-0.06,0.00,-19.51,-14.10,-0.07,-0.00,3.94,3.51,-2.42,-0.04,-3.87,240
19760,2,88.19,-0.44,88.13,-0.06,-0.08,0.00,-19.51,-14.10,-0.05,-0.00,3.94,3.51,-2.42,-0.03,-3.87,240
19782,2,88.19,-0.34,88.12,-0.06,-0.09,0.00,-19.51,-14.10,-0.04,-0.03,3.94,3.51,-2.42,-0.03,-3.88,240
19800,2,88.19,-0.24,88.12,-0.07,-0.12,0.00,-19.51,-14.10,-0.06,-0.02,3.94,3.51,-2.42,-0.04,-3.88,240
19821,2,88.19,-0.10,88.11,-0.08,-0.15,0.00,-19.51,-14.11,-0.07,-0.04,3.94,3.51,-2.42,-0.06,-3.89,240
19841,2,88.20,0.05,88.11,-0.09,-0.18,0.00,-19.51,-14.11,-0.09,-0.06,3.94,3.51,-2.42,-0.07,-3.89,240
19860,2,88.20,0.15,88.10,-0.09,-0.20,0.00,-19.52,-14.11,-0.05,-0.08,3.94,3.51,-2.43,-0.07,-3.90,240
19882,2,88.21,0.18,88.10,-0.11,-0.23,0.00,-19.52,-14.11,-0.07,-0.09,3.94,3.51,-2.43,-0.08,-3.90,240
19899,2,88.21,0.15,88.09,-0.11,-0.23,0.00,-19.52,-14.11,-0.13,-0.09,3.94,3.51,-2.43,-0.11,-3.91,240
19921,2,88.21,-0.01,88.09,-0.12,-0.24,0.00,-19.53,-14.12,-0.14,-0.13,3.94,3.51,-2.44,-0.14,-3.91,240
19941,2,88.21,-0.07,88.08,-0.12,-0.23,0.00,-19.53,-14.12,-0.10,-0.11,3.94,3.51,-2.44,-0.10,-3.92,240
19960,2,88.20,-0.14,88.07,-0.12,-0.24,0.00,-19.53,-14.12,-0.15,-0.20,3.94,3.51,-2.44,-0.18,-3.93,240
19982,2,88.20,-0.17,88.06,-0.12,-0.24,0.00,-19.54,-14.13,-0.06,-0.15,3.94,3.51,-2.45,-0.11,-3.94,240
20000,2,88.18,-0.33,88.05,-0.12,-0.23,0.00,-19.54,-14.13,-0.12,-0.19,3.94,3.51,-2.45,-0.16,-3.95,240
20020,2,88.15,-0.80,88.03,-0.11,-0.16,0.00,-19.55,-14.14,-0.19,-0.19,3.94,3.51,-2.46,-0.19,-3.97,240
20041,2,88.15,-0.69,88.03,-0.12,-0.18,0.00,-19.55,-14.15,-0.28,-0.20,3.94,3.51,-2.46,-0.24,-3.97,240
20060,2,88.17,-0.31,88.04,-0.14,-0.24,0.00,-19.56,-14.15,-0.12,-0.08,3.94,3.51,-2.47,-0.10,-3.96,240
20082,2,88.16,-0.51,88.02,-0.13,-0.21,0.00,-19.56,-14.15,-0.03,-0.08,3.94,3.51,-2.47,-0.05,-3.98,240
20100,2,88.11,-1.16,87.99,-0.10,-0.13,0.00,-19.56,-14.16,-0.12,-0.12,3.94,3.51,-2.47,-0.12,-4.01,240
20121,2,88.07,-1.49,87.98,-0.08,-0.04,0.00,-19.57,-14.16,-0.24,-0.20,3.94,3.51,-2.48,-0.22,-4.02,240
20140,2,88.06,-1.25,87.97,-0.08,-0.06,0.00,-19.58,-14.17,-0.08,-0.15,3.94,3.51,-2.49,-0.11,-4.03,240
20159,2,88.05,-1.12,87.96,-0.08,-0.07,0.00,-19.58,-14.17,-0.02,-0.11,3.94,3.51,-2.49,-0.06,-4.04,240
20182,2,88.04,-0.85,87.95,-0.08,-0.10,0.00,-19.58,-14.18,-0.05,-0.05,3.94,3.51,-2.49,-0.05,-4.05,240
20200,2,88.04,-0.69,87.95,-0.09,-0.12,0.00,-19.58,-14.18,-0.06,-0.04,3.94,3.51,-2.49,-0.05,-4.05,240
20221,2,88.02,-0.88,87.93,-0.07,-0.07,0.00,-19.58,-14.18,-0.07,-0.03,3.94,3.51,-2.49,-0.05,-4.07,240
20241,2,87.99,-1.02,87.92,-0.07,-0.05,0.00,-19.58,-14.18,-0.07,-0.05,3.94,3.51,-2.50,-0.06,-4.08,240
20260,2,87.97,-1.15,87.90,-0.06,-0.03,0.00,-19.59,-14.18,-0.04,-0.11,3.94,3.51,-2.50,-0.08,-4.10,240
20280,2,87.95,-1.12,87.89,-0.05,-0.01,0.00,-19.59,-14.18,-0.11,-0.06,3.94,3.51,-2.50,-0.09,-4.11,240
20301,2,87.94,-0.85,87.88,-0.05,-0.04,0.00,-19.59,-14.18,-0.08,-0.03,3.94,3.51,-2.50,-0.05,-4.12,240
20322,2,87.94,-0.64,87.88,-0.06,-0.07,0.00,-19.59,-14.19,-0.02,0.00,3.94,3.51,-2.50,-0.01,-4.12,240
20340,2,87.93,-0.62,87.87,-0.06,-0.07,0.00,-19.59,-14.19,-0.01,-0.03,3.94,3.51,-2.50,-0.02,-4.13,240
20361,2,87.91,-0.84,87.85,-0.04,-0.02,0.00,-19.59,-14.19,-0.07,0.01,3.94,3.51,-2.50,-0.03,-4.15,240
20380,2,87.88,-0.95,87.84,-0.04,-0.01,0.00,-19.59,-14.19,-0.04,-0.05,3.94,3.51,-2.50,-0.04,-4.16,240
20400,2,87.88,-0.78,87.83,-0.04,-0.01,0.00,-19.60,-14.19,-0.05,-0.03,3.94,3.51,-2.51,-0.04,-4.17,240
20421,2,87.87,-0.57,87.82,-0.04,-0.04,0.00,-19.60,-14.19,0.03,-0.03,3.94,3.51,-2.51,-0.00,-4.18,240
20441,2,87.87,-0.41,87.82,-0.05,-0.07,0.00,-19.60,-14.19,-0.03,-0.08,3.94,3.51,-2.51,-0.06,-4.18,240
20460,2,87.88,-0.27,87.81,-0.06,-0.10,0.00,-19.60,-14.19,-0.01,0.04,3.94,3.51,-2.51,0.02,-4.19,240
20481,2,87.88,-0.25,87.81,-0.06,-0.10,0.00,-19.60,-14.19,-0.03,0.01,3.94,3.51,-2.51,-0.01,-4.19,240
20502,2,87.86,-0.41,87.79,-0.06,-0.08,0.00,-19.60,-14.19,-0.08,-0.02,3.94,3.51,-2.51,-0.05,-4.21,240
20520,2,87.85,-0.48,87.78,-0.06,-0.08,0.00,-19.60,-14.19,-0.09,-0.07,3.94,3.51,-2.51,-0.08,-4.22,240
20540,2,87.84,-0.44,87.77,-0.06,-0.08,0.00,-19.60,-14.19,-0.04,-0.09,3.94,3.51,-2.51,-0.07,-4.23,240
20561,2,87.83,-0.45,87.76,-0.06,-0.08,0.00,-19.60,-14.20,-0.07,-0.08,3.94,3.51,-2.51,-0.08,-4.24,240
20580,2,87.83,-0.38,87.76,-0.07,-0.10,0.00,-19.61,-14.20,-0.03,-0.05,3.94,3.51,-2.52,-0.04,-4.24,240
20602,2,87.83,-0.38,87.75,-0.07,-0.10,0.00,-19.61,-14.20,-0.05,-0.06,3.94,3.51,-2.52,-0.05,-4.25,240
20620,2,87.82,-0.36,87.74,-0.07,-0.11,0.00,-19.61,-14.20,-0.05,0.01,3.94,3.51,-2.52,-0.02,-4.26,240
20641,2,87.82,-0.35,87.74,-0.07,-0.12,0.00,-19.61,-14.20,-0.08,-0.07,3.94,3.51,-2.52,-0.08,-4.26,240
20660,2,87.81,-0.30,87.73,-0.08,-0.13,0.00,-19.61,-14.20,-0.08,-0.11,3.94,3.51,-2.52,-0.09,-4.27,240
20681,2,87.81,-0.23,87.72,-0.08,-0.14,0.00,-19.61,-14.21,-0.09,-0.09,3.94,3.51,-2.52,-0.09,-4.28,240
20702,2,87.81,-0.08,87.72,-0.09,-0.17,0.00,-19.62,-14.21,-0.00,-0.09,3.94,3.51,-2.53,-0.05,-4.28,240
20720,2,87.82,0.10,87.72,-0.10,-0.20,0.00,-19.62,-14.21,-0.05,-0.07,3.94,3.51,-2.53,-0.06,-4.28,240
20741,2,87.82,0.08,87.71,-0.10,-0.21,0.00,-19.62,-14.22,-0.07,-0.09,3.94,3.51,-2.53,-0.08,-4.29,240
20762,2,87.80,-0.15,87.69,-0.10,-0.18,0.00,-19.62,-14.22,-0.15,-0.11,3.94,3.51,-2.54,-0.13,-4.31,240
20780,2,87.78,-0.54,87.68,-0.09,-0.15,0.00,-19.63,-14.22,-0.18,-0.16,3.94,3.51,-2.54,-0.17,-4.32,240
20800,2,87.78,-0.36,87.68,-0.10,-0.17,0.00,-19.63,-14.23,-0.11,-0.18,3.94,3.51,-2.55,-0.15,-4.32,240
20821,2,87.81,0.11,87.69,-0.13,-0.27,0.00,-19.64,-14.23,-0.05,-0.08,3.94,3.51,-2.55,-0.07,-4.31,240
20841,2,87.83,0.22,87.68,-0.14,-0.30,0.00,-19.64,-14.23,-0.11,-0.09,3.94,3.51,-2.55,-0.10,-4.32,240
20860,2,87.81,-0.12,87.67,-0.13,-0.27,0.00,-19.65,-14.24,-0.13,-0.10,3.94,3.51,-2.55,-0.12,-4.33,240
20881,2,87.78,-0.50,87.65,-0.12,-0.20,0.00,-19.65,-14.24,-0.14,-0.13,3.94,3.51,-2.56,-0.14,-4.35,240
20902,2,87.76,-0.73,87.63,-0.11,-0.16,0.00,-19.66,-14.25,-0.16,-0.25,3.94,3.51,-2.57,-0.20,-4.37,240
20919,2,87.74,-0.78,87.62,-0.11,-0.15,0.00,-19.66,-14.25,-0.08,-0.20,3.94,3.51,-2.57,-0.14,-4.38,240
20941,2,87.74,-0.61,87.62,-0.11,-0.17,0.00,-19.66,-14.26,-0.10,-0.23,3.94,3.51,-2.58,-0.16,-4.38,240
20962,2,87.75,-0.41,87.62,-0.13,-0.22,0.00,-19.67,-14.27,-0.23,-0.14,3.94,3.51,-2.58,-0.18,-4.38,240
20980,2,87.73,-0.59,87.60,-0.12,-0.20,0.00,-19.67,-14.27,-0.17,-0.08,3.94,3.51,-2.58,-0.13,-4.40,240
21002,2,87.72,-0.71,87.59,-0.12,-0.18,0.00,-19.68,-14.27,-0.18,-0.09,3.94,3.51,-2.59,-0.14,-4.41,240
21020,2,87.70,-0.82,87.58,-0.12,-0.17,0.00,-19.68,-14.27,-0.06,-0.11,3.94,3.51,-2.59,-0.09,-4.42,240
21040,2,87.67,-1.22,87.56,-0.10,-0.11,0.00,-19.68,-14.28,-0.14,-0.08,3.94,3.51,-2.59,-0.11,-4.44,240
21061,2,87.61,-1.68,87.53,-0.06,0.02,0.00,-19.69,-14.28,-0.18,-0.09,3.94,3.51,-2.60,-0.13,-4.47,240
21081,2,87.58,-1.69,87.52,-0.05,0.03,0.00,-19.69,-14.28,-0.11,-0.14,3.94,3.51,-2.60,-0.12,-4.48,240
21100,2,87.56,-1.57,87.50,-0.05,0.04,0.00,-19.69,-14.28,0.03,-0.06,3.94,3.51,-2.60,-0.01,-4.50,240
21121,2,87.54,-1.37,87.49,-0.04,0.03,0.00,-19.69,-14.29,0.09,-0.09,3.94,3.51,-2.60,0.00,-4.51,240
21140,2,87.53,-1.20,87.48,-0.04,0.01,0.00,-19.69,-14.29,0.03,-0.01,3.94,3.51,-2.60,0.01,-4.52,240
21161,2,87.52,-1.11,87.47,-0.03,0.02,0.00,-19.69,-14.29,-0.02,0.01,3.94,3.51,-2.60,-0.01,-4.53,240
21180,2,87.50,-1.11,87.46,-0.03,0.03,0.00,-19.69,-14.29,-0.06,0.02,3.94,3.51,-2.60,-0.02,-4.54,240
21202,2,87.48,-1.06,87.44,-0.02,0.04,0.00,-19.69,-14.29,0.01,-0.01,3.94,3.51,-2.60,0.00,-4.56,240
21220,2,87.47,-0.92,87.43,-0.02,0.03,0.00,-19.69,-14.29,0.03,-0.04,3.94,3.51,-2.60,-0.01,-4.57,240
21241,2,87.46,-0.80,87.43,-0.02,0.01,0.00,-19.69,-14.29,0.02,0.01,3.94,3.51,-2.60,0.02,-4.57,240
21260,2,87.45,-0.64,87.42,-0.03,-0.01,0.00,-19.69,-14.29,0.01,0.00,3.94,3.51,-2.60,0.01,-4.58,240
21281,2,87.45,-0.55,87.41,-0.03,-0.02,0.00,-19.69,-14.29,0.04,-0.04,3.94,3.51,-2.60,-0.00,-4.59,240
21300,2,87.44,-0.50,87.40,-0.03,-0.03,0.00,-19.69,-14.29,0.01,0.00,3.94,3.51,-2.60,0.01,-4.60,240
21321,2,87.43,-0.45,87.39,-0.03,-0.03,0.00,-19.69,-14.29,0.01,-0.01,3.94,3.51,-2.60,-0.00,-4.61,240
21340,2,87.43,-0.38,87.39,-0.04,-0.04,0.00,-19.69,-14.29,-0.04,-0.02,3.94,3.51,-2.60,-0.03,-4.61,240
21361,2,87.43,-0.33,87.38,-0.04,-0.05,0.00,-19.69,-14.29,-0.01,-0.01,3.94,3.51,-2.60,-0.01,-4.62,240
21381,2,87.42,-0.34,87.37,-0.04,-0.05,0.00,-19.69,-14.29,-0.04,-0.10,3.94,3.51,-2.60,-0.07,-4.63,240
21402,2,87.41,-0.41,87.36,-0.04,-0.04,0.00,-19.69,-14.29,0.01,-0.03,3.94,3.51,-2.60,-0.01,-4.64,240
21420,2,87.40,-0.40,87.35,-0.04,-0.05,0.00,-19.69,-14.29,-0.04,-0.04,3.94,3.51,-2.60,-0.04,-4.65,240
21440,2,87.38,-0.56,87.34,-0.04,-0.04,0.00,-19.69,-14.29,-0.06,0.00,3.94,3.51,-2.61,-0.03,-4.66,240
21461,2,87.37,-0.55,87.33,-0.04,-0.03,0.00,-19.70,-14.29,-0.06,-0.08,3.94,3.51,-2.61,-0.07,-4.67,240
21482,2,87.37,-0.48,87.32,-0.04,-0.04,0.00,-19.70,-14.29,0.00,-0.03,3.94,3.51,-2.61,-0.01,-4.68,240
21500,2,87.36,-0.46,87.31,-0.04,-0.05,0.00,-19.70,-14.29,-0.06,-0.08,3.94,3.51,-2.61,-0.07,-4.69,240
21521,2,87.36,-0.42,87.30,-0.05,-0.06,0.00,-19.70,-14.29,-0.04,-0.03,3.94,3.51,-2.61,-0.03,-4.70,240
21540,2,87.36,-0.38,87.30,-0.05,-0.07,0.00,-19.70,-14.29,-0.04,-0.08,3.94,3.51,-2.61,-0.06,-4.70,240
21560,2,87.34,-0.49,87.29,-0.05,-0.06,0.00,-19.70,-14.30,-0.05,-0.05,3.94,3.51,-2.61,-0.05,-4.71,240
21581,2,87.33,-0.63,87.27,-0.04,-0.03,0.00,-19.70,-14.30,-0.04,-0.00,3.94,3.51,-2.61,-0.02,-4.73,240
21600,2,87.31,-0.69,87.26,-0.04,-0.02,0.00,-19.70,-14.30,-0.05,-0.04,3.94,3.51,-2.61,-0.05,-4.74,240
21621,2,87.30,-0.71,87.25,-0.04,-0.01,0.00,-19.70,-14.30,0.02,-0.00,3.94,3.51,-2.62,0.01,-4.75,240
21641,2,87.29,-0.62,87.25,-0.04,-0.03,0.00,-19.71,-14.30,0.04,-0.06,3.94,3.51,-2.62,-0.01,-4.75,240
21660,2,87.29,-0.43,87.24,-0.05,-0.05,0.00,-19.71,-14.30,-0.01,0.01,3.94,3.51,-2.62,-0.00,-4.76,240
21680,2,87.29,-0.35,87.23,-0.05,-0.07,0.00,-19.71,-14.30,-0.00,0.02,3.94,3.51,-2.62,0.01,-4.77,240
21702,2,87.28,-0.39,87.22,-0.05,-0.07,0.00,-19.71,-14.30,-0.01,-0.05,3.94,3.51,-2.62,-0.03,-4.78,240
21720,2,87.27,-0.46,87.21,-0.05,-0.07,0.00,-19.71,-14.30,-0.01,-0.06,3.94,3.51,-2.62,-0.03,-4.79,240
21741,2,87.26,-0.53,87.20,-0.05,-0.05,0.00,-19.71,-14.30,-0.10,-0.04,3.94,3.51,-2.62,-0.07,-4.80,240
21761,2,87.24,-0.57,87.19,-0.05,-0.05,0.00,-19.71,-14.31,-0.08,-0.07,3.94,3.51,-2.62,-0.07,-4.81,240
21780,2,87.24,-0.48,87.18,-0.05,-0.07,0.00,-19.71,-14.31,-0.08,-0.05,3.94,3.51,-2.63,-0.06,-4.82,240
21802,2,87.24,-0.32,87.18,-0.06,-0.09,0.00,-19.72,-14.31,0.01,-0.06,3.94,3.51,-2.63,-0.03,-4.82,240
21819,2,87.24,-0.37,87.17,-0.06,-0.09,0.00,-19.72,-14.31,-0.02,0.02,3.94,3.51,-2.63,-0.00,-4.83,240
21841,2,87.23,-0.50,87.16,-0.06,-0.07,0.00,-19.72,-14.31,-0.02,-0.08,3.94,3.51,-2.63,-0.05,-4.84,240
21861,2,87.22,-0.49,87.15,-0.06,-0.09,0.00,-19.72,-14.31,-0.06,-0.03,3.94,3.51,-2.63,-0.05,-4.85,240
21881,2,87.21,-0.54,87.14,-0.06,-0.07,0.00,-19.72,-14.31,-0.04,-0.04,3.94,3.51,-2.63,-0.04,-4.86,240
21900,2,87.20,-0.63,87.13,-0.06,-0.07,0.00,-19.72,-14.32,-0.03,-0.06,3.94,3.51,-2.63,-0.05,-4.87,240
21921,2,87.18,-0.77,87.11,-0.05,-0.04,0.00,-19.72,-14.32,-0.06,-0.06,3.94,3.51,-2.64,-0.06,-4.89,240
21939,2,87.17,-0.82,87.11,-0.05,-0.04,0.00,-19.73,-14.32,-0.09,-0.09,3.94,3.51,-2.64,-0.09,-4.89,240
21961,2,87.16,-0.74,87.10,-0.05,-0.04,0.00,-19.73,-14.32,-0.08,-0.04,3.94,3.51,-2.64,-0.06,-4.90,240
21981,2,87.16,-0.59,87.09,-0.06,-0.08,0.00,-19.73,-14.32,-0.00,-0.02,3.94,3.51,-2.64,-0.01,-4.91,240
22002,2,87.15,-0.60,87.08,-0.06,-0.07,0.00,-19.73,-14.32,-0.02,-0.01,3.94,3.51,-2.64,-0.02,-4.92,240
22020,2,87.13,-0.74,87.07,-0.06,-0.06,0.00,-19.73,-14.33,-0.01,-0.03,3.94,3.51,-2.64,-0.02,-4.93,240
22041,2,87.12,-0.76,87.06,-0.05,-0.04,0.00,-19.73,-14.33,-0.08,-0.05,3.94,3.51,-2.64,-0.06,-4.94,240
22060,2,87.11,-0.78,87.05,-0.05,-0.05,0.00,-19.73,-14.33,-0.03,-0.04,3.94,3.51,-2.65,-0.03,-4.95,240
22080,2,87.10,-0.80,87.04,-0.05,-0.04,0.00,-19.74,-14.33,-0.02,-0.06,3.94,3.51,-2.65,-0.04,-4.96,240
22102,2,87.08,-0.89,87.02,-0.04,-0.01,0.00,-19.74,-14.33,0.02,-0.03,3.94,3.51,-2.65,-0.01,-4.98,240
22120,2,87.06,-0.90,87.01,-0.04,-0.01,0.00,-19.74,-14.33,-0.03,-0.05,3.94,3.51,-2.65,-0.04,-4.99,240
22141,2,87.05,-0.80,87.00,-0.04,-0.02,0.00,-19.74,-14.33,0.01,0.01,3.94,3.51,-2.65,0.01,-5.00,240
22161,2,87.05,-0.79,86.99,-0.04,-0.02,0.00,-19.74,-14.33,0.03,0.00,3.94,3.51,-2.65,0.02,-5.01,240
22180,2,87.03,-0.87,86.98,-0.04,-0.01,0.00,-19.74,-14.33,0.02,0.00,3.94,3.51,-2.65,0.01,-5.02,240
22200,2,87.01,-1.00,86.96,-0.03,0.03,0.00,-19.74,-14.33,0.01,0.01,3.94,3.51,-2.65,0.01,-5.04,240
22221,2,86.98,-1.08,86.95,-0.02,0.05,0.00,-19.74,-14.33,-0.03,-0.06,3.94,3.51,-2.65,-0.04,-5.05,240
22241,2,86.96,-1.17,86.94,-0.01,0.07,0.00,-19.74,-14.33,0.02,0.02,3.94,3.51,-2.65,0.02,-5.06,240
22260,2,86.94,-1.24,86.92,-0.01,0.08,0.00,-19.74,-14.33,-0.02,-0.03,3.94,3.51,-2.65,-0.02,-5.08,240
22281,2,86.91,-1.30,86.91,0.01,0.12,0.00,-19.74,-14.33,0.08,0.01,3.94,3.51,-2.65,0.05,-5.09,240
22300,2,86.89,-1.29,86.91,0.01,0.14,0.00,-19.74,-14.33,0.03,0.03,3.94,3.51,-2.65,0.03,-5.09,240
22322,2,86.88,-1.25,86.91,0.03,0.17,0.00,-19.74,-14.33,0.01,0.07,3.94,3.51,-2.65,0.04,-5.09,240
22340,2,86.87,-0.96,86.90,0.04,0.15,0.00,-19.74,-14.33,0.07,0.13,3.94,3.51,-2.65,0.10,-5.10,240
22361,2,86.88,-0.74,86.89,0.03,0.11,0.00,-19.74,-14.33,0.09,0.13,3.94,3.51,-2.65,0.11,-5.11,240
22381,2,86.87,-0.60,86.87,0.01,0.08,0.00,-19.73,-14.32,0.15,0.10,3.94,3.51,-2.64,0.12,-5.13,240
22402,2,86.86,-0.58,86.86,0.01,0.06,0.00,-19.73,-14.32,0.14,0.03,3.94,3.51,-2.64,0.09,-5.14,240
22420,2,86.83,-0.97,86.86,0.02,0.10,0.00,-19.73,-14.32,0.13,0.04,3.94,3.51,-2.64,0.08,-5.14,240
22441,2,86.78,-1.46,86.88,0.08,0.28,0.00,-19.72,-14.32,-0.02,-0.01,3.94,3.51,-2.63,-0.01,-5.12,240
22460,2,86.75,-1.53,86.91,0.13,0.38,0.00,-19.72,-14.32,-0.02,-0.00,3.94,3.51,-2.63,-0.01,-5.09,240
22481,2,86.73,-1.34,86.93,0.17,0.46,0.00,-19.72,-14.31,0.11,0.11,3.94,3.51,-2.63,0.11,-5.07,240
22501,2,86.76,-0.54,86.91,0.16,0.37,0.00,-19.72,-14.31,0.12,0.15,3.94,3.51,-2.63,0.14,-5.09,240
22521,2,86.83,0.58,86.85,0.08,0.11,0.00,-19.71,-14.30,0.38,0.31,3.94,3.51,-2.62,0.35,-5.15,240
22540,2,86.85,0.69,86.79,-0.00,-0.07,0.00,-19.70,-14.29,0.16,0.37,3.94,3.51,-2.61,0.26,-5.21,240
22561,2,86.81,-0.22,86.79,-0.02,-0.02,0.00,-19.70,-14.28,0.11,0.18,3.94,3.51,-2.60,0.14,-5.21,240
22580,2,86.73,-1.30,86.80,0.04,0.16,0.00,-19.69,-14.28,0.10,0.07,3.94,3.51,-2.60,0.08,-5.20,240
22601,2,86.66,-1.99,86.85,0.14,0.45,0.00,-19.69,-14.28,0.06,-0.05,3.94,3.51,-2.60,0.01,-5.15,240
22622,2,86.63,-1.96,86.89,0.22,0.60,0.00,-19.69,-14.28,0.08,-0.05,3.94,3.51,-2.60,0.01,-5.11,240
22640,2,86.62,-1.51,86.92,0.28,0.69,0.00,-19.69,-14.28,0.16,0.11,3.94,3.51,-2.60,0.13,-5.08,240
22661,2,86.66,-0.59,86.90,0.26,0.56,0.00,-19.68,-14.28,0.32,0.18,3.94,3.51,-2.59,0.25,-5.10,240
22681,2,86.73,0.70,86.84,0.17,0.28,0.00,-19.67,-14.27,0.40,0.24,3.94,3.51,-2.58,0.32,-5.16,240
22700,2,86.80,1.57,86.78,0.06,0.02,0.00,-19.66,-14.26,0.20,0.45,3.94,3.51,-2.57,0.33,-5.22,240
22720,2,86.80,1.11,86.72,-0.03,-0.18,0.00,-19.65,-14.24,0.24,0.58,3.94,3.51,-2.56,0.41,-5.28,240
22741,2,86.74,-0.15,86.71,-0.02,-0.03,0.00,-19.64,-14.23,0.25,0.11,3.94,3.51,-2.55,0.18,-5.29,240
22761,2,86.67,-1.19,86.71,0.04,0.17,0.00,-19.64,-14.23,0.09,-0.02,3.94,3.51,-2.55,0.03,-5.29,240
22780,2,86.60,-1.89,86.74,0.09,0.31,0.00,-19.64,-14.23,-0.05,-0.04,3.94,3.51,-2.55,-0.05,-5.26,240
22801,2,86.52,-2.57,86.80,0.22,0.65,0.00,-19.64,-14.23,-0.07,0.01,3.94,3.51,-2.55,-0.03,-5.20,240
22820,2,86.52,-1.85,86.85,0.29,0.74,0.00,-19.64,-14.23,-0.00,0.06,3.94,3.51,-2.55,0.03,-5.15,240
22840,2,86.64,0.38,86.79,0.24,0.50,0.00,-19.63,-14.23,0.20,0.23,3.94,3.51,-2.54,0.22,-5.21,240
22861,2,86.76,1.98,86.73,0.02,-0.11,0.00,-19.62,-14.21,0.51,0.49,3.94,3.51,-2.53,0.50,-5.27,240
22881,2,86.76,1.46,86.67,-0.04,-0.20,0.00,-19.61,-14.20,0.18,0.48,3.94,3.51,-2.52,0.33,-5.33,240
22900,2,86.71,0.20,86.66,-0.06,-0.17,0.00,-19.60,-14.19,0.28,-0.06,3.94,3.51,-2.51,0.11,-5.34,240
22922,2,86.64,-1.06,86.63,0.02,0.12,0.00,-19.60,-14.19,0.05,-0.04,3.94,3.51,-2.51,0.01,-5.37,240
22940,2,86.55,-2.04,86.65,0.05,0.25,0.00,-19.60,-14.20,0.00,-0.11,3.94,3.51,-2.51,-0.05,-5.35,240
22960,2,86.48,-2.50,86.71,0.16,0.52,0.00,-19.60,-14.20,-0.02,0.07,3.94,3.51,-2.51,0.02,-5.29,240
22981,2,86.43,-2.46,86.77,0.28,0.75,0.00,-19.60,-14.20,-0.01,0.02,3.94,3.51,-2.51,0.01,-5.23,240
23001,2,86.45,-1.51,86.79,0.32,0.76,0.00,-19.60,-14.19,0.12,0.08,3.94,3.51,-2.51,0.10,-5.21,240
23020,2,86.61,1.12,86.73,0.22,0.41,0.00,-19.59,-14.19,0.46,0.30,3.94,3.51,-2.50,0.38,-5.27,240
23041,2,86.74,2.63,86.67,-0.01,-0.23,0.00,-19.58,-14.17,0.47,0.63,3.94,3.51,-2.49,0.55,-5.33,240
23060,2,86.71,1.31,86.61,-0.06,-0.28,0.00,-19.57,-14.15,0.37,0.67,3.94,3.51,-2.47,0.52,-5.39,240
23081,2,86.60,-0.58,86.55,0.01,0.07,0.00,-19.56,-14.15,0.21,0.11,3.94,3.51,-2.46,0.16,-5.45,240
23099,2,86.53,-1.64,86.55,0.03,0.18,0.00,-19.56,-14.15,-0.03,-0.06,3.94,3.51,-2.47,-0.05,-5.45,240
23122,2,86.41,-2.68,86.61,0.14,0.49,0.00,-19.56,-14.15,-0.01,-0.07,3.94,3.51,-2.47,-0.04,-5.39,240
23140,2,86.35,-2.90,86.67,0.25,0.72,0.00,-19.56,-14.15,0.02,0.01,3.94,3.51,-2.47,0.02,-5.33,240
23161,2,86.36,-2.01,86.72,0.31,0.79,0.00,-19.56,-14.15,0.06,0.08,3.94,3.51,-2.47,0.07,-5.28,240
23181,2,86.49,0.33,86.66,0.23,0.44,0.00,-19.55,-14.14,0.41,0.29,3.94,3.51,-2.46,0.35,-5.34,240
23201,2,86.58,1.54,86.60,0.08,0.04,0.00,-19.53,-14.13,0.42,0.56,3.94,3.51,-2.44,0.49,-5.40,240
23220,2,86.53,0.41,86.54,0.06,0.06,0.00,-19.52,-14.11,0.48,0.33,3.94,3.51,-2.43,0.41,-5.46,240
23241,2,86.48,-0.42,86.52,0.06,0.16,0.00,-19.51,-14.11,0.21,0.09,3.94,3.51,-2.42,0.15,-5.48,240
23260,2,86.45,-0.81,86.51,0.06,0.18,0.00,-19.50,-14.10,0.23,0.13,3.94,3.51,-2.42,0.18,-5.49,240
23281,2,86.37,-1.87,86.56,0.14,0.43,0.00,-19.50,-14.10,-0.01,0.16,3.94,3.51,-2.41,0.07,-5.44,240
23300,2,86.30,-2.47,86.62,0.24,0.68,0.00,-19.50,-14.10,-0.04,0.11,3.94,3.51,-2.41,0.03,-5.38,240
23322,2,86.29,-2.02,86.67,0.33,0.82,0.00,-19.50,-14.09,0.08,0.16,3.94,3.51,-2.41,0.12,-5.33,240
23340,2,86.32,-1.04,86.68,0.36,0.82,0.00,-19.49,-14.08,0.32,0.44,3.94,3.51,-2.40,0.38,-5.32,240
23360,2,86.38,0.09,86.64,0.32,0.65,0.00,-19.48,-14.07,0.49,0.29,3.94,3.51,-2.39,0.39,-5.36,240
23381,2,86.49,1.52,86.58,0.14,0.17,0.00,-19.46,-14.06,0.64,0.56,3.94,3.51,-2.37,0.60,-5.42,240
23401,2,86.52,1.36,86.52,0.05,-0.00,0.00,-19.45,-14.04,0.40,0.65,3.94,3.51,-2.36,0.53,-5.48,240
23421,2,86.37,-1.20,86.51,0.11,0.27,0.00,-19.43,-14.03,0.31,0.12,3.94,3.51,-2.35,0.22,-5.49,240
23441,2,86.25,-2.61,86.57,0.25,0.72,0.00,-19.43,-14.03,0.07,0.09,3.94,3.51,-2.34,0.08,-5.43,240
23460,2,86.18,-2.95,86.63,0.37,0.97,0.00,-19.43,-14.02,0.17,0.13,3.94,3.51,-2.34,0.15,-5.37,240
23480,2,86.12,-3.15,86.69,0.49,1.24,0.00,-19.42,-14.01,0.26,0.31,3.94,3.51,-2.33,0.28,-5.31,224
23501,2,86.15,-1.98,86.75,0.54,1.24,0.00,-19.41,-14.00,0.28,0.53,3.94,3.51,-2.32,0.40,-5.25,224
23522,2,86.24,-0.17,86.72,0.50,1.02,0.00,-19.40,-13.99,0.63,0.54,3.94,3.51,-2.31,0.58,-5.28,224
23540,2,86.36,1.40,86.66,0.39,0.69,0.00,-19.37,-13.96,0.89,0.89,3.94,3.51,-2.28,0.89,-5.34,240
23561,2,86.39,1.38,86.60,0.27,0.43,0.00,-19.35,-13.94,0.99,0.63,3.94,3.51,-2.26,0.81,-5.40,240
23581,2,86.31,-0.25,86.56,0.29,0.61,0.00,-19.32,-13.92,0.53,0.76,3.94,3.51,-2.23,0.64,-5.44,240
23600,2,86.21,-1.77,86.58,0.32,0.76,0.00,-19.31,-13.90,0.35,0.34,3.94,3.51,-2.22,0.35,-5.42,240
23622,2,86.10,-2.91,86.64,0.48,1.20,0.00,-19.30,-13.89,0.23,0.41,3.94,3.51,-2.21,0.32,-5.36,224
23640,2,85.95,-4.38,86.70,0.64,1.60,0.00,-19.29,-13.88,0.27,0.47,3.94,3.51,-2.20,0.37,-5.30,224
23661,2,85.90,-4.15,86.76,0.81,1.95,0.00,-19.28,-13.87,0.57,0.21,3.94,3.51,-2.19,0.39,-5.24,224
23681,2,85.95,-2.38,86.82,0.82,1.83,0.00,-19.25,-13.85,0.96,0.72,3.94,3.51,-2.17,0.84,-5.18,224
23700,2,86.12,0.60,86.82,0.75,1.51,0.00,-19.22,-13.82,1.28,1.07,3.94,3.51,-2.14,1.18,-5.18,224
23722,2,86.29,2.61,86.76,0.53,0.85,0.00,-19.19,-13.78,1.10,1.36,3.94,3.51,-2.10,1.23,-5.24,240
23740,2,86.34,2.75,86.70,0.42,0.62,0.00,-19.15,-13.74,1.03,1.32,3.94,3.51,-2.06,1.17,-5.30,240
23761,2,86.20,-0.24,86.65,0.49,1.00,0.00,-19.12,-13.71,0.89,1.15,3.94,3.51,-2.03,1.02,-5.35,224
23781,2,85.89,-4.81,86.71,0.76,1.90,0.00,-19.10,-13.69,0.79,0.38,3.94,3.51,-2.01,0.58,-5.29,224
23801,2,85.63,-7.17,86.77,1.08,2.73,0.00,-19.08,-13.68,0.36,0.38,3.94,3.51,-2.00,0.37,-5.23,224
23820,2,85.63,-5.28,86.83,1.15,2.78,0.00,-19.07,-13.66,0.68,0.68,3.94,3.51,-1.98,0.68,-5.17,224
23841,2,85.82,-1.26,86.89,1.01,2.11,0.00,-19.04,-13.63,0.88,1.35,3.94,3.51,-1.95,1.11,-5.11,224
23859,2,86.02,1.88,86.90,0.87,1.58,0.00,-19.00,-13.59,1.62,1.77,3.94,3.51,-1.91,1.69,-5.10,224
23881,2,86.27,4.45,86.84,0.63,0.90,0.00,-18.94,-13.53,1.79,1.75,3.94,3.51,-1.85,1.77,-5.16,224
23901,2,86.24,2.54,86.78,0.60,1.00,0.00,-18.89,-13.48,1.76,1.53,3.94,3.51,-1.80,1.65,-5.22,224
23922,2,85.97,-2.25,86.84,0.81,1.81,0.00,-18.85,-13.45,1.10,0.84,3.94,3.51,-1.76,0.97,-5.16,224
23940,2,85.60,-6.90,86.90,1.15,2.78,0.00,-18.83,-13.43,0.36,0.54,3.94,3.51,-1.74,0.45,-5.10,224
23961,2,85.53,-6.10,86.96,1.37,3.23,0.00,-18.82,-13.42,0.62,0.51,3.94,3.51,-1.73,0.57,-5.04,224
23981,2,85.67,-2.41,87.02,1.29,2.76,0.00,-18.79,-13.39,1.19,1.43,3.94,3.51,-1.70,1.31,-4.98,224
24000,2,85.92,1.63,87.05,1.17,2.30,0.00,-18.74,-13.33,1.76,1.92,3.94,3.51,-1.65,1.84,-4.95,224
24022,2,86.17,4.54,86.99,0.88,1.40,0.00,-18.68,-13.27,2.19,2.13,3.94,3.51,-1.59,2.16,-5.01,224
24040,2,86.30,4.93,86.93,0.70,0.97,0.00,-18.62,-13.21,1.93,1.86,3.94,3.51,-1.53,1.90,-5.07,224
24061,2,86.10,0.59,86.87,0.83,1.61,0.00,-18.57,-13.16,1.61,1.42,3.94,3.51,-1.48,1.51,-5.13,224
24081,2,85.71,-5.22,86.93,1.15,2.72,0.00,-18.53,-13.13,1.08,0.70,3.94,3.51,-1.44,0.89,-5.07,224
24100,2,85.41,-8.29,86.99,1.45,3.53,0.00,-18.51,-13.11,0.41,0.60,3.94,3.51,-1.42,0.51,-5.01,224
24120,2,85.36,-6.86,87.05,1.63,3.85,0.00,-18.49,-13.08,1.04,1.05,3.94,3.51,-1.40,1.05,-4.95,224
24141,2,85.57,-2.15,87.11,1.47,3.12,0.00,-18.45,-13.04,1.89,1.75,3.94,3.51,-1.36,1.82,-4.89,224
24161,2,85.83,1.99,87.16,1.28,2.39,0.00,-18.38,-12.98,2.35,2.35,3.94,3.51,-1.29,2.35,-4.84,224
24181,2,85.99,3.62,87.10,1.17,2.05,0.00,-18.31,-12.90,2.45,2.50,3.94,3.51,-1.22,2.47,-4.90,224
24201,2,86.00,2.53,87.04,1.10,2.00,0.00,-18.24,-12.83,2.23,2.23,3.94,3.51,-1.15,2.23,-4.96,224
24220,2,85.70,-2.60,87.10,1.26,2.64,0.00,-18.18,-12.77,1.64,1.75,3.94,3.51,-1.09,1.70,-4.90,224
24240,2,85.30,-7.57,87.16,1.70,3.91,0.00,-18.14,-12.73,1.11,1.09,3.94,3.51,-1.05,1.10,-4.84,224
24261,2,85.14,-7.90,87.22,2.03,4.69,0.00,-18.10,-12.70,1.10,1.13,3.94,3.51,-1.01,1.12,-4.78,224
24281,2,85.22,-4.53,87.28,2.00,4.37,0.00,-18.05,-12.65,1.83,1.99,3.94,3.51,-0.97,1.91,-4.72,224
24300,2,85.55,1.23,87.34,1.83,3.66,0.00,-17.98,-12.58,2.62,2.76,3.94,3.51,-0.89,2.69,-4.66,224
24322,2,85.86,5.19,87.32,1.49,2.56,0.00,-17.89,-12.48,3.01,3.19,3.94,3.51,-0.80,3.10,-4.68,224
24340,2,85.87,3.77,87.30,1.44,2.53,0.00,-17.80,-12.39,2.90,2.97,3.94,3.51,-0.71,2.93,-4.70,224
24360,2,85.59,-1.50,87.36,1.61,3.22,0.00,-17.70,-12.30,2.28,2.36,3.94,3.51,-0.62,2.32,-4.64,224
24380,2,85.08,-8.50,87.42,2.14,4.84,0.00,-17.66,-12.25,1.65,1.72,3.94,3.51,-0.57,1.68,-4.58,224
24401,2,84.84,-9.76,87.48,2.58,5.95,0.00,-17.61,-12.20,1.33,1.45,3.94,3.51,-0.52,1.39,-4.52,224
24420,2,85.07,-3.93,87.54,2.48,5.39,0.00,-17.56,-12.15,2.30,2.23,3.94,3.51,-0.47,2.26,-4.46,224
24441,2,85.46,2.50,87.60,2.08,3.96,0.00,-17.47,-12.06,3.40,3.44,3.94,3.51,-0.38,3.42,-4.40,224
24460,2,85.76,5.99,87.60,1.91,3.38,0.00,-17.36,-11.94,3.77,3.90,3.94,3.51,-0.26,3.83,-4.40,224
24481,2,85.81,4.86,87.56,1.79,3.19,0.00,-17.24,-11.83,3.53,3.57,3.94,3.51,-0.15,3.55,-4.44,224
24500,2,85.44,-1.83,87.62,2.01,4.03,0.00,-17.15,-11.73,2.87,2.89,3.94,3.51,-0.05,2.88,-4.38,224
24522,2,84.88,-9.46,87.68,2.74,6.24,0.00,-17.07,-11.66,2.01,2.01,3.94,3.51,0.02,2.01,-4.32,224
24540,2,84.64,-10.54,87.74,3.01,6.88,0.00,-17.02,-11.61,1.81,1.74,3.94,3.51,0.07,1.77,-4.26,224
24561,2,84.80,-5.38,87.80,2.94,6.31,0.00,-16.95,-11.53,2.85,2.78,3.94,3.51,0.14,2.82,-4.20,224
24581,2,85.28,2.71,87.86,2.53,4.84,0.00,-16.84,-11.43,4.04,4.04,3.94,3.51,0.25,4.04,-4.14,224
24601,2,85.68,7.54,87.86,2.18,3.76,0.00,-16.71,-11.30,4.55,4.53,3.94,3.51,0.38,4.54,-4.14,224
24620,2,85.80,6.92,87.80,2.07,3.54,0.00,-16.57,-11.16,4.30,4.27,3.94,3.51,0.52,4.29,-4.20,224
24640,2,85.39,-1.05,87.86,2.26,4.40,0.00,-16.46,-11.04,3.52,3.52,3.94,3.51,0.64,3.52,-4.14,224
24661,2,84.68,-11.01,87.92,3.17,7.23,0.00,-16.37,-10.96,2.47,2.37,3.94,3.51,0.72,2.42,-4.08,224
24681,2,84.23,-14.46,87.98,3.69,8.53,0.00,-16.31,-10.89,1.96,1.94,3.94,3.51,0.79,1.95,-4.02,224
24700,2,84.40,-8.23,88.04,3.65,8.10,0.00,-16.23,-10.81,3.13,3.12,3.94,3.51,0.86,3.13,-3.96,224
24721,2,84.94,1.64,88.10,3.10,6.07,0.00,-16.11,-10.69,4.72,4.78,3.94,3.51,0.99,4.75,-3.90,224
24741,2,85.52,9.29,88.16,2.58,4.41,0.00,-15.95,-10.54,5.53,5.51,3.94,3.51,1.14,5.52,-3.84,224
24759,2,85.86,12.10,88.10,2.30,3.63,0.00,-15.78,-10.37,5.22,5.45,3.94,3.51,1.31,5.33,-3.90,224
24781,2,85.59,4.01,88.13,2.50,4.69,0.00,-15.64,-10.22,4.46,4.37,3.94,3.51,1.46,4.42,-3.87,224
24801,2,84.92,-7.07,88.19,3.22,7.00,0.00,-15.53,-10.11,2.99,2.84,3.94,3.51,1.56,2.91,-3.81,224
24820,2,84.19,-15.44,88.25,3.85,8.83,0.00,-15.45,-10.04,2.08,1.99,3.94,3.51,1.64,2.04,-3.75,224
24842,2,84.02,-13.61,88.31,4.23,9.56,0.00,-15.38,-9.97,2.80,3.04,3.94,3.51,1.71,2.92,-3.69,224
24860,2,84.33,-6.25,88.37,3.98,8.46,0.00,-15.27,-9.85,4.56,4.64,3.94,3.51,1.83,4.60,-3.63,224
24880,2,85.07,5.61,88.43,3.46,6.64,0.00,-15.10,-9.69,5.92,5.86,3.94,3.51,1.99,5.89,-3.57,224
24901,2,85.49,9.78,88.49,2.95,5.11,0.00,-14.92,-9.51,6.30,6.25,3.94,3.51,2.17,6.28,-3.51,224
24921,2,85.52,7.23,88.52,2.97,5.36,0.00,-14.73,-9.32,5.69,5.52,3.94,3.51,2.36,5.60,-3.48,224
24940,2,84.79,-5.33,88.58,3.52,7.22,0.00,-14.59,-9.17,4.28,4.34,3.94,3.51,2.51,4.31,-3.42,224
24961,2,83.99,-15.46,88.64,4.58,10.40,0.00,-14.48,-9.06,3.19,3.19,3.94,3.51,2.62,3.19,-3.36,224
24980,2,83.65,-16.45,88.70,4.93,11.21,0.00,-14.38,-8.97,3.45,3.23,3.94,3.51,2.71,3.34,-3.30,224
25001,2,83.96,-7.79,88.76,4.74,10.10,0.00,-14.25,-8.84,5.09,5.06,3.94,3.51,2.84,5.07,-3.24,224
25019,2,84.45,1.01,88.82,4.30,8.52,0.00,-14.07,-8.66,6.74,6.66,3.94,3.51,3.02,6.70,-3.18,224
25042,2,85.15,9.79,88.88,3.66,6.54,0.00,-13.85,-8.44,7.34,7.32,3.94,3.51,3.24,7.33,-3.12,224
25060,2,85.14,6.58,88.94,3.69,6.74,0.00,-13.64,-8.23,6.90,6.99,3.94,3.51,3.45,6.95,-3.06,224
25081,2,84.52,-4.39,89.00,4.42,9.18,0.00,-13.45,-8.04,5.68,5.45,3.94,3.51,3.64,5.57,-3.00,224
25101,2,83.54,-17.35,89.06,5.45,12.29,0.00,-13.30,-7.89,4.36,4.31,3.94,3.51,3.79,4.34,-2.94,224
25121,2,82.95,-20.90,89.12,6.10,13.88,0.00,-13.18,-7.77,4.22,4.20,3.94,3.51,3.91,4.21,-2.88,224
25140,2,83.35,-9.71,89.18,5.90,12.81,0.00,-13.02,-7.61,5.96,5.96,3.94,3.51,4.07,5.96,-2.82,224
25161,2,84.08,3.14,89.24,5.10,9.95,0.00,-12.81,-7.40,8.03,8.02,3.94,3.51,4.28,8.02,-2.76,224
25180,2,84.80,12.18,89.29,4.60,8.36,0.00,-12.54,-7.14,8.78,8.84,3.94,3.51,4.54,8.81,-2.70,224
25201,2,85.00,11.20,89.36,4.30,7.70,0.00,-12.28,-6.87,8.50,8.45,3.94,3.51,4.81,8.48,-2.64,224
25220,2,84.22,-3.03,89.41,4.90,9.74,0.00,-12.05,-6.64,6.99,7.04,3.94,3.51,5.04,7.01,-2.58,224
25242,2,83.08,-18.64,89.48,6.33,14.16,0.00,-11.87,-6.46,5.25,5.11,3.94,3.51,5.22,5.18,-2.52,224
25260,2,82.45,-22.89,89.54,6.91,15.62,0.00,-11.72,-6.32,4.85,4.83,3.94,3.51,5.37,4.84,-2.46,224
25280,2,82.48,-17.74,89.60,7.06,15.54,0.00,-11.55,-6.14,6.71,6.88,3.94,3.51,5.54,6.79,-2.40,224
25301,2,83.40,0.53,89.66,6.20,12.36,0.00,-11.31,-5.90,8.89,9.06,3.94,3.51,5.78,8.98,-2.34,224
25321,2,84.24,11.78,89.72,5.42,9.89,0.00,-11.01,-5.61,10.24,10.13,3.94,3.51,6.08,10.19,-2.28,224
25340,2,84.69,14.60,89.78,5.11,9.06,0.00,-10.70,-5.29,10.21,10.18,3.94,3.51,6.39,10.19,-2.22,224
25361,2,84.45,7.85,89.84,5.33,10.03,0.00,-10.41,-5.00,8.77,8.81,3.94,3.51,6.68,8.79,-2.16,224
25380,2,83.55,-2.75,89.90,6.07,12.18,0.00,-10.18,-4.77,6.56,6.58,3.94,3.51,6.91,6.57,-2.10,224
25400,2,83.14,-3.65,89.96,6.71,13.76,0.00,-9.99,-4.59,6.03,5.42,3.94,3.51,7.09,5.72,-2.04,224
25421,2,83.59,7.09,90.02,6.36,12.15,0.00,-9.81,-4.43,6.30,6.23,3.94,3.51,7.27,6.27,-1.98,224
25442,2,84.80,25.62,90.08,5.22,8.38,0.00,-9.60,-4.20,7.75,8.38,3.94,3.51,7.49,8.06,-1.92,224
25460,2,86.66,46.67,90.02,3.87,4.36,0.00,-9.34,-3.92,9.02,9.19,3.94,3.51,7.76,9.11,-1.98,224
25481,2,87.81,50.84,89.96,2.21,0.35,0.00,-9.06,-3.65,8.84,8.71,3.94,3.51,8.03,8.77,-2.04,224
25500,2,87.53,34.14,89.90,2.30,1.50,0.00,-8.84,-3.43,6.14,6.05,3.94,3.51,8.25,6.09,-2.10,224
25520,2,86.47,11.41,89.84,3.11,4.84,0.00,-8.71,-3.30,2.91,2.59,3.94,3.51,8.38,2.75,-2.16,224
25542,2,85.74,-0.95,89.78,4.10,8.27,0.00,-8.67,-3.27,0.81,0.66,3.94,3.51,8.42,0.73,-2.22,224
25560,2,85.61,-1.60,89.72,4.24,8.72,0.00,-8.64,-3.24,1.38,1.31,3.94,3.51,8.44,1.34,-2.28,224
25581,2,86.81,15.85,89.66,2.90,4.53,0.00,-8.57,-3.16,3.44,3.77,3.94,3.51,8.52,3.60,-2.34,224
25601,2,88.21,31.34,89.60,1.44,0.38,0.00,-8.43,-3.02,5.43,5.42,3.94,3.51,8.66,5.42,-2.40,224
25620,2,89.22,36.53,89.53,0.58,-1.74,0.00,-8.25,-2.84,5.70,5.57,3.94,3.51,8.84,5.64,-2.46,224
25642,2,88.96,22.32,89.48,0.58,-0.63,0.00,-8.11,-2.70,3.77,3.55,3.94,3.51,8.98,3.66,-2.52,224
25659,2,87.98,3.38,89.42,1.50,2.73,0.00,-8.05,-2.65,0.09,0.24,3.94,3.51,9.04,0.16,-2.58,224
25681,2,86.54,-17.27,89.36,2.88,7.13,0.00,-8.07,-2.67,-0.95,-1.09,3.94,3.51,9.02,-1.02,-2.64,224
25700,2,86.43,-14.15,89.30,2.93,7.09,0.00,-8.09,-2.69,-0.07,0.13,3.94,3.51,9.00,0.03,-2.70,224
25721,2,87.20,0.92,89.24,2.09,4.11,0.00,-8.06,-2.65,2.10,2.05,3.94,3.51,9.03,2.07,-2.76,224
25740,2,88.39,17.66,89.18,1.14,1.17,0.00,-7.96,-2.56,3.97,3.90,3.94,3.51,9.13,3.93,-2.82,224
25761,2,89.35,26.19,89.12,-0.17,-2.44,0.00,-7.83,-2.42,4.60,4.57,3.94,3.51,9.26,4.59,-2.88,224
25780,2,89.36,20.72,89.06,-0.25,-2.15,0.00,-7.70,-2.30,3.22,3.36,3.94,3.51,9.39,3.29,-2.94,224
25801,2,88.39,0.03,88.99,0.66,1.32,0.00,-7.66,-2.25,0.04,0.10,3.94,3.51,9.43,0.07,-3.00,224
25820,2,87.39,-13.22,88.93,1.36,3.57,0.00,-7.68,-2.27,-1.26,-1.31,3.94,3.51,9.41,-1.29,-3.06,224
25842,2,87.20,-11.18,88.88,1.73,4.36,0.00,-7.72,-2.31,-0.97,-1.14,3.94,3.51,9.37,-1.05,-3.12,224
25860,2,87.78,1.39,88.82,1.28,2.71,0.00,-7.71,-2.31,0.81,0.58,3.94,3.51,9.37,0.69,-3.18,224
25881,2,88.74,15.38,88.76,0.07,-1.09,0.00,-7.67,-2.26,2.12,2.30,3.94,3.51,9.42,2.21,-3.24,224
25900,2,89.66,24.31,88.70,-0.70,-3.22,0.00,-7.59,-2.18,2.61,2.85,3.94,3.51,9.50,2.73,-3.30,224
25920,2,89.57,16.42,88.63,-0.99,-3.55,0.00,-7.52,-2.11,1.92,2.02,3.94,3.51,9.57,1.97,-3.36,224
25942,2,88.90,2.79,88.58,-0.27,-0.76,0.00,-7.50,-2.10,-0.59,-0.63,3.94,3.51,9.59,-0.61,-3.42,240
25960,2,88.22,-7.02,88.52,0.20,0.81,0.00,-7.55,-2.14,-1.88,-1.86,3.94,3.51,9.54,-1.87,-3.48,224
25981,2,87.91,-8.35,88.46,0.60,1.87,0.00,-7.61,-2.20,-1.99,-1.94,3.94,3.51,9.48,-1.96,-3.54,224
26001,2,88.19,-1.24,88.40,0.26,0.63,0.00,-7.65,-2.25,-1.09,-0.70,3.94,3.51,9.44,-0.90,-3.60,240
26020,2,89.06,11.73,88.34,-0.44,-1.57,0.00,-7.65,-2.24,0.64,0.76,3.94,3.51,9.44,0.70,-3.66,224
26040,2,89.91,20.49,88.40,-1.57,-4.79,0.00,-7.62,-2.21,1.17,1.15,3.94,3.51,9.47,1.16,-3.60,224
26061,2,90.06,17.48,88.46,-1.66,-4.73,0.00,-7.59,-2.19,0.55,-0.04,3.94,3.51,9.50,0.26,-3.54,224
26081,2,89.91,10.38,88.52,-1.45,-3.73,0.00,-7.61,-2.20,-1.16,-1.15,3.94,3.51,9.48,-1.15,-3.48,224
26100,2,89.32,-0.53,88.46,-0.95,-2.06,0.00,-7.66,-2.26,-2.49,-2.37,3.94,3.51,9.43,-2.43,-3.54,224
26121,2,88.88,-6.32,88.40,-0.43,-0.35,0.00,-7.75,-2.34,-3.10,-2.99,3.94,3.51,9.34,-3.04,-3.60,224
26142,2,88.90,-4.10,88.34,-0.50,-0.68,0.00,-7.84,-2.43,-2.61,-2.70,3.94,3.51,9.25,-2.65,-3.66,224
26159,2,89.22,1.60,88.39,-0.88,-1.89,0.00,-7.90,-2.49,-1.08,-1.28,3.94,3.51,9.19,-1.18,-3.61,224
26181,2,90.20,14.83,88.45,-1.82,-4.83,0.00,-7.91,-2.51,0.02,-0.14,3.94,3.51,9.18,-0.06,-3.55,224
26201,2,90.69,17.70,88.51,-2.25,-5.91,0.00,-7.91,-2.52,-0.58,-0.58,3.94,3.51,9.17,-0.58,-3.49,224
26220,2,90.58,11.20,88.57,-2.13,-5.29,0.00,-7.95,-2.54,-1.68,-1.47,3.94,3.51,9.14,-1.57,-3.43,224
26242,2,90.18,2.13,88.63,-1.62,-3.41,0.00,-8.02,-2.61,-2.93,-2.77,3.94,3.51,9.07,-2.85,-3.37,224
26260,2,89.77,-4.54,88.61,-1.24,-2.21,0.00,-8.12,-2.71,-3.51,-3.70,3.94,3.51,8.97,-3.60,-3.39,224
26281,2,89.64,-5.15,88.57,-1.03,-1.66,0.00,-8.23,-2.82,-3.41,-3.59,3.94,3.51,8.86,-3.50,-3.43,224
26299,2,90.03,1.41,88.63,-1.45,-3.02,0.00,-8.32,-2.92,-2.40,-2.63,3.94,3.51,8.77,-2.52,-3.37,224
26321,2,90.98,13.48,88.69,-2.35,-5.78,0.00,-8.37,-2.97,-1.33,-1.03,3.94,3.51,8.71,-1.18,-3.31,224
26340,2,91.32,13.73,88.75,-2.58,-6.29,0.00,-8.40,-2.99,-0.87,-0.85,3.94,3.51,8.69,-0.86,-3.25,224
26361,2,91.07,5.49,88.81,-2.32,-5.07,0.00,-8.45,-3.04,-2.03,-2.20,3.94,3.51,8.64,-2.12,-3.19,224
26380,2,90.39,-6.18,88.87,-1.75,-3.22,0.00,-8.54,-3.13,-3.55,-3.60,3.94,3.51,8.55,-3.58,-3.13,224
26400,2,89.80,-12.83,88.81,-1.06,-1.19,0.00,-8.66,-3.25,-4.04,-4.20,3.94,3.51,8.43,-4.12,-3.19,224
26420,2,89.76,-9.79,88.75,-0.92,-0.95,0.00,-8.78,-3.37,-3.56,-3.72,3.94,3.51,8.31,-3.64,-3.25,224
26442,2,90.51,2.76,88.81,-1.76,-3.74,0.00,-8.86,-3.46,-2.05,-2.05,3.94,3.51,8.23,-2.05,-3.19,224
26460,2,91.34,12.19,88.87,-2.34,-5.52,0.00,-8.89,-3.49,-0.57,-0.49,3.94,3.51,8.19,-0.53,-3.13,224
26481,2,91.44,8.46,88.93,-2.57,-5.81,0.00,-8.91,-3.50,-0.87,-0.65,3.94,3.51,8.18,-0.76,-3.07,224
26501,2,90.81,-3.68,88.99,-1.87,-3.45,0.00,-8.96,-3.54,-2.25,-2.16,3.94,3.51,8.14,-2.20,-3.01,224
26521,2,89.97,-14.87,88.93,-0.98,-0.77,0.00,-9.05,-3.64,-3.59,-3.72,3.94,3.51,8.04,-3.66,-3.07,224
26540,2,89.39,-18.77,88.87,-0.57,0.33,0.00,-9.16,-3.76,-3.89,-3.97,3.94,3.51,7.92,-3.93,-3.13,224
26560,2,89.50,-11.61,88.81,-0.46,0.32,0.00,-9.27,-3.87,-2.88,-2.84,3.94,3.51,7.82,-2.86,-3.19,224
26581,2,90.52,4.74,88.87,-1.71,-3.80,0.00,-9.32,-3.91,-0.58,-0.27,3.94,3.51,7.77,-0.43,-3.13,224
26601,2,91.21,11.65,88.93,-2.34,-5.61,0.00,-9.31,-3.90,0.14,0.52,3.94,3.51,7.78,0.33,-3.07,224
26620,2,91.06,5.05,88.99,-2.21,-4.99,0.00,-9.32,-3.90,-0.52,-0.52,3.94,3.51,7.77,-0.52,-3.01,224
26641,2,90.29,-7.59,89.05,-1.30,-1.99,0.00,-9.36,-3.95,-1.92,-2.05,3.94,3.51,7.73,-1.98,-2.95,224
26662,2,89.35,-18.56,88.99,-0.30,0.88,0.00,-9.44,-4.03,-3.25,-3.34,3.94,3.51,7.65,-3.30,-3.01,224
26679,2,88.83,-21.98,88.93,0.16,2.08,0.00,-9.54,-4.14,-3.24,-3.46,3.94,3.51,7.54,-3.35,-3.07,224
26701,2,89.54,-5.01,88.87,-0.61,-0.82,0.00,-9.62,-4.22,-1.90,-1.81,3.94,3.51,7.46,-1.85,-3.13,224
26720,2,90.50,8.77,88.93,-1.41,-3.28,0.00,-9.64,-4.23,0.36,0.66,3.94,3.51,7.46,0.51,-3.07,224
26741,2,90.89,10.22,88.99,-1.96,-4.73,0.00,-9.61,-4.20,0.90,0.97,3.94,3.51,7.48,0.93,-3.01,224
26762,2,90.67,3.16,89.05,-1.68,-3.62,0.00,-9.60,-4.19,-0.47,-0.45,3.94,3.51,7.49,-0.46,-2.95,224
26780,2,89.77,-10.56,88.99,-0.96,-1.33,0.00,-9.64,-4.24,-1.92,-2.02,3.94,3.51,7.45,-1.97,-3.01,224
26800,2,88.90,-19.77,88.93,-0.12,1.20,0.00,-9.74,-4.32,-2.92,-2.92,3.94,3.51,7.36,-2.92,-3.07,224
26821,2,88.45,-20.27,88.88,0.48,2.59,0.00,-9.80,-4.40,-2.78,-2.63,3.94,3.51,7.28,-2.71,-3.12,224
26841,2,88.71,-10.53,88.82,0.18,1.20,0.00,-9.86,-4.45,-0.62,-0.73,3.94,3.51,7.23,-0.68,-3.18,224
26860,2,89.55,3.86,88.88,-0.52,-1.10,0.00,-9.85,-4.44,1.14,0.99,3.94,3.51,7.24,1.06,-3.12,224
26881,2,90.21,10.87,88.94,-1.33,-3.53,0.00,-9.81,-4.40,1.48,1.40,3.94,3.51,7.28,1.44,-3.06,224
26900,2,89.96,3.70,89.00,-1.10,-2.66,0.00,-9.78,-4.36,0.82,0.71,3.94,3.51,7.32,0.77,-3.00,224
26921,2,89.38,-5.59,88.98,-0.38,-0.31,0.00,-9.78,-4.37,-0.80,-0.94,3.94,3.51,7.31,-0.87,-3.02,224
26940,2,88.74,-13.18,88.94,0.08,1.09,0.00,-9.82,-4.42,-1.57,-1.75,3.94,3.51,7.27,-1.66,-3.06,224
26962,2,88.40,-13.84,89.00,0.54,2.19,0.00,-9.87,-4.47,-1.73,-1.65,3.94,3.51,7.21,-1.69,-3.00,224
26980,2,88.96,-2.82,88.94,0.18,0.79,0.00,-9.91,-4.50,-0.50,-0.35,3.94,3.51,7.18,-0.42,-3.06,240
27001,2,89.62,6.67,89.00,-0.67,-1.88,0.00,-9.90,-4.49,0.85,0.82,3.94,3.51,7.19,0.84,-3.00,224
27020,2,89.92,8.45,89.06,-0.87,-2.41,0.00,-9.87,-4.46,0.91,1.30,3.94,3.51,7.22,1.10,-2.94,224
27041,2,89.77,3.53,89.12,-0.71,-1.70,0.00,-9.84,-4.44,0.20,-0.01,3.94,3.51,7.24,0.10,-2.88,224
27060,2,89.29,-4.03,89.07,-0.29,-0.39,0.00,-9.86,-4.45,-0.76,-1.04,3.94,3.51,7.23,-0.90,-2.93,224
27081,2,88.84,-9.09,89.12,0.23,1.19,0.00,-9.89,-4.49,-1.34,-1.34,3.94,3.51,7.19,-1.34,-2.88,224
27100,2,88.65,-8.81,89.18,0.44,1.62,0.00,-9.93,-4.53,-1.23,-1.14,3.94,3.51,7.16,-1.18,-2.82,224
27121,2,88.98,-2.14,89.17,0.20,0.57,0.00,-9.96,-4.55,-0.25,-0.02,3.94,3.51,7.13,-0.14,-2.83,240
27141,2,89.47,5.27,89.23,-0.31,-1.04,0.00,-9.95,-4.54,0.80,0.64,3.94,3.51,7.14,0.72,-2.77,224
27162,2,89.83,8.05,89.29,-0.60,-1.84,0.00,-9.92,-4.51,0.78,0.91,3.94,3.51,7.17,0.85,-2.71,224
27180,2,89.69,3.39,89.32,-0.45,-1.28,0.00,-9.90,-4.49,0.50,0.21,3.94,3.51,7.19,0.35,-2.68,224
27200,2,89.37,-2.28,89.26,-0.14,-0.21,0.00,-9.91,-4.50,-0.63,-0.48,3.94,3.51,7.18,-0.55,-2.74,240
27221,2,88.98,-7.09,89.32,0.29,1.14,0.00,-9.93,-4.52,-0.95,-0.63,3.94,3.51,7.17,-0.79,-2.68,224
27241,2,88.81,-7.35,89.38,0.51,1.61,0.00,-9.95,-4.54,-0.86,-0.90,3.94,3.51,7.14,-0.88,-2.62,224
27260,2,89.10,-1.55,89.38,0.36,0.95,0.00,-9.96,-4.56,0.06,-0.09,3.94,3.51,7.12,-0.02,-2.62,240
27281,2,89.42,3.20,89.33,-0.04,-0.34,0.00,-9.95,-4.54,0.59,0.76,3.94,3.51,7.14,0.67,-2.67,240
27300,2,89.65,5.04,89.39,-0.28,-0.95,0.00,-9.93,-4.52,0.97,0.76,3.94,3.51,7.16,0.87,-2.61,224
27320,2,89.55,2.47,89.42,-0.21,-0.69,0.00,-9.91,-4.50,0.59,0.41,3.94,3.51,7.18,0.50,-2.58,240
27341,2,89.40,-0.26,89.40,0.02,0.07,0.00,-9.90,-4.50,-0.23,-0.12,3.94,3.51,7.18,-0.17,-2.60,240
27362,2,89.24,-2.17,89.46,0.16,0.49,0.00,-9.91,-4.51,-0.52,-0.25,3.94,3.51,7.17,-0.38,-2.54,240
27380,2,89.30,-0.64,89.50,0.17,0.43,0.00,-9.93,-4.52,-0.24,-0.36,3.94,3.51,7.16,-0.30,-2.50,240
27401,2,89.45,1.88,89.49,0.04,-0.06,0.00,-9.93,-4.53,0.10,-0.13,3.94,3.51,7.16,-0.02,-2.51,240
27421,2,89.65,4.45,89.55,-0.16,-0.68,0.00,-9.92,-4.53,0.19,0.09,3.94,3.51,7.16,0.14,-2.45,224
27440,2,89.88,6.69,89.61,-0.27,-1.03,0.00,-9.92,-4.52,0.07,0.26,3.94,3.51,7.17,0.16,-2.39,224
27462,2,90.03,7.34,89.67,-0.42,-1.43,0.00,-9.92,-4.51,-0.03,0.17,3.94,3.51,7.17,0.07,-2.33,224
27480,2,90.14,7.01,89.72,-0.45,-1.49,0.00,-9.93,-4.51,-0.28,-0.22,3.94,3.51,7.17,-0.25,-2.28,224
27501,2,90.11,4.96,89.72,-0.38,-1.17,0.00,-9.93,-4.53,-0.34,-0.73,3.94,3.51,7.15,-0.54,-2.28,224
27521,2,90.10,3.99,89.74,-0.39,-1.09,0.00,-9.96,-4.56,-0.91,-0.73,3.94,3.51,7.13,-0.82,-2.26,224
27540,2,90.20,4.54,89.78,-0.43,-1.21,0.00,-9.99,-4.58,-1.01,-0.83,3.94,3.51,7.10,-0.92,-2.22,224
27562,2,90.36,5.81,89.84,-0.57,-1.61,0.00,-10.02,-4.60,-0.84,-0.70,3.94,3.51,7.08,-0.77,-2.16,224
27579,2,90.58,8.02,89.90,-0.74,-2.12,0.00,-10.04,-4.63,-0.75,-0.92,3.94,3.51,7.05,-0.83,-2.10,224
27601,2,90.91,10.40,89.96,-1.01,-2.86,0.00,-10.06,-4.65,-0.41,-0.85,3.94,3.51,7.03,-0.63,-2.04,224
27621,2,91.04,9.64,90.02,-1.08,-2.93,0.00,-10.08,-4.68,-0.94,-0.83,3.94,3.51,7.01,-0.88,-1.98,224
27640,2,91.11,8.27,90.06,-1.08,-2.84,0.00,-10.12,-4.72,-1.49,-1.37,3.94,3.51,6.97,-1.43,-1.94,224
27662,2,91.16,7.12,90.08,-1.10,-2.77,0.00,-10.17,-4.76,-1.92,-1.55,3.94,3.51,6.92,-1.73,-1.92,224
27680,2,91.27,7.05,90.12,-1.15,-2.84,0.00,-10.23,-4.82,-1.79,-1.88,3.94,3.51,6.86,-1.84,-1.88,224
27700,2,91.51,9.05,90.18,-1.33,-3.34,0.00,-10.28,-4.87,-1.87,-2.05,3.94,3.51,6.81,-1.96,-1.82,224
27721,2,91.81,11.29,90.24,-1.63,-4.17,0.00,-10.34,-4.93,-1.75,-1.74,3.94,3.51,6.75,-1.75,-1.76,224
27740,2,92.12,12.91,90.30,-1.80,-4.61,0.00,-10.39,-4.98,-1.74,-1.83,3.94,3.51,6.70,-1.79,-1.70,224
27762,2,92.34,13.01,90.36,-2.04,-5.12,0.00,-10.45,-5.04,-2.22,-2.04,3.94,3.51,6.64,-2.13,-1.64,224
27780,2,92.45,11.54,90.42,-2.07,-5.08,0.00,-10.52,-5.11,-2.59,-2.67,3.94,3.51,6.57,-2.63,-1.58,224
27801,2,92.56,10.47,90.45,-2.14,-5.11,0.00,-10.61,-5.20,-3.06,-3.07,3.94,3.51,6.48,-3.07,-1.55,224
27820,2,92.74,10.73,90.50,-2.24,-5.33,0.00,-10.71,-5.30,-3.24,-3.26,3.94,3.51,6.39,-3.25,-1.50,224
27840,2,93.04,12.75,90.56,-2.46,-5.88,0.00,-10.80,-5.40,-3.25,-3.37,3.94,3.51,6.28,-3.31,-1.44,224
27862,2,93.41,14.99,90.62,-2.85,-6.90,0.00,-10.90,-5.50,-3.28,-3.17,3.94,3.51,6.19,-3.23,-1.38,224
27880,2,93.73,16.04,90.68,-3.04,-7.36,0.00,-11.01,-5.60,-3.47,-3.37,3.94,3.51,6.09,-3.42,-1.32,224
27901,2,93.97,15.72,90.74,-3.29,-7.84,0.00,-11.12,-5.71,-3.85,-3.93,3.94,3.51,5.97,-3.89,-1.26,224
27921,2,94.17,14.90,90.80,-3.43,-8.05,0.00,-11.24,-5.83,-4.30,-4.40,3.94,3.51,5.85,-4.35,-1.20,224
27940,2,94.34,14.04,90.85,-3.50,-8.13,0.00,-11.38,-5.98,-4.78,-4.76,3.94,3.51,5.71,-4.77,-1.15,224
27960,2,94.58,14.42,90.90,-3.66,-8.47,0.00,-11.53,-6.12,-5.15,-5.04,3.94,3.51,5.56,-5.09,-1.10,224
27981,2,94.92,16.16,90.96,-4.02,-9.34,0.00,-11.69,-6.28,-5.17,-5.19,3.94,3.51,5.40,-5.18,-1.04,224
28001,2,95.31,18.10,91.02,-4.35,-10.15,0.00,-11.85,-6.44,-5.27,-5.23,3.94,3.51,5.24,-5.25,-0.98,224
28020,2,95.73,20.01,91.08,-4.61,-10.79,0.00,-12.01,-6.60,-5.57,-5.66,3.94,3.51,5.08,-5.61,-0.92,224
28040,2,96.09,20.61,91.14,-4.93,-11.51,0.00,-12.18,-6.78,-5.82,-5.96,3.94,3.51,4.90,-5.89,-0.86,224
28062,2,96.46,20.97,91.20,-5.32,-12.32,0.00,-12.37,-6.96,-6.62,-6.46,3.94,3.51,4.72,-6.54,-0.80,224
28079,2,96.72,21.06,91.26,-5.52,-12.73,0.00,-12.59,-7.17,-6.94,-7.01,3.94,3.51,4.51,-6.98,-0.74,224
28101,2,97.08,20.22,91.32,-5.83,-13.27,0.00,-12.81,-7.39,-7.54,-7.64,3.94,3.51,4.28,-7.59,-0.68,224
28121,2,97.39,20.17,91.38,-6.08,-13.77,0.00,-13.04,-7.62,-7.93,-7.80,3.94,3.51,4.05,-7.87,-0.62,224
28139,2,97.67,20.90,91.44,-6.29,-14.26,0.00,-13.29,-7.87,-8.36,-8.40,3.94,3.51,3.80,-8.38,-0.56,224
28162,2,98.27,23.68,91.50,-6.83,-15.55,0.00,-13.54,-8.13,-8.63,-8.52,3.94,3.51,3.55,-8.58,-0.50,224
28180,2,98.94,28.10,91.56,-7.26,-16.68,0.00,-13.81,-8.39,-8.70,-8.79,3.94,3.51,3.29,-8.74,-0.44,224
28201,2,99.47,27.75,91.62,-7.91,-18.04,0.00,-14.08,-8.67,-9.27,-9.35,3.94,3.51,3.01,-9.31,-0.38,224
28219,2,99.67,22.63,91.67,-8.05,-17.92,0.00,-14.38,-8.96,-10.09,-10.11,3.94,3.51,2.72,-10.10,-0.32,224
28241,2,99.46,10.16,91.73,-7.78,-16.38,0.00,-14.70,-9.28,-11.15,-10.88,3.94,3.51,2.40,-11.01,-0.26,224
28260,2,99.07,1.28,91.79,-7.42,-15.08,0.00,-15.04,-9.62,-11.47,-11.48,3.94,3.51,2.06,-11.47,-0.20,224
28281,2,98.85,-3.38,91.73,-7.06,-13.85,0.00,-15.39,-9.98,-11.24,-11.71,3.94,3.51,1.70,-11.47,-0.26,224
28300,2,98.82,-5.09,91.73,-7.07,-13.75,0.00,-15.73,-10.32,-11.10,-11.08,3.94,3.51,1.36,-11.09,-0.26,224
28322,2,98.85,-6.86,91.74,-7.12,-13.69,0.00,-16.05,-10.64,-10.31,-9.95,3.94,3.51,1.04,-10.13,-0.25,224
28340,2,98.65,-12.05,91.69,-6.91,-12.85,0.00,-16.35,-10.92,-9.29,-9.14,3.93,3.51,0.75,-9.22,-0.31,224
28362,2,98.07,-19.04,91.63,-6.38,-11.24,0.00,-16.62,-11.20,-8.46,-8.97,3.93,3.51,0.48,-8.72,-0.37,224
28380,2,97.31,-25.77,91.57,-5.87,-9.81,0.00,-16.87,-11.46,-8.64,-8.56,3.93,3.51,0.22,-8.60,-0.43,224
28401,2,96.59,-30.38,91.51,-5.03,-7.62,0.00,-17.14,-11.72,-8.82,-8.59,3.93,3.51,-0.05,-8.70,-0.49,224
28420,2,96.23,-28.29,91.45,-4.79,-7.25,0.00,-17.40,-11.97,-8.14,-8.16,3.93,3.51,-0.30,-8.15,-0.55,224
28441,2,96.35,-21.01,91.39,-4.90,-8.12,0.00,-17.62,-12.21,-6.75,-6.80,3.93,3.51,-0.53,-6.78,-0.61,224
28460,2,96.64,-13.92,91.33,-5.18,-9.11,0.00,-17.80,-12.38,-5.28,-5.30,3.93,3.51,-0.70,-5.29,-0.67,224
28480,2,96.58,-12.93,91.27,-5.31,-9.62,0.00,-17.94,-12.53,-4.60,-4.54,3.93,3.51,-0.85,-4.57,-0.73,224
28501,2,95.80,-20.72,91.21,-4.53,-7.41,0.00,-18.09,-12.68,-5.37,-5.33,3.94,3.51,-1.00,-5.35,-0.79,224
28521,2,94.90,-28.44,91.15,-3.69,-5.10,0.00,-18.27,-12.86,-6.30,-6.41,3.94,3.51,-1.18,-6.36,-0.85,224
28540,2,94.03,-34.27,91.09,-3.09,-3.54,0.00,-18.47,-13.06,-6.51,-6.54,3.94,3.51,-1.38,-6.53,-0.91,224
28562,2,93.84,-30.07,91.03,-2.75,-3.10,0.00,-18.66,-13.25,-5.64,-5.75,3.94,3.51,-1.57,-5.69,-0.97,224
28580,2,94.07,-22.06,90.97,-2.97,-4.03,0.00,-18.79,-13.39,-3.63,-3.62,3.94,3.51,-1.70,-3.62,-1.03,224
28600,2,94.16,-17.11,90.91,-3.19,-4.93,0.00,-18.88,-13.47,-2.17,-2.22,3.94,3.51,-1.79,-2.20,-1.09,224
28621,2,93.74,-19.77,90.85,-2.84,-4.09,0.00,-18.93,-13.53,-1.89,-1.81,3.94,3.51,-1.84,-1.85,-1.15,224
28641,2,92.88,-27.11,90.79,-2.03,-1.90,0.00,-19.00,-13.60,-2.74,-2.74,3.94,3.51,-1.91,-2.74,-1.21,224
28660,2,91.89,-33.67,90.73,-1.34,-0.08,0.00,-19.10,-13.70,-3.69,-3.50,3.94,3.51,-2.02,-3.59,-1.27,224
28682,2,91.28,-32.94,90.67,-0.55,1.53,0.00,-19.21,-13.80,-3.31,-3.40,3.94,3.51,-2.12,-3.36,-1.33,224
28700,2,91.83,-19.46,90.61,-0.98,-0.15,0.00,-19.29,-13.88,-1.95,-1.88,3.94,3.51,-2.20,-1.91,-1.39,224
28720,2,92.12,-12.40,90.55,-1.48,-1.88,0.00,-19.31,-13.90,0.25,0.23,3.94,3.51,-2.22,0.24,-1.45,224
28741,2,91.69,-15.41,90.49,-1.15,-1.06,0.00,-19.29,-13.88,0.38,0.65,3.94,3.51,-2.20,0.52,-1.51,224
28762,2,91.02,-20.38,90.43,-0.54,0.56,0.00,-19.29,-13.88,-0.42,-0.35,3.94,3.51,-2.20,-0.39,-1.57,224
28780,2,90.23,-25.15,90.37,0.01,1.97,0.00,-19.32,-13.91,-1.05,-1.28,3.94,3.51,-2.23,-1.16,-1.63,224
28801,2,89.79,-23.69,90.31,0.58,3.05,0.00,-19.35,-13.95,-0.91,-1.28,3.94,3.51,-2.26,-1.09,-1.69,224
28820,2,90.05,-13.57,90.25,0.33,1.93,0.00,-19.37,-13.96,0.15,0.28,3.94,3.51,-2.28,0.21,-1.75,224
28841,2,90.41,-4.57,90.19,-0.16,0.04,0.00,-19.34,-13.94,1.21,1.27,3.94,3.51,-2.25,1.24,-1.81,224
28859,2,90.67,0.55,90.13,-0.48,-1.00,0.00,-19.30,-13.89,1.75,1.55,3.94,3.51,-2.21,1.65,-1.87,224
28882,2,90.49,-1.74,90.07,-0.36,-0.58,0.00,-19.25,-13.85,1.47,1.32,3.94,3.51,-2.16,1.40,-1.93,240
28900,2,89.99,-7.96,90.01,-0.04,0.44,0.00,-19.24,-13.83,-0.14,-0.18,3.94,3.51,-2.15,-0.16,-1.99,224
28921,2,89.57,-11.04,89.95,0.44,1.76,0.00,-19.25,-13.84,-0.66,-0.49,3.94,3.51,-2.16,-0.57,-2.05,224
28940,2,89.36,-10.37,89.89,0.55,1.95,0.00,-19.26,-13.86,-0.15,-0.50,3.94,3.51,-2.17,-0.33,-2.11,224
28961,2,89.45,-5.56,89.83,0.44,1.32,0.00,-19.26,-13.86,0.31,0.19,3.94,3.51,-2.18,0.25,-2.17,224
28980,2,89.75,0.93,89.77,0.16,0.36,0.00,-19.24,-13.84,0.67,0.99,3.94,3.51,-2.16,0.83,-2.23,240
29001,2,90.06,5.45,89.71,-0.30,-1.03,0.00,-19.21,-13.81,1.19,1.41,3.94,3.51,-2.12,1.30,-2.29,224
29020,2,89.97,2.58,89.65,-0.32,-0.94,0.00,-19.18,-13.77,1.05,1.11,3.94,3.51,-2.09,1.08,-2.35,240
29041,2,89.71,-1.54,89.59,-0.07,-0.01,0.00,-19.17,-13.75,-0.06,-0.12,3.94,3.51,-2.07,-0.09,-2.41,240
29061,2,89.48,-4.12,89.53,0.11,0.54,0.00,-19.17,-13.77,-0.32,-0.56,3.94,3.51,-2.08,-0.44,-2.47,224
29082,2,89.37,-4.12,89.54,0.16,0.65,0.00,-19.18,-13.79,-0.35,-0.56,3.94,3.51,-2.10,-0.45,-2.46,224
29100,2,89.47,-1.14,89.50,0.09,0.33,0.00,-19.19,-13.79,-0.16,0.04,3.94,3.51,-2.11,-0.06,-2.50,240
29120,2,89.65,2.16,89.52,-0.10,-0.30,0.00,-19.19,-13.78,0.16,0.14,3.94,3.51,-2.10,0.15,-2.48,240
29141,2,89.80,3.97,89.56,-0.28,-0.88,0.00,-19.18,-13.78,0.41,0.38,3.94,3.51,-2.09,0.40,-2.44,240
29162,2,89.86,4.01,89.56,-0.30,-0.92,0.00,-19.17,-13.77,0.07,0.15,3.94,3.51,-2.08,0.11,-2.44,224
29180,2,89.81,2.50,89.53,-0.27,-0.77,0.00,-19.18,-13.77,-0.20,-0.27,3.94,3.51,-2.09,-0.24,-2.47,240
29201,2,89.70,0.60,89.49,-0.16,-0.38,0.00,-19.18,-13.78,-0.39,-0.49,3.94,3.51,-2.10,-0.44,-2.51,240
29220,2,89.69,0.37,89.50,-0.20,-0.45,0.00,-19.20,-13.80,-0.59,-0.30,3.94,3.51,-2.11,-0.45,-2.50,240
29240,2,89.71,-0.12,89.49,-0.21,-0.42,0.00,-19.22,-13.81,-0.34,-0.41,3.94,3.51,-2.13,-0.38,-2.51,240
29261,2,89.62,-1.42,89.46,-0.13,-0.14,0.00,-19.23,-13.82,-0.28,-0.32,3.94,3.51,-2.14,-0.30,-2.54,240
29280,2,89.57,-1.79,89.44,-0.11,-0.07,0.00,-19.24,-13.83,-0.39,-0.40,3.94,3.51,-2.15,-0.40,-2.56,240
29301,2,89.57,-1.58,89.44,-0.13,-0.13,0.00,-19.25,-13.84,-0.27,-0.15,3.94,3.51,-2.16,-0.21,-2.56,240
29321,2,89.53,-1.91,89.42,-0.09,-0.02,0.00,-19.25,-13.84,-0.03,-0.20,3.94,3.51,-2.16,-0.11,-2.58,240
29340,2,89.45,-2.48,89.40,-0.05,0.09,0.00,-19.25,-13.85,-0.03,-0.24,3.94,3.51,-2.17,-0.13,-2.60,240
29360,2,89.40,-2.57,89.38,-0.01,0.18,0.00,-19.26,-13.86,-0.07,-0.12,3.94,3.51,-2.17,-0.09,-2.62,240
29382,2,89.34,-2.54,89.39,0.04,0.28,0.00,-19.26,-13.86,-0.04,-0.00,3.94,3.51,-2.17,-0.02,-2.61,240
29400,2,89.29,-2.38,89.40,0.08,0.36,0.00,-19.26,-13.86,-0.03,0.04,3.94,3.51,-2.17,0.01,-2.60,240
29421,2,89.27,-1.85,89.40,0.12,0.39,0.00,-19.26,-13.85,0.08,0.14,3.94,3.51,-2.17,0.11,-2.60,240
29441,2,89.29,-0.96,89.39,0.11,0.29,0.00,-19.25,-13.85,0.06,0.21,3.94,3.51,-2.17,0.13,-2.61,240
29460,2,89.34,0.05,89.36,0.06,0.12,0.00,-19.25,-13.84,0.16,0.34,3.94,3.51,-2.16,0.25,-2.64,240
29482,2,89.36,0.48,89.34,-0.00,-0.04,0.00,-19.24,-13.83,0.22,0.22,3.94,3.51,-2.15,0.22,-2.66,240
29499,2,89.36,0.43,89.33,-0.02,-0.07,0.00,-19.24,-13.83,0.29,0.08,3.94,3.51,-2.15,0.18,-2.66,240
29521,2,89.30,-0.27,89.33,0.04,0.10,0.00,-19.23,-13.83,0.16,0.12,3.94,3.51,-2.14,0.14,-2.67,240
29541,2,89.26,-0.44,89.34,0.07,0.18,0.00,-19.23,-13.82,0.00,0.03,3.94,3.51,-2.14,0.02,-2.66,240
29561,2,89.24,-0.43,89.34,0.10,0.24,0.00,-19.23,-13.82,0.01,0.04,3.94,3.51,-2.14,0.03,-2.66,240
29580,2,89.25,-0.06,89.33,0.10,0.21,0.00,-19.23,-13.82,0.09,0.04,3.94,3.51,-2.14,0.07,-2.67,240
29601,2,89.30,0.80,89.30,0.03,-0.01,0.00,-19.23,-13.82,0.12,0.14,3.94,3.51,-2.14,0.13,-2.70,240
29619,2,89.34,1.19,89.30,-0.04,-0.17,0.00,-19.22,-13.81,0.18,0.12,3.94,3.51,-2.13,0.15,-2.70,240
29641,2,89.32,0.59,89.28,-0.02,-0.09,0.00,-19.22,-13.81,0.08,0.07,3.94,3.51,-2.13,0.07,-2.72,240
29661,2,89.29,0.18,89.27,-0.01,-0.03,0.00,-19.22,-13.81,-0.03,-0.03,3.94,3.51,-2.13,-0.03,-2.73,240
29682,2,89.25,-0.32,89.27,0.02,0.06,0.00,-19.22,-13.81,-0.03,-0.04,3.94,3.51,-2.13,-0.03,-2.73,240
29700,2,89.21,-0.67,89.27,0.05,0.14,0.00,-19.22,-13.81,-0.06,-0.10,3.94,3.51,-2.13,-0.08,-2.73,240
29721,2,89.21,-0.53,89.26,0.06,0.17,0.00,-19.22,-13.82,-0.03,-0.08,3.94,3.51,-2.13,-0.05,-2.74,240
29740,2,89.20,-0.48,89.26,0.06,0.17,0.00,-19.22,-13.82,0.04,0.08,3.94,3.51,-2.13,0.06,-2.74,240
29760,2,89.21,-0.25,89.25,0.05,0.13,0.00,-19.22,-13.82,0.02,0.04,3.94,3.51,-2.13,0.03,-2.75,240
29782,2,89.22,0.10,89.23,0.02,0.03,0.00,-19.22,-13.81,0.10,0.09,3.94,3.51,-2.13,0.09,-2.77,240
29800,2,89.22,0.21,89.22,0.00,-0.02,0.00,-19.22,-13.81,0.08,0.09,3.94,3.51,-2.13,0.09,-2.78,240
29821,2,89.21,0.13,89.21,0.01,0.00,0.00,-19.21,-13.81,-0.00,0.12,3.94,3.51,-2.12,0.06,-2.79,240
29841,2,89.20,0.06,89.20,0.01,0.02,0.00,-19.21,-13.80,0.02,-0.01,3.94,3.51,-2.12,0.00,-2.80,240
29860,2,89.19,0.03,89.19,0.01,0.01,0.00,-19.21,-13.80,0.06,-0.03,3.94,3.51,-2.12,0.01,-2.81,240
29880,2,89.19,0.02,89.19,0.01,0.01,0.00,-19.21,-13.80,0.00,0.03,3.94,3.51,-2.12,0.02,-2.81,240
29901,2,89.19,0.06,89.18,-0.00,-0.01,0.00,-19.21,-13.80,0.10,-0.00,3.94,3.51,-2.12,0.05,-2.82,240
29921,2,89.18,0.10,89.17,-0.01,-0.02,0.00,-19.21,-13.80,0.02,0.03,3.94,3.51,-2.12,0.03,-2.83,240
29940,2,89.18,0.11,89.16,-0.01,-0.03,0.00,-19.21,-13.80,-0.03,0.04,3.94,3.51,-2.12,0.01,-2.84,240
29961,2,89.18,0.21,89.16,-0.02,-0.05,0.00,-19.21,-13.80,0.02,-0.02,3.94,3.51,-2.12,-0.00,-2.84,240
29982,2,89.18,0.27,89.15,-0.02,-0.07,0.00,-19.21,-13.80,-0.00,0.04,3.94,3.51,-2.12,0.02,-2.85,240
29999,2,89.18,0.27,89.15,-0.03,-0.08,0.00,-19.21,-13.80,-0.06,-0.02,3.94,3.51,-2.12,-0.04,-2.85,240
30021,2,89.17,0.07,89.14,-0.02,-0.05,0.00,-19.21,-13.80,-0.00,-0.07,3.94,3.51,-2.12,-0.03,-2.86,240
30041,2,89.15,-0.11,89.13,-0.01,-0.02,0.00,-19.21,-13.81,-0.02,0.00,3.94,3.51,-2.12,-0.01,-2.87,240
30060,2,89.13,-0.20,89.12,-0.01,-0.00,0.00,-19.21,-13.81,-0.01,-0.03,3.94,3.51,-2.12,-0.02,-2.88,240
30082,2,89.13,-0.11,89.11,-0.01,-0.02,0.00,-19.21,-13.81,-0.02,-0.04,3.94,3.51,-2.12,-0.03,-2.89,240
30100,2,89.13,0.01,89.11,-0.02,-0.04,0.00,-19.21,-13.81,-0.03,0.02,3.94,3.51,-2.13,-0.01,-2.89,240
30121,2,89.13,0.04,89.10,-0.03,-0.05,0.00,-19.22,-13.81,-0.09,-0.01,3.94,3.51,-2.13,-0.05,-2.90,240
30139,2,89.13,0.01,89.09,-0.03,-0.06,0.00,-19.22,-13.81,0.00,-0.06,3.94,3.51,-2.13,-0.03,-2.91,240
30161,2,89.12,-0.02,89.09,-0.03,-0.06,0.00,-19.22,-13.81,0.02,-0.04,3.94,3.51,-2.13,-0.01,-2.91,240
30182,2,89.11,-0.11,89.08,-0.02,-0.04,0.00,-19.22,-13.81,-0.07,-0.04,3.94,3.51,-2.13,-0.06,-2.92,240
30200,2,89.10,-0.13,89.07,-0.03,-0.04,0.00,-19.22,-13.81,-0.01,0.02,3.94,3.51,-2.13,0.01,-2.93,240
30221,2,89.10,0.00,89.06,-0.03,-0.06,0.00,-19.22,-13.81,-0.04,-0.03,3.94,3.51,-2.13,-0.04,-2.94,240
30241,2,89.11,0.16,89.06,-0.05,-0.10,0.00,-19.22,-13.82,-0.06,-0.06,3.94,3.51,-2.13,-0.06,-2.94,240
30259,2,89.11,0.15,89.05,-0.05,-0.12,0.00,-19.22,-13.82,-0.05,-0.06,3.94,3.51,-2.13,-0.05,-2.95,240
30282,2,89.10,-0.07,89.05,-0.05,-0.09,0.00,-19.22,-13.82,-0.04,-0.07,3.94,3.51,-2.14,-0.05,-2.95,240
30300,2,89.07,-0.52,89.03,-0.03,-0.04,0.00,-19.23,-13.82,-0.09,-0.13,3.94,3.51,-2.14,-0.11,-2.97,240
30321,2,89.05,-0.67,89.02,-0.02,0.02,0.00,-19.23,-13.82,-0.02,-0.12,3.94,3.51,-2.14,-0.07,-2.98,240
30340,2,89.05,-0.40,89.02,-0.03,-0.02,0.00,-19.23,-13.83,-0.07,-0.03,3.94,3.51,-2.14,-0.05,-2.98,240
30361,2,89.05,-0.30,89.01,-0.03,-0.04,0.00,-19.23,-13.83,0.01,0.08,3.94,3.51,-2.14,0.05,-2.99,240
30382,2,89.05,-0.23,89.00,-0.04,-0.05,0.00,-19.23,-13.83,0.02,0.03,3.94,3.51,-2.14,0.03,-3.00,240
30398,2,89.04,-0.25,89.00,-0.04,-0.06,0.00,-19.23,-13.83,-0.01,-0.07,3.94,3.51,-2.14,-0.04,-3.00,240
30422,2,89.01,-0.69,88.98,-0.01,0.03,0.00,-19.23,-13.83,-0.01,-0.01,3.94,3.51,-2.14,-0.01,-3.02,240
30440,2,88.98,-0.96,88.97,-0.00,0.07,0.00,-19.23,-13.83,-0.08,-0.03,3.94,3.51,-2.14,-0.06,-3.03,240
30461,2,88.95,-0.97,88.96,0.01,0.11,0.00,-19.24,-13.83,-0.08,-0.02,3.94,3.51,-2.15,-0.05,-3.04,240
30482,2,88.94,-0.88,88.96,0.03,0.12,0.00,-19.24,-13.83,0.06,0.01,3.94,3.51,-2.15,0.04,-3.04,240
30499,2,88.93,-0.73,88.95,0.03,0.12,0.00,-19.24,-13.83,0.00,-0.03,3.94,3.51,-2.15,-0.02,-3.05,240
30520,2,88.93,-0.41,88.95,0.03,0.10,0.00,-19.23,-13.83,0.06,0.06,3.94,3.51,-2.14,0.06,-3.05,240
30541,2,88.95,-0.00,88.93,-0.00,-0.01,0.00,-19.23,-13.83,0.14,0.05,3.94,3.51,-2.14,0.09,-3.07,240
30561,2,88.97,0.28,88.94,-0.04,-0.10,0.00,-19.23,-13.82,0.13,0.07,3.94,3.51,-2.14,0.10,-3.06,240
30580,2,88.96,0.13,88.92,-0.03,-0.07,0.00,-19.23,-13.82,0.08,0.12,3.94,3.51,-2.14,0.10,-3.08,240
30601,2,88.93,-0.04,88.91,-0.01,-0.02,0.00,-19.23,-13.82,0.04,0.02,3.94,3.51,-2.14,0.03,-3.09,240
30620,2,88.91,-0.12,88.90,-0.01,-0.01,0.00,-19.23,-13.82,-0.00,-0.01,3.94,3.51,-2.14,-0.01,-3.10,240
30640,2,88.91,-0.05,88.89,-0.01,-0.01,0.00,-19.23,-13.82,-0.05,-0.07,3.94,3.51,-2.14,-0.06,-3.11,240
30661,2,88.92,0.12,88.89,-0.03,-0.06,0.00,-19.23,-13.82,-0.02,-0.06,3.94,3.51,-2.14,-0.04,-3.11,240
30681,2,88.93,0.23,88.89,-0.04,-0.09,0.00,-19.23,-13.82,-0.04,-0.00,3.94,3.51,-2.14,-0.02,-3.11,240
30702,2,88.93,0.20,88.88,-0.04,-0.10,0.00,-19.23,-13.82,-0.01,-0.03,3.94,3.51,-2.14,-0.02,-3.12,240
30720,2,88.92,0.05,88.87,-0.04,-0.10,0.00,-19.23,-13.82,-0.08,-0.01,3.94,3.51,-2.14,-0.04,-3.13,240
30741,2,88.90,-0.22,88.86,-0.03,-0.04,0.00,-19.23,-13.83,-0.06,-0.07,3.94,3.51,-2.14,-0.07,-3.14,240
30761,2,88.89,-0.33,88.85,-0.03,-0.03,0.00,-19.23,-13.83,-0.12,-0.06,3.94,3.51,-2.14,-0.09,-3.15,240
30779,2,88.88,-0.44,88.84,-0.03,-0.02,0.00,-19.24,-13.83,-0.03,0.00,3.94,3.51,-2.15,-0.02,-3.16,240
30802,2,88.86,-0.56,88.83,-0.02,0.01,0.00,-19.24,-13.83,-0.03,-0.05,3.94,3.51,-2.15,-0.04,-3.17,240
30820,2,88.85,-0.70,88.82,-0.02,0.02,0.00,-19.24,-13.83,0.03,0.05,3.94,3.51,-2.15,0.04,-3.18,240
30841,2,88.82,-0.79,88.81,0.00,0.07,0.00,-19.24,-13.83,-0.00,0.07,3.94,3.51,-2.15,0.03,-3.19,240
30860,2,88.81,-0.74,88.80,0.00,0.06,0.00,-19.24,-13.83,0.01,-0.02,3.94,3.51,-2.15,-0.01,-3.20,240
30881,2,88.80,-0.57,88.80,0.00,0.05,0.00,-19.24,-13.83,0.02,-0.01,3.94,3.51,-2.15,0.01,-3.20,240
30900,2,88.79,-0.57,88.79,0.01,0.06,0.00,-19.24,-13.83,0.04,-0.07,3.94,3.51,-2.15,-0.01,-3.21,240
30921,2,88.79,-0.46,88.78,0.00,0.04,0.00,-19.24,-13.83,0.05,0.02,3.94,3.51,-2.15,0.03,-3.22,240
30941,2,88.78,-0.48,88.77,0.00,0.05,0.00,-19.24,-13.83,0.03,0.02,3.94,3.51,-2.15,0.03,-3.23,240
30961,2,88.77,-0.50,88.77,0.01,0.06,0.00,-19.24,-13.83,0.02,0.07,3.94,3.51,-2.15,0.04,-3.23,240
30980,2,88.75,-0.47,88.76,0.01,0.06,0.00,-19.23,-13.83,0.05,0.03,3.94,3.51,-2.15,0.04,-3.24,240
31002,2,88.75,-0.37,88.76,0.02,0.06,0.00,-19.23,-13.83,0.07,0.05,3.94,3.51,-2.14,0.06,-3.24,240
31020,2,88.75,-0.19,88.75,0.01,0.04,0.00,-19.23,-13.83,0.03,0.05,3.94,3.51,-2.14,0.04,-3.25,240
31040,2,88.75,-0.00,88.74,-0.01,-0.01,0.00,-19.23,-13.83,0.05,0.05,3.94,3.51,-2.14,0.05,-3.26,240
31061,2,88.76,0.08,88.73,-0.02,-0.05,0.00,-19.23,-13.82,0.04,0.05,3.94,3.51,-2.14,0.04,-3.27,240
31081,2,88.75,-0.03,88.73,-0.02,-0.03,0.00,-19.23,-13.82,0.08,0.01,3.94,3.51,-2.14,0.05,-3.27,240
31100,2,88.74,-0.19,88.71,-0.02,-0.02,0.00,-19.23,-13.82,-0.05,-0.02,3.94,3.51,-2.14,-0.04,-3.29,240
31120,2,88.72,-0.32,88.70,-0.01,0.00,0.00,-19.23,-13.82,-0.04,-0.08,3.94,3.51,-2.14,-0.06,-3.30,240
31141,2,88.71,-0.37,88.70,-0.00,0.03,0.00,-19.23,-13.82,-0.02,-0.01,3.94,3.51,-2.14,-0.02,-3.30,240
31160,2,88.70,-0.36,88.69,-0.00,0.02,0.00,-19.23,-13.82,-0.01,-0.05,3.94,3.51,-2.14,-0.03,-3.31,240
31181,2,88.69,-0.33,88.68,-0.00,0.02,0.00,-19.23,-13.82,-0.03,-0.00,3.94,3.51,-2.14,-0.02,-3.32,240
31202,2,88.69,-0.29,88.67,-0.01,0.01,0.00,-19.23,-13.82,-0.02,-0.04,3.94,3.51,-2.14,-0.03,-3.33,240
31220,2,88.68,-0.26,88.67,-0.01,0.00,0.00,-19.23,-13.82,0.02,-0.06,3.94,3.51,-2.14,-0.02,-3.33,240
31241,2,88.68,-0.18,88.66,-0.01,-0.01,0.00,-19.23,-13.82,-0.00,0.04,3.94,3.51,-2.14,0.02,-3.34,240
31260,2,88.68,-0.11,88.65,-0.02,-0.02,0.00,-19.23,-13.82,-0.00,0.04,3.94,3.51,-2.14,0.02,-3.35,240
31280,2,88.68,0.01,88.65,-0.02,-0.05,0.00,-19.23,-13.82,0.02,0.01,3.94,3.51,-2.14,0.01,-3.35,240
31302,2,88.69,0.07,88.65,-0.03,-0.07,0.00,-19.23,-13.82,-0.04,-0.02,3.94,3.51,-2.14,-0.03,-3.35,240
31320,2,88.69,0.04,88.64,-0.04,-0.09,0.00,-19.23,-13.82,0.04,0.00,3.94,3.51,-2.14,0.02,-3.36,240
31341,2,88.66,-0.27,88.63,-0.02,-0.02,0.00,-19.23,-13.82,-0.03,-0.02,3.94,3.51,-2.14,-0.03,-3.37,240
31362,2,88.64,-0.46,88.62,-0.02,0.00,0.00,-19.23,-13.83,-0.08,-0.07,3.94,3.51,-2.14,-0.07,-3.38,240
31380,2,88.63,-0.53,88.61,-0.02,0.00,0.00,-19.23,-13.83,-0.05,-0.04,3.94,3.51,-2.14,-0.04,-3.39,240
31402,2,88.63,-0.50,88.60,-0.02,-0.00,0.00,-19.24,-13.83,-0.05,0.02,3.94,3.51,-2.15,-0.01,-3.40,240
31419,2,88.63,-0.50,88.60,-0.02,-0.01,0.00,-19.24,-13.83,0.04,0.04,3.94,3.51,-2.15,0.04,-3.40,240
31441,2,88.61,-0.63,88.58,-0.01,0.03,0.00,-19.24,-13.83,-0.02,-0.03,3.94,3.51,-2.15,-0.02,-3.42,240
31461,2,88.59,-0.65,88.57,-0.01,0.03,0.00,-19.24,-13.83,0.01,-0.02,3.94,3.51,-2.15,-0.00,-3.43,240
31481,2,88.58,-0.62,88.56,-0.00,0.04,0.00,-19.24,-13.83,0.00,0.01,3.94,3.51,-2.15,0.01,-3.44,240
31500,2,88.57,-0.52,88.56,-0.01,0.03,0.00,-19.24,-13.83,-0.04,-0.03,3.94,3.51,-2.15,-0.04,-3.44,240
31521,2,88.57,-0.45,88.55,-0.01,0.02,0.00,-19.24,-13.83,-0.01,-0.03,3.94,3.51,-2.15,-0.02,-3.45,240
31539,2,88.56,-0.41,88.54,-0.01,0.01,0.00,-19.24,-13.83,0.00,-0.04,3.94,3.51,-2.15,-0.02,-3.46,240
31561,2,88.55,-0.40,88.53,-0.01,0.02,0.00,-19.24,-13.83,-0.08,-0.02,3.94,3.51,-2.15,-0.05,-3.47,240
31580,2,88.55,-0.30,88.53,-0.02,-0.01,0.00,-19.24,-13.83,0.01,-0.00,3.94,3.51,-2.15,0.00,-3.47,240
31602,2,88.55,-0.32,88.52,-0.02,-0.00,0.00,-19.23,-13.83,-0.03,-0.01,3.94,3.51,-2.15,-0.02,-3.48,240
31620,2,88.53,-0.40,88.51,-0.01,0.00,0.00,-19.23,-13.83,0.01,0.01,3.94,3.51,-2.15,0.01,-3.49,240
31641,2,88.52,-0.53,88.50,-0.01,0.03,0.00,-19.23,-13.83,-0.02,0.03,3.94,3.51,-2.14,0.00,-3.50,240
31660,2,88.50,-0.60,88.49,-0.00,0.04,0.00,-19.23,-13.83,0.03,0.01,3.94,3.51,-2.15,0.02,-3.51,240
31680,2,88.49,-0.62,88.49,0.00,0.05,0.00,-19.23,-13.83,0.04,0.03,3.94,3.51,-2.15,0.04,-3.51,240
31702,2,88.48,-0.52,88.48,0.01,0.05,0.00,-19.23,-13.83,-0.03,0.01,3.94,3.51,-2.14,-0.01,-3.52,240
31720,2,88.48,-0.44,88.47,0.00,0.04,0.00,-19.23,-13.83,-0.04,0.04,3.94,3.51,-2.14,-0.00,-3.53,240
31741,2,88.47,-0.33,88.46,-0.00,0.02,0.00,-19.23,-13.83,0.04,0.03,3.94,3.51,-2.14,0.04,-3.54,240
31760,2,88.47,-0.30,88.46,-0.01,0.01,0.00,-19.23,-13.83,0.05,0.04,3.94,3.51,-2.14,0.05,-3.54,240
31781,2,88.47,-0.23,88.45,-0.01,-0.00,0.00,-19.23,-13.83,-0.01,0.03,3.94,3.51,-2.14,0.01,-3.55,240
31801,2,88.46,-0.29,88.44,-0.01,0.01,0.00,-19.23,-13.82,0.05,0.02,3.94,3.51,-2.14,0.04,-3.56,240
31821,2,88.44,-0.36,88.43,-0.00,0.02,0.00,-19.23,-13.82,-0.00,0.02,3.94,3.51,-2.14,0.01,-3.57,240
31842,2,88.43,-0.43,88.42,-0.00,0.03,0.00,-19.23,-13.82,-0.00,0.02,3.94,3.51,-2.14,0.01,-3.58,240
31860,2,88.42,-0.42,88.42,-0.00,0.03,0.00,-19.23,-13.82,0.03,-0.01,3.94,3.51,-2.14,0.01,-3.58,240
31881,2,88.42,-0.40,88.41,-0.00,0.03,0.00,-19.23,-13.82,0.03,0.02,3.94,3.51,-2.14,0.03,-3.59,240
31902,2,88.41,-0.30,88.40,-0.00,0.02,0.00,-19.23,-13.82,0.03,0.01,3.94,3.51,-2.14,0.02,-3.60,240
31919,2,88.41,-0.22,88.40,-0.01,-0.00,0.00,-19.23,-13.82,0.04,0.02,3.94,3.51,-2.14,0.03,-3.60,240
31941,2,88.41,-0.17,88.39,-0.01,-0.01,0.00,-19.23,-13.82,0.02,-0.01,3.94,3.51,-2.14,0.00,-3.61,240
31962,2,88.40,-0.12,88.38,-0.01,-0.02,0.00,-19.23,-13.82,-0.03,-0.03,3.94,3.51,-2.14,-0.03,-3.62,240
31980,2,88.40,-0.03,88.38,-0.02,-0.04,0.00,-19.23,-13.82,-0.00,0.01,3.94,3.51,-2.14,0.01,-3.62,240
32002,2,88.41,0.03,88.37,-0.03,-0.06,0.00,-19.23,-13.82,0.03,0.04,3.94,3.51,-2.14,0.03,-3.63,240
32020,2,88.41,0.07,88.37,-0.04,-0.08,0.00,-19.23,-13.82,0.02,-0.05,3.94,3.51,-2.14,-0.02,-3.63,240
32041,2,88.41,0.07,88.36,-0.04,-0.09,0.00,-19.23,-13.82,-0.03,-0.03,3.94,3.51,-2.14,-0.03,-3.64,240
32059,2,88.40,-0.07,88.35,-0.04,-0.07,0.00,-19.23,-13.82,-0.01,-0.01,3.94,3.51,-2.14,-0.01,-3.65,240
32081,2,88.39,-0.15,88.35,-0.04,-0.06,0.00,-19.23,-13.82,-0.08,-0.07,3.94,3.51,-2.14,-0.08,-3.65,240
32100,2,88.39,-0.21,88.34,-0.04,-0.07,0.00,-19.23,-13.83,-0.09,-0.03,3.94,3.51,-2.14,-0.06,-3.66,240
32121,2,88.39,-0.24,88.34,-0.05,-0.08,0.00,-19.23,-13.83,-0.06,-0.04,3.94,3.51,-2.14,-0.05,-3.66,240
32141,2,88.38,-0.40,88.32,-0.04,-0.05,0.00,-19.24,-13.83,-0.02,-0.01,3.94,3.51,-2.15,-0.02,-3.68,240
32162,2,88.36,-0.56,88.31,-0.03,-0.02,0.00,-19.24,-13.83,-0.04,-0.06,3.94,3.51,-2.15,-0.05,-3.69,240
32179,2,88.34,-0.66,88.30,-0.03,-0.01,0.00,-19.24,-13.83,-0.07,0.01,3.94,3.51,-2.15,-0.03,-3.70,240
32202,2,88.32,-0.77,88.29,-0.02,0.03,0.00,-19.24,-13.83,-0.06,-0.06,3.94,3.51,-2.15,-0.06,-3.71,240
32220,2,88.31,-0.71,88.29,-0.03,0.01,0.00,-19.24,-13.83,-0.06,0.03,3.94,3.51,-2.15,-0.02,-3.71,240
32241,2,88.30,-0.70,88.27,-0.01,0.03,0.00,-19.24,-13.83,-0.06,-0.00,3.94,3.51,-2.15,-0.03,-3.73,240
32261,2,88.29,-0.66,88.27,-0.01,0.02,0.00,-19.24,-13.84,0.02,0.00,3.94,3.51,-2.15,0.01,-3.73,240
32281,2,88.28,-0.61,88.26,-0.01,0.03,0.00,-19.24,-13.84,0.02,0.00,3.94,3.51,-2.15,0.01,-3.74,240
32300,2,88.27,-0.60,88.25,-0.01,0.02,0.00,-19.24,-13.84,0.03,0.01,3.94,3.51,-2.15,0.02,-3.75,240
32321,2,88.26,-0.60,88.24,-0.01,0.04,0.00,-19.24,-13.84,0.00,0.06,3.94,3.51,-2.15,0.03,-3.76,240
32341,2,88.25,-0.54,88.23,-0.01,0.02,0.00,-19.24,-13.84,0.01,-0.03,3.94,3.51,-2.15,-0.01,-3.77,240
32362,2,88.24,-0.55,88.22,-0.01,0.03,0.00,-19.24,-13.83,0.01,-0.01,3.94,3.51,-2.15,0.00,-3.78,240
32380,2,88.23,-0.59,88.22,-0.01,0.03,0.00,-19.24,-13.83,0.05,0.02,3.94,3.51,-2.15,0.04,-3.78,240
32402,2,88.22,-0.62,88.21,-0.00,0.05,0.00,-19.24,-13.83,0.02,0.01,3.94,3.51,-2.15,0.02,-3.79,240
32420,2,88.20,-0.63,88.20,0.00,0.05,0.00,-19.24,-13.83,0.02,-0.02,3.94,3.51,-2.15,0.00,-3.80,240
32440,2,88.19,-0.54,88.19,0.01,0.06,0.00,-19.24,-13.83,0.03,-0.00,3.94,3.51,-2.15,0.02,-3.81,240
32461,2,88.20,-0.35,88.18,-0.00,0.02,0.00,-19.24,-13.83,0.10,0.05,3.94,3.51,-2.15,0.07,-3.82,240
32481,2,88.20,-0.22,88.18,-0.01,-0.01,0.00,-19.24,-13.83,0.10,0.04,3.94,3.51,-2.15,0.07,-3.82,240
32500,2,88.20,-0.11,88.17,-0.01,-0.02,0.00,-19.24,-13.83,0.01,0.02,3.94,3.51,-2.15,0.02,-3.83,240
32521,2,88.19,-0.15,88.17,-0.02,-0.02,0.00,-19.23,-13.83,0.00,0.03,3.94,3.51,-2.15,0.02,-3.83,240
32539,2,88.19,-0.19,88.16,-0.02,-0.03,0.00,-19.23,-13.83,-0.01,-0.04,3.94,3.51,-2.15,-0.02,-3.84,240
32560,2,88.18,-0.38,88.15,-0.02,-0.01,0.00,-19.23,-13.83,-0.02,0.04,3.94,3.51,-2.15,0.01,-3.85,240
32581,2,88.16,-0.54,88.14,-0.01,0.02,0.00,-19.24,-13.83,-0.04,0.02,3.94,3.51,-2.15,-0.01,-3.86,240
32602,2,88.14,-0.69,88.13,-0.00,0.05,0.00,-19.24,-13.83,-0.02,-0.01,3.94,3.51,-2.15,-0.02,-3.87,240
32620,2,88.13,-0.68,88.12,-0.00,0.05,0.00,-19.24,-13.83,0.00,0.02,3.94,3.51,-2.15,0.01,-3.88,240
32641,2,88.11,-0.67,88.11,0.01,0.07,0.00,-19.24,-13.83,0.01,-0.02,3.94,3.51,-2.15,-0.01,-3.89,240
32660,2,88.11,-0.52,88.11,0.00,0.05,0.00,-19.24,-13.83,-0.01,0.01,3.94,3.51,-2.15,0.00,-3.89,240
32681,2,88.12,-0.35,88.10,-0.01,0.01,0.00,-19.24,-13.83,0.01,0.02,3.94,3.51,-2.15,0.02,-3.90,240
32700,2,88.12,-0.17,88.10,-0.02,-0.02,0.00,-19.23,-13.83,0.01,0.05,3.94,3.51,-2.15,0.03,-3.90,240
32722,2,88.12,-0.12,88.09,-0.02,-0.03,0.00,-19.23,-13.83,0.02,0.02,3.94,3.51,-2.14,0.02,-3.91,240
32740,2,88.12,-0.04,88.09,-0.03,-0.05,0.00,-19.23,-13.83,0.05,-0.06,3.94,3.51,-2.14,-0.01,-3.91,240
32761,2,88.12,0.02,88.08,-0.03,-0.07,0.00,-19.23,-13.83,-0.02,0.02,3.94,3.51,-2.14,0.00,-3.92,240
32780,2,88.12,0.04,88.08,-0.04,-0.08,0.00,-19.23,-13.83,-0.00,0.01,3.94,3.51,-2.14,0.01,-3.92,240
32801,2,88.12,-0.02,88.07,-0.04,-0.08,0.00,-19.23,-13.83,-0.02,-0.09,3.94,3.51,-2.14,-0.06,-3.93,240
32820,2,88.10,-0.24,88.06,-0.04,-0.06,0.00,-19.23,-13.83,-0.03,-0.02,3.94,3.51,-2.15,-0.02,-3.94,240
32841,2,88.08,-0.48,88.05,-0.02,-0.01,0.00,-19.24,-13.83,-0.07,-0.05,3.94,3.51,-2.15,-0.06,-3.95,240
32861,2,88.08,-0.44,88.04,-0.03,-0.03,0.00,-19.24,-13.83,-0.06,-0.05,3.94,3.51,-2.15,-0.06,-3.96,240
32881,2,88.07,-0.47,88.03,-0.03,-0.02,0.00,-19.24,-13.83,-0.04,-0.01,3.94,3.51,-2.15,-0.02,-3.97,240
32900,2,88.05,-0.60,88.02,-0.03,-0.01,0.00,-19.24,-13.83,-0.04,-0.04,3.94,3.51,-2.15,-0.04,-3.98,240
32922,2,88.04,-0.71,88.01,-0.01,0.03,0.00,-19.24,-13.83,-0.03,-0.08,3.94,3.51,-2.15,-0.06,-3.99,240
32940,2,88.03,-0.55,88.01,-0.02,0.00,0.00,-19.24,-13.83,-0.01,-0.09,3.94,3.51,-2.15,-0.05,-3.99,240
32960,2,88.03,-0.46,88.00,-0.02,-0.01,0.00,-19.24,-13.84,-0.02,-0.02,3.94,3.51,-2.15,-0.02,-4.00,240
32981,2,88.02,-0.41,87.99,-0.02,-0.01,0.00,-19.24,-13.84,0.00,-0.06,3.94,3.51,-2.15,-0.03,-4.01,240
33001,2,88.02,-0.33,87.98,-0.02,-0.02,0.00,-19.24,-13.84,-0.01,0.02,3.94,3.51,-2.15,0.01,-4.02,240
33020,2,88.02,-0.18,87.98,-0.04,-0.06,0.00,-19.24,-13.84,0.02,0.04,3.94,3.51,-2.15,0.03,-4.02,240
33041,2,88.02,-0.18,87.97,-0.04,-0.06,0.00,-19.24,-13.84,-0.06,-0.04,3.94,3.51,-2.15,-0.05,-4.03,240
33060,2,88.00,-0.38,87.96,-0.03,-0.04,0.00,-19.24,-13.84,-0.01,-0.05,3.94,3.51,-2.15,-0.03,-4.04,240
33080,2,87.98,-0.57,87.95,-0.02,-0.01,0.00,-19.24,-13.84,-0.07,-0.05,3.94,3.51,-2.15,-0.06,-4.05,240
33101,2,87.98,-0.52,87.95,-0.03,-0.01,0.00,-19.25,-13.84,-0.10,-0.05,3.94,3.51,-2.16,-0.08,-4.05,240
33122,2,87.97,-0.50,87.94,-0.03,-0.02,0.00,-19.25,-13.84,0.01,-0.03,3.94,3.51,-2.16,-0.01,-4.06,240
33140,2,87.97,-0.49,87.93,-0.03,-0.02,0.00,-19.25,-13.84,0.01,-0.06,3.94,3.51,-2.16,-0.02,-4.07,240
33161,2,87.95,-0.61,87.92,-0.02,0.01,0.00,-19.25,-13.84,-0.03,-0.02,3.94,3.51,-2.16,-0.02,-4.08,240
33180,2,87.93,-0.70,87.91,-0.02,0.02,0.00,-19.25,-13.84,-0.00,0.02,3.94,3.51,-2.16,0.01,-4.09,240
33200,2,87.92,-0.56,87.90,-0.01,0.02,0.00,-19.25,-13.84,-0.00,-0.05,3.94,3.51,-2.16,-0.03,-4.10,240
33222,2,87.92,-0.37,87.90,-0.02,-0.02,0.00,-19.25,-13.84,0.00,-0.06,3.94,3.51,-2.16,-0.03,-4.10,240
33240,2,87.92,-0.21,87.89,-0.02,-0.03,0.00,-19.25,-13.84,-0.05,-0.04,3.94,3.51,-2.16,-0.04,-4.11,240
33261,2,87.93,-0.08,87.89,-0.04,-0.07,0.00,-19.25,-13.84,-0.02,0.04,3.94,3.51,-2.16,0.01,-4.11,240
33281,2,87.93,-0.05,87.88,-0.04,-0.08,0.00,-19.25,-13.84,-0.01,-0.01,3.94,3.51,-2.16,-0.01,-4.12,240
33300,2,87.92,-0.21,87.87,-0.04,-0.06,0.00,-19.25,-13.84,-0.02,0.03,3.94,3.51,-2.16,0.01,-4.13,240
33322,2,87.89,-0.50,87.86,-0.02,-0.00,0.00,-19.25,-13.84,-0.00,-0.06,3.94,3.51,-2.16,-0.03,-4.14,240
33339,2,87.88,-0.61,87.85,-0.02,0.01,0.00,-19.25,-13.84,-0.08,-0.06,3.94,3.51,-2.16,-0.07,-4.15,240
33361,2,87.87,-0.52,87.84,-0.02,0.00,0.00,-19.25,-13.85,-0.01,-0.01,3.94,3.51,-2.16,-0.01,-4.16,240
33380,2,87.86,-0.45,87.84,-0.03,-0.01,0.00,-19.25,-13.85,-0.00,-0.01,3.94,3.51,-2.16,-0.00,-4.16,240
33401,2,87.86,-0.44,87.83,-0.02,-0.01,0.00,-19.25,-13.85,0.01,-0.00,3.94,3.51,-2.16,0.00,-4.17,240
33420,2,87.85,-0.42,87.82,-0.03,-0.02,0.00,-19.25,-13.85,-0.07,0.03,3.94,3.51,-2.16,-0.02,-4.18,240
33441,2,87.84,-0.49,87.81,-0.02,-0.00,0.00,-19.25,-13.85,0.01,-0.00,3.94,3.51,-2.16,0.00,-4.19,240
33460,2,87.83,-0.49,87.80,-0.02,-0.01,0.00,-19.25,-13.85,-0.04,0.01,3.94,3.51,-2.16,-0.02,-4.20,240
33481,2,87.82,-0.44,87.79,-0.02,-0.01,0.00,-19.25,-13.85,0.01,-0.00,3.94,3.51,-2.16,0.01,-4.21,240
33500,2,87.82,-0.44,87.79,-0.02,-0.01,0.00,-19.25,-13.85,-0.02,-0.03,3.94,3.51,-2.16,-0.03,-4.21,240
33522,2,87.80,-0.53,87.78,-0.02,0.01,0.00,-19.25,-13.85,0.04,-0.04,3.94,3.51,-2.16,0.00,-4.22,240
33540,2,87.79,-0.65,87.77,-0.01,0.02,0.00,-19.25,-13.85,0.03,0.01,3.94,3.51,-2.17,0.02,-4.23,240
33561,2,87.77,-0.71,87.75,-0.00,0.05,0.00,-19.25,-13.85,-0.06,-0.01,3.94,3.51,-2.17,-0.04,-4.25,240
33580,2,87.76,-0.63,87.75,-0.01,0.03,0.00,-19.25,-13.85,0.02,-0.03,3.94,3.51,-2.17,-0.01,-4.25,240
33600,2,87.75,-0.59,87.74,-0.01,0.03,0.00,-19.25,-13.85,0.00,0.01,3.94,3.51,-2.17,0.00,-4.26,240
33622,2,87.74,-0.58,87.73,-0.01,0.04,0.00,-19.25,-13.85,-0.00,0.04,3.94,3.51,-2.17,0.02,-4.27,240
33640,2,87.73,-0.56,87.72,-0.00,0.04,0.00,-19.25,-13.85,-0.01,-0.01,3.94,3.51,-2.17,-0.01,-4.28,240
33661,2,87.73,-0.42,87.72,-0.01,0.02,0.00,-19.25,-13.85,0.02,0.03,3.94,3.51,-2.16,0.02,-4.28,240
33681,2,87.73,-0.32,87.71,-0.01,0.01,0.00,-19.25,-13.85,-0.01,0.00,3.94,3.51,-2.16,-0.00,-4.29,240
33700,2,87.73,-0.21,87.71,-0.02,-0.01,0.00,-19.25,-13.85,0.01,0.02,3.94,3.51,-2.16,0.02,-4.29,240
33720,2,87.73,-0.05,87.70,-0.02,-0.04,0.00,-19.25,-13.85,-0.01,-0.00,3.94,3.51,-2.16,-0.01,-4.30,240
33741,2,87.73,0.04,87.70,-0.03,-0.06,0.00,-19.25,-13.84,0.00,0.04,3.94,3.51,-2.16,0.02,-4.30,240
33761,2,87.74,0.15,87.70,-0.04,-0.09,0.00,-19.25,-13.85,0.01,0.01,3.94,3.51,-2.16,0.01,-4.30,240
33780,2,87.74,0.14,87.69,-0.05,-0.10,0.00,-19.25,-13.85,0.02,-0.03,3.94,3.51,-2.16,-0.00,-4.31,240
33801,2,87.74,-0.02,87.68,-0.05,-0.09,0.00,-19.25,-13.85,-0.01,-0.01,3.94,3.51,-2.16,-0.01,-4.32,240
33820,2,87.72,-0.34,87.67,-0.04,-0.06,0.00,-19.25,-13.85,-0.03,-0.05,3.94,3.51,-2.16,-0.04,-4.33,240
33840,2,87.69,-0.66,87.65,-0.03,-0.01,0.00,-19.25,-13.85,-0.03,-0.06,3.94,3.51,-2.17,-0.04,-4.35,240
33861,2,87.67,-0.74,87.64,-0.02,0.02,0.00,-19.26,-13.85,-0.02,-0.11,3.94,3.51,-2.17,-0.06,-4.36,240
33881,2,87.67,-0.67,87.64,-0.02,0.01,0.00,-19.26,-13.85,-0.04,-0.08,3.94,3.51,-2.17,-0.06,-4.36,240
33900,2,87.66,-0.61,87.63,-0.03,-0.00,0.00,-19.26,-13.85,-0.04,-0.01,3.94,3.51,-2.17,-0.02,-4.37,240
33922,2,87.65,-0.61,87.62,-0.02,0.01,0.00,-19.26,-13.85,0.02,-0.00,3.94,3.51,-2.17,0.01,-4.38,240
33940,2,87.64,-0.54,87.61,-0.02,0.00,0.00,-19.26,-13.85,0.01,0.06,3.94,3.51,-2.17,0.03,-4.39,240
33961,2,87.64,-0.43,87.61,-0.02,-0.01,0.00,-19.26,-13.85,0.00,0.01,3.94,3.51,-2.17,0.01,-4.39,240
33979,2,87.64,-0.30,87.60,-0.03,-0.03,0.00,-19.26,-13.85,-0.02,-0.01,3.94,3.51,-2.17,-0.02,-4.40,240
34000,2,87.64,-0.18,87.60,-0.04,-0.06,0.00,-19.26,-13.85,0.01,-0.00,3.94,3.51,-2.17,0.00,-4.40,240
34021,2,87.64,-0.25,87.59,-0.04,-0.05,0.00,-19.26,-13.85,0.02,-0.06,3.94,3.51,-2.17,-0.02,-4.41,240
34040,2,87.62,-0.45,87.58,-0.04,-0.04,0.00,-19.26,-13.85,-0.04,-0.01,3.94,3.51,-2.17,-0.02,-4.42,240
34061,2,87.60,-0.74,87.56,-0.01,0.03,0.00,-19.26,-13.86,-0.05,-0.01,3.94,3.51,-2.17,-0.03,-4.44,240
34080,2,87.57,-0.87,87.55,-0.01,0.05,0.00,-19.26,-13.86,-0.06,-0.03,3.94,3.51,-2.17,-0.04,-4.45,240
34100,2,87.57,-0.68,87.55,-0.01,0.03,0.00,-19.26,-13.86,-0.01,-0.08,3.94,3.51,-2.18,-0.05,-4.45,240
34122,2,87.56,-0.54,87.54,-0.01,0.02,0.00,-19.26,-13.86,0.04,-0.02,3.94,3.51,-2.18,0.01,-4.46,240
34140,2,87.56,-0.46,87.53,-0.02,0.00,0.00,-19.26,-13.86,-0.02,-0.03,3.94,3.51,-2.18,-0.03,-4.47,240
34161,2,87.55,-0.40,87.53,-0.02,-0.00,0.00,-19.26,-13.86,-0.01,0.04,3.94,3.51,-2.18,0.01,-4.47,240
34180,2,87.54,-0.34,87.52,-0.02,-0.01,0.00,-19.26,-13.86,0.03,-0.01,3.94,3.51,-2.17,0.01,-4.48,240
34201,2,87.54,-0.27,87.51,-0.02,-0.02,0.00,-19.26,-13.86,-0.03,-0.04,3.94,3.51,-2.17,-0.04,-4.49,240
34220,2,87.54,-0.13,87.51,-0.03,-0.05,0.00,-19.26,-13.86,-0.03,-0.02,3.94,3.51,-2.17,-0.03,-4.49,240
34240,2,87.54,-0.09,87.50,-0.03,-0.06,0.00,-19.26,-13.86,0.00,0.01,3.94,3.51,-2.17,0.01,-4.50,240
34261,2,87.54,-0.14,87.50,-0.04,-0.06,0.00,-19.26,-13.86,-0.01,-0.02,3.94,3.51,-2.17,-0.02,-4.50,240
34281,2,87.53,-0.33,87.49,-0.03,-0.04,0.00,-19.26,-13.86,0.03,-0.01,3.94,3.51,-2.17,0.01,-4.51,240
34300,2,87.50,-0.64,87.47,-0.02,0.01,0.00,-19.27,-13.86,-0.02,-0.02,3.94,3.51,-2.18,-0.02,-4.53,240
34322,2,87.48,-0.71,87.46,-0.01,0.03,0.00,-19.27,-13.86,-0.08,-0.14,3.94,3.51,-2.18,-0.11,-4.54,240
34340,2,87.48,-0.47,87.46,-0.02,-0.01,0.00,-19.27,-13.86,0.01,-0.04,3.94,3.51,-2.18,-0.01,-4.54,240
34360,2,87.49,-0.29,87.45,-0.03,-0.03,0.00,-19.27,-13.86,0.02,0.03,3.94,3.51,-2.18,0.02,-4.55,240
34381,2,87.49,-0.16,87.45,-0.04,-0.06,0.00,-19.27,-13.86,0.00,0.02,3.94,3.51,-2.18,0.01,-4.55,240
34400,2,87.50,-0.06,87.45,-0.05,-0.08,0.00,-19.27,-13.86,0.01,0.01,3.94,3.51,-2.18,0.01,-4.55,240
34422,2,87.49,-0.14,87.44,-0.04,-0.08,0.00,-19.27,-13.86,0.03,0.02,3.94,3.51,-2.18,0.03,-4.56,240
34440,2,87.47,-0.36,87.42,-0.04,-0.06,0.00,-19.27,-13.86,-0.07,-0.05,3.94,3.51,-2.18,-0.06,-4.58,240
34461,2,87.45,-0.58,87.41,-0.03,-0.00,0.00,-19.27,-13.86,-0.04,-0.05,3.94,3.51,-2.18,-0.04,-4.59,240
34480,2,87.44,-0.62,87.40,-0.03,-0.00,0.00,-19.27,-13.87,-0.06,-0.09,3.94,3.51,-2.18,-0.08,-4.60,240
34501,2,87.43,-0.56,87.40,-0.03,-0.01,0.00,-19.27,-13.87,0.01,-0.00,3.94,3.51,-2.18,0.00,-4.60,240
34522,2,87.43,-0.46,87.39,-0.03,-0.03,0.00,-19.27,-13.87,-0.09,0.00,3.94,3.51,-2.18,-0.04,-4.61,240
34540,2,87.42,-0.47,87.38,-0.03,-0.03,0.00,-19.28,-13.87,-0.01,0.01,3.94,3.51,-2.19,-0.00,-4.62,240
34561,2,87.41,-0.54,87.38,-0.03,-0.02,0.00,-19.28,-13.87,-0.08,-0.01,3.94,3.51,-2.19,-0.04,-4.62,240
34580,2,87.40,-0.61,87.36,-0.03,-0.01,0.00,-19.28,-13.87,-0.05,-0.09,3.94,3.51,-2.19,-0.07,-4.64,240
34601,2,87.38,-0.66,87.35,-0.02,0.02,0.00,-19.28,-13.87,-0.01,-0.04,3.94,3.51,-2.19,-0.02,-4.65,240
34620,2,87.37,-0.58,87.34,-0.02,0.01,0.00,-19.28,-13.87,-0.01,-0.03,3.94,3.51,-2.19,-0.02,-4.66,240
34641,2,87.36,-0.49,87.34,-0.02,0.00,0.00,-19.28,-13.87,-0.01,-0.01,3.94,3.51,-2.19,-0.01,-4.66,240
34660,2,87.36,-0.39,87.33,-0.03,-0.02,0.00,-19.28,-13.87,0.03,-0.03,3.94,3.51,-2.19,-0.00,-4.67,240
34681,2,87.36,-0.40,87.32,-0.03,-0.02,0.00,-19.28,-13.87,-0.01,-0.02,3.94,3.51,-2.19,-0.01,-4.68,240
34700,2,87.35,-0.43,87.32,-0.03,-0.02,0.00,-19.28,-13.87,-0.06,0.01,3.94,3.51,-2.19,-0.03,-4.68,240
34721,2,87.33,-0.60,87.30,-0.01,0.02,0.00,-19.28,-13.87,-0.07,0.01,3.94,3.51,-2.19,-0.03,-4.70,240
34740,2,87.31,-0.64,87.29,-0.02,0.02,0.00,-19.28,-13.87,0.02,-0.01,3.94,3.51,-2.19,0.01,-4.71,240
34761,2,87.30,-0.60,87.28,-0.01,0.03,0.00,-19.28,-13.87,0.02,-0.04,3.94,3.51,-2.19,-0.01,-4.72,240
34780,2,87.30,-0.50,87.28,-0.02,0.01,0.00,-19.28,-13.87,-0.01,0.02,3.94,3.51,-2.19,0.01,-4.72,240
34801,2,87.29,-0.43,87.27,-0.01,0.00,0.00,-19.28,-13.87,0.00,0.03,3.94,3.51,-2.19,0.02,-4.73,240
34820,2,87.29,-0.42,87.26,-0.02,0.00,0.00,-19.28,-13.87,0.02,0.05,3.94,3.51,-2.19,0.03,-4.74,240
34842,2,87.28,-0.39,87.26,-0.02,-0.00,0.00,-19.28,-13.87,0.01,-0.02,3.94,3.51,-2.19,-0.00,-4.74,240
34860,2,87.27,-0.32,87.25,-0.02,-0.01,0.00,-19.28,-13.87,-0.03,0.01,3.94,3.51,-2.19,-0.01,-4.75,240
34880,2,87.27,-0.29,87.24,-0.02,-0.02,0.00,-19.28,-13.87,0.00,0.01,3.94,3.51,-2.19,0.00,-4.76,240
34901,2,87.27,-0.26,87.24,-0.02,-0.03,0.00,-19.28,-13.87,0.05,0.03,3.94,3.51,-2.19,0.04,-4.76,240
34921,2,87.27,-0.21,87.23,-0.03,-0.04,0.00,-19.28,-13.87,-0.02,-0.03,3.94,3.51,-2.19,-0.02,-4.77,240
34940,2,87.26,-0.18,87.22,-0.03,-0.05,0.00,-19.28,-13.87,-0.03,0.01,3.94,3.51,-2.19,-0.01,-4.77,240
34961,2,87.26,-0.18,87.22,-0.03,-0.05,0.00,-19.28,-13.87,-0.06,-0.02,3.94,3.51,-2.19,-0.04,-4.78,240
34980,2,87.25,-0.25,87.21,-0.03,-0.05,0.00,-19.28,-13.87,-0.07,-0.01,3.94,3.51,-2.19,-0.04,-4.79,240
35000,2,87.24,-0.28,87.20,-0.04,-0.05,0.00,-19.28,-13.87,-0.04,-0.01,3.94,3.51,-2.19,-0.03,-4.80,240
35021,2,87.23,-0.42,87.19,-0.02,-0.01,0.00,-19.28,-13.87,-0.03,-0.09,3.94,3.51,-2.19,-0.06,-4.81,240
35042,2,87.22,-0.43,87.18,-0.03,-0.02,0.00,-19.28,-13.87,-0.08,-0.03,3.94,3.51,-2.19,-0.06,-4.82,240
35060,2,87.21,-0.36,87.18,-0.03,-0.03,0.00,-19.28,-13.88,-0.01,-0.02,3.94,3.51,-2.19,-0.01,-4.82,240
35081,2,87.22,-0.24,87.17,-0.04,-0.06,0.00,-19.28,-13.88,-0.02,-0.04,3.94,3.51,-2.19,-0.03,-4.83,240
35100,2,87.21,-0.29,87.16,-0.03,-0.05,0.00,-19.28,-13.88,0.02,-0.00,3.94,3.51,-2.19,0.01,-4.84,240
35120,2,87.20,-0.38,87.16,-0.04,-0.04,0.00,-19.29,-13.88,-0.01,-0.05,3.94,3.51,-2.20,-0.03,-4.84,240
35141,2,87.19,-0.33,87.15,-0.04,-0.05,0.00,-19.29,-13.88,-0.06,-0.10,3.94,3.51,-2.20,-0.08,-4.85,240
35160,2,87.19,-0.31,87.15,-0.04,-0.07,0.00,-19.29,-13.88,-0.02,-0.01,3.94,3.51,-2.20,-0.01,-4.85,240
35181,2,87.19,-0.34,87.14,-0.04,-0.06,0.00,-19.29,-13.88,-0.04,-0.06,3.94,3.51,-2.20,-0.05,-4.86,240
35202,2,87.18,-0.41,87.13,-0.04,-0.05,0.00,-19.29,-13.88,0.02,0.02,3.94,3.51,-2.20,0.02,-4.87,240
35220,2,87.17,-0.42,87.12,-0.04,-0.06,0.00,-19.29,-13.88,0.02,-0.03,3.94,3.51,-2.20,-0.00,-4.88,240
35242,2,87.16,-0.56,87.11,-0.04,-0.03,0.00,-19.29,-13.88,-0.04,-0.08,3.94,3.51,-2.20,-0.06,-4.89,240
35259,2,87.15,-0.61,87.10,-0.04,-0.03,0.00,-19.29,-13.89,-0.08,-0.06,3.94,3.51,-2.20,-0.07,-4.90,240
35281,2,87.13,-0.73,87.09,-0.02,0.01,0.00,-19.29,-13.89,0.01,-0.05,3.94,3.51,-2.20,-0.02,-4.91,240
35300,2,87.10,-0.85,87.07,-0.02,0.02,0.00,-19.29,-13.89,-0.03,-0.02,3.94,3.51,-2.21,-0.03,-4.93,240
35321,2,87.09,-0.90,87.06,-0.01,0.05,0.00,-19.29,-13.89,-0.03,-0.07,3.94,3.51,-2.21,-0.05,-4.94,240
35342,2,87.07,-0.89,87.05,-0.01,0.05,0.00,-19.29,-13.89,0.04,-0.03,3.94,3.51,-2.21,0.01,-4.95,240
35360,2,87.06,-0.88,87.04,-0.01,0.05,0.00,-19.30,-13.89,0.00,-0.02,3.94,3.51,-2.21,-0.01,-4.96,240
35380,2,87.04,-0.94,87.03,-0.00,0.07,0.00,-19.30,-13.89,-0.01,-0.03,3.94,3.51,-2.21,-0.02,-4.97,240
35401,2,87.02,-0.97,87.03,0.01,0.10,0.00,-19.30,-13.89,0.01,0.03,3.94,3.51,-2.21,0.02,-4.97,240
35420,2,87.01,-0.96,87.03,0.02,0.12,0.00,-19.29,-13.89,-0.01,0.01,3.94,3.51,-2.21,-0.00,-4.97,240
35442,2,86.99,-0.90,87.03,0.04,0.14,0.00,-19.29,-13.89,0.03,0.00,3.94,3.51,-2.20,0.02,-4.97,240
35460,2,86.99,-0.74,87.03,0.04,0.14,0.00,-19.29,-13.89,0.01,0.07,3.94,3.51,-2.20,0.04,-4.97,240
35481,2,86.98,-0.60,87.02,0.04,0.13,0.00,-19.29,-13.88,0.11,0.12,3.94,3.51,-2.20,0.12,-4.98,240
35500,2,86.99,-0.44,87.00,0.03,0.10,0.00,-19.29,-13.88,0.10,0.07,3.94,3.51,-2.20,0.09,-5.00,240
35520,2,86.99,-0.32,86.99,0.02,0.06,0.00,-19.29,-13.88,0.08,0.10,3.94,3.51,-2.20,0.09,-5.01,240
35542,2,86.99,-0.21,86.97,-0.00,0.01,0.00,-19.28,-13.88,0.14,0.04,3.94,3.51,-2.19,0.09,-5.03,240
35560,2,86.97,-0.49,86.96,-0.01,0.01,0.00,-19.28,-13.87,0.11,0.00,3.94,3.51,-2.19,0.06,-5.04,240
35581,2,86.93,-0.90,86.97,0.03,0.13,0.00,-19.28,-13.87,-0.01,-0.03,3.94,3.51,-2.19,-0.02,-5.03,240
35601,2,86.90,-1.20,86.99,0.07,0.24,0.00,-19.28,-13.87,0.01,-0.03,3.94,3.51,-2.19,-0.01,-5.01,240
35620,2,86.88,-1.15,87.01,0.11,0.32,0.00,-19.28,-13.87,0.01,0.09,3.94,3.51,-2.19,0.05,-4.99,240
35640,2,86.88,-0.73,87.01,0.13,0.31,0.00,-19.28,-13.87,0.12,0.08,3.94,3.51,-2.19,0.10,-4.99,240
35661,2,86.91,-0.17,86.99,0.10,0.22,0.00,-19.27,-13.87,0.16,0.11,3.94,3.51,-2.18,0.13,-5.01,240
35681,2,86.96,0.61,86.93,0.03,0.01,0.00,-19.27,-13.86,0.18,0.17,3.94,3.51,-2.18,0.17,-5.07,240
35700,2,86.97,0.63,86.93,-0.04,-0.13,0.00,-19.26,-13.86,0.24,0.25,3.94,3.51,-2.17,0.24,-5.07,240
35721,2,86.95,0.23,86.91,-0.02,-0.06,0.00,-19.25,-13.85,-0.02,0.20,3.94,3.51,-2.17,0.09,-5.09,240
35740,2,86.91,-0.32,86.89,-0.01,-0.02,0.00,-19.26,-13.85,-0.00,0.03,3.94,3.51,-2.17,0.02,-5.11,240
35760,2,86.86,-0.88,86.90,0.02,0.09,0.00,-19.25,-13.85,0.03,0.05,3.94,3.51,-2.17,0.04,-5.10,240
35781,2,86.83,-1.06,86.92,0.07,0.22,0.00,-19.26,-13.85,-0.04,0.00,3.94,3.51,-2.17,-0.02,-5.08,240
35801,2,86.81,-1.06,86.93,0.10,0.29,0.00,-19.26,-13.85,-0.01,-0.01,3.94,3.51,-2.17,-0.01,-5.07,240
35820,2,86.83,-0.62,86.93,0.11,0.27,0.00,-19.25,-13.85,0.03,0.05,3.94,3.51,-2.17,0.04,-5.07,240
35842,2,86.90,0.73,86.87,0.03,-0.01,0.00,-19.25,-13.85,0.08,0.12,3.94,3.51,-2.16,0.10,-5.13,240
35860,2,86.96,1.29,86.90,-0.07,-0.24,0.00,-19.25,-13.84,0.19,0.32,3.94,3.51,-2.16,0.26,-5.10,240
35881,2,86.96,1.03,86.87,-0.06,-0.20,0.00,-19.24,-13.83,0.14,0.08,3.94,3.51,-2.15,0.11,-5.13,240
35899,2,86.93,0.37,86.86,-0.05,-0.14,0.00,-19.24,-13.83,0.03,-0.05,3.94,3.51,-2.15,-0.01,-5.14,240
35921,2,86.87,-0.52,86.82,-0.00,0.03,0.00,-19.24,-13.83,0.00,-0.09,3.94,3.51,-2.15,-0.04,-5.18,240
35940,2,86.82,-1.12,86.82,-0.01,0.07,0.00,-19.24,-13.84,-0.10,-0.11,3.94,3.51,-2.15,-0.10,-5.18,240
35961,2,86.80,-1.10,86.82,0.02,0.13,0.00,-19.25,-13.84,-0.13,-0.11,3.94,3.51,-2.16,-0.12,-5.18,240
35980,2,86.79,-0.86,86.81,0.02,0.12,0.00,-19.25,-13.84,0.04,-0.05,3.94,3.51,-2.16,-0.01,-5.19,240
36001,2,86.81,-0.42,86.79,0.01,0.05,0.00,-19.25,-13.84,-0.01,0.02,3.94,3.51,-2.16,0.01,-5.21,240
36020,2,86.83,0.02,86.80,-0.03,-0.07,0.00,-19.25,-13.84,0.03,0.03,3.94,3.51,-2.16,0.03,-5.20,240
36042,2,86.87,0.61,86.82,-0.07,-0.19,0.00,-19.25,-13.84,0.04,0.10,3.94,3.51,-2.16,0.07,-5.18,240
36060,2,86.88,0.53,86.81,-0.06,-0.16,0.00,-19.24,-13.84,0.06,0.09,3.94,3.51,-2.15,0.07,-5.19,240
36081,2,86.87,0.25,86.80,-0.07,-0.15,0.00,-19.24,-13.84,0.00,-0.02,3.94,3.51,-2.15,-0.01,-5.20,240
36101,2,86.84,-0.21,86.78,-0.04,-0.06,0.00,-19.25,-13.84,-0.05,-0.13,3.94,3.51,-2.16,-0.09,-5.22,240
36121,2,86.81,-0.60,86.76,-0.03,-0.02,0.00,-19.25,-13.84,-0.10,-0.15,3.94,3.51,-2.16,-0.13,-5.24,240
36140,2,86.79,-0.74,86.75,-0.03,-0.00,0.00,-19.25,-13.85,-0.04,-0.20,3.94,3.51,-2.16,-0.12,-5.25,240
36160,2,86.78,-0.72,86.74,-0.03,0.00,0.00,-19.25,-13.85,-0.03,-0.12,3.94,3.51,-2.17,-0.07,-5.26,240
36181,2,86.77,-0.59,86.74,-0.03,-0.01,0.00,-19.25,-13.85,-0.05,-0.00,3.94,3.51,-2.17,-0.03,-5.26,240
36201,2,86.78,-0.30,86.74,-0.04,-0.07,0.00,-19.25,-13.85,-0.07,0.06,3.94,3.51,-2.17,-0.01,-5.26,240
36220,2,86.79,-0.20,86.74,-0.05,-0.08,0.00,-19.25,-13.85,-0.02,0.04,3.94,3.51,-2.17,0.01,-5.26,240
36240,2,86.79,-0.19,86.73,-0.05,-0.09,0.00,-19.25,-13.85,0.02,0.01,3.94,3.51,-2.17,0.01,-5.27,240
36261,2,86.78,-0.25,86.72,-0.05,-0.08,0.00,-19.26,-13.85,0.02,-0.03,3.94,3.51,-2.17,-0.00,-5.28,240
36280,2,86.76,-0.48,86.71,-0.05,-0.07,0.00,-19.26,-13.85,-0.03,-0.00,3.94,3.51,-2.17,-0.02,-5.29,240
36301,2,86.74,-0.74,86.69,-0.03,-0.00,0.00,-19.26,-13.85,-0.08,-0.04,3.94,3.51,-2.17,-0.06,-5.31,240
36322,2,86.71,-0.90,86.68,-0.02,0.02,0.00,-19.26,-13.86,-0.04,-0.09,3.94,3.51,-2.17,-0.07,-5.32,240
36340,2,86.70,-0.87,86.67,-0.03,0.01,0.00,-19.26,-13.86,-0.06,-0.08,3.94,3.51,-2.17,-0.07,-5.33,240
36361,2,86.69,-0.87,86.66,-0.02,0.03,0.00,-19.26,-13.86,-0.01,-0.02,3.94,3.51,-2.18,-0.02,-5.34,240
36380,2,86.68,-0.90,86.65,-0.02,0.03,0.00,-19.26,-13.86,-0.04,0.04,3.94,3.51,-2.18,-0.00,-5.35,240
36400,2,86.66,-1.00,86.64,-0.01,0.05,0.00,-19.26,-13.86,-0.03,0.01,3.94,3.51,-2.18,-0.01,-5.36,240
36421,2,86.64,-1.04,86.63,-0.00,0.08,0.00,-19.26,-13.86,-0.00,-0.00,3.94,3.51,-2.18,-0.00,-5.37,240
36441,2,86.62,-1.09,86.62,0.00,0.09,0.00,-19.26,-13.86,0.05,0.02,3.94,3.51,-2.18,0.03,-5.38,240
36461,2,86.60,-1.17,86.62,0.02,0.13,0.00,-19.26,-13.86,-0.00,0.00,3.94,3.51,-2.17,0.00,-5.38,240
36481,2,86.58,-1.21,86.63,0.05,0.19,0.00,-19.26,-13.86,0.05,0.03,3.94,3.51,-2.17,0.04,-5.37,240
36500,2,86.57,-0.96,86.63,0.06,0.20,0.00,-19.26,-13.85,0.04,0.09,3.94,3.51,-2.17,0.07,-5.37,240
36521,2,86.57,-0.79,86.63,0.07,0.20,0.00,-19.26,-13.85,0.09,0.12,3.94,3.51,-2.17,0.11,-5.37,240
36540,2,86.57,-0.60,86.62,0.07,0.18,0.00,-19.26,-13.85,0.11,0.13,3.94,3.51,-2.17,0.12,-5.38,240
36561,2,86.58,-0.27,86.60,0.04,0.11,0.00,-19.25,-13.84,0.02,0.16,3.94,3.51,-2.16,0.09,-5.40,240
36580,2,86.57,-0.37,86.59,0.03,0.08,0.00,-19.25,-13.84,0.14,0.24,3.94,3.51,-2.16,0.19,-5.41,240
36601,2,86.55,-0.55,86.58,0.04,0.12,0.00,-19.25,-13.83,0.12,0.06,3.94,3.51,-2.16,0.09,-5.42,240
36620,2,86.52,-0.84,86.59,0.05,0.17,0.00,-19.24,-13.83,0.17,0.03,3.94,3.51,-2.15,0.10,-5.41,240
36642,2,86.49,-1.01,86.61,0.10,0.28,0.00,-19.24,-13.83,0.11,-0.01,3.94,3.51,-2.15,0.05,-5.39,240
36659,2,86.47,-1.09,86.63,0.14,0.36,0.00,-19.24,-13.83,0.07,0.09,3.94,3.51,-2.15,0.08,-5.37,240
36681,2,86.47,-0.68,86.63,0.15,0.36,0.00,-19.23,-13.83,0.14,0.09,3.94,3.51,-2.14,0.12,-5.37,240
36701,2,86.53,0.37,86.59,0.10,0.17,0.00,-19.23,-13.82,0.24,0.19,3.94,3.51,-2.14,0.22,-5.41,240
36721,2,86.57,0.79,86.53,0.01,-0.04,0.00,-19.22,-13.82,0.27,0.34,3.94,3.51,-2.13,0.31,-5.47,240
36740,2,86.53,-0.05,86.50,-0.01,-0.04,0.00,-19.21,-13.81,0.12,0.24,3.94,3.51,-2.12,0.18,-5.50,240
36762,2,86.47,-0.77,86.52,0.03,0.12,0.00,-19.21,-13.80,-0.00,0.02,3.94,3.51,-2.12,0.01,-5.48,240
36780,2,86.42,-1.27,86.55,0.08,0.25,0.00,-19.21,-13.80,-0.04,-0.01,3.94,3.51,-2.12,-0.03,-5.45,240
36800,2,86.39,-1.46,86.59,0.15,0.42,0.00,-19.21,-13.80,0.05,-0.02,3.94,3.51,-2.12,0.02,-5.41,240
36821,2,86.39,-0.97,86.61,0.20,0.47,0.00,-19.21,-13.80,0.07,0.04,3.94,3.51,-2.12,0.05,-5.39,240
36842,2,86.43,-0.08,86.59,0.18,0.36,0.00,-19.21,-13.80,0.13,0.21,3.94,3.51,-2.12,0.17,-5.41,240
36860,2,86.47,0.44,86.54,0.13,0.23,0.00,-19.20,-13.79,0.34,0.18,3.94,3.51,-2.11,0.26,-5.46,240
36881,2,86.51,1.02,86.48,0.03,-0.02,0.00,-19.19,-13.79,0.34,0.12,3.94,3.51,-2.10,0.23,-5.52,240
36900,2,86.54,1.09,86.48,-0.05,-0.20,0.00,-19.18,-13.78,0.31,0.24,3.94,3.51,-2.09,0.27,-5.52,240
36920,2,86.51,0.38,86.46,-0.04,-0.13,0.00,-19.17,-13.77,0.06,0.26,3.94,3.51,-2.09,0.16,-5.54,240
36941,2,86.46,-0.46,86.43,-0.01,0.02,0.00,-19.17,-13.77,-0.01,0.09,3.94,3.51,-2.09,0.04,-5.57,240
36960,2,86.41,-1.20,86.44,0.01,0.11,0.00,-19.18,-13.77,-0.02,-0.01,3.94,3.51,-2.09,-0.02,-5.56,240
36981,2,86.36,-1.51,86.47,0.08,0.29,0.00,-19.18,-13.77,-0.03,-0.06,3.94,3.51,-2.09,-0.05,-5.53,240
37001,2,86.33,-1.43,86.51,0.14,0.40,0.00,-19.18,-13.77,-0.00,-0.05,3.94,3.51,-2.09,-0.03,-5.49,240
37020,2,86.35,-0.74,86.51,0.17,0.41,0.00,-19.18,-13.77,0.04,0.05,3.94,3.51,-2.09,0.05,-5.49,240
37040,2,86.42,0.51,86.46,0.11,0.21,0.00,-19.17,-13.77,0.16,0.20,3.94,3.51,-2.09,0.18,-5.54,240
37062,2,86.50,1.45,86.42,-0.04,-0.20,0.00,-19.17,-13.76,0.20,0.37,3.94,3.51,-2.08,0.28,-5.58,240
37080,2,86.53,1.55,86.46,-0.11,-0.36,0.00,-19.16,-13.75,0.22,0.17,3.94,3.51,-2.07,0.20,-5.54,240
37101,2,86.50,0.57,86.40,-0.04,-0.12,0.00,-19.16,-13.75,0.15,0.04,3.94,3.51,-2.07,0.10,-5.60,240
37121,2,86.44,-0.38,86.39,-0.04,-0.06,0.00,-19.15,-13.75,-0.02,0.00,3.94,3.51,-2.07,-0.01,-5.61,240
37140,2,86.37,-1.37,86.37,0.00,0.09,0.00,-19.16,-13.75,-0.11,-0.06,3.94,3.51,-2.07,-0.09,-5.63,240
37162,2,86.32,-1.69,86.38,0.05,0.23,0.00,-19.16,-13.75,-0.20,-0.13,3.94,3.51,-2.07,-0.16,-5.62,240
37179,2,86.32,-1.48,86.38,0.06,0.24,0.00,-19.17,-13.76,-0.07,-0.09,3.94,3.51,-2.07,-0.08,-5.62,240
37201,2,86.31,-1.11,86.38,0.07,0.22,0.00,-19.16,-13.76,-0.03,-0.03,3.94,3.51,-2.07,-0.03,-5.62,240
37221,2,86.36,-0.27,86.34,0.02,0.07,0.00,-19.16,-13.76,0.09,0.04,3.94,3.51,-2.07,0.07,-5.66,240
37241,2,86.39,0.18,86.35,-0.05,-0.11,0.00,-19.16,-13.75,0.18,0.10,3.94,3.51,-2.07,0.14,-5.65,240
37260,2,86.37,-0.10,86.33,-0.03,-0.05,0.00,-19.15,-13.75,0.11,0.07,3.94,3.51,-2.06,0.09,-5.67,240
37281,2,86.35,-0.40,86.32,-0.03,-0.02,0.00,-19.15,-13.75,0.01,0.08,3.94,3.51,-2.06,0.04,-5.68,240
37299,2,86.33,-0.61,86.30,-0.01,0.03,0.00,-19.15,-13.75,-0.01,0.01,3.94,3.51,-2.06,0.00,-5.70,240
37321,2,86.30,-0.91,86.29,0.00,0.08,0.00,-19.15,-13.75,-0.02,0.03,3.94,3.51,-2.06,0.00,-5.71,240
37341,2,86.27,-1.09,86.29,0.02,0.12,0.00,-19.15,-13.75,-0.02,-0.05,3.94,3.51,-2.06,-0.03,-5.71,240
37362,2,86.25,-1.16,86.31,0.05,0.18,0.00,-19.15,-13.75,0.00,-0.03,3.94,3.51,-2.06,-0.01,-5.69,240
37379,2,86.24,-1.03,86.31,0.06,0.21,0.00,-19.15,-13.75,0.01,0.07,3.94,3.51,-2.06,0.04,-5.69,240
37401,2,86.25,-0.62,86.31,0.07,0.18,0.00,-19.15,-13.74,0.08,0.07,3.94,3.51,-2.06,0.08,-5.69,240
37421,2,86.29,0.11,86.26,0.02,0.02,0.00,-19.15,-13.74,0.16,0.12,3.94,3.51,-2.06,0.14,-5.74,240
37440,2,86.31,0.34,86.28,-0.05,-0.12,0.00,-19.14,-13.74,0.22,0.16,3.94,3.51,-2.05,0.19,-5.72,240
37462,2,86.27,-0.33,86.24,0.01,0.04,0.00,-19.14,-13.73,0.16,0.12,3.94,3.51,-2.05,0.14,-5.76,240
37480,2,86.23,-0.94,86.24,0.00,0.07,0.00,-19.14,-13.73,-0.00,-0.01,3.94,3.51,-2.05,-0.01,-5.76,240
37501,2,86.19,-1.23,86.25,0.04,0.19,0.00,-19.14,-13.73,-0.02,-0.02,3.94,3.51,-2.05,-0.02,-5.75,240
37521,2,86.15,-1.44,86.29,0.10,0.32,0.00,-19.14,-13.73,0.04,-0.02,3.94,3.51,-2.05,0.01,-5.71,240
37540,2,86.13,-1.52,86.33,0.16,0.43,0.00,-19.14,-13.73,-0.01,0.02,3.94,3.51,-2.05,0.00,-5.67,240
37560,2,86.16,-0.73,86.32,0.17,0.40,0.00,-19.14,-13.73,0.05,0.08,3.94,3.51,-2.05,0.06,-5.68,240
37581,2,86.21,0.16,86.28,0.12,0.22,0.00,-19.13,-13.72,0.16,0.25,3.94,3.51,-2.04,0.21,-5.72,240
37601,2,86.26,0.84,86.22,0.02,-0.02,0.00,-19.13,-13.72,0.23,0.30,3.94,3.51,-2.03,0.27,-5.78,240
37620,2,86.25,0.49,86.21,-0.04,-0.12,0.00,-19.12,-13.71,0.31,0.06,3.94,3.51,-2.03,0.19,-5.79,240
37641,2,86.20,-0.42,86.18,0.00,0.04,0.00,-19.11,-13.71,0.19,0.01,3.94,3.51,-2.02,0.10,-5.82,240
37660,2,86.13,-1.28,86.20,0.03,0.14,0.00,-19.11,-13.71,0.02,-0.01,3.94,3.51,-2.02,0.01,-5.80,240
37680,2,86.07,-1.87,86.25,0.11,0.37,0.00,-19.11,-13.71,-0.05,0.10,3.94,3.51,-2.02,0.03,-5.75,240
37701,2,86.03,-1.99,86.31,0.22,0.61,0.00,-19.11,-13.70,-0.05,0.07,3.94,3.51,-2.02,0.01,-5.69,240
37721,2,86.04,-1.30,86.34,0.27,0.65,0.00,-19.11,-13.70,0.06,0.08,3.94,3.51,-2.02,0.07,-5.66,240
37740,2,86.12,0.07,86.31,0.24,0.50,0.00,-19.10,-13.70,0.36,0.30,3.94,3.51,-2.01,0.33,-5.69,240
37762,2,86.18,0.86,86.25,0.13,0.19,0.00,-19.09,-13.68,0.28,0.38,3.94,3.51,-2.00,0.33,-5.75,240
37780,2,86.23,1.32,86.19,0.03,-0.05,0.00,-19.08,-13.67,0.33,0.46,3.94,3.51,-1.99,0.39,-5.81,240
37801,2,86.23,0.84,86.15,-0.04,-0.16,0.00,-19.07,-13.66,0.32,0.30,3.94,3.51,-1.98,0.31,-5.85,240
37820,2,86.12,-1.04,86.14,-0.00,0.04,0.00,-19.06,-13.65,0.12,0.18,3.94,3.51,-1.97,0.15,-5.86,240
37841,2,85.99,-2.68,86.20,0.15,0.51,0.00,-19.06,-13.65,-0.05,-0.00,3.94,3.51,-1.97,-0.03,-5.80,240
37860,2,85.86,-3.87,86.26,0.31,0.90,0.00,-19.06,-13.65,-0.05,0.02,3.94,3.51,-1.97,-0.02,-5.74,240
37881,2,85.82,-3.44,86.32,0.44,1.16,0.00,-19.06,-13.65,0.05,-0.01,3.94,3.51,-1.97,0.02,-5.68,224
37900,2,85.88,-1.76,86.38,0.46,1.09,0.00,-19.06,-13.65,0.29,0.27,3.94,3.51,-1.97,0.28,-5.62,224
37921,2,85.96,-0.17,86.40,0.42,0.86,0.00,-19.04,-13.63,0.44,0.62,3.94,3.51,-1.95,0.53,-5.60,240
37939,2,86.05,1.23,86.34,0.35,0.60,0.00,-19.02,-13.62,0.81,0.53,3.94,3.51,-1.93,0.67,-5.66,240
37962,2,86.14,2.01,86.28,0.20,0.23,0.00,-19.00,-13.60,0.66,0.70,3.94,3.51,-1.91,0.68,-5.72,240
37980,2,86.08,0.51,86.22,0.17,0.26,0.00,-18.98,-13.58,0.72,0.43,3.94,3.51,-1.89,0.58,-5.78,240
38001,2,85.94,-1.68,86.26,0.28,0.68,0.00,-18.97,-13.56,0.12,0.57,3.94,3.51,-1.88,0.35,-5.74,240
38020,2,85.82,-3.02,86.32,0.41,1.05,0.00,-18.96,-13.55,0.14,0.22,3.94,3.51,-1.87,0.18,-5.68,224
38041,2,85.76,-3.22,86.38,0.57,1.40,0.00,-18.96,-13.55,0.30,0.11,3.94,3.51,-1.87,0.20,-5.62,224
38060,2,85.82,-1.44,86.44,0.58,1.32,0.00,-18.94,-13.54,0.68,0.31,3.94,3.51,-1.86,0.50,-5.56,224
38080,2,85.93,0.48,86.42,0.54,1.08,0.00,-18.92,-13.53,0.55,0.72,3.94,3.51,-1.84,0.64,-5.58,224
38101,2,86.09,2.46,86.36,0.33,0.46,0.00,-18.90,-13.50,0.88,1.00,3.94,3.51,-1.81,0.94,-5.64,240
38121,2,86.18,2.79,86.30,0.19,0.15,0.00,-18.88,-13.47,0.58,1.23,3.94,3.51,-1.79,0.90,-5.70,240
38140,2,86.08,0.59,86.24,0.18,0.27,0.00,-18.86,-13.44,0.77,0.56,3.94,3.51,-1.76,0.66,-5.76,240
38162,2,85.90,-2.17,86.27,0.34,0.85,0.00,-18.84,-13.43,0.30,0.18,3.94,3.51,-1.75,0.24,-5.73,240
38180,2,85.74,-3.89,86.33,0.49,1.27,0.00,-18.83,-13.43,0.22,0.10,3.94,3.51,-1.75,0.16,-5.67,224
38200,2,85.68,-3.63,86.39,0.65,1.61,0.00,-18.83,-13.42,0.27,0.32,3.94,3.51,-1.74,0.30,-5.61,224
38221,2,85.75,-1.77,86.45,0.64,1.43,0.00,-18.81,-13.41,0.55,0.60,3.94,3.51,-1.73,0.57,-5.55,224
38241,2,85.83,0.05,86.46,0.62,1.23,0.00,-18.80,-13.39,0.68,1.04,3.94,3.51,-1.70,0.86,-5.54,224
38260,2,85.97,1.85,86.40,0.52,0.92,0.00,-18.77,-13.36,1.08,0.92,3.94,3.51,-1.68,1.00,-5.60,240
38281,2,86.07,2.56,86.34,0.33,0.46,0.00,-18.74,-13.33,1.13,0.89,3.94,3.51,-1.65,1.01,-5.66,240
38300,2,85.98,0.57,86.28,0.33,0.58,0.00,-18.71,-13.30,0.82,0.87,3.94,3.51,-1.62,0.84,-5.72,240
38320,2,85.80,-2.03,86.34,0.43,0.95,0.00,-18.68,-13.28,0.43,0.46,3.94,3.51,-1.60,0.45,-5.66,240
38341,2,85.65,-3.82,86.40,0.69,1.69,0.00,-18.68,-13.27,0.23,0.32,3.94,3.51,-1.59,0.27,-5.60,224
38362,2,85.57,-3.99,86.46,0.83,1.99,0.00,-18.67,-13.26,0.54,0.44,3.94,3.51,-1.58,0.49,-5.54,224
38380,2,85.61,-2.37,86.52,0.86,1.94,0.00,-18.64,-13.24,0.89,0.73,3.94,3.51,-1.56,0.81,-5.48,224
38401,2,85.72,-0.49,86.58,0.81,1.66,0.00,-18.61,-13.21,1.25,0.96,3.94,3.51,-1.52,1.11,-5.42,224
38420,2,85.87,1.81,86.52,0.75,1.40,0.00,-18.58,-13.18,1.18,1.27,3.94,3.51,-1.49,1.22,-5.48,224
38441,2,85.98,2.69,86.46,0.54,0.87,0.00,-18.54,-13.14,1.18,1.44,3.94,3.51,-1.45,1.31,-5.54,240
38460,2,85.95,1.56,86.40,0.50,0.85,0.00,-18.51,-13.10,1.02,1.30,3.94,3.51,-1.42,1.16,-5.60,240
38481,2,85.75,-1.95,86.45,0.65,1.46,0.00,-18.48,-13.07,0.82,1.04,3.94,3.51,-1.39,0.93,-5.55,224
38500,2,85.54,-4.67,86.51,0.86,2.04,0.00,-18.46,-13.05,0.66,0.30,3.94,3.51,-1.37,0.48,-5.49,224
38521,2,85.41,-5.25,86.57,1.10,2.61,0.00,-18.44,-13.04,0.48,0.47,3.94,3.51,-1.35,0.47,-5.43,224
38540,2,85.51,-2.55,86.63,1.10,2.46,0.00,-18.42,-13.02,1.02,0.87,3.94,3.51,-1.33,0.95,-5.37,224
38562,2,85.72,1.01,86.64,0.91,1.74,0.00,-18.38,-12.98,1.24,1.61,3.94,3.51,-1.29,1.43,-5.36,224
38580,2,85.87,2.91,86.58,0.77,1.30,0.00,-18.34,-12.93,1.63,1.66,3.94,3.51,-1.25,1.64,-5.42,224
38601,2,85.94,2.69,86.52,0.64,1.06,0.00,-18.28,-12.88,1.67,1.54,3.94,3.51,-1.19,1.60,-5.48,224
38620,2,85.81,-0.10,86.49,0.67,1.29,0.00,-18.24,-12.83,1.40,1.21,3.94,3.51,-1.15,1.31,-5.51,224
38641,2,85.46,-5.12,86.55,1.03,2.46,0.00,-18.21,-12.80,0.73,0.61,3.94,3.51,-1.12,0.67,-5.45,224
38660,2,85.27,-6.61,86.61,1.24,3.00,0.00,-18.19,-12.79,0.33,0.56,3.94,3.51,-1.10,0.44,-5.39,224
38681,2,85.31,-4.26,86.67,1.30,2.94,0.00,-18.17,-12.77,0.95,0.93,3.94,3.51,-1.08,0.94,-5.33,224
38700,2,85.53,-0.01,86.73,1.19,2.46,0.00,-18.13,-12.73,1.63,1.59,3.94,3.51,-1.04,1.61,-5.27,224
38720,2,85.73,2.81,86.70,1.04,1.90,0.00,-18.08,-12.67,2.08,2.02,3.94,3.51,-0.99,2.05,-5.30,224
38741,2,85.82,3.07,86.64,0.88,1.51,0.00,-18.02,-12.61,1.96,2.02,3.94,3.51,-0.93,1.99,-5.36,224
38762,2,85.77,1.27,86.61,0.87,1.64,0.00,-17.96,-12.55,1.70,1.54,3.94,3.51,-0.87,1.62,-5.39,224
38780,2,85.45,-3.70,86.67,1.07,2.35,0.00,-17.92,-12.51,1.34,1.07,3.94,3.51,-0.83,1.20,-5.33,224
38800,2,85.15,-7.12,86.73,1.45,3.41,0.00,-17.88,-12.48,0.85,0.76,3.94,3.51,-0.79,0.80,-5.27,224
38821,2,85.09,-6.18,86.79,1.64,3.77,0.00,-17.86,-12.45,0.85,1.07,3.94,3.51,-0.77,0.96,-5.21,224
38840,2,85.21,-2.82,86.85,1.64,3.59,0.00,-17.82,-12.41,1.61,1.84,3.94,3.51,-0.73,1.72,-5.15,224
38861,2,85.48,1.66,86.91,1.37,2.61,0.00,-17.76,-12.34,2.41,2.27,3.94,3.51,-0.67,2.34,-5.09,224
38882,2,85.67,3.87,86.89,1.23,2.15,0.00,-17.68,-12.27,2.55,2.39,3.94,3.51,-0.59,2.47,-5.11,224
38900,2,85.67,2.69,86.87,1.20,2.15,0.00,-17.61,-12.20,2.24,2.35,3.94,3.51,-0.52,2.30,-5.13,224
38921,2,85.43,-1.72,86.93,1.44,3.02,0.00,-17.55,-12.13,1.95,1.80,3.94,3.51,-0.45,1.88,-5.07,224
38940,2,85.04,-6.97,86.99,1.80,4.05,0.00,-17.50,-12.09,1.28,1.50,3.94,3.51,-0.41,1.39,-5.01,224
38960,2,84.87,-7.43,87.05,2.11,4.83,0.00,-17.46,-12.05,1.28,1.32,3.94,3.51,-0.37,1.30,-4.95,224
38981,2,85.00,-3.80,87.11,2.05,4.41,0.00,-17.41,-12.00,1.83,2.06,3.94,3.51,-0.32,1.95,-4.89,224
39000,2,85.25,0.82,87.17,1.95,3.94,0.00,-17.34,-11.93,2.83,2.74,3.94,3.51,-0.25,2.79,-4.83,224
39021,2,85.56,4.83,87.20,1.62,2.84,0.00,-17.25,-11.83,3.19,3.16,3.94,3.51,-0.15,3.18,-4.80,224
39041,2,85.72,5.58,87.14,1.48,2.51,0.00,-17.15,-11.74,3.04,3.00,3.94,3.51,-0.06,3.02,-4.86,224
39060,2,85.51,0.92,87.20,1.56,2.95,0.00,-17.07,-11.65,2.52,2.64,3.94,3.51,0.03,2.58,-4.80,224
39082,2,85.08,-5.65,87.26,2.12,4.69,0.00,-17.00,-11.59,1.83,2.00,3.94,3.51,0.09,1.91,-4.74,224
39099,2,84.83,-8.18,87.32,2.43,5.51,0.00,-16.95,-11.54,1.48,1.45,3.94,3.51,0.14,1.47,-4.68,224
39121,2,84.82,-5.64,87.37,2.50,5.45,0.00,-16.90,-11.49,2.16,1.96,3.94,3.51,0.19,2.06,-4.62,224
39140,2,85.18,1.05,87.44,2.29,4.63,0.00,-16.82,-11.41,3.09,2.86,3.94,3.51,0.27,2.98,-4.56,224
39161,2,85.57,6.22,87.39,1.86,3.23,0.00,-16.72,-11.31,3.66,3.74,3.94,3.51,0.37,3.70,-4.61,224
39180,2,85.76,7.01,87.33,1.67,2.77,0.00,-16.61,-11.19,3.60,3.74,3.94,3.51,0.49,3.67,-4.67,224
39201,2,85.59,2.52,87.31,1.74,3.28,0.00,-16.50,-11.09,3.12,3.14,3.94,3.51,0.59,3.13,-4.69,224
39219,2,85.16,-4.43,87.37,2.14,4.64,0.00,-16.43,-11.01,2.21,2.08,3.94,3.51,0.67,2.15,-4.63,224
39241,2,84.47,-12.41,87.43,2.89,6.78,0.00,-16.37,-10.96,1.66,1.42,3.94,3.51,0.72,1.54,-4.57,224
39261,2,84.47,-9.28,87.49,2.96,6.65,0.00,-16.32,-10.91,2.04,2.04,3.94,3.51,0.77,2.04,-4.51,224
39282,2,84.77,-2.51,87.55,2.71,5.63,0.00,-16.23,-10.82,3.30,3.49,3.94,3.51,0.86,3.40,-4.45,224
39300,2,85.28,5.23,87.61,2.39,4.50,0.00,-16.11,-10.70,4.27,4.47,3.94,3.51,0.98,4.37,-4.39,224
39321,2,85.59,7.93,87.55,2.02,3.41,0.00,-15.98,-10.56,4.42,4.50,3.94,3.51,1.11,4.46,-4.45,224
39341,2,85.56,5.13,87.54,2.00,3.58,0.00,-15.85,-10.44,4.00,3.97,3.94,3.51,1.24,3.98,-4.46,224
39360,2,85.18,-1.94,87.60,2.19,4.33,0.00,-15.75,-10.33,2.87,2.93,3.94,3.51,1.34,2.90,-4.40,224
39382,2,84.45,-11.81,87.66,3.14,7.23,0.00,-15.68,-10.26,2.10,1.98,3.94,3.51,1.42,2.04,-4.34,224
39400,2,84.00,-15.12,87.72,3.62,8.46,0.00,-15.62,-10.21,2.03,2.12,3.94,3.51,1.47,2.07,-4.28,224
39421,2,84.20,-8.13,87.78,3.52,7.68,0.00,-15.54,-10.12,3.25,3.40,3.94,3.51,1.56,3.33,-4.22,224
39441,2,84.68,0.94,87.84,3.10,6.12,0.00,-15.41,-10.00,4.59,4.59,3.94,3.51,1.68,4.59,-4.16,224
39460,2,85.30,9.27,87.90,2.68,4.76,0.00,-15.26,-9.84,5.41,5.42,3.94,3.51,1.84,5.42,-4.10,224
39480,2,85.66,11.39,87.84,2.24,3.57,0.00,-15.09,-9.68,5.28,5.18,3.94,3.51,2.00,5.23,-4.16,224
39501,2,85.32,3.29,87.90,2.52,4.78,0.00,-14.95,-9.54,4.44,4.42,3.94,3.51,2.14,4.43,-4.10,224
39520,2,84.66,-7.31,87.96,3.03,6.39,0.00,-14.84,-9.42,2.92,2.90,3.94,3.51,2.25,2.91,-4.04,224
39541,2,83.97,-15.14,88.02,3.99,9.19,0.00,-14.77,-9.35,2.09,2.03,3.94,3.51,2.33,2.06,-3.98,224
39561,2,83.80,-13.35,88.08,4.22,9.51,0.00,-14.69,-9.28,2.86,2.91,3.94,3.51,2.40,2.89,-3.92,224
39580,2,84.36,-1.91,88.14,3.88,8.13,0.00,-14.58,-9.16,4.65,4.72,3.94,3.51,2.52,4.68,-3.86,224
39600,2,85.06,8.25,88.20,3.26,6.03,0.00,-14.41,-8.99,5.96,5.98,3.94,3.51,2.68,5.97,-3.80,224
39621,2,85.59,13.41,88.14,2.61,4.14,0.00,-14.22,-8.81,6.20,6.21,3.94,3.51,2.87,6.20,-3.86,224
39641,2,85.59,9.31,88.08,2.55,4.36,0.00,-14.04,-8.63,5.42,5.49,3.94,3.51,3.05,5.46,-3.92,224
39660,2,84.82,-4.48,88.14,3.05,6.18,0.00,-13.90,-8.49,3.79,3.84,3.94,3.51,3.19,3.81,-3.86,224
39682,2,83.93,-15.96,88.20,4.21,9.70,0.00,-13.81,-8.40,2.53,2.56,3.94,3.51,3.28,2.55,-3.80,224
39700,2,83.73,-14.70,88.26,4.46,10.17,0.00,-13.74,-8.33,2.61,2.63,3.94,3.51,3.35,2.62,-3.74,224
39720,2,84.08,-5.64,88.32,4.31,9.29,0.00,-13.63,-8.22,4.51,4.42,3.94,3.51,3.46,4.46,-3.68,224
39740,2,84.76,5.33,88.38,3.73,7.24,0.00,-13.47,-8.06,6.18,5.97,3.94,3.51,3.62,6.07,-3.62,224
39761,2,85.34,11.70,88.44,3.04,5.15,0.00,-13.27,-7.86,6.73,6.79,3.94,3.51,3.82,6.76,-3.56,224
39780,2,85.21,6.62,88.50,3.16,5.65,0.00,-13.07,-7.66,6.13,6.19,3.94,3.51,4.02,6.16,-3.50,224
39801,2,84.52,-5.47,88.56,3.98,8.41,0.00,-12.91,-7.49,4.59,4.70,3.94,3.51,4.18,4.65,-3.44,224
39820,2,83.55,-17.77,88.62,4.77,10.77,0.00,-12.79,-7.38,3.38,3.41,3.94,3.51,4.30,3.40,-3.38,224
39841,2,83.22,-17.82,88.68,5.40,12.22,0.00,-12.69,-7.28,3.60,3.47,3.94,3.51,4.40,3.54,-3.32,224
39859,2,83.58,-8.93,88.74,5.10,10.92,0.00,-12.55,-7.15,5.49,5.31,3.94,3.51,4.54,5.40,-3.26,224
39882,2,84.54,6.94,88.80,4.20,7.85,0.00,-12.35,-6.95,7.34,7.34,3.94,3.51,4.74,7.34,-3.20,224
39900,2,85.20,14.11,88.86,3.75,6.48,0.00,-12.11,-6.72,7.72,8.03,3.94,3.51,4.97,7.88,-3.14,224
39921,2,85.29,11.01,88.92,3.57,6.26,0.00,-11.89,-6.48,7.23,7.34,3.94,3.51,5.21,7.29,-3.08,224
39941,2,84.48,-3.76,88.98,4.44,9.18,0.00,-11.69,-6.29,5.55,5.50,3.94,3.51,5.40,5.53,-3.02,224
39961,2,83.49,-17.09,89.04,5.49,12.34,0.00,-11.55,-6.15,4.08,3.95,3.94,3.51,5.54,4.01,-2.96,224
39980,2,82.96,-20.21,89.10,5.99,13.59,0.00,-11.44,-6.03,3.89,3.84,3.94,3.51,5.65,3.87,-2.90,224
40000,2,83.27,-10.23,89.16,5.97,13.01,0.00,-11.29,-5.89,5.71,5.88,3.94,3.51,5.80,5.79,-2.84,224
40021,2,84.04,3.37,89.22,5.12,9.96,0.00,-11.08,-5.67,7.90,7.91,3.94,3.51,6.01,7.91,-2.78,224
40041,2,84.81,13.02,89.28,4.41,7.78,0.00,-10.82,-5.42,8.91,8.86,3.94,3.51,6.27,8.89,-2.72,224
40060,2,84.99,11.54,89.34,4.28,7.55,0.00,-10.55,-5.14,8.53,8.53,3.94,3.51,6.54,8.53,-2.66,224
40082,2,84.33,-1.50,89.40,5.01,10.14,0.00,-10.31,-4.91,7.02,6.95,3.94,3.51,6.78,6.99,-2.60,224
40100,2,83.22,-17.20,89.46,5.90,12.90,0.00,-10.14,-4.73,5.04,5.19,3.94,3.51,6.95,5.12,-2.54,224
40120,2,82.60,-21.49,89.52,6.77,15.25,0.00,-9.99,-4.59,4.80,4.80,3.94,3.51,7.10,4.80,-2.48,224
40141,2,82.69,-14.50,89.58,6.83,14.82,0.00,-9.82,-4.42,6.61,6.49,3.94,3.51,7.26,6.55,-2.42,224
40161,2,83.27,-1.81,89.64,6.31,12.77,0.00,-9.59,-4.19,8.77,8.79,3.94,3.51,7.50,8.78,-2.36,224
40180,2,84.29,13.91,89.70,5.60,10.36,0.00,-9.30,-3.89,10.05,10.00,3.94,3.51,7.79,10.02,-2.30,224
40201,2,85.07,22.26,89.76,4.63,7.49,0.00,-8.99,-3.58,10.08,9.93,3.94,3.51,8.10,10.00,-2.24,224
40220,2,85.02,18.00,89.82,4.69,7.82,0.00,-8.70,-3.30,8.79,8.90,3.94,3.51,8.38,8.85,-2.18,224
40240,2,84.60,10.48,89.88,5.10,9.21,0.00,-8.48,-3.07,6.47,6.59,3.94,3.51,8.61,6.53,-2.12,224
40261,2,84.29,6.94,89.94,5.59,10.63,0.00,-8.31,-2.90,5.30,5.07,3.94,3.51,8.78,5.18,-2.06,224
40282,2,84.49,11.12,90.00,5.45,10.00,0.00,-8.15,-2.76,5.02,4.94,3.94,3.51,8.93,4.98,-2.00,224
40300,2,85.77,27.51,89.94,4.57,7.27,0.00,-7.99,-2.58,5.99,6.46,3.94,3.51,9.10,6.23,-2.06,224
40322,2,87.21,41.26,89.88,2.73,2.15,0.00,-7.78,-2.37,7.14,7.33,3.94,3.51,9.31,7.24,-2.12,224
40340,2,88.29,45.39,89.82,1.80,-0.03,0.00,-7.57,-2.15,7.00,7.22,3.94,3.51,9.53,7.11,-2.18,224
40361,2,88.07,30.35,89.76,1.75,1.08,0.00,-7.38,-1.97,5.06,4.62,3.94,3.51,9.71,4.84,-2.24,224
40380,2,86.89,7.00,89.70,2.54,4.06,0.00,-7.28,-1.88,1.95,1.86,3.94,3.51,9.81,1.91,-2.30,224
40401,2,86.26,-2.14,89.64,3.44,7.06,0.00,-7.27,-1.87,-0.00,-0.05,3.94,3.51,9.82,-0.02,-2.36,224
40421,2,86.56,4.11,89.58,3.08,5.83,0.00,-7.25,-1.85,0.95,0.94,3.94,3.51,9.83,0.94,-2.42,224
40442,2,87.51,17.38,89.52,2.07,2.75,0.00,-7.19,-1.79,2.87,3.24,3.94,3.51,9.90,3.06,-2.48,224
40460,2,88.96,33.14,89.46,0.91,-0.56,0.00,-7.08,-1.67,4.43,4.46,3.94,3.51,10.02,4.45,-2.54,224
40482,2,89.81,35.79,89.40,-0.35,-3.57,0.00,-6.94,-1.53,4.26,4.37,3.94,3.51,10.15,4.31,-2.60,224
40499,2,89.33,21.50,89.34,0.07,-1.59,0.00,-6.84,-1.43,2.48,2.30,3.94,3.51,10.25,2.39,-2.66,224
40521,2,88.26,0.69,89.28,1.08,2.10,0.00,-6.82,-1.42,-0.70,-0.77,3.94,3.51,10.26,-0.74,-2.72,224
40541,2,87.68,-6.91,89.22,1.60,3.76,0.00,-6.87,-1.46,-1.50,-1.56,3.94,3.51,10.22,-1.53,-2.78,224
40562,2,87.75,-3.36,89.16,1.47,3.21,0.00,-6.90,-1.50,-0.81,-0.81,3.94,3.51,10.18,-0.81,-2.84,224
40580,2,88.76,12.20,89.10,0.67,0.65,0.00,-6.89,-1.49,1.07,1.10,3.94,3.51,10.20,1.08,-2.90,224
40601,2,89.98,26.26,89.04,-0.88,-3.86,0.00,-6.84,-1.43,2.26,2.26,3.94,3.51,10.25,2.26,-2.96,224
40620,2,90.68,28.50,88.98,-1.54,-5.40,0.00,-6.77,-1.36,2.26,2.30,3.94,3.51,10.32,2.28,-3.02,224
40640,2,90.63,21.50,88.92,-1.65,-5.02,0.00,-6.73,-1.33,0.13,-0.04,3.94,3.51,10.36,0.04,-3.08,224
40661,2,89.77,2.48,88.86,-0.85,-1.89,0.00,-6.76,-1.36,-2.11,-1.86,3.94,3.51,10.32,-1.98,-3.14,224
40682,2,89.01,-8.75,88.80,-0.15,0.40,0.00,-6.85,-1.44,-3.26,-3.01,3.94,3.51,10.24,-3.14,-3.20,224
40700,2,88.61,-11.82,88.74,0.12,1.16,0.00,-6.95,-1.54,-3.12,-3.09,3.94,3.51,10.14,-3.10,-3.26,224
40721,2,89.41,3.01,88.68,-0.67,-1.58,0.00,-7.03,-1.61,-1.03,-1.90,3.94,3.51,10.06,-1.46,-3.32,224
40740,2,90.51,18.39,88.62,-1.57,-4.35,0.00,-7.03,-1.63,0.46,0.42,3.94,3.51,10.06,0.44,-3.38,224
40760,2,91.15,22.59,88.68,-2.41,-6.61,0.00,-7.01,-1.61,0.57,0.51,3.94,3.51,10.08,0.54,-3.32,224
40781,2,91.26,17.96,88.74,-2.58,-6.60,0.00,-7.02,-1.62,-0.93,-0.92,3.94,3.51,10.07,-0.92,-3.26,224
40802,2,90.92,8.06,88.78,-2.18,-5.00,0.00,-7.08,-1.67,-2.82,-2.51,3.94,3.51,10.01,-2.66,-3.22,224
40820,2,90.22,-3.76,88.72,-1.60,-3.11,0.00,-7.19,-1.78,-4.18,-4.02,3.94,3.51,9.90,-4.10,-3.28,224
40841,2,89.82,-8.00,88.66,-1.10,-1.56,0.00,-7.35,-1.91,-4.31,-4.39,3.94,3.51,9.76,-4.35,-3.34,224
40860,2,90.30,1.30,88.60,-1.47,-2.82,0.00,-7.44,-2.03,-3.51,-3.82,3.94,3.51,9.65,-3.67,-3.40,224
40880,2,91.38,16.71,88.66,-2.46,-5.94,0.00,-7.52,-2.12,-1.81,-2.05,3.94,3.51,9.56,-1.93,-3.34,224
40902,2,92.32,25.72,88.72,-3.66,-9.37,0.00,-7.56,-2.16,-0.74,-0.86,3.94,3.51,9.53,-0.80,-3.28,224
40920,2,92.74,25.08,88.78,-4.00,-10.13,0.00,-7.60,-2.19,-1.89,-1.97,3.94,3.51,9.49,-1.93,-3.22,224
40941,2,92.20,10.66,88.84,-3.41,-7.68,0.00,-7.69,-2.29,-4.30,-4.28,3.94,3.51,9.40,-4.29,-3.16,224
40960,2,91.50,-1.83,88.90,-2.84,-5.78,0.00,-7.85,-2.44,-6.00,-5.93,3.94,3.51,9.24,-5.96,-3.10,224
40981,2,91.08,-6.94,88.89,-2.17,-3.79,0.00,-8.04,-2.64,-6.23,-6.43,3.94,3.51,9.05,-6.33,-3.11,224
41002,2,91.30,-0.93,88.95,-2.42,-4.76,0.00,-8.22,-2.82,-5.51,-5.61,3.94,3.51,8.87,-5.56,-3.05,224
41019,2,92.19,12.23,89.00,-3.24,-7.46,0.00,-8.36,-2.96,-3.65,-3.66,3.94,3.51,8.73,-3.65,-2.99,224
41041,2,93.78,28.33,89.06,-4.78,-11.82,0.00,-8.44,-3.04,-2.32,-2.17,3.94,3.51,8.64,-2.24,-2.93,224
41060,2,94.04,22.07,89.12,-4.96,-11.87,0.00,-8.52,-3.10,-2.82,-2.74,3.94,3.51,8.58,-2.78,-2.87,224
41081,2,93.20,2.06,89.18,-4.07,-8.31,0.00,-8.64,-3.23,-5.27,-5.18,3.94,3.51,8.45,-5.22,-2.81,224
41100,2,91.82,-18.87,89.17,-2.99,-4.85,0.00,-8.84,-3.42,-7.21,-7.29,3.94,3.51,8.26,-7.25,-2.82,224
41121,2,90.87,-27.03,89.11,-1.70,-1.24,0.00,-9.07,-3.66,-7.68,-7.69,3.94,3.51,8.02,-7.68,-2.88,224
41140,2,90.98,-20.30,89.05,-1.87,-2.12,0.00,-9.28,-3.87,-5.98,-6.14,3.94,3.51,7.81,-6.06,-2.94,224
41161,2,92.33,2.85,89.11,-3.27,-6.78,0.00,-9.41,-4.00,-3.08,-3.02,3.94,3.51,7.68,-3.05,-2.88,224
41181,2,93.49,15.41,89.17,-4.38,-9.99,0.00,-9.46,-4.05,-1.05,-1.19,3.94,3.51,7.63,-1.12,-2.82,224
41202,2,93.77,11.77,89.23,-4.60,-10.13,0.00,-9.50,-4.09,-1.41,-1.56,3.94,3.51,7.60,-1.49,-2.76,224
41220,2,92.18,-15.56,89.29,-3.39,-6.06,0.00,-9.58,-4.17,-4.06,-4.08,3.94,3.51,7.51,-4.07,-2.70,224
41241,2,90.21,-39.30,89.23,-0.92,1.31,0.00,-9.74,-4.34,-6.23,-6.30,3.94,3.51,7.34,-6.27,-2.76,224
41260,2,88.93,-45.32,89.17,0.05,3.72,0.00,-9.95,-4.54,-6.57,-6.74,3.94,3.51,7.14,-6.65,-2.82,224
41280,2,89.48,-23.70,89.12,0.01,2.51,0.00,-10.11,-4.71,-3.99,-3.99,3.94,3.51,6.98,-3.99,-2.88,224
41302,2,91.17,6.29,89.06,-2.06,-4.62,0.00,-10.16,-4.75,0.31,0.41,3.94,3.51,6.93,0.36,-2.94,224
41320,2,92.68,24.39,89.12,-3.29,-8.29,0.00,-10.11,-4.71,1.89,2.19,3.94,3.51,6.98,2.04,-2.88,224
41341,2,92.44,12.75,89.17,-3.32,-7.66,0.00,-10.06,-4.65,0.93,0.57,3.94,3.51,7.03,0.75,-2.82,224
41362,2,91.29,-8.19,89.11,-2.11,-3.57,0.00,-10.09,-4.68,-2.38,-2.28,3.94,3.51,7.00,-2.33,-2.88,224
41380,2,89.33,-33.17,89.06,-0.70,0.82,0.00,-10.21,-4.81,-4.90,-4.99,3.94,3.51,6.88,-4.95,-2.94,224
41400,2,88.17,-39.36,89.00,0.70,4.93,0.00,-10.37,-4.97,-5.37,-5.53,3.94,3.51,6.71,-5.45,-3.00,224
41421,2,88.74,-19.87,88.94,0.26,2.11,0.00,-10.51,-5.10,-3.13,-3.13,3.94,3.51,6.58,-3.13,-3.06,224
41441,2,90.06,4.61,88.88,-1.12,-2.62,0.00,-10.53,-5.12,0.84,1.02,3.94,3.51,6.56,0.93,-3.12,224
41460,2,91.49,22.62,88.94,-2.28,-6.08,0.00,-10.47,-5.06,2.56,2.52,3.94,3.51,6.62,2.54,-3.06,224
41481,2,91.47,15.02,89.00,-2.53,-6.27,0.00,-10.40,-4.99,1.76,1.67,3.94,3.51,6.69,1.72,-3.00,224
41500,2,90.29,-6.49,88.94,-1.62,-3.15,0.00,-10.40,-4.99,-1.43,-1.34,3.94,3.51,6.69,-1.38,-3.06,224
41520,2,88.85,-24.86,88.88,-0.28,1.11,0.00,-10.49,-5.08,-3.61,-3.67,3.94,3.51,6.60,-3.64,-3.12,224
41541,2,87.70,-33.94,88.82,1.18,5.07,0.00,-10.61,-5.20,-3.99,-4.12,3.94,3.51,6.48,-4.06,-3.18,224
41561,2,87.71,-23.56,88.76,1.11,4.11,0.00,-10.71,-5.30,-2.24,-2.35,3.94,3.51,6.38,-2.29,-3.24,224
41580,2,89.12,4.06,88.70,0.02,0.23,0.00,-10.72,-5.31,1.15,1.07,3.94,3.51,6.37,1.11,-3.30,224
41602,2,90.70,25.60,88.76,-2.00,-6.05,0.00,-10.65,-5.24,2.82,2.79,3.94,3.51,6.44,2.81,-3.24,224
41620,2,91.26,26.55,88.82,-2.48,-7.19,0.00,-10.56,-5.15,2.70,2.76,3.94,3.51,6.53,2.73,-3.18,224
41641,2,90.79,12.67,88.88,-1.97,-4.96,0.00,-10.53,-5.12,-0.41,-0.36,3.94,3.51,6.56,-0.38,-3.12,224
41659,2,89.92,-2.72,88.82,-1.04,-1.87,0.00,-10.59,-5.18,-3.09,-3.03,3.94,3.51,6.51,-3.06,-3.18,224
41681,2,88.59,-19.39,88.76,0.23,2.01,0.00,-10.71,-5.30,-4.32,-4.45,3.94,3.51,6.38,-4.38,-3.24,224
41702,2,88.59,-13.53,88.70,0.16,1.41,0.00,-10.83,-5.42,-3.63,-3.77,3.94,3.51,6.26,-3.70,-3.30,224
41720,2,89.35,1.91,88.69,-0.35,-0.43,0.00,-10.90,-5.49,-0.79,-0.58,3.94,3.51,6.19,-0.69,-3.31,240
41741,2,90.66,20.47,88.75,-1.97,-5.59,0.00,-10.88,-5.48,0.97,1.15,3.94,3.51,6.20,1.06,-3.25,224
41760,2,91.52,27.21,88.81,-2.77,-7.72,0.00,-10.85,-5.44,0.71,1.14,3.94,3.51,6.24,0.92,-3.19,224
41780,2,91.59,20.61,88.87,-2.81,-7.43,0.00,-10.86,-5.45,-0.96,-0.89,3.94,3.51,6.24,-0.92,-3.13,224
41802,2,90.93,5.65,88.93,-2.07,-4.58,0.00,-10.92,-5.51,-2.86,-2.96,3.94,3.51,6.17,-2.91,-3.07,224
41820,2,90.02,-8.65,88.92,-1.31,-2.18,0.00,-11.03,-5.63,-4.66,-4.58,3.94,3.51,6.06,-4.62,-3.08,224
41841,2,89.61,-11.46,88.86,-0.68,-0.45,0.00,-11.18,-5.78,-4.84,-4.90,3.94,3.51,5.91,-4.87,-3.14,224
41860,2,90.40,3.39,88.92,-1.28,-2.51,0.00,-11.31,-5.90,-3.54,-3.41,3.94,3.51,5.78,-3.47,-3.08,224
41881,2,91.71,21.26,88.98,-2.78,-7.27,0.00,-11.38,-5.97,-1.18,-0.80,3.94,3.51,5.71,-0.99,-3.02,224
41900,2,92.38,25.49,89.04,-3.27,-8.56,0.00,-11.39,-5.98,-0.12,-0.29,3.94,3.51,5.70,-0.21,-2.96,224
41920,2,92.40,18.99,89.10,-3.41,-8.52,0.00,-11.42,-6.01,-2.08,-2.10,3.94,3.51,5.67,-2.09,-2.90,224
41941,2,91.89,6.94,89.16,-2.79,-6.13,0.00,-11.52,-6.11,-4.28,-4.24,3.94,3.51,5.57,-4.26,-2.84,224
41962,2,91.31,-2.57,89.22,-2.15,-4.10,0.00,-11.67,-6.26,-5.52,-5.54,3.94,3.51,5.42,-5.53,-2.78,224
41980,2,91.17,-3.29,89.28,-1.96,-3.63,0.00,-11.84,-6.43,-5.54,-5.41,3.94,3.51,5.25,-5.47,-2.72,224
42002,2,91.78,6.84,89.34,-2.50,-5.54,0.00,-11.99,-6.59,-4.47,-4.58,3.94,3.51,5.10,-4.53,-2.66,224
42020,2,93.06,23.77,89.40,-3.39,-8.36,0.00,-12.10,-6.69,-2.74,-2.83,3.94,3.51,4.99,-2.79,-2.60,224
42040,2,94.06,31.93,89.46,-4.45,-11.37,0.00,-12.17,-6.76,-1.88,-1.91,3.94,3.51,4.92,-1.89,-2.54,224
42061,2,94.19,25.68,89.52,-4.73,-11.51,0.00,-12.24,-6.83,-3.47,-3.44,3.94,3.51,4.85,-3.46,-2.48,224
42080,2,93.92,15.27,89.58,-4.52,-10.53,0.00,-12.39,-6.98,-5.84,-5.78,3.94,3.51,4.70,-5.81,-2.42,224
42100,2,93.28,2.74,89.64,-3.85,-8.13,0.00,-12.60,-7.19,-7.28,-7.35,3.94,3.51,4.49,-7.31,-2.36,224
42121,2,93.06,-0.23,89.70,-3.41,-6.81,0.00,-12.83,-7.41,-7.65,-7.73,3.94,3.51,4.26,-7.69,-2.30,224
42140,2,93.41,5.95,89.76,-3.58,-7.49,0.00,-13.05,-7.64,-6.80,-6.69,3.94,3.51,4.04,-6.75,-2.24,224
42160,2,94.59,22.20,89.82,-4.47,-10.34,0.00,-13.23,-7.82,-5.30,-5.33,3.94,3.51,3.86,-5.32,-2.18,224
42181,2,95.93,35.94,89.88,-6.11,-15.10,0.00,-13.37,-7.95,-4.09,-4.16,3.94,3.51,3.73,-4.12,-2.12,224
42202,2,96.76,38.38,89.94,-6.88,-16.83,0.00,-13.50,-8.08,-4.90,-4.80,3.94,3.51,3.60,-4.85,-2.06,224
42220,2,96.48,24.83,90.00,-6.64,-15.55,0.00,-13.69,-8.27,-7.19,-7.31,3.94,3.51,3.41,-7.25,-2.00,224
42241,2,95.88,10.42,90.06,-5.88,-12.59,0.00,-13.94,-8.53,-9.53,-9.46,3.94,3.51,3.15,-9.50,-1.94,224
42260,2,95.47,2.82,90.12,-5.49,-11.31,0.00,-14.26,-8.84,-10.61,-10.60,3.94,3.51,2.84,-10.60,-1.88,224
42281,2,95.64,5.80,90.18,-5.52,-11.50,0.00,-14.57,-9.16,-10.15,-10.20,3.94,3.51,2.52,-10.18,-1.82,224
42300,2,96.82,22.01,90.24,-6.31,-14.05,0.00,-14.86,-9.44,-8.78,-8.81,3.94,3.51,2.24,-8.79,-1.76,224
42322,2,98.21,36.72,90.30,-7.96,-18.87,0.00,-15.09,-9.68,-7.23,-6.99,3.94,3.51,2.00,-7.11,-1.70,224
42340,2,99.26,42.97,90.36,-8.73,-20.83,0.00,-15.30,-9.88,-7.28,-7.05,3.94,3.51,1.79,-7.16,-1.64,224
42361,2,99.69,38.22,90.42,-9.32,-21.70,0.00,-15.56,-10.13,-9.49,-9.28,3.94,3.51,1.54,-9.38,-1.58,224
42380,2,99.45,25.60,90.48,-9.11,-20.51,0.00,-15.88,-10.46,-11.84,-11.89,3.94,3.51,1.22,-11.87,-1.52,224
42402,2,99.02,13.83,90.54,-8.54,-18.18,0.00,-16.28,-10.86,-13.63,-13.87,3.94,3.51,0.82,-13.75,-1.46,224
42419,2,98.94,10.86,90.60,-8.40,-17.67,0.00,-16.70,-11.28,-14.08,-14.17,3.94,3.51,0.40,-14.13,-1.40,224
42441,2,99.52,13.11,90.66,-8.91,-18.88,0.00,-17.12,-11.71,-13.41,-13.45,3.94,3.51,-0.03,-13.43,-1.34,224
42461,2,100.28,14.82,90.72,-9.61,-20.41,0.00,-17.50,-12.08,-12.21,-12.11,3.93,3.51,-0.41,-12.16,-1.28,224
42481,2,100.66,10.33,90.78,-9.94,-20.70,0.00,-17.85,-12.45,-11.17,-11.63,3.93,3.51,-0.77,-11.40,-1.22,224
42500,2,99.84,-10.42,90.84,-9.33,-18.25,0.00,-18.20,-12.81,-11.85,-11.66,3.93,3.51,-1.12,-11.75,-1.16,224
42521,2,97.98,-38.89,90.90,-7.13,-11.15,0.00,-18.58,-13.18,-13.22,-12.97,3.93,3.51,-1.50,-13.10,-1.10,224
42540,2,95.84,-62.03,90.84,-5.46,-6.36,0.00,-19.00,-13.59,-13.66,-13.40,3.93,3.51,-1.91,-13.53,-1.16,224
42560,2,94.71,-63.44,90.78,-4.03,-2.87,0.00,-19.40,-13.97,-12.30,-12.03,3.93,3.51,-2.30,-12.17,-1.22,224
42581,2,94.96,-46.81,90.72,-4.18,-4.60,0.00,-19.70,-14.27,-8.15,-8.53,3.93,3.51,-2.60,-8.34,-1.28,224
42602,2,95.73,-28.15,90.66,-5.01,-7.77,0.00,-19.88,-14.46,-4.01,-4.64,3.93,3.51,-2.78,-4.32,-1.34,224
42620,2,95.95,-21.94,90.72,-5.30,-8.80,0.00,-19.96,-14.56,-1.89,-2.62,3.93,3.51,-2.87,-2.26,-1.28,224
42641,2,95.11,-30.90,90.66,-4.38,-6.30,0.00,-20.03,-14.64,-3.08,-2.91,3.93,3.51,-2.95,-2.99,-1.34,224
42660,2,93.18,-49.90,90.60,-3.01,-2.38,0.00,-20.16,-14.75,-5.41,-4.45,3.93,3.51,-3.07,-4.93,-1.40,224
42680,2,91.37,-61.30,90.54,-1.19,2.36,0.00,-20.34,-14.91,-6.34,-5.95,3.94,3.51,-3.24,-6.14,-1.46,224
42701,2,90.93,-49.93,90.48,-0.39,3.21,0.00,-20.52,-15.08,-4.92,-5.33,3.94,3.51,-3.41,-5.12,-1.52,224
42720,2,91.57,-27.49,90.42,-0.75,1.29,0.00,-20.61,-15.20,-0.93,-2.00,3.94,3.51,-3.52,-1.46,-1.58,224
42741,2,92.76,-5.23,90.36,-2.34,-4.27,0.00,-20.59,-15.19,1.53,1.34,3.94,3.51,-3.50,1.44,-1.64,224
42761,2,93.44,2.96,90.30,-3.08,-6.39,0.00,-20.53,-15.14,1.89,1.74,3.94,3.51,-3.45,1.82,-1.70,224
42780,2,92.60,-10.58,90.24,-2.55,-4.54,0.00,-20.51,-15.10,-0.33,0.39,3.94,3.51,-3.42,0.03,-1.76,224
42800,2,91.06,-29.28,90.18,-1.24,-0.53,0.00,-20.55,-15.13,-2.45,-2.02,3.94,3.51,-3.46,-2.23,-1.82,224
42821,2,89.41,-43.55,90.12,0.77,5.03,0.00,-20.65,-15.23,-3.69,-3.67,3.94,3.51,-3.55,-3.68,-1.88,224
42840,2,88.49,-43.06,90.06,1.55,6.77,0.00,-20.75,-15.34,-3.14,-3.51,3.94,3.51,-3.66,-3.32,-1.94,224
42861,2,89.41,-17.89,90.00,0.65,2.72,0.00,-20.80,-15.40,0.31,-0.07,3.94,3.51,-3.71,0.12,-2.00,224
42881,2,90.67,4.36,89.94,-0.67,-1.70,0.00,-20.75,-15.35,2.73,2.68,3.94,3.51,-3.66,2.71,-2.06,224
42900,2,91.91,18.68,89.88,-1.69,-4.66,0.00,-20.65,-15.24,3.38,3.75,3.94,3.51,-3.56,3.57,-2.12,224
42922,2,91.48,6.18,89.82,-1.60,-3.70,0.00,-20.55,-15.15,2.57,2.31,3.94,3.51,-3.46,2.44,-2.18,224
42939,2,90.35,-11.71,89.76,-0.53,-0.12,0.00,-20.54,-15.13,-0.66,-0.81,3.94,3.51,-3.45,-0.73,-2.24,224
42961,2,88.41,-33.41,89.70,1.35,5.37,0.00,-20.60,-15.19,-2.91,-2.69,3.94,3.51,-3.51,-2.80,-2.30,224
42981,2,87.89,-31.02,89.64,1.81,6.10,0.00,-20.69,-15.28,-2.87,-2.63,3.94,3.51,-3.60,-2.75,-2.36,224
43000,2,88.31,-16.34,89.58,1.53,4.75,0.00,-20.73,-15.32,0.28,0.20,3.94,3.51,-3.64,0.24,-2.42,224
43022,2,89.65,7.44,89.52,-0.07,-0.74,0.00,-20.67,-15.27,2.95,2.79,3.94,3.51,-3.59,2.87,-2.48,224
43040,2,90.94,23.37,89.46,-1.12,-3.86,0.00,-20.57,-15.16,3.85,3.82,3.94,3.51,-3.48,3.84,-2.54,224
43060,2,90.73,13.33,89.40,-1.43,-4.22,0.00,-20.46,-15.06,2.98,3.00,3.94,3.51,-3.37,2.99,-2.60,224
43081,2,89.66,-5.41,89.34,-0.26,-0.09,0.00,-20.43,-15.02,-0.38,-0.24,3.94,3.51,-3.34,-0.31,-2.66,224
43100,2,88.32,-22.48,89.28,0.69,2.90,0.00,-20.47,-15.06,-2.33,-2.12,3.94,3.51,-3.38,-2.22,-2.72,224
43122,2,87.47,-27.51,89.22,1.81,5.82,0.00,-20.55,-15.14,-2.54,-2.41,3.94,3.51,-3.46,-2.47,-2.78,224
43140,2,88.06,-11.71,89.16,1.31,3.87,0.00,-20.60,-15.19,-0.07,-0.36,3.94,3.51,-3.51,-0.21,-2.84,224
43161,2,89.06,6.44,89.10,0.10,-0.32,0.00,-20.56,-15.16,2.10,2.03,3.94,3.51,-3.48,2.07,-2.90,224
43181,2,90.20,21.19,89.04,-1.10,-3.89,0.00,-20.48,-15.07,3.09,3.12,3.94,3.51,-3.39,3.10,-2.96,224
43200,2,90.50,19.05,88.98,-1.58,-4.98,0.00,-20.39,-14.98,2.71,2.66,3.94,3.51,-3.30,2.69,-3.02,224
43222,2,89.74,3.32,88.92,-0.76,-1.79,0.00,-20.35,-14.95,-0.12,-0.20,3.94,3.51,-3.27,-0.16,-3.08,224
43240,2,88.77,-11.24,88.86,-0.13,0.35,0.00,-20.39,-14.99,-2.06,-1.87,3.94,3.51,-3.30,-1.96,-3.14,224
43261,2,87.88,-20.58,88.80,0.98,3.60,0.00,-20.47,-15.06,-2.75,-2.59,3.94,3.51,-3.38,-2.67,-3.20,224
43281,2,87.81,-15.49,88.74,0.99,3.21,0.00,-20.54,-15.13,-1.76,-1.99,3.94,3.51,-3.45,-1.88,-3.26,224
43300,2,88.68,1.46,88.68,0.29,0.79,0.00,-20.55,-15.14,0.66,0.60,3.94,3.51,-3.46,0.63,-3.32,240
43320,2,89.66,14.04,88.62,-0.73,-2.38,0.00,-20.50,-15.10,2.02,1.90,3.94,3.51,-3.42,1.96,-3.38,224
43341,2,90.09,14.58,88.62,-1.47,-4.10,0.00,-20.44,-15.04,2.00,1.97,3.94,3.51,-3.35,1.98,-3.38,224
43361,2,89.76,4.90,88.56,-1.14,-2.68,0.00,-20.40,-15.00,0.14,0.02,3.94,3.51,-3.31,0.08,-3.44,224
43380,2,88.70,-11.52,88.50,-0.41,-0.20,0.00,-20.43,-15.02,-1.70,-1.40,3.94,3.51,-3.34,-1.55,-3.50,224
43401,2,87.68,-22.63,88.44,0.82,3.44,0.00,-20.50,-15.09,-2.45,-2.35,3.94,3.51,-3.40,-2.40,-3.56,224
43420,2,87.45,-18.83,88.38,1.01,3.70,0.00,-20.57,-15.15,-2.04,-2.17,3.94,3.51,-3.47,-2.10,-3.62,224
43440,2,87.92,-6.83,88.32,0.61,2.03,0.00,-20.59,-15.19,0.27,0.18,3.94,3.51,-3.50,0.23,-3.68,224
43461,2,88.64,4.05,88.26,-0.32,-0.97,0.00,-20.56,-15.15,1.80,1.66,3.94,3.51,-3.47,1.73,-3.74,224
43481,2,89.12,8.22,88.23,-0.86,-2.38,0.00,-20.49,-15.09,2.12,2.11,3.94,3.51,-3.41,2.11,-3.77,224
43499,2,88.69,-1.15,88.17,-0.46,-0.83,0.00,-20.44,-15.04,1.27,1.28,3.94,3.51,-3.35,1.28,-3.83,240
43522,2,87.42,-19.71,88.13,0.75,3.08,0.00,-20.44,-15.03,-0.56,-0.62,3.94,3.51,-3.35,-0.59,-3.87,224
43540,2,86.32,-30.35,88.19,1.54,5.35,0.00,-20.47,-15.06,-1.27,-0.99,3.94,3.51,-3.38,-1.13,-3.81,224
43561,2,85.98,-26.75,88.25,2.20,6.55,0.00,-20.50,-15.09,-0.27,-0.16,3.94,3.51,-3.41,-0.21,-3.75,224
43580,2,86.29,-15.04,88.31,2.06,5.57,0.00,-20.47,-15.07,1.63,1.46,3.94,3.51,-3.38,1.54,-3.69,224
43600,2,87.02,-0.56,88.37,1.49,3.32,0.00,-20.39,-14.99,3.33,3.25,3.94,3.51,-3.31,3.29,-3.63,224
43622,2,87.74,9.64,88.31,0.63,0.48,0.00,-20.27,-14.87,4.19,4.19,3.94,3.51,-3.19,4.19,-3.69,224
43640,2,88.05,10.67,88.25,0.24,-0.47,0.00,-20.15,-14.75,3.67,3.84,3.94,3.51,-3.07,3.75,-3.75,224
43661,2,87.16,-4.79,88.28,1.09,2.55,0.00,-20.07,-14.66,2.05,1.89,3.94,3.51,-2.98,1.97,-3.72,224
43681,2,86.22,-16.16,88.34,2.07,5.43,0.00,-20.05,-14.64,-0.06,-0.03,3.94,3.51,-2.96,-0.04,-3.66,224
43700,2,85.92,-16.35,88.40,2.43,6.16,0.00,-20.05,-14.64,0.25,0.15,3.94,3.51,-2.96,0.20,-3.60,224
43722,2,86.15,-6.41,88.46,2.25,5.02,0.00,-20.02,-14.61,1.64,1.54,3.94,3.51,-2.93,1.59,-3.54,224
43740,2,86.98,7.52,88.48,1.70,3.06,0.00,-19.95,-14.54,3.07,3.06,3.94,3.51,-2.86,3.06,-3.52,224
43761,2,87.80,16.96,88.42,0.68,0.01,0.00,-19.84,-14.43,3.91,4.00,3.94,3.51,-2.75,3.95,-3.58,224
43780,2,88.06,15.73,88.36,0.38,-0.59,0.00,-19.72,-14.31,3.56,3.71,3.94,3.51,-2.63,3.63,-3.64,224
43801,2,87.31,0.98,88.30,1.05,2.03,0.00,-19.63,-14.23,2.15,1.94,3.94,3.51,-2.54,2.04,-3.70,224
43820,2,86.45,-11.25,88.36,1.66,4.03,0.00,-19.61,-14.21,-0.22,-0.06,3.94,3.51,-2.52,-0.14,-3.64,224
43840,2,86.00,-13.97,88.42,2.28,5.68,0.00,-19.62,-14.21,0.08,-0.02,3.94,3.51,-2.53,0.03,-3.58,224
43861,2,86.23,-6.67,88.48,2.20,4.93,0.00,-19.60,-14.19,1.03,1.10,3.94,3.51,-2.51,1.06,-3.52,224
43881,2,86.85,4.26,88.54,1.64,2.94,0.00,-19.54,-14.14,2.56,2.49,3.94,3.51,-2.46,2.52,-3.46,224
43900,2,87.70,15.25,88.48,1.05,1.07,0.00,-19.44,-14.04,3.67,3.65,3.94,3.51,-2.36,3.66,-3.52,224
43922,2,88.08,16.27,88.42,0.40,-0.50,0.00,-19.33,-13.93,3.59,3.58,3.94,3.51,-2.24,3.59,-3.58,224
43940,2,87.60,5.16,88.36,0.64,0.60,0.00,-19.24,-13.84,2.31,2.33,3.94,3.51,-2.15,2.32,-3.64,224
43960,2,86.91,-6.32,88.41,1.29,2.89,0.00,-19.21,-13.80,-0.01,0.16,3.94,3.51,-2.12,0.07,-3.59,224
43981,2,86.46,-10.93,88.47,1.95,4.77,0.00,-19.22,-13.81,0.04,0.00,3.94,3.51,-2.13,0.02,-3.53,224
44001,2,86.35,-9.13,88.53,2.12,4.97,0.00,-19.20,-13.80,0.70,0.79,3.94,3.51,-2.11,0.74,-3.47,224
44020,2,86.88,1.15,88.52,1.80,3.71,0.00,-19.16,-13.76,1.93,1.86,3.94,3.51,-2.07,1.89,-3.48,224
44041,2,87.56,10.62,88.46,0.96,1.06,0.00,-19.08,-13.68,3.03,2.98,3.94,3.51,-2.00,3.00,-3.54,224
44060,2,88.06,14.82,88.40,0.49,-0.16,0.00,-18.99,-13.58,3.27,3.34,3.94,3.51,-1.90,3.30,-3.60,224
44080,2,87.83,7.18,88.34,0.43,0.07,0.00,-18.90,-13.49,2.55,2.63,3.94,3.51,-1.81,2.59,-3.66,224
44101,2,87.02,-5.88,88.31,1.31,3.10,0.00,-18.85,-13.44,0.57,0.42,3.94,3.51,-1.76,0.49,-3.68,224
44121,2,86.47,-12.04,88.38,1.85,4.66,0.00,-18.85,-13.45,-0.09,-0.20,3.94,3.51,-1.76,-0.14,-3.62,224
44141,2,86.46,-8.51,88.44,1.92,4.52,0.00,-18.85,-13.44,0.54,0.59,3.94,3.51,-1.76,0.56,-3.56,224
44161,2,86.79,-1.09,88.49,1.64,3.37,0.00,-18.81,-13.41,1.77,1.75,3.94,3.51,-1.72,1.76,-3.50,224
44180,2,87.51,9.47,88.43,1.16,1.75,0.00,-18.74,-13.33,2.80,2.89,3.94,3.51,-1.65,2.85,-3.56,224
44201,2,88.09,15.06,88.37,0.34,-0.53,0.00,-18.64,-13.24,3.17,3.11,3.94,3.51,-1.55,3.14,-3.62,224
44220,2,88.03,9.92,88.31,0.28,-0.38,0.00,-18.56,-13.15,2.62,2.59,3.94,3.51,-1.47,2.60,-3.68,224
44241,2,87.48,-0.87,88.25,0.83,1.73,0.00,-18.51,-13.10,0.56,0.56,3.94,3.51,-1.42,0.56,-3.74,224
44260,2,87.03,-7.29,88.24,1.13,2.74,0.00,-18.51,-13.10,-0.32,-0.08,3.94,3.51,-1.42,-0.20,-3.76,224
44281,2,86.84,-7.89,88.30,1.41,3.44,0.00,-18.51,-13.10,0.27,0.26,3.94,3.51,-1.42,0.26,-3.70,224
44300,2,87.00,-3.41,88.29,1.35,3.08,0.00,-18.49,-13.09,0.95,0.87,3.94,3.51,-1.40,0.91,-3.71,224
44322,2,87.28,1.52,88.23,1.01,1.89,0.00,-18.45,-13.04,1.82,1.68,3.94,3.51,-1.36,1.75,-3.77,224
44339,2,87.61,6.15,88.17,0.62,0.74,0.00,-18.39,-12.98,2.13,2.28,3.94,3.51,-1.30,2.20,-3.83,224
44361,2,87.93,8.33,88.11,0.24,-0.18,0.00,-18.31,-12.92,1.97,2.02,3.94,3.51,-1.22,1.99,-3.89,224
44381,2,87.60,1.49,88.05,0.51,0.90,0.00,-18.27,-12.86,1.41,1.54,3.94,3.51,-1.18,1.47,-3.95,240
44401,2,87.15,-4.98,88.05,0.89,2.19,0.00,-18.25,-12.84,0.06,0.05,3.94,3.51,-1.16,0.05,-3.95,224
44420,2,87.01,-5.53,88.11,1.01,2.47,0.00,-18.25,-12.84,0.11,0.16,3.94,3.51,-1.16,0.13,-3.89,224
44441,2,87.03,-3.50,88.15,1.08,2.44,0.00,-18.24,-12.83,0.54,0.70,3.94,3.51,-1.15,0.62,-3.85,224
44460,2,87.32,1.71,88.09,0.90,1.77,0.00,-18.21,-12.80,1.21,1.11,3.94,3.51,-1.12,1.16,-3.91,224
44480,2,87.68,6.45,88.03,0.50,0.57,0.00,-18.17,-12.76,1.67,1.49,3.94,3.51,-1.08,1.58,-3.97,224
44501,2,87.96,8.72,87.97,0.07,-0.55,0.00,-18.11,-12.71,1.84,1.59,3.94,3.51,-1.03,1.72,-4.03,224
44522,2,87.84,4.66,87.91,0.13,-0.12,0.00,-18.07,-12.67,1.17,1.30,3.94,3.51,-0.98,1.24,-4.09,224
44540,2,87.42,-2.60,87.85,0.39,0.87,0.00,-18.05,-12.65,-0.02,-0.09,3.94,3.51,-0.97,-0.06,-4.15,240
44561,2,87.18,-5.19,87.91,0.67,1.75,0.00,-18.06,-12.66,-0.20,-0.10,3.94,3.51,-0.97,-0.15,-4.09,224
44580,2,87.11,-4.69,87.97,0.79,1.98,0.00,-18.06,-12.66,0.19,0.12,3.94,3.51,-0.97,0.16,-4.03,224
44600,2,87.26,-1.15,87.93,0.77,1.71,0.00,-18.05,-12.65,0.56,0.37,3.94,3.51,-0.96,0.46,-4.07,224
44622,2,87.55,3.61,87.87,0.38,0.47,0.00,-18.03,-12.62,0.87,1.11,3.94,3.51,-0.94,0.99,-4.13,240
44640,2,87.86,7.21,87.81,0.09,-0.32,0.00,-17.99,-12.59,1.31,1.44,3.94,3.51,-0.90,1.37,-4.19,224
44661,2,87.92,6.17,87.75,-0.11,-0.72,0.00,-17.95,-12.54,1.29,1.31,3.94,3.51,-0.86,1.30,-4.25,224
44681,2,87.74,1.79,87.69,0.01,-0.12,0.00,-17.93,-12.52,0.27,0.06,3.94,3.51,-0.84,0.17,-4.31,240
44700,2,87.53,-1.51,87.63,0.11,0.29,0.00,-17.94,-12.52,-0.29,-0.25,3.94,3.51,-0.84,-0.27,-4.37,240
44720,2,87.37,-3.36,87.67,0.23,0.70,0.00,-17.95,-12.53,-0.26,-0.10,3.94,3.51,-0.85,-0.18,-4.33,240
44741,2,87.30,-3.27,87.72,0.37,0.99,0.00,-17.95,-12.53,-0.13,-0.13,3.94,3.51,-0.86,-0.13,-4.28,240
44760,2,87.32,-1.95,87.74,0.41,1.02,0.00,-17.95,-12.53,0.20,0.11,3.94,3.51,-0.86,0.15,-4.26,224
44781,2,87.50,1.21,87.68,0.24,0.38,0.00,-17.94,-12.53,0.52,0.31,3.94,3.51,-0.85,0.41,-4.32,240
44801,2,87.69,3.79,87.62,-0.01,-0.33,0.00,-17.92,-12.51,0.85,0.54,3.94,3.51,-0.83,0.70,-4.38,240
44820,2,87.78,3.88,87.60,-0.15,-0.63,0.00,-17.90,-12.49,0.53,0.81,3.94,3.51,-0.81,0.67,-4.40,240
44841,2,87.76,2.59,87.60,-0.15,-0.52,0.00,-17.89,-12.48,0.13,0.18,3.94,3.51,-0.80,0.16,-4.40,240
44859,2,87.74,1.78,87.59,-0.15,-0.43,0.00,-17.89,-12.48,-0.07,-0.17,3.94,3.51,-0.80,-0.12,-4.41,240
44881,2,87.70,0.64,87.56,-0.11,-0.27,0.00,-17.90,-12.49,-0.14,-0.19,3.94,3.51,-0.80,-0.16,-4.44,240
44901,2,87.65,-0.15,87.55,-0.08,-0.16,0.00,-17.90,-12.49,-0.32,-0.18,3.94,3.51,-0.81,-0.25,-4.45,240
44921,2,87.67,0.30,87.56,-0.12,-0.27,0.00,-17.92,-12.50,-0.38,-0.24,3.94,3.51,-0.82,-0.31,-4.44,240
44942,2,87.75,1.48,87.60,-0.19,-0.49,0.00,-17.92,-12.50,-0.09,-0.24,3.94,3.51,-0.83,-0.16,-4.40,240
44960,2,87.81,2.13,87.61,-0.20,-0.57,0.00,-17.92,-12.51,-0.10,-0.19,3.94,3.51,-0.83,-0.14,-4.39,240
44980,2,87.85,2.15,87.62,-0.23,-0.63,0.00,-17.93,-12.52,-0.26,-0.21,3.94,3.51,-0.84,-0.23,-4.38,240
45001,2,87.91,2.39,87.64,-0.28,-0.76,0.00,-17.94,-12.52,-0.45,-0.27,3.94,3.51,-0.85,-0.36,-4.36,240
45020,2,87.98,2.84,87.67,-0.32,-0.86,0.00,-17.95,-12.53,-0.41,-0.21,3.94,3.51,-0.85,-0.31,-4.33,240
45040,2,87.97,1.97,87.65,-0.32,-0.82,0.00,-17.96,-12.54,-0.21,-0.57,3.94,3.51,-0.86,-0.39,-4.35,240
45061,2,87.96,1.46,87.65,-0.31,-0.74,0.00,-17.97,-12.56,-0.38,-0.84,3.94,3.51,-0.88,-0.61,-4.35,240
45081,2,88.06,2.70,87.70,-0.41,-1.04,0.00,-17.99,-12.59,-0.63,-0.40,3.94,3.51,-0.90,-0.52,-4.30,224
45100,2,88.16,3.42,87.72,-0.44,-1.14,0.00,-18.00,-12.60,-0.44,-0.21,3.94,3.51,-0.92,-0.33,-4.28,224
45120,2,88.23,3.52,87.75,-0.48,-1.24,0.00,-18.02,-12.61,-0.59,-0.49,3.94,3.51,-0.93,-0.54,-4.25,224
45142,2,88.31,3.76,87.78,-0.57,-1.44,0.00,-18.04,-12.63,-0.61,-0.60,3.94,3.51,-0.95,-0.60,-4.22,224
45160,2,88.35,3.33,87.78,-0.57,-1.43,0.00,-18.05,-12.65,-0.62,-0.98,3.94,3.51,-0.97,-0.80,-4.22,224
45181,2,88.41,3.36,87.81,-0.63,-1.53,0.00,-18.08,-12.68,-0.97,-0.91,3.94,3.51,-0.99,-0.94,-4.19,224
45201,2,88.51,3.98,87.84,-0.70,-1.72,0.00,-18.10,-12.70,-0.98,-0.74,3.94,3.51,-1.02,-0.86,-4.16,224
45220,2,88.54,3.65,87.84,-0.69,-1.67,0.00,-18.13,-12.73,-0.86,-0.88,3.94,3.51,-1.04,-0.87,-4.16,224
45240,2,88.62,3.80,87.88,-0.78,-1.86,0.00,-18.17,-12.75,-1.04,-0.92,3.94,3.51,-1.07,-0.98,-4.12,224
45261,2,88.69,3.99,87.89,-0.82,-1.95,0.00,-18.19,-12.78,-1.02,-1.01,3.94,3.51,-1.10,-1.02,-4.11,224
45281,2,88.76,3.92,87.92,-0.87,-2.05,0.00,-18.22,-12.82,-1.01,-1.26,3.94,3.51,-1.14,-1.13,-4.08,224
45300,2,88.86,4.35,87.95,-0.91,-2.17,0.00,-18.26,-12.86,-1.13,-1.26,3.94,3.51,-1.17,-1.19,-4.05,224
45321,2,88.98,5.02,88.00,-1.02,-2.45,0.00,-18.30,-12.89,-1.20,-1.29,3.94,3.51,-1.21,-1.25,-4.00,224
45340,2,89.09,5.39,88.03,-1.06,-2.53,0.00,-18.34,-12.93,-1.32,-1.29,3.94,3.51,-1.25,-1.31,-3.97,224
45360,2,89.20,5.67,88.07,-1.15,-2.75,0.00,-18.38,-12.97,-1.38,-1.45,3.94,3.51,-1.29,-1.42,-3.93,224
45381,2,89.27,5.35,88.08,-1.20,-2.83,0.00,-18.42,-13.02,-1.46,-1.71,3.94,3.51,-1.33,-1.58,-3.92,224
45401,2,89.35,5.21,88.11,-1.27,-2.96,0.00,-18.47,-13.07,-1.58,-1.78,3.94,3.51,-1.38,-1.68,-3.89,224
45420,2,89.43,5.20,88.13,-1.29,-3.00,0.00,-18.52,-13.12,-1.88,-1.66,3.94,3.51,-1.44,-1.77,-3.87,224
45442,2,89.53,5.44,88.17,-1.39,-3.22,0.00,-18.58,-13.17,-1.86,-1.80,3.94,3.51,-1.49,-1.83,-3.83,224
45460,2,89.64,5.82,88.21,-1.44,-3.34,0.00,-18.64,-13.23,-1.87,-1.92,3.94,3.51,-1.54,-1.89,-3.79,224
45481,2,89.76,6.26,88.25,-1.55,-3.60,0.00,-18.69,-13.29,-1.93,-2.00,3.94,3.51,-1.60,-1.97,-3.75,224
45499,2,89.86,6.57,88.28,-1.61,-3.74,0.00,-18.75,-13.35,-2.05,-2.16,3.94,3.51,-1.66,-2.11,-3.72,224
45521,2,90.02,7.03,88.33,-1.75,-4.06,0.00,-18.82,-13.41,-2.17,-2.14,3.94,3.51,-1.73,-2.15,-3.66,224
45540,2,90.16,7.18,88.39,-1.82,-4.22,0.00,-18.89,-13.48,-2.39,-2.24,3.94,3.51,-1.80,-2.31,-3.61,224
45561,2,90.27,6.81,88.41,-1.88,-4.30,0.00,-18.96,-13.55,-2.41,-2.62,3.94,3.51,-1.87,-2.52,-3.59,224
45580,2,90.34,5.90,88.43,-1.91,-4.31,0.00,-19.04,-13.63,-2.59,-2.65,3.94,3.51,-1.95,-2.62,-3.57,224
45601,2,90.41,5.00,88.45,-1.97,-4.34,0.00,-19.12,-13.71,-2.71,-2.70,3.94,3.51,-2.03,-2.70,-3.55,224
45619,2,90.42,3.88,88.44,-1.97,-4.25,0.00,-19.20,-13.79,-2.75,-2.83,3.94,3.51,-2.11,-2.79,-3.56,224
45642,2,90.42,2.33,88.44,-1.98,-4.14,0.00,-19.28,-13.88,-2.75,-2.94,3.94,3.51,-2.19,-2.84,-3.56,224
45660,2,90.42,1.52,88.44,-1.98,-4.10,0.00,-19.37,-13.96,-2.81,-2.89,3.94,3.51,-2.28,-2.85,-3.56,224
45681,2,90.45,1.26,88.44,-2.01,-4.13,0.00,-19.45,-14.05,-2.84,-2.76,3.94,3.51,-2.37,-2.80,-3.56,224
45701,2,90.46,0.91,88.44,-2.02,-4.12,0.00,-19.54,-14.13,-2.83,-2.66,3.94,3.51,-2.45,-2.74,-3.56,224
45721,2,90.46,0.26,88.43,-2.02,-4.06,0.00,-19.62,-14.21,-2.78,-2.71,3.94,3.51,-2.53,-2.74,-3.57,224
45740,2,90.41,-0.85,88.40,-1.99,-3.94,0.00,-19.70,-14.30,-2.75,-2.71,3.94,3.51,-2.61,-2.73,-3.60,224
45760,2,90.37,-1.58,88.39,-1.97,-3.82,0.00,-19.78,-14.38,-2.76,-2.73,3.94,3.51,-2.70,-2.74,-3.61,224
45781,2,90.28,-2.85,88.33,-1.89,-3.55,0.00,-19.87,-14.46,-2.75,-2.69,3.94,3.51,-2.78,-2.72,-3.67,224
45801,2,90.21,-3.41,88.31,-1.88,-3.49,0.00,-19.95,-14.54,-2.61,-2.57,3.94,3.51,-2.86,-2.59,-3.68,224
45820,2,90.14,-3.95,88.27,-1.85,-3.40,0.00,-20.02,-14.62,-2.51,-2.41,3.94,3.51,-2.93,-2.46,-3.73,224
45842,2,90.07,-4.45,88.25,-1.80,-3.24,0.00,-20.10,-14.69,-2.39,-2.47,3.94,3.51,-3.01,-2.43,-3.75,224
45859,2,90.00,-4.99,88.21,-1.75,-3.10,0.00,-20.17,-14.76,-2.33,-2.45,3.94,3.51,-3.08,-2.39,-3.79,224
45880,2,89.86,-5.75,88.15,-1.68,-2.92,0.00,-20.24,-14.83,-2.22,-2.29,3.94,3.51,-3.15,-2.26,-3.85,224
45901,2,89.75,-6.20,88.10,-1.60,-2.71,0.00,-20.31,-14.90,-2.26,-2.10,3.94,3.51,-3.22,-2.18,-3.90,224
45921,2,89.64,-6.60,88.05,-1.54,-2.55,0.00,-20.37,-14.96,-2.05,-2.07,3.94,3.51,-3.28,-2.06,-3.95,224
45940,2,89.52,-7.03,88.00,-1.50,-2.46,0.00,-20.43,-15.02,-2.02,-1.88,3.94,3.51,-3.34,-1.95,-4.00,224
45961,2,89.38,-7.95,87.94,-1.38,-2.13,0.00,-20.49,-15.08,-1.72,-1.93,3.94,3.51,-3.40,-1.82,-4.06,224
45980,2,89.15,-9.93,87.88,-1.27,-1.79,0.00,-20.54,-15.14,-1.74,-1.81,3.94,3.51,-3.45,-1.78,-4.12,224
46000,2,88.91,-11.51,87.82,-1.09,-1.29,0.00,-20.59,-15.19,-1.75,-1.64,3.94,3.51,-3.51,-1.70,-4.18,224
46021,2,88.67,-12.33,87.76,-0.85,-0.72,0.00,-20.64,-15.24,-1.57,-1.39,3.94,3.51,-3.56,-1.48,-4.24,224
46042,2,88.52,-11.58,87.70,-0.76,-0.59,0.00,-20.69,-15.28,-1.22,-1.18,3.94,3.51,-3.60,-1.20,-4.30,224
46060,2,88.41,-10.78,87.64,-0.75,-0.64,0.00,-20.72,-15.30,-0.68,-0.71,3.94,3.51,-3.63,-0.69,-4.36,224
46081,2,88.22,-11.18,87.58,-0.58,-0.26,0.00,-20.73,-15.33,-0.53,-0.72,3.94,3.51,-3.65,-0.63,-4.42,224
46100,2,88.02,-11.18,87.52,-0.48,-0.07,0.00,-20.75,-15.35,-0.57,-0.54,3.94,3.51,-3.66,-0.56,-4.48,224
46121,2,87.78,-11.68,87.46,-0.26,0.41,0.00,-20.76,-15.36,-0.38,-0.26,3.94,3.51,-3.68,-0.32,-4.54,224
46140,2,87.61,-11.12,87.40,-0.19,0.53,0.00,-20.78,-15.37,-0.47,-0.26,3.94,3.51,-3.69,-0.37,-4.60,224
46161,2,87.46,-10.11,87.34,-0.06,0.69,0.00,-20.79,-15.37,-0.16,-0.03,3.94,3.51,-3.69,-0.10,-4.66,224
46180,2,87.38,-8.49,87.28,-0.05,0.61,0.00,-20.78,-15.37,0.14,0.04,3.94,3.51,-3.69,0.09,-4.72,224
46201,2,87.32,-6.80,87.22,-0.04,0.46,0.00,-20.78,-15.37,0.29,0.17,3.94,3.51,-3.69,0.23,-4.78,224
46220,2,87.29,-5.25,87.16,-0.08,0.29,0.00,-20.77,-15.36,0.40,0.25,3.94,3.51,-3.68,0.32,-4.84,224
46242,2,87.20,-4.89,87.10,-0.04,0.31,0.00,-20.75,-15.35,0.32,0.46,3.94,3.51,-3.67,0.39,-4.90,224
46260,2,87.11,-5.14,87.04,-0.01,0.39,0.00,-20.75,-15.34,0.11,0.42,3.94,3.51,-3.66,0.26,-4.96,224
46281,2,86.95,-5.43,86.98,0.09,0.61,0.00,-20.75,-15.33,0.16,0.07,3.94,3.51,-3.65,0.11,-5.02,224
46300,2,86.90,-4.60,86.92,0.07,0.52,0.00,-20.74,-15.33,0.38,0.01,3.94,3.51,-3.65,0.20,-5.08,224
46322,2,86.85,-3.98,86.90,0.07,0.46,0.00,-20.73,-15.33,0.37,0.20,3.94,3.51,-3.64,0.29,-5.10,240
46340,2,86.78,-3.75,86.92,0.10,0.51,0.00,-20.72,-15.32,0.24,0.31,3.94,3.51,-3.63,0.27,-5.08,240
46361,2,86.73,-3.30,86.96,0.19,0.65,0.00,-20.71,-15.31,0.14,0.42,3.94,3.51,-3.62,0.28,-5.04,240
46380,2,86.68,-2.96,87.00,0.26,0.77,0.00,-20.71,-15.29,0.25,0.47,3.94,3.51,-3.61,0.36,-5.00,240
46400,2,86.70,-1.85,87.00,0.31,0.79,0.00,-20.69,-15.28,0.44,0.23,3.94,3.51,-3.60,0.33,-5.00,240
46421,2,86.71,-1.15,86.99,0.29,0.68,0.00,-20.68,-15.27,0.68,0.41,3.94,3.51,-3.59,0.55,-5.01,240
46442,2,86.69,-1.09,86.98,0.30,0.69,0.00,-20.66,-15.26,0.32,0.58,3.94,3.51,-3.57,0.45,-5.02,240
46460,2,86.66,-1.03,86.98,0.32,0.73,0.00,-20.65,-15.24,0.46,0.38,3.94,3.51,-3.56,0.42,-5.02,240
46481,2,86.62,-1.09,87.00,0.36,0.81,0.00,-20.64,-15.23,0.56,0.39,3.94,3.51,-3.55,0.48,-5.00,240
46500,2,86.66,-0.11,86.97,0.35,0.73,0.00,-20.62,-15.22,0.40,0.49,3.94,3.51,-3.54,0.44,-5.03,240
46520,2,86.72,0.86,86.91,0.27,0.49,0.00,-20.61,-15.20,0.54,0.48,3.94,3.51,-3.52,0.51,-5.09,240
46542,2,86.73,0.74,86.85,0.18,0.30,0.00,-20.59,-15.19,0.47,0.68,3.94,3.51,-3.50,0.58,-5.15,240
46560,2,86.66,-0.49,86.84,0.16,0.32,0.00,-20.58,-15.17,0.32,0.58,3.94,3.51,-3.49,0.45,-5.16,240
46581,2,86.58,-1.49,86.87,0.26,0.63,0.00,-20.57,-15.16,0.25,-0.03,3.94,3.51,-3.48,0.11,-5.13,240
46601,2,86.51,-2.06,86.92,0.36,0.88,0.00,-20.56,-15.16,0.37,0.21,3.94,3.51,-3.47,0.29,-5.08,240
46620,2,86.44,-2.47,86.98,0.47,1.14,0.00,-20.55,-15.15,0.25,0.37,3.94,3.51,-3.46,0.31,-5.02,224
46640,2,86.46,-1.54,87.01,0.53,1.21,0.00,-20.55,-15.14,0.26,0.53,3.94,3.51,-3.46,0.40,-4.99,224
46661,2,86.58,0.61,86.95,0.43,0.82,0.00,-20.53,-15.12,0.55,0.57,3.94,3.51,-3.44,0.56,-5.05,240
46681,2,86.68,1.94,86.89,0.27,0.39,0.00,-20.51,-15.10,0.97,0.78,3.94,3.51,-3.42,0.87,-5.11,240
46700,2,86.70,1.86,86.83,0.19,0.23,0.00,-20.48,-15.08,0.98,0.48,3.94,3.51,-3.39,0.73,-5.17,240
46721,2,86.66,0.56,86.77,0.17,0.30,0.00,-20.46,-15.06,0.20,0.55,3.94,3.51,-3.38,0.38,-5.23,240
46740,2,86.51,-1.63,86.78,0.23,0.56,0.00,-20.46,-15.05,0.18,0.47,3.94,3.51,-3.37,0.32,-5.22,240
46761,2,86.42,-2.39,86.84,0.37,0.92,0.00,-20.45,-15.04,0.16,0.13,3.94,3.51,-3.36,0.14,-5.16,240
46779,2,86.40,-2.07,86.88,0.44,1.05,0.00,-20.44,-15.04,0.44,0.19,3.94,3.51,-3.35,0.32,-5.12,224
46801,2,86.40,-1.15,86.90,0.48,1.06,0.00,-20.43,-15.03,0.36,0.51,3.94,3.51,-3.34,0.44,-5.10,224
46821,2,86.41,-0.62,86.89,0.49,1.03,0.00,-20.42,-15.01,0.38,0.68,3.94,3.51,-3.33,0.53,-5.11,224
46842,2,86.48,0.69,86.83,0.41,0.77,0.00,-20.40,-14.99,0.65,0.52,3.94,3.51,-3.31,0.59,-5.17,240
46860,2,86.60,2.20,86.77,0.26,0.37,0.00,-20.38,-14.97,0.87,0.67,3.94,3.51,-3.29,0.77,-5.23,240
46881,2,86.59,1.74,86.71,0.18,0.23,0.00,-20.35,-14.95,1.02,0.59,3.94,3.51,-3.27,0.80,-5.29,240
46899,2,86.55,0.58,86.65,0.17,0.29,0.00,-20.34,-14.93,0.17,0.73,3.94,3.51,-3.25,0.45,-5.35,240
46921,2,86.38,-1.99,86.69,0.27,0.71,0.00,-20.33,-14.92,0.19,0.19,3.94,3.51,-3.24,0.19,-5.31,240
46941,2,86.32,-2.18,86.74,0.37,0.91,0.00,-20.33,-14.92,0.17,-0.02,3.94,3.51,-3.24,0.07,-5.26,240
46962,2,86.31,-1.76,86.78,0.43,1.00,0.00,-20.31,-14.92,0.54,0.15,3.94,3.51,-3.23,0.34,-5.22,240
46980,2,86.34,-0.80,86.77,0.45,0.98,0.00,-20.30,-14.90,0.32,0.51,3.94,3.51,-3.22,0.41,-5.23,240
47001,2,86.44,0.86,86.71,0.33,0.59,0.00,-20.29,-14.88,0.52,0.76,3.94,3.51,-3.20,0.64,-5.29,240
47020,2,86.56,2.14,86.65,0.17,0.18,0.00,-20.28,-14.86,0.66,0.92,3.94,3.51,-3.18,0.79,-5.35,240
47040,2,86.51,0.93,86.59,0.12,0.14,0.00,-20.25,-14.84,0.61,0.29,3.94,3.51,-3.16,0.45,-5.41,240
47062,2,86.44,-0.33,86.53,0.15,0.32,0.00,-20.24,-14.84,0.37,0.09,3.94,3.51,-3.15,0.23,-5.47,240
47080,2,86.33,-1.92,86.55,0.16,0.44,0.00,-20.23,-14.83,0.15,0.24,3.94,3.51,-3.14,0.19,-5.45,240
47101,2,86.23,-2.89,86.61,0.33,0.89,0.00,-20.23,-14.82,-0.02,0.23,3.94,3.51,-3.14,0.11,-5.39,240
47121,2,86.17,-2.91,86.67,0.45,1.12,0.00,-20.22,-14.82,0.19,0.29,3.94,3.51,-3.13,0.24,-5.33,224
47140,2,86.18,-1.90,86.73,0.50,1.18,0.00,-20.22,-14.80,0.40,0.35,3.94,3.51,-3.12,0.37,-5.27,224
47160,2,86.27,0.04,86.70,0.48,1.00,0.00,-20.20,-14.79,0.66,0.45,3.94,3.51,-3.11,0.55,-5.30,224
47181,2,86.36,1.30,86.64,0.34,0.57,0.00,-20.18,-14.77,0.60,0.85,3.94,3.51,-3.09,0.72,-5.36,240
47200,2,86.42,1.79,86.58,0.22,0.30,0.00,-20.16,-14.75,0.75,0.67,3.94,3.51,-3.07,0.71,-5.42,240
47221,2,86.38,0.69,86.52,0.20,0.34,0.00,-20.14,-14.73,0.39,0.66,3.94,3.51,-3.05,0.52,-5.48,240
47241,2,86.31,-0.36,86.48,0.21,0.44,0.00,-20.12,-14.72,0.50,0.21,3.94,3.51,-3.03,0.35,-5.52,240
47260,2,86.24,-1.25,86.49,0.22,0.53,0.00,-20.11,-14.71,0.37,0.28,3.94,3.51,-3.03,0.32,-5.51,240
47280,2,86.12,-2.53,86.55,0.33,0.84,0.00,-20.11,-14.70,0.11,0.37,3.94,3.51,-3.02,0.24,-5.45,240
47301,2,86.03,-3.23,86.61,0.53,1.31,0.00,-20.10,-14.69,0.15,0.34,3.94,3.51,-3.01,0.24,-5.39,224
47321,2,85.98,-2.84,86.67,0.63,1.48,0.00,-20.10,-14.68,0.29,0.23,3.94,3.51,-3.00,0.26,-5.33,224
47340,2,86.14,0.19,86.67,0.57,1.19,0.00,-20.08,-14.67,0.77,0.33,3.94,3.51,-2.99,0.55,-5.33,224
47362,2,86.32,2.73,86.61,0.35,0.48,0.00,-20.05,-14.65,0.85,0.85,3.94,3.51,-2.97,0.85,-5.39,240
47380,2,86.47,4.12,86.55,0.17,0.04,0.00,-20.02,-14.62,1.00,1.08,3.94,3.51,-2.94,1.04,-5.45,224
47400,2,86.46,2.83,86.49,0.07,-0.13,0.00,-20.00,-14.59,0.53,0.80,3.94,3.51,-2.91,0.67,-5.51,240
47420,2,86.22,-1.39,86.44,0.21,0.45,0.00,-19.99,-14.57,0.25,0.19,3.94,3.51,-2.89,0.22,-5.56,240
47441,2,86.03,-3.76,86.50,0.41,1.12,0.00,-19.98,-14.57,0.03,-0.11,3.94,3.51,-2.89,-0.04,-5.50,224
47460,2,85.93,-3.97,86.56,0.55,1.42,0.00,-19.98,-14.58,0.18,0.08,3.94,3.51,-2.89,0.13,-5.44,224
47481,2,85.96,-2.40,86.62,0.59,1.38,0.00,-19.97,-14.57,0.29,0.49,3.94,3.51,-2.89,0.39,-5.38,224
47500,2,86.09,0.01,86.59,0.56,1.17,0.00,-19.96,-14.55,0.74,0.56,3.94,3.51,-2.87,0.65,-5.41,224
47520,2,86.22,2.00,86.53,0.41,0.70,0.00,-19.93,-14.53,0.87,1.03,3.94,3.51,-2.84,0.95,-5.47,240
47540,2,86.33,2.99,86.47,0.23,0.25,0.00,-19.90,-14.50,1.05,0.82,3.94,3.51,-2.81,0.93,-5.53,240
47562,2,86.29,1.55,86.41,0.19,0.25,0.00,-19.88,-14.47,0.73,0.80,3.94,3.51,-2.79,0.77,-5.59,240
47580,2,86.06,-2.08,86.43,0.29,0.68,0.00,-19.86,-14.46,0.26,0.55,3.94,3.51,-2.77,0.41,-5.57,240
47601,2,85.89,-4.04,86.49,0.54,1.39,0.00,-19.86,-14.45,0.04,0.17,3.94,3.51,-2.77,0.11,-5.51,224
47621,2,85.82,-3.91,86.55,0.67,1.65,0.00,-19.86,-14.44,0.20,0.15,3.94,3.51,-2.76,0.18,-5.45,224
47641,2,85.85,-2.35,86.61,0.70,1.59,0.00,-19.84,-14.43,0.69,0.29,3.94,3.51,-2.75,0.49,-5.39,224
47660,2,86.01,0.70,86.58,0.64,1.29,0.00,-19.82,-14.42,0.91,0.74,3.94,3.51,-2.73,0.82,-5.42,224
47680,2,86.18,2.94,86.52,0.44,0.69,0.00,-19.78,-14.39,1.13,1.11,3.94,3.51,-2.70,1.12,-5.48,240
47701,2,86.29,3.56,86.46,0.23,0.17,0.00,-19.76,-14.35,0.95,1.13,3.94,3.51,-2.67,1.04,-5.54,240
47721,2,86.22,1.43,86.40,0.24,0.37,0.00,-19.73,-14.32,0.63,1.02,3.94,3.51,-2.64,0.83,-5.60,240
47740,2,85.98,-2.58,86.41,0.36,0.85,0.00,-19.71,-14.30,0.47,0.19,3.94,3.51,-2.62,0.33,-5.59,240
47762,2,85.75,-5.19,86.47,0.67,1.75,0.00,-19.70,-14.30,0.19,0.18,3.94,3.51,-2.61,0.18,-5.53,224
47780,2,85.60,-5.84,86.53,0.84,2.14,0.00,-19.70,-14.29,0.16,0.37,3.94,3.51,-2.61,0.27,-5.47,224
47800,2,85.62,-4.03,86.59,0.93,2.24,0.00,-19.69,-14.28,0.54,0.68,3.94,3.51,-2.60,0.61,-5.41,224
47821,2,85.82,-0.07,86.65,0.77,1.55,0.00,-19.66,-14.25,1.15,0.95,3.94,3.51,-2.57,1.05,-5.35,224
47841,2,86.05,3.20,86.59,0.60,0.94,0.00,-19.62,-14.22,1.64,1.22,3.94,3.51,-2.53,1.43,-5.41,240
47860,2,86.23,4.91,86.53,0.39,0.42,0.00,-19.57,-14.17,1.60,1.38,3.94,3.51,-2.49,1.49,-5.47,224
47881,2,86.11,1.60,86.47,0.42,0.71,0.00,-19.53,-14.13,1.28,1.28,3.94,3.51,-2.45,1.28,-5.53,240
47900,2,85.68,-4.85,86.53,0.67,1.61,0.00,-19.51,-14.10,0.47,0.47,3.94,3.51,-2.42,0.47,-5.47,224
47920,2,85.44,-6.99,86.59,1.05,2.65,0.00,-19.51,-14.10,0.28,0.01,3.94,3.51,-2.42,0.15,-5.41,224
47941,2,85.39,-5.65,86.65,1.20,2.86,0.00,-19.49,-14.09,0.60,0.48,3.94,3.51,-2.41,0.54,-5.35,224
47962,2,85.52,-2.14,86.71,1.13,2.43,0.00,-19.47,-14.06,1.25,1.12,3.94,3.51,-2.38,1.18,-5.29,224
47980,2,85.87,3.27,86.66,0.93,1.69,0.00,-19.42,-14.01,1.67,1.80,3.94,3.51,-2.33,1.73,-5.34,224
48001,2,86.14,6.03,86.60,0.51,0.54,0.00,-19.35,-13.96,1.86,1.97,3.94,3.51,-2.27,1.91,-5.40,224
48020,2,86.13,3.93,86.54,0.44,0.51,0.00,-19.31,-13.90,1.73,1.65,3.94,3.51,-2.22,1.69,-5.46,240
48041,2,85.73,-3.04,86.60,0.81,1.86,0.00,-19.27,-13.86,1.15,0.73,3.94,3.51,-2.18,0.94,-5.40,224
48060,2,85.34,-7.97,86.66,1.18,2.93,0.00,-19.25,-13.85,0.08,0.23,3.94,3.51,-2.16,0.15,-5.34,224
48081,2,85.21,-7.64,86.72,1.45,3.51,0.00,-19.25,-13.84,0.33,0.55,3.94,3.51,-2.16,0.44,-5.28,224
48100,2,85.41,-2.89,86.78,1.36,3.04,0.00,-19.22,-13.81,1.27,1.21,3.94,3.51,-2.13,1.24,-5.22,224
48121,2,85.70,2.05,86.80,1.07,1.98,0.00,-19.17,-13.76,2.10,1.92,3.94,3.51,-2.08,2.01,-5.20,224
48140,2,85.98,5.29,86.74,0.89,1.40,0.00,-19.10,-13.70,2.24,2.23,3.94,3.51,-2.01,2.23,-5.26,224
48162,2,86.07,4.88,86.68,0.67,0.96,0.00,-19.04,-13.63,1.95,2.06,3.94,3.51,-1.95,2.01,-5.32,224
48179,2,85.86,0.56,86.62,0.83,1.61,0.00,-18.98,-13.58,1.41,1.53,3.94,3.51,-1.90,1.47,-5.38,224
48201,2,85.26,-8.07,86.68,1.37,3.38,0.00,-18.96,-13.55,0.52,0.67,3.94,3.51,-1.87,0.59,-5.32,224
48221,2,85.05,-8.99,86.74,1.63,3.98,0.00,-18.94,-13.54,0.49,0.43,3.94,3.51,-1.85,0.46,-5.26,224
48241,2,85.08,-6.16,86.80,1.66,3.82,0.00,-18.91,-13.51,1.32,1.33,3.94,3.51,-1.82,1.32,-5.20,224
48260,2,85.39,-0.14,86.86,1.49,3.11,0.00,-18.86,-13.45,2.12,2.13,3.94,3.51,-1.77,2.13,-5.14,224
48281,2,85.73,4.48,86.84,1.14,1.92,0.00,-18.79,-13.38,2.50,2.72,3.94,3.51,-1.70,2.61,-5.16,224
48300,2,85.86,5.02,86.78,0.99,1.57,0.00,-18.71,-13.30,2.48,2.66,3.94,3.51,-1.62,2.57,-5.22,224
48322,2,85.84,3.07,86.72,0.94,1.62,0.00,-18.64,-13.23,2.14,2.18,3.94,3.51,-1.54,2.16,-5.28,224
48340,2,85.33,-5.23,86.78,1.25,2.77,0.00,-18.58,-13.18,1.30,1.17,3.94,3.51,-1.50,1.23,-5.22,224
48362,2,84.87,-10.44,86.84,1.91,4.65,0.00,-18.56,-13.15,0.57,0.73,3.94,3.51,-1.47,0.65,-5.16,224
48380,2,84.83,-8.41,86.90,2.02,4.76,0.00,-18.53,-13.13,1.18,1.04,3.94,3.51,-1.44,1.11,-5.10,224
48401,2,85.07,-2.70,86.96,1.83,3.87,0.00,-18.48,-13.08,2.14,2.13,3.94,3.51,-1.39,2.13,-5.04,224
48420,2,85.45,3.47,87.02,1.60,3.02,0.00,-18.40,-13.00,3.00,2.85,3.94,3.51,-1.32,2.92,-4.98,224
48440,2,85.73,6.27,86.96,1.34,2.22,0.00,-18.31,-12.90,3.14,3.19,3.94,3.51,-1.22,3.17,-5.04,224
48462,2,85.70,3.84,86.92,1.26,2.21,0.00,-18.22,-12.82,2.65,2.87,3.94,3.51,-1.13,2.76,-5.08,224
48480,2,85.39,-1.83,86.98,1.41,2.80,0.00,-18.15,-12.74,2.02,2.06,3.94,3.51,-1.06,2.04,-5.02,224
48501,2,84.75,-10.55,87.04,2.23,5.31,0.00,-18.10,-12.70,1.15,1.24,3.94,3.51,-1.01,1.19,-4.96,224
48521,2,84.40,-12.53,87.10,2.65,6.30,0.00,-18.07,-12.67,1.07,1.22,3.94,3.51,-0.98,1.15,-4.90,224
48540,2,84.63,-5.89,87.16,2.55,5.72,0.00,-18.02,-12.61,2.10,2.27,3.94,3.51,-0.93,2.18,-4.84,224
48560,2,85.13,2.91,87.22,2.17,4.29,0.00,-17.93,-12.52,3.37,3.41,3.94,3.51,-0.84,3.39,-4.78,224
48581,2,85.64,9.07,87.19,1.59,2.45,0.00,-17.82,-12.40,3.94,4.16,3.94,3.51,-0.72,4.05,-4.81,224
48601,2,85.84,9.13,87.13,1.35,1.96,0.00,-17.70,-12.28,3.86,3.78,3.94,3.51,-0.60,3.82,-4.87,224
48620,2,85.42,0.53,87.19,1.57,2.92,0.00,-17.60,-12.18,2.86,2.71,3.94,3.51,-0.50,2.78,-4.81,224
48641,2,84.66,-10.68,87.25,2.53,5.91,0.00,-17.53,-12.12,1.51,1.56,3.94,3.51,-0.44,1.53,-4.75,224
48660,2,84.23,-14.05,87.31,2.94,7.00,0.00,-17.50,-12.09,0.93,1.21,3.94,3.51,-0.40,1.07,-4.69,224
48681,2,84.35,-8.57,87.37,2.96,6.60,0.00,-17.45,-12.04,2.04,2.21,3.94,3.51,-0.36,2.12,-4.63,224
48699,2,84.75,-0.87,87.43,2.61,5.29,0.00,-17.36,-11.94,3.74,3.83,3.94,3.51,-0.27,3.78,-4.57,224
48721,2,85.44,8.57,87.49,1.99,3.29,0.00,-17.23,-11.81,4.66,4.57,3.94,3.51,-0.13,4.62,-4.51,224
48740,2,85.62,8.64,87.43,1.89,3.06,0.00,-17.09,-11.68,4.55,4.49,3.94,3.51,0.00,4.52,-4.57,224
48762,2,85.24,0.57,87.49,2.18,4.32,0.00,-16.97,-11.55,3.53,3.55,3.94,3.51,0.13,3.54,-4.51,224
48780,2,84.43,-11.28,87.55,2.85,6.37,0.00,-16.88,-11.47,2.07,2.27,3.94,3.51,0.21,2.17,-4.45,224
48801,2,83.92,-15.51,87.61,3.62,8.49,0.00,-16.83,-11.41,1.69,1.50,3.94,3.51,0.27,1.60,-4.39,224
48820,2,84.05,-10.47,87.67,3.56,7.95,0.00,-16.76,-11.35,2.79,2.78,3.94,3.51,0.33,2.79,-4.33,224
48841,2,84.68,1.73,87.73,2.98,5.83,0.00,-16.65,-11.24,4.56,4.57,3.94,3.51,0.45,4.56,-4.27,224
48860,2,85.29,9.07,87.79,2.58,4.55,0.00,-16.49,-11.08,5.27,5.45,3.94,3.51,0.60,5.36,-4.21,224
48881,2,85.42,7.30,87.82,2.37,4.15,0.00,-16.33,-10.91,5.13,5.24,3.94,3.51,0.76,5.19,-4.18,224
48900,2,84.92,-2.42,87.88,2.74,5.46,0.00,-16.19,-10.77,4.17,4.26,3.94,3.51,0.91,4.22,-4.12,224
48921,2,84.04,-14.67,87.94,3.84,8.85,0.00,-16.09,-10.67,3.09,2.81,3.94,3.51,1.01,2.95,-4.06,224
48940,2,83.37,-20.28,88.00,4.43,10.43,0.00,-16.01,-10.60,2.67,2.09,3.94,3.51,1.08,2.38,-4.00,224
48960,2,83.48,-13.04,88.06,4.61,10.48,0.00,-15.91,-10.51,3.75,3.76,3.94,3.51,1.18,3.75,-3.94,224
48982,2,84.14,-0.29,88.12,3.92,7.86,0.00,-15.77,-10.36,5.49,5.85,3.94,3.51,1.32,5.67,-3.88,224
49000,2,84.88,10.19,88.18,3.42,6.22,0.00,-15.58,-10.16,6.84,6.95,3.94,3.51,1.51,6.89,-3.82,224
49021,2,85.33,13.40,88.23,2.85,4.63,0.00,-15.37,-9.95,6.79,6.82,3.94,3.51,1.73,6.80,-3.77,224
49041,2,85.19,7.11,88.29,3.04,5.51,0.00,-15.18,-9.77,5.82,5.40,3.94,3.51,1.91,5.61,-3.71,224
49060,2,84.14,-10.02,88.35,3.87,8.22,0.00,-15.04,-9.63,3.90,3.79,3.94,3.51,2.05,3.85,-3.65,224
49080,2,83.16,-21.26,88.41,4.96,11.45,0.00,-14.94,-9.53,2.77,2.88,3.94,3.51,2.15,2.82,-3.59,224
49101,2,83.01,-17.62,88.47,5.39,12.19,0.00,-14.85,-9.44,3.47,3.69,3.94,3.51,2.24,3.58,-3.53,224
49121,2,83.40,-7.08,88.53,5.07,10.71,0.00,-14.71,-9.29,5.86,5.81,3.94,3.51,2.39,5.83,-3.47,224
49140,2,84.31,7.98,88.59,4.44,8.51,0.00,-14.50,-9.08,7.73,7.69,3.94,3.51,2.60,7.71,-3.41,224
49161,2,85.04,16.27,88.65,3.54,5.79,0.00,-14.25,-8.84,8.18,8.06,3.94,3.51,2.84,8.12,-3.35,224
49180,2,85.04,11.75,88.71,3.56,6.03,0.00,-14.02,-8.61,7.36,7.38,3.94,3.51,3.07,7.37,-3.29,224
49200,2,84.39,-0.10,88.77,4.11,7.95,0.00,-13.83,-8.41,5.34,5.46,3.94,3.51,3.27,5.40,-3.23,224
49221,2,83.44,-12.54,88.83,5.32,11.65,0.00,-13.69,-8.28,3.97,3.92,3.94,3.51,3.40,3.94,-3.17,224
49241,2,83.06,-13.51,88.89,5.77,12.62,0.00,-13.58,-8.17,3.82,3.63,3.94,3.51,3.51,3.73,-3.11,224
49260,2,83.68,-0.60,88.95,5.40,11.13,0.00,-13.44,-8.03,5.55,5.50,3.94,3.51,3.66,5.52,-3.05,224
49282,2,84.74,14.45,89.01,4.21,7.27,0.00,-13.24,-7.82,7.51,7.72,3.94,3.51,3.86,7.62,-2.99,224
49300,2,85.71,24.20,88.95,3.52,5.26,0.00,-12.99,-7.58,8.20,8.27,3.94,3.51,4.10,8.23,-3.05,224
49321,2,85.72,17.13,88.89,3.23,5.09,0.00,-12.75,-7.33,7.57,7.47,3.94,3.51,4.34,7.52,-3.11,224
49339,2,85.09,4.06,88.95,3.80,7.28,0.00,-12.55,-7.15,5.25,5.15,3.94,3.51,4.54,5.20,-3.05,224
49361,2,83.62,-16.27,89.01,5.33,11.96,0.00,-12.43,-7.03,3.32,3.17,3.94,3.51,4.66,3.25,-2.99,224
49382,2,82.91,-19.74,89.07,6.09,13.76,0.00,-12.34,-6.94,3.02,2.92,3.94,3.51,4.74,2.97,-2.93,224
49400,2,83.08,-10.16,89.13,6.18,13.54,0.00,-12.22,-6.82,5.16,5.07,3.94,3.51,4.87,5.12,-2.87,224
49421,2,84.52,13.46,89.19,4.61,8.14,0.00,-12.02,-6.62,7.59,7.81,3.94,3.51,5.07,7.70,-2.81,224
49440,2,86.08,32.09,89.13,3.50,4.77,0.00,-11.77,-6.36,8.88,8.98,3.94,3.51,5.32,8.93,-2.87,224
49460,2,86.88,34.77,89.07,2.38,1.95,0.00,-11.50,-6.09,8.68,8.57,3.94,3.51,5.59,8.63,-2.93,224
49482,2,86.43,19.63,89.01,2.63,3.70,0.00,-11.27,-5.87,6.13,5.96,3.94,3.51,5.82,6.05,-2.99,224
49500,2,85.10,-2.34,89.07,3.57,6.92,0.00,-11.14,-5.74,2.99,2.85,3.94,3.51,5.94,2.92,-2.93,224
49521,2,84.13,-13.08,89.13,4.94,10.92,0.00,-11.09,-5.69,1.22,1.27,3.94,3.51,6.00,1.24,-2.87,224
49540,2,84.57,-1.75,89.19,4.73,9.88,0.00,-11.04,-5.64,1.99,2.12,3.94,3.51,6.04,2.05,-2.81,224
49561,2,86.03,20.12,89.13,3.16,4.70,0.00,-10.93,-5.53,4.88,5.01,3.94,3.51,6.15,4.94,-2.87,224
49582,2,87.87,40.69,89.07,1.26,-0.74,0.00,-10.75,-5.34,6.86,7.06,3.94,3.51,6.34,6.96,-2.93,224
49599,2,88.95,47.87,89.01,0.12,-3.59,0.00,-10.54,-5.12,6.62,6.79,3.94,3.51,6.55,6.71,-2.99,224
49621,2,88.32,23.05,88.95,0.69,-0.46,0.00,-10.38,-4.97,3.94,3.60,3.94,3.51,6.71,3.77,-3.05,224
49642,2,86.92,-2.45,88.89,2.03,4.25,0.00,-10.33,-4.93,-0.25,-0.31,3.94,3.51,6.76,-0.28,-3.11,224
49660,2,85.60,-19.01,88.83,2.99,7.26,0.00,-10.37,-4.97,-1.80,-1.59,3.94,3.51,6.71,-1.69,-3.17,224
49682,2,85.64,-12.17,88.77,3.19,7.35,0.00,-10.41,-5.00,-0.48,-0.04,3.94,3.51,6.68,-0.26,-3.23,224
49700,2,86.96,10.31,88.71,2.18,3.97,0.00,-10.38,-4.97,2.29,2.28,3.94,3.51,6.71,2.29,-3.29,224
49720,2,88.55,30.23,88.65,0.56,-0.93,0.00,-10.27,-4.86,4.51,4.57,3.94,3.51,6.82,4.54,-3.35,224
49741,2,89.85,40.21,88.59,-1.20,-5.61,0.00,-10.12,-4.71,4.98,5.04,3.94,3.51,6.97,5.01,-3.41,224
49760,2,89.90,29.59,88.53,-1.57,-6.01,0.00,-10.00,-4.59,2.88,2.68,3.94,3.51,7.09,2.78,-3.47,224
49782,2,88.52,1.63,88.47,0.01,-0.11,0.00,-9.98,-4.58,-1.00,-1.07,3.94,3.51,7.10,-1.03,-3.53,240
49800,2,86.93,-21.79,88.41,1.11,3.51,0.00,-10.06,-4.65,-3.12,-2.93,3.94,3.51,7.03,-3.03,-3.59,224
49821,2,86.06,-26.94,88.35,2.35,6.86,0.00,-10.16,-4.75,-3.25,-3.17,3.94,3.51,6.93,-3.21,-3.65,224
49840,2,86.21,-16.61,88.29,2.35,6.41,0.00,-10.21,-4.81,-0.08,-0.33,3.94,3.51,6.88,-0.21,-3.71,224
49861,2,87.54,7.22,88.23,0.76,0.94,0.00,-10.17,-4.77,2.67,2.41,3.94,3.51,6.92,2.54,-3.77,224
49881,2,88.96,25.70,88.17,-0.73,-3.51,0.00,-10.07,-4.66,3.93,4.01,3.94,3.51,7.02,3.97,-3.83,224
49901,2,89.66,28.22,88.11,-1.48,-5.22,0.00,-9.95,-4.54,3.79,4.07,3.94,3.51,7.15,3.93,-3.89,224
49921,2,89.34,16.12,88.05,-1.22,-3.74,0.00,-9.87,-4.46,0.89,0.76,3.94,3.51,7.22,0.82,-3.95,224
49940,2,88.04,-7.05,87.99,-0.33,-0.53,0.00,-9.89,-4.49,-1.82,-1.90,3.94,3.51,7.20,-1.86,-4.01,224
49961,2,86.72,-23.59,87.93,1.28,4.44,0.00,-9.97,-4.56,-3.17,-3.02,3.94,3.51,7.12,-3.09,-4.07,224
49980,2,86.21,-23.25,87.99,1.68,5.32,0.00,-10.06,-4.65,-2.66,-2.72,3.94,3.51,7.03,-2.69,-4.01,224
50001,2,86.84,-6.88,87.93,1.15,2.85,0.00,-10.10,-4.69,0.30,0.19,3.94,3.51,6.99,0.25,-4.07,224
50020,2,88.07,12.59,87.87,0.19,-0.27,0.00,-10.05,-4.65,2.33,2.26,3.94,3.51,7.03,2.30,-4.13,224
50041,2,89.15,24.43,87.89,-1.28,-4.51,0.00,-9.97,-4.56,3.11,3.23,3.94,3.51,7.12,3.17,-4.11,224
50060,2,88.92,13.81,87.83,-1.19,-3.79,0.00,-9.88,-4.47,2.46,2.41,3.94,3.51,7.21,2.44,-4.17,224
50082,2,88.08,-2.00,87.77,-0.25,-0.34,0.00,-9.86,-4.45,-0.54,-0.61,3.94,3.51,7.23,-0.57,-4.23,240
50099,2,87.37,-12.12,87.71,0.40,1.77,0.00,-9.91,-4.50,-2.23,-2.26,3.94,3.51,7.18,-2.25,-4.29,224
50121,2,86.77,-15.48,87.73,0.94,3.12,0.00,-9.98,-4.58,-2.33,-2.25,3.94,3.51,7.11,-2.29,-4.27,224
50140,2,87.41,-2.14,87.67,0.47,1.37,0.00,-10.03,-4.62,-0.25,-0.49,3.94,3.51,7.06,-0.37,-4.33,224
50161,2,88.21,9.99,87.61,-0.54,-1.87,0.00,-10.01,-4.60,1.39,1.35,3.94,3.51,7.08,1.37,-4.39,224
50180,2,88.86,16.42,87.67,-1.11,-3.45,0.00,-9.96,-4.55,1.60,1.78,3.94,3.51,7.13,1.69,-4.33,224
50201,2,88.75,10.37,87.73,-1.08,-2.98,0.00,-9.92,-4.51,0.48,0.82,3.94,3.51,7.17,0.65,-4.27,224
50220,2,88.16,-0.98,87.67,-0.61,-1.36,0.00,-9.93,-4.52,-0.94,-1.02,3.94,3.51,7.16,-0.98,-4.33,224
[Balance] --- End of log ---
