[Balance] --- Log dump (283636 bytes, 2957 samples) ---
t_ms,state,roll,roll_rate,setpoint,angle_err,motor_vel,vel_integ,bl_pos,br_pos,bl_vel,br_vel,arm_l,arm_r,meas_drift,meas_vel,pos_shift,flags
19,1,-3.25,-0.12,0.00,0.00,0.00,0.00,-10.10,-4.67,0.02,-0.01,3.94,3.51,0.00,0.00,0.00,0
39,1,-3.25,-0.11,0.00,0.00,0.00,0.00,-10.10,-4.67,0.02,-0.01,3.94,3.51,0.00,0.00,0.00,0
60,1,-3.25,-0.11,0.00,0.00,0.00,0.00,-10.10,-4.67,0.02,-0.01,3.94,3.52,0.00,0.00,0.00,0
79,1,-3.25,-0.13,0.00,0.00,0.00,0.00,-10.10,-4.67,0.02,-0.01,3.95,3.53,0.00,0.00,0.00,0
99,1,-3.24,-0.07,0.00,0.00,0.00,0.00,-10.10,-4.67,0.05,-0.01,3.96,3.54,0.00,0.00,0.00,0
119,1,-3.23,-0.08,0.00,0.00,0.00,0.00,-10.10,-4.67,0.05,-0.01,3.97,3.55,0.00,0.00,0.00,0
139,1,-3.22,-0.03,0.00,0.00,0.00,0.00,-10.10,-4.67,0.05,-0.01,3.99,3.56,0.00,0.00,0.00,0
160,1,-3.20,0.26,0.00,0.00,0.00,0.00,-10.10,-4.67,0.05,-0.01,4.00,3.57,0.00,0.00,0.00,0
179,1,-3.13,1.33,0.00,0.00,0.00,0.00,-10.10,-4.67,0.05,-0.01,4.01,3.58,0.00,0.00,0.00,0
199,1,-3.03,2.48,0.00,0.00,0.00,0.00,-10.10,-4.67,0.05,-0.01,4.03,3.59,0.00,0.00,0.00,0
219,1,-2.93,3.05,0.00,0.00,0.00,0.00,-10.10,-4.67,0.05,-0.01,4.04,3.60,0.00,0.00,0.00,0
239,1,-2.82,3.55,0.00,0.00,0.00,0.00,-10.10,-4.67,0.05,0.02,4.06,3.61,0.00,0.00,0.00,0
260,1,-2.69,4.33,0.00,0.00,0.00,0.00,-10.10,-4.67,0.02,0.02,4.07,3.62,0.00,0.00,0.00,0
280,1,-2.53,5.49,0.00,0.00,0.00,0.00,-10.10,-4.67,0.02,0.02,4.08,3.63,0.00,0.00,0.00,0
299,1,-2.27,7.85,0.00,0.00,0.00,0.00,-10.10,-4.67,0.02,0.02,4.10,3.64,0.00,0.00,0.00,0
319,1,-1.93,10.70,0.00,0.00,0.00,0.00,-10.10,-4.67,0.02,0.02,4.11,3.65,0.00,0.00,0.00,0
339,1,-1.49,13.89,0.00,0.00,0.00,0.00,-10.10,-4.67,0.02,0.02,4.12,3.66,0.00,0.00,0.00,0
359,1,-1.05,16.43,0.00,0.00,0.00,0.00,-10.10,-4.67,0.02,0.02,4.14,3.67,0.00,0.00,0.00,0
379,1,-0.59,18.24,0.00,0.00,0.00,0.00,-10.10,-4.67,0.02,0.02,4.15,3.68,0.00,0.00,0.00,0
399,1,-0.16,19.14,0.00,0.00,0.00,0.00,-10.10,-4.66,0.02,-0.01,4.16,3.70,0.00,0.00,0.00,0
419,1,0.26,19.61,0.00,0.00,0.00,0.00,-10.10,-4.66,0.00,-0.01,4.18,3.71,0.00,0.00,0.00,0
439,1,0.69,20.10,0.00,0.00,0.00,0.00,-10.10,-4.66,0.00,-0.01,4.19,3.72,0.00,0.00,0.00,0
460,1,1.14,20.82,0.00,0.00,0.00,0.00,-10.10,-4.66,0.00,-0.01,4.21,3.73,0.00,0.00,0.00,0
480,1,1.59,21.45,0.00,0.00,0.00,0.00,-10.10,-4.66,0.00,-0.01,4.22,3.74,0.00,0.00,0.00,0
499,1,2.06,22.16,0.00,0.00,0.00,0.00,-10.10,-4.66,0.00,-0.01,4.23,3.76,0.00,0.00,0.00,0
519,1,2.53,22.70,0.00,0.00,0.00,0.00,-10.10,-4.66,0.00,-0.01,4.25,3.77,0.00,0.00,0.00,0
539,1,3.01,23.04,0.00,0.00,0.00,0.00,-10.10,-4.66,0.00,-0.01,4.26,3.78,0.00,0.00,0.00,0
560,1,3.49,23.44,0.00,0.00,0.00,0.00,-10.10,-4.66,0.00,-0.07,4.28,3.79,0.00,0.00,0.00,0
579,1,3.99,23.90,0.00,0.00,0.00,0.00,-10.10,-4.66,-0.02,-0.07,4.29,3.81,0.00,0.00,0.00,0
599,1,4.49,24.19,0.00,0.00,0.00,0.00,-10.10,-4.66,-0.02,-0.07,4.30,3.82,0.00,0.00,0.00,0
619,1,5.00,24.56,0.00,0.00,0.00,0.00,-10.10,-4.66,-0.02,-0.07,4.32,3.83,0.00,0.00,0.00,0
639,1,5.51,24.87,0.00,0.00,0.00,0.00,-10.10,-4.66,-0.02,-0.07,4.33,3.84,0.00,0.00,0.00,0
660,1,6.02,25.13,0.00,0.00,0.00,0.00,-10.10,-4.66,-0.02,-0.07,4.35,3.86,0.00,0.00,0.00,0
679,1,6.53,25.35,0.00,0.00,0.00,0.00,-10.10,-4.66,-0.02,-0.07,4.36,3.87,0.00,0.00,0.00,0
699,1,7.04,25.46,0.00,0.00,0.00,0.00,-10.10,-4.66,-0.02,-0.07,4.37,3.88,0.00,0.00,0.00,0
719,1,7.56,25.60,0.00,0.00,0.00,0.00,-10.10,-4.66,-0.02,-0.02,4.39,3.90,0.00,0.00,0.00,0
739,1,8.08,25.77,0.00,0.00,0.00,0.00,-10.10,-4.66,-0.06,-0.02,4.40,3.91,0.00,0.00,0.00,0
759,1,8.60,25.97,0.00,0.00,0.00,0.00,-10.10,-4.66,-0.06,-0.02,4.42,3.92,0.00,0.00,0.00,0
779,1,9.12,25.95,0.00,0.00,0.00,0.00,-10.10,-4.66,-0.06,-0.02,4.43,3.94,0.00,0.00,0.00,0
799,1,9.65,26.04,0.00,0.00,0.00,0.00,-10.10,-4.66,-0.06,-0.02,4.44,3.95,0.00,0.00,0.00,0
819,1,10.19,26.28,0.00,0.00,0.00,0.00,-10.10,-4.66,-0.06,-0.02,4.46,3.96,0.00,0.00,0.00,0
839,1,10.74,26.60,0.00,0.00,0.00,0.00,-10.10,-4.66,-0.06,-0.02,4.47,3.98,0.00,0.00,0.00,0
860,1,11.28,26.66,0.00,0.00,0.00,0.00,-10.10,-4.66,-0.06,-0.02,4.49,3.99,0.00,0.00,0.00,0
879,1,11.82,26.83,0.00,0.00,0.00,0.00,-10.10,-4.66,-0.06,0.05,4.50,4.01,0.00,0.00,0.00,0
899,1,12.37,26.96,0.00,0.00,0.00,0.00,-10.10,-4.66,-0.06,0.05,4.52,4.02,0.00,0.00,0.00,0
919,1,12.92,27.06,0.00,0.00,0.00,0.00,-10.10,-4.66,-0.06,0.05,4.53,4.03,0.00,0.00,0.00,0
939,1,13.48,27.30,0.00,0.00,0.00,0.00,-10.10,-4.66,-0.06,0.05,4.54,4.05,0.00,0.00,0.00,0
960,1,14.03,27.47,0.00,0.00,0.00,0.00,-10.10,-4.66,-0.06,0.05,4.56,4.06,0.00,0.00,0.00,0
979,1,14.60,27.70,0.00,0.00,0.00,0.00,-10.10,-4.66,-0.06,0.05,4.57,4.07,0.00,0.00,0.00,0
999,1,15.17,27.92,0.00,0.00,0.00,0.00,-10.10,-4.66,-0.06,0.05,4.59,4.09,0.00,0.00,0.00,0
1019,1,15.74,27.98,0.00,0.00,0.00,0.00,-10.10,-4.66,-0.06,0.05,4.60,4.10,0.00,0.00,0.00,0
1039,1,16.30,27.91,0.00,0.00,0.00,0.00,-10.10,-4.66,-0.06,0.01,4.61,4.12,0.00,0.00,0.00,0
1060,1,16.86,28.01,0.00,0.00,0.00,0.00,-10.10,-4.66,-0.02,0.01,4.63,4.13,0.00,0.00,0.00,0
1079,1,17.43,28.11,0.00,0.00,0.00,0.00,-10.10,-4.66,-0.02,0.01,4.64,4.14,0.00,0.00,0.00,0
1099,1,18.01,28.39,0.00,0.00,0.00,0.00,-10.10,-4.66,-0.02,0.01,4.66,4.16,0.00,0.00,0.00,0
1119,1,18.59,28.56,0.00,0.00,0.00,0.00,-10.10,-4.66,-0.02,0.01,4.67,4.17,0.00,0.00,0.00,0
1139,1,19.17,28.77,0.00,0.00,0.00,0.00,-10.10,-4.66,-0.02,0.01,4.69,4.19,0.00,0.00,0.00,0
1160,1,19.74,28.79,0.00,0.00,0.00,0.00,-10.10,-4.66,-0.02,0.01,4.70,4.20,0.00,0.00,0.00,0
1179,1,20.32,28.84,0.00,0.00,0.00,0.00,-10.10,-4.66,-0.02,0.01,4.71,4.21,0.00,0.00,0.00,0
1199,1,20.90,28.86,0.00,0.00,0.00,0.00,-10.10,-4.66,-0.02,0.03,4.73,4.23,0.00,0.00,0.00,0
1219,1,21.48,28.84,0.00,0.00,0.00,0.00,-10.10,-4.66,0.01,0.03,4.74,4.24,0.00,0.00,0.00,0
1239,1,22.06,28.81,0.00,0.00,0.00,0.00,-10.10,-4.66,0.01,0.03,4.76,4.26,0.00,0.00,0.00,0
1259,1,22.65,29.01,0.00,0.00,0.00,0.00,-10.10,-4.66,0.01,0.03,4.77,4.27,0.00,0.00,0.00,0
1280,1,23.23,29.07,0.00,0.00,0.00,0.00,-10.10,-4.66,0.01,0.03,4.78,4.28,0.00,0.00,0.00,0
1299,1,23.82,29.14,0.00,0.00,0.00,0.00,-10.10,-4.66,0.01,0.03,4.80,4.30,0.00,0.00,0.00,0
1319,1,24.42,29.26,0.00,0.00,0.00,0.00,-10.10,-4.66,0.01,0.03,4.81,4.31,0.00,0.00,0.00,0
1339,1,25.00,29.13,0.00,0.00,0.00,0.00,-10.10,-4.66,0.01,0.03,4.83,4.32,0.00,0.00,0.00,0
1359,1,25.57,28.59,0.00,0.00,0.00,0.00,-10.10,-4.66,0.01,0.00,4.84,4.34,0.00,0.00,0.00,0
1380,1,26.09,27.41,0.00,0.00,0.00,0.00,-10.10,-4.66,-0.01,0.00,4.86,4.35,0.00,0.00,0.00,0
1399,1,26.56,26.04,0.00,0.00,0.00,0.00,-10.10,-4.66,-0.01,0.00,4.87,4.36,0.00,0.00,0.00,0
1419,1,26.97,23.99,0.00,0.00,0.00,0.00,-10.10,-4.66,-0.01,0.00,4.88,4.37,0.00,0.00,0.00,0
1439,1,27.36,22.31,0.00,0.00,0.00,0.00,-10.10,-4.66,-0.01,0.00,4.90,4.38,0.00,0.00,0.00,0
1459,1,27.73,21.15,0.00,0.00,0.00,0.00,-10.10,-4.66,-0.01,0.00,4.91,4.39,0.00,0.00,0.00,0
1480,1,28.09,20.34,0.00,0.00,0.00,0.00,-10.10,-4.66,-0.01,0.00,4.93,4.40,0.00,0.00,0.00,0
1499,1,28.47,20.07,0.00,0.00,0.00,0.00,-10.10,-4.66,-0.01,0.00,4.94,4.41,0.00,0.00,0.00,0
1518,1,28.87,20.09,0.00,0.00,0.00,0.00,-10.10,-4.66,-0.01,0.02,4.95,4.42,0.00,0.00,0.00,0
1541,1,29.39,20.41,0.00,0.00,0.00,0.00,-10.10,-4.66,-0.02,0.02,4.97,4.42,0.00,0.00,0.00,0
1559,1,29.71,20.41,0.00,0.00,0.00,0.00,-10.10,-4.66,-0.02,0.02,4.98,4.44,0.00,0.00,0.00,0
1580,1,30.13,20.38,0.00,0.00,0.00,0.00,-10.10,-4.66,-0.02,0.02,5.00,4.44,0.00,0.00,0.00,0
1600,1,30.53,20.06,0.00,0.00,0.00,0.00,-10.10,-4.66,-0.02,0.02,5.01,4.45,0.00,0.00,0.00,0
1619,1,30.91,19.38,0.00,0.00,0.00,0.00,-10.10,-4.66,-0.02,0.02,5.02,4.46,0.00,0.00,0.00,0
1639,1,31.28,18.95,0.00,0.00,0.00,0.00,-10.10,-4.66,-0.02,0.02,5.04,4.47,0.00,0.00,0.00,0
1659,1,31.65,18.81,0.00,0.00,0.00,0.00,-10.10,-4.66,-0.02,0.02,5.05,4.48,0.00,0.00,0.00,0
1680,1,32.01,18.62,0.00,0.00,0.00,0.00,-10.10,-4.66,-0.02,-0.04,5.07,4.49,0.00,0.00,0.00,0
1699,1,32.39,18.68,0.00,0.00,0.00,0.00,-10.10,-4.66,0.01,-0.04,5.08,4.50,0.00,0.00,0.00,0
1719,1,32.77,18.64,0.00,0.00,0.00,0.00,-10.10,-4.66,0.01,-0.04,5.09,4.50,0.00,0.00,0.00,0
1739,1,33.15,18.59,0.00,0.00,0.00,0.00,-10.10,-4.66,0.01,-0.04,5.11,4.51,0.00,0.00,0.00,0
1759,1,33.52,18.52,0.00,0.00,0.00,0.00,-10.10,-4.66,0.01,-0.04,5.12,4.52,0.00,0.00,0.00,0
1779,1,33.90,18.57,0.00,0.00,0.00,0.00,-10.10,-4.66,0.01,-0.04,5.13,4.53,0.00,0.00,0.00,0
1799,1,34.27,18.36,0.00,0.00,0.00,0.00,-10.10,-4.66,0.01,-0.04,5.15,4.54,0.00,0.00,0.00,0
1819,1,34.63,18.02,0.00,0.00,0.00,0.00,-10.10,-4.66,0.01,-0.04,5.16,4.55,0.00,0.00,0.00,0
1839,1,34.98,17.76,0.00,0.00,0.00,0.00,-10.10,-4.66,0.01,-0.03,5.17,4.55,0.00,0.00,0.00,0
1859,1,35.32,17.50,0.00,0.00,0.00,0.00,-10.10,-4.66,-0.03,-0.03,5.19,4.56,0.00,0.00,0.00,0
1880,1,35.67,17.30,0.00,0.00,0.00,0.00,-10.10,-4.66,-0.03,-0.03,5.20,4.57,0.00,0.00,0.00,0
1899,1,36.01,17.25,0.00,0.00,0.00,0.00,-10.10,-4.66,-0.03,-0.03,5.21,4.58,0.00,0.00,0.00,0
1919,1,36.35,17.10,0.00,0.00,0.00,0.00,-10.10,-4.66,-0.03,-0.03,5.23,4.58,0.00,0.00,0.00,0
1939,1,36.70,17.01,0.00,0.00,0.00,0.00,-10.10,-4.66,-0.03,-0.03,5.24,4.59,0.00,0.00,0.00,0
1959,1,37.04,16.83,0.00,0.00,0.00,0.00,-10.10,-4.66,-0.03,-0.03,5.25,4.60,0.00,0.00,0.00,0
1980,1,37.37,16.83,0.00,0.00,0.00,0.00,-10.10,-4.66,-0.03,-0.03,5.26,4.61,0.00,0.00,0.00,0
2000,1,37.70,16.75,0.00,0.00,0.00,0.00,-10.10,-4.66,-0.03,-0.01,5.27,4.62,0.00,0.00,0.00,0
2019,1,38.04,16.67,0.00,0.00,0.00,0.00,-10.10,-4.66,-0.01,-0.01,5.29,4.62,0.00,0.00,0.00,0
2039,1,38.36,16.44,0.00,0.00,0.00,0.00,-10.10,-4.66,-0.01,-0.01,5.30,4.63,0.00,0.00,0.00,0
2059,1,38.68,16.19,0.00,0.00,0.00,0.00,-10.10,-4.66,-0.01,-0.01,5.31,4.64,0.00,0.00,0.00,0
2080,1,39.00,16.05,0.00,0.00,0.00,0.00,-10.10,-4.66,-0.01,-0.01,5.32,4.64,0.00,0.00,0.00,0
2099,1,39.33,15.97,0.00,0.00,0.00,0.00,-10.10,-4.66,-0.01,-0.01,5.33,4.65,0.00,0.00,0.00,0
2119,1,39.64,15.85,0.00,0.00,0.00,0.00,-10.10,-4.66,-0.01,-0.01,5.34,4.66,0.00,0.00,0.00,0
2139,1,39.97,15.92,0.00,0.00,0.00,0.00,-10.10,-4.66,-0.01,-0.01,5.36,4.66,0.00,0.00,0.00,0
2159,1,40.29,15.87,0.00,0.00,0.00,0.00,-10.10,-4.66,-0.01,0.03,5.37,4.67,0.00,0.00,0.00,0
2180,1,40.61,15.69,0.00,0.00,0.00,0.00,-10.10,-4.66,0.06,0.03,5.38,4.68,0.00,0.00,0.00,0
2199,1,40.91,15.43,0.00,0.00,0.00,0.00,-10.10,-4.66,0.06,0.03,5.39,4.69,0.00,0.00,0.00,0
2219,1,41.22,15.30,0.00,0.00,0.00,0.00,-10.10,-4.66,0.06,0.03,5.40,4.69,0.00,0.00,0.00,0
2239,1,41.53,15.19,0.00,0.00,0.00,0.00,-10.10,-4.66,0.06,0.03,5.41,4.70,0.00,0.00,0.00,0
2259,1,41.85,15.32,0.00,0.00,0.00,0.00,-10.10,-4.66,0.06,0.03,5.42,4.71,0.00,0.00,0.00,0
2279,1,42.16,15.35,0.00,0.00,0.00,0.00,-10.10,-4.66,0.06,0.03,5.43,4.71,0.00,0.00,0.00,0
2299,1,42.48,15.31,0.00,0.00,0.00,0.00,-10.10,-4.66,0.06,0.03,5.44,4.72,0.00,0.00,0.00,0
2319,1,42.80,15.16,0.00,0.00,0.00,0.00,-10.10,-4.66,0.06,-0.05,5.45,4.72,0.00,0.00,0.00,0
2339,1,43.10,15.02,0.00,0.00,0.00,0.00,-10.10,-4.66,-0.04,-0.05,5.46,4.73,0.00,0.00,0.00,0
2359,1,43.40,14.81,0.00,0.00,0.00,0.00,-10.10,-4.66,-0.04,-0.05,5.47,4.74,0.00,0.00,0.00,0
2380,1,43.69,14.59,0.00,0.00,0.00,0.00,-10.10,-4.66,-0.04,-0.05,5.48,4.74,0.00,0.00,0.00,0
2399,1,43.98,14.41,0.00,0.00,0.00,0.00,-10.10,-4.66,-0.04,-0.05,5.49,4.75,0.00,0.00,0.00,0
2419,1,44.27,14.36,0.00,0.00,0.00,0.00,-10.10,-4.66,-0.04,-0.05,5.50,4.76,0.00,0.00,0.00,0
2439,1,44.56,14.24,0.00,0.00,0.00,0.00,-10.10,-4.66,-0.04,-0.05,5.51,4.76,0.00,0.00,0.00,0
2459,1,44.84,14.07,0.00,0.00,0.00,0.00,-10.10,-4.66,-0.04,-0.05,5.52,4.77,0.00,0.00,0.00,0
2480,1,45.12,13.94,0.00,0.00,0.00,0.00,-10.10,-4.66,-0.04,0.04,5.53,4.77,0.00,0.00,0.00,0
2499,1,45.40,13.89,0.00,0.00,0.00,0.00,-10.10,-4.66,-0.00,0.04,5.54,4.78,0.00,0.00,0.00,0
2519,1,45.68,13.84,0.00,0.00,0.00,0.00,-10.10,-4.66,-0.00,0.04,5.55,4.79,0.00,0.00,0.00,0
2539,1,45.97,13.86,0.00,0.00,0.00,0.00,-10.10,-4.66,-0.00,0.04,5.56,4.79,0.00,0.00,0.00,0
2559,1,46.25,13.80,0.00,0.00,0.00,0.00,-10.10,-4.66,-0.00,0.04,5.57,4.80,0.00,0.00,0.00,0
2580,1,46.53,13.65,0.00,0.00,0.00,0.00,-10.10,-4.66,-0.00,0.04,5.58,4.80,0.00,0.00,0.00,0
2599,1,46.81,13.42,0.00,0.00,0.00,0.00,-10.10,-4.66,-0.00,0.04,5.59,4.81,0.00,0.00,0.00,0
2619,1,47.07,13.18,0.00,0.00,0.00,0.00,-10.10,-4.66,-0.00,0.04,5.60,4.81,0.00,0.00,0.00,0
2639,1,47.32,12.95,0.00,0.00,0.00,0.00,-10.10,-4.66,-0.00,-0.02,5.60,4.82,0.00,0.00,0.00,0
2659,1,47.58,12.81,0.00,0.00,0.00,0.00,-10.10,-4.66,-0.01,-0.02,5.61,4.82,0.00,0.00,0.00,0
2679,1,47.84,12.74,0.00,0.00,0.00,0.00,-10.10,-4.66,-0.01,-0.02,5.62,4.83,0.00,0.00,0.00,0
2699,1,48.11,12.92,0.00,0.00,0.00,0.00,-10.10,-4.66,-0.01,-0.02,5.63,4.84,0.00,0.00,0.00,0
2719,1,48.38,12.98,0.00,0.00,0.00,0.00,-10.10,-4.66,-0.01,-0.02,5.64,4.84,0.00,0.00,0.00,0
2739,1,48.64,12.84,0.00,0.00,0.00,0.00,-10.10,-4.66,-0.01,-0.02,5.65,4.85,0.00,0.00,0.00,0
2759,1,48.90,12.63,0.00,0.00,0.00,0.00,-10.10,-4.66,-0.01,-0.02,5.66,4.85,0.00,0.00,0.00,0
2780,1,49.14,12.39,0.00,0.00,0.00,0.00,-10.10,-4.66,-0.01,-0.02,5.66,4.86,0.00,0.00,0.00,0
2799,1,49.38,12.09,0.00,0.00,0.00,0.00,-10.10,-4.66,-0.01,0.02,5.67,4.86,0.00,0.00,0.00,0
2819,1,49.61,11.89,0.00,0.00,0.00,0.00,-10.10,-4.66,0.01,0.02,5.68,4.87,0.00,0.00,0.00,0
2839,1,49.84,11.71,0.00,0.00,0.00,0.00,-10.10,-4.66,0.01,0.02,5.69,4.87,0.00,0.00,0.00,0
2859,1,50.09,11.79,0.00,0.00,0.00,0.00,-10.10,-4.66,0.01,0.02,5.70,4.88,0.00,0.00,0.00,0
2880,1,50.33,11.92,0.00,0.00,0.00,0.00,-10.10,-4.66,0.01,0.02,5.71,4.88,0.00,0.00,0.00,0
2899,1,50.59,12.18,0.00,0.00,0.00,0.00,-10.10,-4.66,0.01,0.02,5.71,4.89,0.00,0.00,0.00,0
2919,1,50.86,12.28,0.00,0.00,0.00,0.00,-10.10,-4.66,0.01,0.02,5.72,4.89,0.00,0.00,0.00,0
2939,1,51.12,12.22,0.00,0.00,0.00,0.00,-10.10,-4.66,0.01,0.02,5.73,4.90,0.00,0.00,0.00,0
2959,1,51.36,11.94,0.00,0.00,0.00,0.00,-10.10,-4.66,0.01,0.02,5.74,4.90,0.00,0.00,0.00,0
2980,1,51.59,11.53,0.00,0.00,0.00,0.00,-10.10,-4.66,0.02,0.02,5.74,4.90,0.00,0.00,0.00,0
2999,1,51.80,11.15,0.00,0.00,0.00,0.00,-10.10,-4.66,0.02,0.02,5.75,4.91,0.00,0.00,0.00,0
3019,1,52.02,10.97,0.00,0.00,0.00,0.00,-10.10,-4.66,0.02,0.02,5.76,4.91,0.00,0.00,0.00,0
3040,1,52.23,10.87,0.00,0.00,0.00,0.00,-10.10,-4.66,0.02,0.02,5.77,4.92,0.00,0.00,0.00,0
3059,1,52.46,11.01,0.00,0.00,0.00,0.00,-10.10,-4.66,0.02,0.02,5.77,4.92,0.00,0.00,0.00,0
3080,1,52.69,11.20,0.00,0.00,0.00,0.00,-10.10,-4.66,0.02,0.02,5.78,4.93,0.00,0.00,0.00,0
3099,1,52.94,11.36,0.00,0.00,0.00,0.00,-10.10,-4.66,0.02,0.02,5.79,4.93,0.00,0.00,0.00,0
3119,1,53.17,11.30,0.00,0.00,0.00,0.00,-10.10,-4.66,0.02,0.01,5.79,4.94,0.00,0.00,0.00,0
3139,1,53.40,11.04,0.00,0.00,0.00,0.00,-10.10,-4.66,0.02,0.01,5.80,4.94,0.00,0.00,0.00,0
3159,1,53.61,10.76,0.00,0.00,0.00,0.00,-10.10,-4.66,0.02,0.01,5.81,4.94,0.00,0.00,0.00,0
3179,1,53.82,10.48,0.00,0.00,0.00,0.00,-10.10,-4.66,0.02,0.01,5.82,4.95,0.00,0.00,0.00,0
3199,1,54.03,10.21,0.00,0.00,0.00,0.00,-10.10,-4.66,0.02,0.01,5.82,4.95,0.00,0.00,0.00,0
3219,1,54.22,10.04,0.00,0.00,0.00,0.00,-10.10,-4.66,0.02,0.01,5.83,4.96,0.00,0.00,0.00,0
3239,1,54.42,10.01,0.00,0.00,0.00,0.00,-10.10,-4.66,0.02,0.01,5.84,4.96,0.00,0.00,0.00,0
3259,1,54.64,10.24,0.00,0.00,0.00,0.00,-10.10,-4.66,0.02,0.01,5.84,4.97,0.00,0.00,0.00,0
3279,1,54.86,10.44,0.00,0.00,0.00,0.00,-10.10,-4.66,0.02,-0.01,5.85,4.97,0.00,0.00,0.00,0
3300,1,55.09,10.59,0.00,0.00,0.00,0.00,-10.10,-4.66,-0.05,-0.01,5.86,4.97,0.00,0.00,0.00,0
3319,1,55.31,10.54,0.00,0.00,0.00,0.00,-10.10,-4.66,-0.05,-0.01,5.86,4.98,0.00,0.00,0.00,0
3339,1,55.53,10.32,0.00,0.00,0.00,0.00,-10.10,-4.66,-0.05,-0.01,5.87,4.98,0.00,0.00,0.00,0
3359,1,55.72,9.93,0.00,0.00,0.00,0.00,-10.10,-4.66,-0.05,-0.01,5.87,4.99,0.00,0.00,0.00,0
3379,1,55.91,9.72,0.00,0.00,0.00,0.00,-10.10,-4.66,-0.05,-0.01,5.88,4.99,0.00,0.00,0.00,0
3400,1,56.09,9.50,0.00,0.00,0.00,0.00,-10.10,-4.66,-0.05,-0.01,5.89,4.99,0.00,0.00,0.00,0
3419,1,56.28,9.51,0.00,0.00,0.00,0.00,-10.10,-4.66,-0.05,-0.01,5.89,5.00,0.00,0.00,0.00,0
3439,1,56.48,9.53,0.00,0.00,0.00,0.00,-10.10,-4.66,-0.05,0.01,5.90,5.00,0.00,0.00,0.00,0
3459,1,56.68,9.63,0.00,0.00,0.00,0.00,-10.10,-4.66,0.01,0.01,5.90,5.00,0.00,0.00,0.00,0
3479,1,56.89,9.71,0.00,0.00,0.00,0.00,-10.10,-4.66,0.01,0.01,5.91,5.01,0.00,0.00,0.00,0
3500,1,57.10,9.83,0.00,0.00,0.00,0.00,-10.10,-4.66,0.01,0.01,5.92,5.01,0.00,0.00,0.00,0
3519,1,57.30,9.84,0.00,0.00,0.00,0.00,-10.10,-4.66,0.01,0.01,5.92,5.02,0.00,0.00,0.00,0
3539,1,57.51,9.84,0.00,0.00,0.00,0.00,-10.10,-4.66,0.01,0.01,5.93,5.02,0.00,0.00,0.00,0
3559,1,57.71,9.72,0.00,0.00,0.00,0.00,-10.10,-4.66,0.01,0.01,5.94,5.02,0.00,0.00,0.00,0
3579,1,57.90,9.44,0.00,0.00,0.00,0.00,-10.10,-4.66,0.01,0.01,5.94,5.03,0.00,0.00,0.00,0
3600,1,58.08,9.07,0.00,0.00,0.00,0.00,-10.10,-4.66,0.01,0.02,5.95,5.03,0.00,0.00,0.00,0
3619,1,58.24,8.68,0.00,0.00,0.00,0.00,-10.10,-4.66,0.04,0.02,5.95,5.03,0.00,0.00,0.00,0
3639,1,58.41,8.45,0.00,0.00,0.00,0.00,-10.10,-4.66,0.04,0.02,5.95,5.04,0.00,0.00,0.00,0
3659,1,58.57,8.27,0.00,0.00,0.00,0.00,-10.10,-4.66,0.04,0.02,5.96,5.04,0.00,0.00,0.00,0
3679,1,58.74,8.30,0.00,0.00,0.00,0.00,-10.10,-4.66,0.04,0.02,5.97,5.04,0.00,0.00,0.00,0
3699,1,58.92,8.48,0.00,0.00,0.00,0.00,-10.10,-4.66,0.04,0.02,5.97,5.05,0.00,0.00,0.00,0
3719,1,59.11,8.80,0.00,0.00,0.00,0.00,-10.10,-4.66,0.04,0.02,5.98,5.05,0.00,0.00,0.00,0
3739,1,59.32,9.15,0.00,0.00,0.00,0.00,-10.10,-4.66,0.04,0.02,5.98,5.05,0.00,0.00,0.00,0
3759,1,59.52,9.38,0.00,0.00,0.00,0.00,-10.10,-4.66,0.04,0.02,5.99,5.06,0.00,0.00,0.00,0
3779,1,59.73,9.35,0.00,0.00,0.00,0.00,-10.10,-4.66,0.00,0.02,5.99,5.06,0.00,0.00,0.00,0
3800,1,59.91,9.14,0.00,0.00,0.00,0.00,-10.10,-4.66,0.00,0.02,6.00,5.06,0.00,0.00,0.00,0
3819,1,60.10,8.91,0.00,0.00,0.00,0.00,-10.10,-4.66,0.00,0.02,6.00,5.07,0.00,0.00,0.00,0
3839,1,60.27,8.56,0.00,0.00,0.00,0.00,-10.10,-4.66,0.00,0.02,6.01,5.07,0.00,0.00,0.00,0
3859,1,60.42,8.14,0.00,0.00,0.00,0.00,-10.10,-4.66,0.00,0.02,6.01,5.07,0.00,0.00,0.00,0
3879,1,60.57,7.75,0.00,0.00,0.00,0.00,-10.10,-4.66,0.00,0.02,6.02,5.07,0.00,0.00,0.00,0
3900,1,60.72,7.60,0.00,0.00,0.00,0.00,-10.10,-4.66,0.00,0.02,6.02,5.08,0.00,0.00,0.00,0
3919,1,60.87,7.45,0.00,0.00,0.00,0.00,-10.10,-4.66,0.00,0.03,6.03,5.08,0.00,0.00,0.00,0
3939,1,61.02,7.34,0.00,0.00,0.00,0.00,-10.10,-4.66,-0.05,0.03,6.03,5.08,0.00,0.00,0.00,0
3958,1,61.17,7.38,0.00,0.00,0.00,0.00,-10.10,-4.66,-0.05,0.03,6.04,5.09,0.00,0.00,0.00,0
3981,1,61.37,7.59,0.00,0.00,0.00,0.00,-10.10,-4.66,-0.05,0.03,6.04,5.09,0.00,0.00,0.00,0
3999,1,61.50,7.77,0.00,0.00,0.00,0.00,-10.10,-4.66,-0.05,0.03,6.05,5.09,0.00,0.00,0.00,0
4019,1,61.68,8.05,0.00,0.00,0.00,0.00,-10.10,-4.66,-0.05,0.03,6.05,5.10,0.00,0.00,0.00,0
4039,1,61.86,8.24,0.00,0.00,0.00,0.00,-10.10,-4.66,-0.05,0.03,6.06,5.10,0.00,0.00,0.00,0
4059,1,62.04,8.29,0.00,0.00,0.00,0.00,-10.10,-4.66,-0.05,0.03,6.06,5.10,0.00,0.00,0.00,0
4079,1,62.22,8.32,0.00,0.00,0.00,0.00,-10.10,-4.66,-0.05,-0.05,6.07,5.11,0.00,0.00,0.00,0
4100,1,62.38,8.10,0.00,0.00,0.00,0.00,-10.10,-4.66,-0.06,-0.05,6.07,5.11,0.00,0.00,0.00,0
4119,1,62.54,7.85,0.00,0.00,0.00,0.00,-10.10,-4.66,-0.06,-0.05,6.08,5.11,0.00,0.00,0.00,0
4139,1,62.69,7.48,0.00,0.00,0.00,0.00,-10.10,-4.66,-0.06,-0.05,6.08,5.11,0.00,0.00,0.00,0
4159,1,62.82,7.06,0.00,0.00,0.00,0.00,-10.10,-4.66,-0.06,-0.05,6.08,5.12,0.00,0.00,0.00,0
4179,1,62.96,6.83,0.00,0.00,0.00,0.00,-10.10,-4.66,-0.06,-0.05,6.09,5.12,0.00,0.00,0.00,0
4199,1,63.09,6.62,0.00,0.00,0.00,0.00,-10.10,-4.66,-0.06,-0.05,6.09,5.12,0.00,0.00,0.00,0
4219,1,63.23,6.68,0.00,0.00,0.00,0.00,-10.10,-4.66,-0.06,-0.05,6.09,5.12,0.00,0.00,0.00,0
4239,1,63.36,6.69,0.00,0.00,0.00,0.00,-10.10,-4.66,-0.06,-0.02,6.10,5.13,0.00,0.00,0.00,0
4259,1,63.51,6.85,0.00,0.00,0.00,0.00,-10.10,-4.66,0.05,-0.02,6.10,5.13,0.00,0.00,0.00,0
4279,1,63.66,6.93,0.00,0.00,0.00,0.00,-10.10,-4.66,0.05,-0.02,6.11,5.13,0.00,0.00,0.00,0
4300,1,63.82,7.13,0.00,0.00,0.00,0.00,-10.10,-4.66,0.05,-0.02,6.11,5.13,0.00,0.00,0.00,0
4319,1,63.98,7.18,0.00,0.00,0.00,0.00,-10.10,-4.66,0.05,-0.02,6.12,5.14,0.00,0.00,0.00,0
4339,1,64.13,7.11,0.00,0.00,0.00,0.00,-10.10,-4.66,0.05,-0.02,6.12,5.14,0.00,0.00,0.00,0
4359,1,64.27,7.04,0.00,0.00,0.00,0.00,-10.10,-4.66,0.05,-0.02,6.12,5.14,0.00,0.00,0.00,0
4379,1,64.41,6.95,0.00,0.00,0.00,0.00,-10.10,-4.66,0.05,-0.02,6.13,5.14,0.00,0.00,0.00,0
4400,1,64.56,6.97,0.00,0.00,0.00,0.00,-10.10,-4.66,0.05,0.07,6.13,5.15,0.00,0.00,0.00,0
4419,1,64.70,6.86,0.00,0.00,0.00,0.00,-10.10,-4.66,0.00,0.07,6.13,5.15,0.00,0.00,0.00,0
4439,1,64.84,6.74,0.00,0.00,0.00,0.00,-10.10,-4.66,0.00,0.07,6.14,5.15,0.00,0.00,0.00,0
4459,1,64.98,6.52,0.00,0.00,0.00,0.00,-10.10,-4.66,0.00,0.07,6.14,5.15,0.00,0.00,0.00,0
4479,1,65.11,6.36,0.00,0.00,0.00,0.00,-10.10,-4.66,0.00,0.07,6.15,5.16,0.00,0.00,0.00,0
4500,1,65.23,6.15,0.00,0.00,0.00,0.00,-10.10,-4.66,0.00,0.07,6.15,5.16,0.00,0.00,0.00,0
4519,1,65.35,5.93,0.00,0.00,0.00,0.00,-10.10,-4.66,0.00,0.07,6.15,5.16,0.00,0.00,0.00,0
4539,1,65.47,5.76,0.00,0.00,0.00,0.00,-10.10,-4.66,0.00,0.07,6.16,5.16,0.00,0.00,0.00,0
4559,1,65.57,5.59,0.00,0.00,0.00,0.00,-10.10,-4.66,0.00,0.07,6.16,5.16,0.00,0.00,0.00,0
4579,1,65.68,5.53,0.00,0.00,0.00,0.00,-10.10,-4.66,0.00,0.07,6.16,5.17,0.00,0.00,0.00,0
4599,1,65.79,5.53,0.00,0.00,0.00,0.00,-10.10,-4.66,0.00,0.07,6.17,5.17,0.00,0.00,0.00,0
4619,1,65.92,5.65,0.00,0.00,0.00,0.00,-10.10,-4.66,0.00,0.07,6.17,5.17,0.00,0.00,0.00,0
4639,1,66.04,5.82,0.00,0.00,0.00,0.00,-10.10,-4.66,0.00,0.07,6.17,5.17,0.00,0.00,0.00,0
4659,1,66.18,6.04,0.00,0.00,0.00,0.00,-10.10,-4.66,0.00,0.07,6.18,5.18,0.00,0.00,0.00,0
4679,1,66.31,6.15,0.00,0.00,0.00,0.00,-10.10,-4.66,0.00,0.07,6.18,5.18,0.00,0.00,0.00,0
4700,1,66.45,6.30,0.00,0.00,0.00,0.00,-10.10,-4.66,0.00,0.07,6.18,5.18,0.00,0.00,0.00,0
4719,1,66.58,6.35,0.00,0.00,0.00,0.00,-10.10,-4.66,0.00,-0.06,6.19,5.18,0.00,0.00,0.00,0
4739,1,66.72,6.29,0.00,0.00,0.00,0.00,-10.10,-4.66,0.02,-0.06,6.19,5.18,0.00,0.00,0.00,0
4759,1,66.85,6.16,0.00,0.00,0.00,0.00,-10.10,-4.66,0.02,-0.06,6.20,5.19,0.00,0.00,0.00,0
4779,1,66.97,5.86,0.00,0.00,0.00,0.00,-10.10,-4.66,0.02,-0.06,6.20,5.19,0.00,0.00,0.00,0
4800,1,67.08,5.65,0.00,0.00,0.00,0.00,-10.10,-4.66,0.02,-0.06,6.20,5.19,0.00,0.00,0.00,0
4819,1,67.19,5.58,0.00,0.00,0.00,0.00,-10.10,-4.66,0.02,-0.06,6.21,5.19,0.00,0.00,0.00,0
4839,1,67.30,5.47,0.00,0.00,0.00,0.00,-10.10,-4.66,0.02,-0.06,6.21,5.19,0.00,0.00,0.00,0
4859,1,67.41,5.36,0.00,0.00,0.00,0.00,-10.10,-4.66,0.02,-0.06,6.21,5.20,0.00,0.00,0.00,0
4879,1,67.52,5.29,0.00,0.00,0.00,0.00,-10.10,-4.66,0.02,0.02,6.21,5.20,0.00,0.00,0.00,0
4900,1,67.64,5.33,0.00,0.00,0.00,0.00,-10.10,-4.66,0.02,0.02,6.22,5.20,0.00,0.00,0.00,0
4919,1,67.75,5.33,0.00,0.00,0.00,0.00,-10.10,-4.66,0.02,0.02,6.22,5.20,0.00,0.00,0.00,0
4939,1,67.85,5.11,0.00,0.00,0.00,0.00,-10.10,-4.66,0.02,0.02,6.22,5.20,0.00,0.00,0.00,0
4959,1,67.95,4.92,0.00,0.00,0.00,0.00,-10.10,-4.66,0.02,0.02,6.22,5.20,0.00,0.00,0.00,0
4979,1,68.05,4.77,0.00,0.00,0.00,0.00,-10.10,-4.66,0.02,0.02,6.23,5.21,0.00,0.00,0.00,0
5000,1,68.14,4.66,0.00,0.00,0.00,0.00,-10.10,-4.66,0.02,0.02,6.23,5.21,0.00,0.00,0.00,0
5019,1,68.23,4.56,0.00,0.00,0.00,0.00,-10.10,-4.66,0.02,0.02,6.23,5.21,0.00,0.00,0.00,0
5039,1,68.32,4.46,0.00,0.00,0.00,0.00,-10.10,-4.66,0.02,-0.02,6.24,5.21,0.00,0.00,0.00,0
5059,1,68.43,4.60,0.00,0.00,0.00,0.00,-10.10,-4.66,-0.03,-0.02,6.24,5.21,0.00,0.00,0.00,0
5079,1,68.53,4.71,0.00,0.00,0.00,0.00,-10.10,-4.66,-0.03,-0.02,6.24,5.21,0.00,0.00,0.00,0
5098,1,68.64,4.80,0.00,0.00,0.00,0.00,-10.10,-4.66,-0.03,-0.02,6.25,5.22,0.00,0.00,0.00,0
5121,1,68.75,4.97,0.00,0.00,0.00,0.00,-10.10,-4.66,-0.03,-0.02,6.25,5.22,0.00,0.00,0.00,0
5139,1,68.86,5.11,0.00,0.00,0.00,0.00,-10.10,-4.66,-0.03,-0.02,6.25,5.22,0.00,0.00,0.00,0
5159,1,68.98,5.22,0.00,0.00,0.00,0.00,-10.10,-4.66,-0.03,-0.02,6.26,5.22,0.00,0.00,0.00,0
5179,1,69.10,5.28,0.00,0.00,0.00,0.00,-10.10,-4.66,-0.03,-0.02,6.26,5.22,0.00,0.00,0.00,0
5200,1,69.22,5.34,0.00,0.00,0.00,0.00,-10.10,-4.66,-0.03,0.02,6.26,5.23,0.00,0.00,0.00,0
5219,1,69.33,5.27,0.00,0.00,0.00,0.00,-10.10,-4.66,-0.02,0.02,6.26,5.23,0.00,0.00,0.00,0
5239,1,69.43,5.13,0.00,0.00,0.00,0.00,-10.10,-4.66,-0.02,0.02,6.26,5.23,0.00,0.00,0.00,0
5259,1,69.54,5.05,0.00,0.00,0.00,0.00,-10.10,-4.66,-0.02,0.02,6.27,5.23,0.00,0.00,0.00,0
5279,1,69.64,4.97,0.00,0.00,0.00,0.00,-10.10,-4.66,-0.02,0.02,6.27,5.23,0.00,0.00,0.00,0
5299,1,69.74,4.88,0.00,0.00,0.00,0.00,-10.10,-4.66,-0.02,0.02,6.27,5.23,0.00,0.00,0.00,0
5320,1,69.84,4.80,0.00,0.00,0.00,0.00,-10.10,-4.66,-0.02,0.02,6.27,5.24,0.00,0.00,0.00,0
5339,1,69.94,4.70,0.00,0.00,0.00,0.00,-10.10,-4.66,-0.02,0.02,6.28,5.24,0.00,0.00,0.00,0
5359,1,70.03,4.51,0.00,0.00,0.00,0.00,-10.10,-4.66,-0.02,0.04,6.28,5.24,0.00,0.00,0.00,0
5379,1,70.12,4.40,0.00,0.00,0.00,0.00,-10.10,-4.66,-0.03,0.04,6.28,5.24,0.00,0.00,0.00,0
5399,1,70.21,4.35,0.00,0.00,0.00,0.00,-10.10,-4.66,-0.03,0.04,6.28,5.24,0.00,0.00,0.00,0
5420,1,70.29,4.18,0.00,0.00,0.00,0.00,-10.10,-4.66,-0.03,0.04,6.29,5.24,0.00,0.00,0.00,0
5440,1,70.38,4.14,0.00,0.00,0.00,0.00,-10.10,-4.66,-0.03,0.04,6.29,5.24,0.00,0.00,0.00,0
5459,1,70.47,4.21,0.00,0.00,0.00,0.00,-10.10,-4.66,-0.03,0.04,6.29,5.25,0.00,0.00,0.00,0
5479,1,70.57,4.24,0.00,0.00,0.00,0.00,-10.10,-4.66,-0.03,0.04,6.30,5.25,0.00,0.00,0.00,0
5499,1,70.66,4.19,0.00,0.00,0.00,0.00,-10.10,-4.66,-0.03,0.04,6.30,5.25,0.00,0.00,0.00,0
5520,1,70.75,4.13,0.00,0.00,0.00,0.00,-10.10,-4.66,-0.03,0.01,6.30,5.25,0.00,0.00,0.00,0
5539,1,70.83,4.07,0.00,0.00,0.00,0.00,-10.10,-4.66,0.01,0.01,6.30,5.25,0.00,0.00,0.00,0
5559,1,70.91,3.97,0.00,0.00,0.00,0.00,-10.10,-4.66,0.01,0.01,6.30,5.25,0.00,0.00,0.00,0
5579,1,70.99,3.92,0.00,0.00,0.00,0.00,-10.10,-4.66,0.01,0.01,6.31,5.25,0.00,0.00,0.00,0
5599,1,71.07,3.81,0.00,0.00,0.00,0.00,-10.10,-4.66,0.01,0.01,6.31,5.25,0.00,0.00,0.00,0
5619,1,71.15,3.74,0.00,0.00,0.00,0.00,-10.10,-4.66,0.01,0.01,6.31,5.26,0.00,0.00,0.00,0
5639,1,71.23,3.63,0.00,0.00,0.00,0.00,-10.10,-4.66,0.01,0.01,6.31,5.26,0.00,0.00,0.00,0
5659,1,71.31,3.62,0.00,0.00,0.00,0.00,-10.10,-4.66,0.01,0.01,6.31,5.26,0.00,0.00,0.00,0
5679,1,71.38,3.57,0.00,0.00,0.00,0.00,-10.10,-4.66,0.01,-0.05,6.31,5.26,0.00,0.00,0.00,0
5699,1,71.46,3.71,0.00,0.00,0.00,0.00,-10.10,-4.66,0.06,-0.05,6.32,5.26,0.00,0.00,0.00,0
5720,1,71.55,3.80,0.00,0.00,0.00,0.00,-10.10,-4.66,0.06,-0.05,6.32,5.26,0.00,0.00,0.00,0
5739,1,71.64,3.90,0.00,0.00,0.00,0.00,-10.10,-4.66,0.06,-0.05,6.32,5.26,0.00,0.00,0.00,0
5759,1,71.72,3.98,0.00,0.00,0.00,0.00,-10.10,-4.66,0.06,-0.05,6.32,5.27,0.00,0.00,0.00,0
5779,1,71.81,3.98,0.00,0.00,0.00,0.00,-10.10,-4.66,0.06,-0.05,6.33,5.27,0.00,0.00,0.00,0
5799,1,71.89,3.95,0.00,0.00,0.00,0.00,-10.10,-4.66,0.06,-0.05,6.33,5.27,0.00,0.00,0.00,0
5820,1,71.97,3.88,0.00,0.00,0.00,0.00,-10.10,-4.66,0.06,-0.05,6.33,5.27,0.00,0.00,0.00,0
5840,1,72.06,3.85,0.00,0.00,0.00,0.00,-10.10,-4.66,0.06,0.03,6.33,5.27,0.00,0.00,0.00,0
5859,1,72.15,3.92,0.00,0.00,0.00,0.00,-10.10,-4.66,-0.01,0.03,6.34,5.27,0.00,0.00,0.00,0
5879,1,72.23,3.96,0.00,0.00,0.00,0.00,-10.10,-4.66,-0.01,0.03,6.34,5.27,0.00,0.00,0.00,0
5899,1,72.32,3.98,0.00,0.00,0.00,0.00,-10.10,-4.66,-0.01,0.03,6.34,5.27,0.00,0.00,0.00,0
5920,1,72.40,3.90,0.00,0.00,0.00,0.00,-10.10,-4.66,-0.01,0.03,6.34,5.28,0.00,0.00,0.00,0
5939,1,72.49,3.94,0.00,0.00,0.00,0.00,-10.10,-4.66,-0.01,0.03,6.34,5.28,0.00,0.00,0.00,0
5959,1,72.56,3.85,0.00,0.00,0.00,0.00,-10.10,-4.66,-0.01,0.03,6.35,5.28,0.00,0.00,0.00,0
5979,1,72.65,3.90,0.00,0.00,0.00,0.00,-10.10,-4.66,-0.01,0.03,6.35,5.28,0.00,0.00,0.00,0
5999,1,72.73,3.84,0.00,0.00,0.00,0.00,-10.10,-4.66,-0.01,-0.00,6.35,5.28,0.00,0.00,0.00,0
6020,1,72.81,3.72,0.00,0.00,0.00,0.00,-10.10,-4.66,-0.03,-0.00,6.35,5.28,0.00,0.00,0.00,0
6040,1,72.88,3.55,0.00,0.00,0.00,0.00,-10.10,-4.66,-0.03,-0.00,6.35,5.28,0.00,0.00,0.00,0
6059,1,72.94,3.27,0.00,0.00,0.00,0.00,-10.10,-4.66,-0.03,-0.00,6.35,5.28,0.00,0.00,0.00,0
6079,1,72.99,3.02,0.00,0.00,0.00,0.00,-10.10,-4.66,-0.03,-0.00,6.35,5.28,0.00,0.00,0.00,0
6099,1,73.05,3.00,0.00,0.00,0.00,0.00,-10.10,-4.66,-0.03,-0.00,6.36,5.29,0.00,0.00,0.00,0
6119,1,73.12,3.02,0.00,0.00,0.00,0.00,-10.10,-4.66,-0.03,-0.00,6.36,5.29,0.00,0.00,0.00,0
6139,1,73.18,3.01,0.00,0.00,0.00,0.00,-10.10,-4.66,-0.03,-0.00,6.36,5.29,0.00,0.00,0.00,0
6159,1,73.24,2.99,0.00,0.00,0.00,0.00,-10.10,-4.66,-0.03,0.01,6.36,5.29,0.00,0.00,0.00,0
6179,1,73.30,2.93,0.00,0.00,0.00,0.00,-10.10,-4.66,0.01,0.01,6.36,5.29,0.00,0.00,0.00,0
6199,1,73.37,2.92,0.00,0.00,0.00,0.00,-10.10,-4.66,0.01,0.01,6.36,5.29,0.00,0.00,0.00,0
6220,1,73.43,2.88,0.00,0.00,0.00,0.00,-10.10,-4.66,0.01,0.01,6.36,5.29,0.00,0.00,0.00,0
6240,1,73.49,2.84,0.00,0.00,0.00,0.00,-10.10,-4.66,0.01,0.01,6.37,5.29,0.00,0.00,0.00,0
6259,1,73.55,2.82,0.00,0.00,0.00,0.00,-10.10,-4.66,0.01,0.01,6.37,5.29,0.00,0.00,0.00,0
6279,1,73.61,2.79,0.00,0.00,0.00,0.00,-10.10,-4.66,0.01,0.01,6.37,5.29,0.00,0.00,0.00,0
6299,1,73.68,2.90,0.00,0.00,0.00,0.00,-10.10,-4.66,0.01,0.01,6.37,5.30,0.00,0.00,0.00,0
6320,1,73.74,2.96,0.00,0.00,0.00,0.00,-10.10,-4.66,0.01,0.02,6.38,5.30,0.00,0.00,0.00,0
6339,1,73.81,3.05,0.00,0.00,0.00,0.00,-10.10,-4.66,-0.00,0.02,6.38,5.30,0.00,0.00,0.00,0
6359,1,73.88,3.08,0.00,0.00,0.00,0.00,-10.10,-4.66,-0.00,0.02,6.38,5.30,0.00,0.00,0.00,0
6379,1,73.95,3.05,0.00,0.00,0.00,0.00,-10.10,-4.66,-0.00,0.02,6.38,5.30,0.00,0.00,0.00,0
6400,1,74.01,2.98,0.00,0.00,0.00,0.00,-10.10,-4.66,-0.00,0.02,6.38,5.30,0.00,0.00,0.00,0
6420,1,74.07,2.90,0.00,0.00,0.00,0.00,-10.10,-4.66,-0.00,0.02,6.39,5.30,0.00,0.00,0.00,0
6440,1,74.13,2.76,0.00,0.00,0.00,0.00,-10.10,-4.66,-0.00,0.02,6.39,5.30,0.00,0.00,0.00,0
6459,1,74.18,2.65,0.00,0.00,0.00,0.00,-10.10,-4.66,-0.00,0.02,6.39,5.30,0.00,0.00,0.00,0
6479,1,74.24,2.65,0.00,0.00,0.00,0.00,-10.10,-4.66,-0.00,-0.02,6.39,5.30,0.00,0.00,0.00,0
6499,1,74.30,2.69,0.00,0.00,0.00,0.00,-10.10,-4.66,-0.03,-0.02,6.39,5.31,0.00,0.00,0.00,0
6519,1,74.36,2.69,0.00,0.00,0.00,0.00,-10.10,-4.66,-0.03,-0.02,6.39,5.31,0.00,0.00,0.00,0
6539,1,74.42,2.80,0.00,0.00,0.00,0.00,-10.10,-4.66,-0.03,-0.02,6.39,5.31,0.00,0.00,0.00,0
6559,1,74.48,2.83,0.00,0.00,0.00,0.00,-10.10,-4.66,-0.03,-0.02,6.39,5.31,0.00,0.00,0.00,0
6579,1,74.55,2.90,0.00,0.00,0.00,0.00,-10.10,-4.66,-0.03,-0.02,6.39,5.31,0.00,0.00,0.00,0
6599,1,74.61,2.85,0.00,0.00,0.00,0.00,-10.10,-4.66,-0.03,-0.02,6.40,5.31,0.00,0.00,0.00,0
6620,1,74.68,2.84,0.00,0.00,0.00,0.00,-10.10,-4.66,-0.03,-0.02,6.40,5.31,0.00,0.00,0.00,0
6638,1,74.73,2.75,0.00,0.00,0.00,0.00,-10.10,-4.66,-0.03,-0.03,6.40,5.31,0.00,0.00,0.00,0
6661,1,74.80,2.69,0.00,0.00,0.00,0.00,-10.10,-4.66,0.02,-0.03,6.40,5.31,0.00,0.00,0.00,0
6679,1,74.84,2.65,0.00,0.00,0.00,0.00,-10.10,-4.66,0.02,-0.03,6.40,5.31,0.00,0.00,0.00,0
6699,1,74.90,2.63,0.00,0.00,0.00,0.00,-10.10,-4.66,0.02,-0.03,6.40,5.31,0.00,0.00,0.00,0
6720,1,74.95,2.58,0.00,0.00,0.00,0.00,-10.10,-4.66,0.02,-0.03,6.40,5.31,0.00,0.00,0.00,0
6739,1,75.01,2.62,0.00,0.00,0.00,0.00,-10.10,-4.66,0.02,-0.03,6.40,5.32,0.00,0.00,0.00,0
6759,1,75.07,2.61,0.00,0.00,0.00,0.00,-10.10,-4.66,0.02,-0.03,6.40,5.32,0.00,0.00,0.00,0
6779,1,75.13,2.56,0.00,0.00,0.00,0.00,-10.10,-4.66,0.02,-0.03,6.41,5.32,0.00,0.00,0.00,0
6799,1,75.18,2.51,0.00,0.00,0.00,0.00,-10.10,-4.66,0.02,0.01,6.41,5.32,0.00,0.00,0.00,0
6820,1,75.23,2.42,0.00,0.00,0.00,0.00,-10.10,-4.66,-0.02,0.01,6.41,5.32,0.00,0.00,0.00,0
6840,1,75.27,2.38,0.00,0.00,0.00,0.00,-10.10,-4.66,-0.02,0.01,6.41,5.32,0.00,0.00,0.00,0
6859,1,75.32,2.41,0.00,0.00,0.00,0.00,-10.10,-4.66,-0.02,0.01,6.41,5.32,0.00,0.00,0.00,0
6879,1,75.38,2.47,0.00,0.00,0.00,0.00,-10.10,-4.66,-0.02,0.01,6.41,5.32,0.00,0.00,0.00,0
6899,1,75.44,2.51,0.00,0.00,0.00,0.00,-10.10,-4.66,-0.02,0.01,6.41,5.32,0.00,0.00,0.00,0
6920,1,75.49,2.53,0.00,0.00,0.00,0.00,-10.10,-4.66,-0.02,0.01,6.42,5.32,0.00,0.00,0.00,0
6939,1,75.55,2.48,0.00,0.00,0.00,0.00,-10.10,-4.66,-0.02,0.01,6.42,5.32,0.00,0.00,0.00,0
6959,1,75.60,2.46,0.00,0.00,0.00,0.00,-10.10,-4.66,-0.02,0.03,6.42,5.32,0.00,0.00,0.00,0
6979,1,75.65,2.31,0.00,0.00,0.00,0.00,-10.10,-4.66,0.01,0.03,6.42,5.32,0.00,0.00,0.00,0
6999,1,75.70,2.20,0.00,0.00,0.00,0.00,-10.10,-4.66,0.01,0.03,6.42,5.33,0.00,0.00,0.00,0
7019,1,75.74,2.09,0.00,0.00,0.00,0.00,-10.10,-4.66,0.01,0.03,6.42,5.33,0.00,0.00,0.00,0
7039,1,75.78,1.98,0.00,0.00,0.00,0.00,-10.10,-4.66,0.01,0.03,6.43,5.33,0.00,0.00,0.00,0
7059,1,75.81,1.84,0.00,0.00,0.00,0.00,-10.10,-4.66,0.01,0.03,6.43,5.33,0.00,0.00,0.00,0
7079,1,75.85,1.75,0.00,0.00,0.00,0.00,-10.10,-4.66,0.01,0.03,6.43,5.33,0.00,0.00,0.00,0
7099,1,75.89,1.73,0.00,0.00,0.00,0.00,-10.10,-4.66,0.01,0.03,6.43,5.33,0.00,0.00,0.00,0
7120,1,75.92,1.70,0.00,0.00,0.00,0.00,-10.10,-4.66,0.01,-0.04,6.43,5.33,0.00,0.00,0.00,0
7139,1,75.96,1.77,0.00,0.00,0.00,0.00,-10.10,-4.66,0.05,-0.04,6.43,5.33,0.00,0.00,0.00,0
7159,1,76.01,1.91,0.00,0.00,0.00,0.00,-10.10,-4.66,0.05,-0.04,6.43,5.33,0.00,0.00,0.00,0
7179,1,76.06,2.07,0.00,0.00,0.00,0.00,-10.10,-4.66,0.05,-0.04,6.43,5.33,0.00,0.00,0.00,0
7199,1,76.11,2.20,0.00,0.00,0.00,0.00,-10.10,-4.66,0.05,-0.04,6.43,5.33,0.00,0.00,0.00,0
7220,1,76.17,2.33,0.00,0.00,0.00,0.00,-10.10,-4.66,0.05,-0.04,6.44,5.33,0.00,0.00,0.00,0
7240,1,76.22,2.42,0.00,0.00,0.00,0.00,-10.10,-4.66,0.05,-0.04,6.44,5.33,0.00,0.00,0.00,0
7259,1,76.28,2.37,0.00,0.00,0.00,0.00,-10.10,-4.66,0.05,-0.04,6.44,5.33,0.00,0.00,0.00,0
7279,1,76.33,2.31,0.00,0.00,0.00,0.00,-10.10,-4.66,0.05,-0.02,6.44,5.33,0.00,0.00,0.00,0
7299,1,76.38,2.24,0.00,0.00,0.00,0.00,-10.10,-4.66,-0.04,-0.02,6.44,5.34,0.00,0.00,0.00,0
7319,1,76.43,2.19,0.00,0.00,0.00,0.00,-10.10,-4.66,-0.04,-0.02,6.44,5.34,0.00,0.00,0.00,0
7340,1,76.46,1.99,0.00,0.00,0.00,0.00,-10.10,-4.66,-0.04,-0.02,6.44,5.34,0.00,0.00,0.00,0
7359,1,76.49,1.82,0.00,0.00,0.00,0.00,-10.10,-4.66,-0.04,-0.02,6.44,5.34,0.00,0.00,0.00,0
7379,1,76.52,1.74,0.00,0.00,0.00,0.00,-10.10,-4.66,-0.04,-0.02,6.44,5.34,0.00,0.00,0.00,0
7399,1,76.56,1.70,0.00,0.00,0.00,0.00,-10.10,-4.66,-0.04,-0.02,6.44,5.34,0.00,0.00,0.00,0
7419,1,76.60,1.78,0.00,0.00,0.00,0.00,-10.10,-4.66,-0.04,-0.02,6.44,5.34,0.00,0.00,0.00,0
7440,1,76.65,1.85,0.00,0.00,0.00,0.00,-10.10,-4.66,-0.04,-0.03,6.44,5.34,0.00,0.00,0.00,0
7459,1,76.69,1.92,0.00,0.00,0.00,0.00,-10.10,-4.66,-0.02,-0.03,6.44,5.34,0.00,0.00,0.00,0
7479,1,76.73,1.94,0.00,0.00,0.00,0.00,-10.10,-4.66,-0.02,-0.03,6.44,5.34,0.00,0.00,0.00,0
7499,1,76.78,1.94,0.00,0.00,0.00,0.00,-10.10,-4.66,-0.02,-0.03,6.44,5.34,0.00,0.00,0.00,0
7519,1,76.82,1.95,0.00,0.00,0.00,0.00,-10.10,-4.66,-0.02,-0.03,6.44,5.34,0.00,0.00,0.00,0
7539,1,76.86,1.88,0.00,0.00,0.00,0.00,-10.10,-4.66,-0.02,-0.03,6.44,5.34,0.00,0.00,0.00,0
7559,1,76.90,1.77,0.00,0.00,0.00,0.00,-10.10,-4.66,-0.02,-0.03,6.44,5.34,0.00,0.00,0.00,0
7579,1,76.94,1.85,0.00,0.00,0.00,0.00,-10.10,-4.66,-0.02,-0.03,6.44,5.34,0.00,0.00,0.00,0
7599,1,76.98,1.83,0.00,0.00,0.00,0.00,-10.10,-4.66,-0.02,-0.01,6.45,5.34,0.00,0.00,0.00,0
7619,1,77.03,1.91,0.00,0.00,0.00,0.00,-10.10,-4.66,-0.01,-0.01,6.45,5.35,0.00,0.00,0.00,0
7640,1,77.07,1.96,0.00,0.00,0.00,0.00,-10.10,-4.66,-0.01,-0.01,6.45,5.35,0.00,0.00,0.00,0
7659,1,77.12,2.12,0.00,0.00,0.00,0.00,-10.10,-4.66,-0.01,-0.01,6.45,5.35,0.00,0.00,0.00,0
7679,1,77.17,2.22,0.00,0.00,0.00,0.00,-10.10,-4.66,-0.01,-0.01,6.45,5.35,0.00,0.00,0.00,0
7699,1,77.24,2.54,0.00,0.00,0.00,0.00,-10.10,-4.66,-0.01,-0.01,6.45,5.35,0.00,0.00,0.00,0
7719,1,77.30,2.74,0.00,0.00,0.00,0.00,-10.10,-4.66,-0.01,-0.01,6.45,5.35,0.00,0.00,0.00,0
7740,1,77.37,2.88,0.00,0.00,0.00,0.00,-10.10,-4.66,-0.01,-0.01,6.45,5.35,0.00,0.00,0.00,0
7759,1,77.44,2.93,0.00,0.00,0.00,0.00,-10.10,-4.66,-0.01,0.00,6.45,5.35,0.00,0.00,0.00,0
7779,1,77.49,2.81,0.00,0.00,0.00,0.00,-10.10,-4.66,0.03,0.00,6.45,5.35,0.00,0.00,0.00,0
7799,1,77.55,2.69,0.00,0.00,0.00,0.00,-10.10,-4.66,0.03,0.00,6.45,5.35,0.00,0.00,0.00,0
7819,1,77.60,2.62,0.00,0.00,0.00,0.00,-10.10,-4.66,0.03,0.00,6.46,5.35,0.00,0.00,0.00,0
7840,1,77.65,2.49,0.00,0.00,0.00,0.00,-10.10,-4.66,0.03,0.00,6.46,5.35,0.00,0.00,0.00,0
7859,1,77.70,2.48,0.00,0.00,0.00,0.00,-10.10,-4.66,0.03,0.00,6.46,5.36,0.00,0.00,0.00,0
7879,1,77.76,2.48,0.00,0.00,0.00,0.00,-10.10,-4.66,0.03,0.00,6.46,5.36,0.00,0.00,0.00,0
7899,1,77.80,2.34,0.00,0.00,0.00,0.00,-10.10,-4.66,0.03,0.00,6.46,5.36,0.00,0.00,0.00,0
7919,1,77.84,2.15,0.00,0.00,0.00,0.00,-10.10,-4.66,0.03,-0.02,6.46,5.36,0.00,0.00,0.00,0
7940,1,77.89,2.12,0.00,0.00,0.00,0.00,-10.10,-4.66,0.03,-0.02,6.46,5.36,0.00,0.00,0.00,0
7960,1,77.93,2.08,0.00,0.00,0.00,0.00,-10.10,-4.66,0.03,-0.02,6.47,5.36,0.00,0.00,0.00,0
7979,1,77.97,2.07,0.00,0.00,0.00,0.00,-10.10,-4.66,0.03,-0.02,6.47,5.36,0.00,0.00,0.00,0
7999,1,78.02,2.05,0.00,0.00,0.00,0.00,-10.10,-4.66,0.03,-0.02,6.47,5.36,0.00,0.00,0.00,0
8019,1,78.07,2.23,0.00,0.00,0.00,0.00,-10.10,-4.66,0.03,-0.02,6.47,5.36,0.00,0.00,0.00,0
8039,1,78.12,2.29,0.00,0.00,0.00,0.00,-10.10,-4.66,0.03,-0.02,6.47,5.36,0.00,0.00,0.00,0
8059,1,78.17,2.25,0.00,0.00,0.00,0.00,-10.10,-4.66,0.03,-0.02,6.47,5.36,0.00,0.00,0.00,0
8079,1,78.21,2.20,0.00,0.00,0.00,0.00,-10.10,-4.66,0.03,0.08,6.47,5.36,0.00,0.00,0.00,0
8099,1,78.27,2.32,0.00,0.00,0.00,0.00,-10.10,-4.66,0.01,0.08,6.47,5.36,0.00,0.00,0.00,0
8119,1,78.32,2.39,0.00,0.00,0.00,0.00,-10.10,-4.66,0.01,0.08,6.47,5.36,0.00,0.00,0.00,0
8140,1,78.38,2.43,0.00,0.00,0.00,0.00,-10.10,-4.66,0.01,0.08,6.47,5.37,0.00,0.00,0.00,0
8160,1,78.44,2.46,0.00,0.00,0.00,0.00,-10.10,-4.66,0.01,0.08,6.48,5.37,0.00,0.00,0.00,0
8179,1,78.48,2.40,0.00,0.00,0.00,0.00,-10.10,-4.66,0.01,0.08,6.48,5.37,0.00,0.00,0.00,0
8199,1,78.53,2.28,0.00,0.00,0.00,0.00,-10.10,-4.66,0.01,0.08,6.48,5.37,0.00,0.00,0.00,0
8219,1,78.57,2.16,0.00,0.00,0.00,0.00,-10.10,-4.66,0.01,0.08,6.48,5.37,0.00,0.00,0.00,0
8240,1,78.61,2.00,0.00,0.00,0.00,0.00,-10.10,-4.66,0.01,0.01,6.48,5.37,0.00,0.00,0.00,0
8259,1,78.64,1.86,0.00,0.00,0.00,0.00,-10.10,-4.66,-0.01,0.01,6.48,5.37,0.00,0.00,0.00,0
8279,1,78.68,1.80,0.00,0.00,0.00,0.00,-10.10,-4.66,-0.01,0.01,6.48,5.37,0.00,0.00,0.00,0
8299,1,78.71,1.76,0.00,0.00,0.00,0.00,-10.10,-4.66,-0.01,0.01,6.48,5.37,0.00,0.00,0.00,0
8319,1,78.75,1.80,0.00,0.00,0.00,0.00,-10.10,-4.66,-0.01,0.01,6.48,5.37,0.00,0.00,0.00,0
8340,1,78.79,1.83,0.00,0.00,0.00,0.00,-10.10,-4.66,-0.01,0.01,6.48,5.37,0.00,0.00,0.00,0
8359,1,78.83,1.93,0.00,0.00,0.00,0.00,-10.10,-4.66,-0.01,0.01,6.48,5.37,0.00,0.00,0.00,0
8379,1,78.88,2.04,0.00,0.00,0.00,0.00,-10.10,-4.66,-0.01,0.01,6.48,5.37,0.00,0.00,0.00,0
8399,1,78.93,2.14,0.00,0.00,0.00,0.00,-10.10,-4.66,-0.01,-0.02,6.48,5.37,0.00,0.00,0.00,0
8419,1,78.99,2.31,0.00,0.00,0.00,0.00,-10.10,-4.66,-0.02,-0.02,6.48,5.37,0.00,0.00,0.00,0
8439,1,79.04,2.39,0.00,0.00,0.00,0.00,-10.10,-4.66,-0.02,-0.02,6.48,5.38,0.00,0.00,0.00,0
8459,1,79.10,2.40,0.00,0.00,0.00,0.00,-10.10,-4.66,-0.02,-0.02,6.48,5.38,0.00,0.00,0.00,0
8479,1,79.15,2.31,0.00,0.00,0.00,0.00,-10.10,-4.66,-0.02,-0.02,6.48,5.38,0.00,0.00,0.00,0
8499,1,79.19,2.19,0.00,0.00,0.00,0.00,-10.10,-4.66,-0.02,-0.02,6.48,5.38,0.00,0.00,0.00,0
8519,1,79.23,2.11,0.00,0.00,0.00,0.00,-10.10,-4.66,-0.02,-0.02,6.48,5.38,0.00,0.00,0.00,0
8540,1,79.27,2.06,0.00,0.00,0.00,0.00,-10.10,-4.66,-0.02,-0.02,6.48,5.38,0.00,0.00,0.00,0
8559,1,79.31,1.99,0.00,0.00,0.00,0.00,-10.10,-4.66,-0.02,-0.05,6.48,5.38,0.00,0.00,0.00,0
8579,1,79.36,2.05,0.00,0.00,0.00,0.00,-10.10,-4.66,-0.00,-0.05,6.48,5.38,0.00,0.00,0.00,0
8599,1,79.41,2.06,0.00,0.00,0.00,0.00,-10.10,-4.66,-0.00,-0.05,6.49,5.38,0.00,0.00,0.00,0
8619,1,79.45,1.99,0.00,0.00,0.00,0.00,-10.10,-4.66,-0.00,-0.05,6.49,5.38,0.00,0.00,0.00,0
8640,1,79.49,1.95,0.00,0.00,0.00,0.00,-10.10,-4.66,-0.00,-0.05,6.49,5.38,0.00,0.00,0.00,0
8659,1,79.53,1.96,0.00,0.00,0.00,0.00,-10.10,-4.66,-0.00,-0.05,6.49,5.38,0.00,0.00,0.00,0
8679,1,79.58,2.05,0.00,0.00,0.00,0.00,-10.10,-4.66,-0.00,-0.05,6.49,5.38,0.00,0.00,0.00,0
8700,2,79.62,2.04,79.62,0.00,0.00,0.00,-10.10,-4.66,-0.00,-0.05,6.49,5.38,0.00,0.00,0.00,0
8721,2,79.66,2.04,79.62,-0.04,-0.25,0.00,-10.10,-4.66,0.03,0.01,6.49,5.38,-0.00,0.02,0.00,16
8739,2,79.71,2.04,79.62,-0.09,-0.34,0.00,-10.10,-4.66,-0.02,0.01,6.49,5.38,-0.00,-0.01,-0.00,16
8760,2,79.72,1.56,79.62,-0.10,-0.33,0.00,-10.10,-4.66,0.01,-0.05,6.49,5.39,-0.00,-0.02,-0.00,16
8780,2,79.68,0.52,79.61,-0.06,-0.17,0.00,-10.11,-4.67,-0.09,-0.18,6.49,5.39,-0.00,-0.13,-0.01,16
8800,2,79.64,-0.09,79.61,-0.03,-0.05,0.00,-10.11,-4.67,-0.24,-0.23,6.49,5.39,-0.01,-0.23,-0.01,16
8819,2,79.64,0.17,79.61,-0.04,-0.08,0.00,-10.12,-4.68,-0.19,-0.24,6.49,5.39,-0.02,-0.21,-0.01,16
8840,2,79.68,0.76,79.61,-0.08,-0.22,0.00,-10.12,-4.69,-0.05,-0.12,6.49,5.39,-0.02,-0.08,-0.00,16
8860,2,79.75,1.37,79.61,-0.13,-0.38,0.00,-10.12,-4.69,-0.12,-0.04,6.49,5.39,-0.02,-0.08,-0.00,16
8880,2,79.80,1.48,79.61,-0.18,-0.49,0.00,-10.13,-4.69,-0.09,-0.07,6.49,5.39,-0.03,-0.08,-0.00,16
8900,2,79.80,0.94,79.61,-0.19,-0.46,0.00,-10.13,-4.69,-0.08,-0.17,6.49,5.39,-0.03,-0.12,-0.01,16
8920,2,79.79,0.39,79.61,-0.18,-0.39,0.00,-10.13,-4.70,-0.13,-0.23,6.49,5.39,-0.04,-0.18,-0.01,16
8939,2,79.77,-0.16,79.61,-0.16,-0.31,0.00,-10.14,-4.71,-0.24,-0.10,6.49,5.39,-0.04,-0.17,-0.01,16
8960,2,79.70,-1.02,79.60,-0.09,-0.10,0.00,-10.15,-4.71,-0.38,-0.22,6.49,5.39,-0.05,-0.30,-0.01,16
8980,2,79.65,-1.11,79.60,-0.05,-0.01,0.00,-10.16,-4.72,-0.28,-0.32,6.49,5.39,-0.06,-0.30,-0.01,16
9000,2,79.70,0.18,79.61,-0.10,-0.21,0.00,-10.17,-4.73,-0.15,-0.23,6.49,5.39,-0.07,-0.19,-0.01,16
9020,2,79.81,1.57,79.61,-0.20,-0.53,0.00,-10.17,-4.73,0.01,-0.08,6.49,5.39,-0.07,-0.04,-0.00,16
9041,2,79.89,1.94,79.61,-0.27,-0.70,0.00,-10.17,-4.73,-0.09,-0.11,6.49,5.39,-0.07,-0.10,-0.00,16
9059,2,79.90,1.32,79.61,-0.29,-0.69,0.00,-10.18,-4.74,-0.15,-0.20,6.49,5.39,-0.07,-0.18,-0.01,16
9079,2,79.85,-0.02,79.60,-0.24,-0.49,0.00,-10.18,-4.75,-0.27,-0.28,6.49,5.39,-0.08,-0.28,-0.01,16
9100,2,79.68,-2.21,79.59,-0.08,0.02,0.00,-10.19,-4.76,-0.52,-0.39,6.49,5.39,-0.09,-0.45,-0.02,16
9120,2,79.58,-2.44,79.59,0.01,0.21,0.00,-10.21,-4.77,-0.60,-0.58,6.49,5.39,-0.11,-0.59,-0.03,16
9140,2,79.74,0.70,79.61,-0.15,-0.36,0.00,-10.22,-4.79,0.01,-0.15,6.49,5.39,-0.12,-0.07,-0.00,48
9161,2,79.90,2.42,79.61,-0.29,-0.77,0.00,-10.22,-4.79,0.00,-0.02,6.49,5.39,-0.12,-0.01,-0.00,48
9179,2,79.98,2.05,79.61,-0.37,-0.90,0.00,-10.22,-4.79,-0.10,-0.01,6.49,5.39,-0.12,-0.05,-0.00,48
9199,2,79.91,-0.60,80.01,-0.30,-0.55,0.00,-10.22,-4.79,-0.39,-0.03,6.43,5.30,-0.13,-0.21,-0.01,48
9220,2,79.60,-5.74,80.69,0.41,1.29,0.00,-10.24,-4.80,-0.76,-0.28,6.30,5.18,-0.14,-0.52,-0.02,32
9241,2,79.41,-7.70,81.66,1.28,3.18,0.00,-10.26,-4.81,-0.50,-0.48,6.13,5.01,-0.15,-0.49,-0.02,32
9259,2,79.48,-5.29,82.74,2.18,4.79,0.00,-10.26,-4.82,0.23,0.20,5.94,4.82,-0.16,0.22,0.01,32
9279,2,79.84,1.01,83.88,2.89,5.71,0.00,-10.24,-4.81,0.92,1.03,5.74,4.62,-0.14,0.98,0.03,32
9300,2,80.75,12.59,84.88,3.14,5.26,0.00,-10.19,-4.75,2.28,2.35,5.57,4.45,-0.09,2.31,0.07,224
9319,2,81.83,23.78,86.02,3.05,4.19,0.00,-10.09,-4.66,3.61,3.72,5.37,4.26,0.01,3.67,0.11,224
9340,2,82.97,32.56,87.16,3.05,3.49,0.00,-9.97,-4.54,4.21,4.13,5.17,4.06,0.13,4.17,0.13,224
9360,2,83.96,38.33,88.23,3.20,3.33,0.00,-9.85,-4.42,3.90,3.93,4.97,3.87,0.25,3.92,0.12,224
9380,2,84.72,40.30,89.26,3.51,3.79,0.00,-9.74,-4.31,3.48,3.34,4.77,3.69,0.36,3.41,0.11,224
9400,2,85.42,39.09,90.05,3.84,4.55,0.00,-9.64,-4.22,2.67,2.27,4.57,3.60,0.45,2.47,0.08,224
9420,2,86.32,40.80,90.71,3.73,4.19,0.00,-9.58,-4.15,2.00,2.61,4.38,3.56,0.52,2.31,0.09,224
9440,2,87.45,42.98,91.37,3.26,3.08,0.00,-9.50,-4.06,2.85,3.23,4.18,3.54,0.60,3.04,0.13,224
9459,2,88.44,44.75,91.77,2.93,2.27,0.00,-9.40,-3.96,3.79,3.33,4.06,3.53,0.70,3.56,0.16,224
9480,2,89.23,42.99,91.98,2.55,1.65,0.00,-9.29,-3.86,3.51,3.38,4.00,3.52,0.81,3.44,0.18,224
9500,2,89.47,34.51,92.05,2.50,2.25,0.00,-9.20,-3.77,2.41,2.59,3.97,3.52,0.90,2.50,0.16,224
9520,2,89.43,24.37,92.07,2.62,3.30,0.00,-9.15,-3.71,1.21,1.38,3.95,3.51,0.95,1.29,0.12,224
9540,2,89.38,17.25,92.08,2.69,3.99,0.00,-9.12,-3.68,1.04,0.79,3.95,3.51,0.99,0.92,0.11,224
9560,2,89.73,18.05,92.13,2.35,3.26,0.00,-9.07,-3.64,1.82,1.51,3.94,3.51,1.03,1.67,0.15,224
9579,2,90.42,23.44,92.20,1.71,1.54,0.00,-9.01,-3.58,2.53,2.47,3.94,3.51,1.09,2.50,0.21,224
9600,2,91.14,27.73,92.24,1.05,-0.11,0.00,-8.93,-3.49,2.61,2.79,3.94,3.51,1.17,2.70,0.25,224
9620,2,91.57,26.53,92.26,0.67,-0.78,0.00,-8.85,-3.41,2.23,2.47,3.94,3.51,1.25,2.35,0.26,224
9640,2,91.53,19.06,92.20,0.72,-0.08,0.00,-8.81,-3.37,0.71,0.60,3.94,3.51,1.29,0.65,0.20,224
9660,2,91.36,11.90,92.15,0.83,0.72,0.00,-8.80,-3.37,-0.17,-0.21,3.94,3.51,1.30,-0.19,0.16,224
9681,2,91.32,8.60,92.16,0.83,0.97,0.00,-8.81,-3.37,-0.07,-0.08,3.94,3.51,1.29,-0.07,0.16,224
9699,2,91.45,8.78,92.17,0.71,0.71,0.00,-8.81,-3.37,0.11,0.14,3.94,3.51,1.29,0.13,0.18,224
9719,2,91.76,11.34,92.20,0.42,-0.07,0.00,-8.80,-3.36,0.51,0.36,3.94,3.51,1.30,0.44,0.20,224
9740,2,92.30,16.53,92.22,-0.10,-1.52,0.00,-8.79,-3.35,0.48,0.68,3.94,3.51,1.32,0.58,0.22,224
9760,2,92.66,17.81,92.21,-0.44,-2.31,0.00,-8.77,-3.33,0.59,0.53,3.94,3.51,1.34,0.56,0.22,224
9780,2,92.84,16.09,92.17,-0.62,-2.54,0.00,-8.76,-3.33,-0.21,-0.31,3.94,3.51,1.34,-0.26,0.18,224
9800,2,92.90,13.07,92.15,-0.73,-2.50,0.00,-8.78,-3.34,-0.83,-0.73,3.94,3.51,1.32,-0.78,0.15,224
9820,2,92.85,9.45,92.12,-0.70,-2.16,0.00,-8.81,-3.38,-1.38,-1.25,3.94,3.51,1.29,-1.32,0.12,224
9839,2,92.86,7.71,92.10,-0.74,-2.10,0.00,-8.86,-3.42,-1.62,-1.60,3.94,3.51,1.24,-1.61,0.11,224
9860,2,93.08,9.48,92.10,-0.97,-2.71,0.00,-8.91,-3.47,-1.59,-1.60,3.94,3.51,1.19,-1.59,0.10,224
9880,2,93.44,12.89,92.09,-1.34,-3.71,0.00,-8.96,-3.52,-1.46,-1.45,3.94,3.51,1.14,-1.45,0.09,224
9900,2,93.84,15.93,92.09,-1.75,-4.77,0.00,-9.00,-3.56,-1.46,-1.38,3.94,3.51,1.10,-1.42,0.09,224
9920,2,94.15,16.83,92.06,-2.06,-5.47,0.00,-9.04,-3.61,-1.79,-1.76,3.94,3.51,1.06,-1.77,0.07,224
9940,2,94.29,15.07,92.03,-2.23,-5.66,0.00,-9.11,-3.67,-2.41,-2.35,3.94,3.51,0.99,-2.38,0.04,32
9959,2,94.34,12.43,92.00,-2.30,-5.60,0.00,-9.19,-3.75,-3.07,-3.13,3.94,3.51,0.91,-3.10,0.00,32
9980,2,94.38,10.61,91.98,-2.38,-5.62,0.00,-9.30,-3.86,-3.46,-3.53,3.94,3.51,0.81,-3.49,-0.02,32
10000,2,94.51,10.45,91.96,-2.53,-5.90,0.00,-9.41,-3.97,-3.73,-3.59,3.94,3.51,0.70,-3.66,-0.04,32
10020,2,94.83,13.18,91.95,-2.87,-6.80,0.00,-9.52,-4.08,-3.65,-3.74,3.94,3.51,0.59,-3.70,-0.05,32
10040,2,95.25,16.53,91.95,-3.30,-7.93,0.00,-9.63,-4.19,-3.50,-3.63,3.94,3.51,0.47,-3.56,-0.05,32
10060,2,95.64,18.45,91.94,-3.69,-8.86,0.00,-9.74,-4.30,-3.89,-3.83,3.94,3.51,0.36,-3.86,-0.06,224
10080,2,95.92,18.24,91.92,-3.98,-9.42,0.00,-9.87,-4.43,-4.51,-4.42,3.94,3.51,0.24,-4.47,-0.08,224
10099,2,96.09,16.66,91.90,-4.17,-9.67,0.00,-10.01,-4.57,-5.17,-5.17,3.94,3.51,0.09,-5.17,-0.10,224
10120,2,96.22,15.04,91.89,-4.32,-9.83,0.00,-10.18,-4.74,-5.77,-5.75,3.94,3.51,-0.08,-5.76,-0.11,224
10140,2,96.41,14.82,91.89,-4.52,-10.22,0.00,-10.36,-4.92,-6.20,-6.17,3.94,3.51,-0.26,-6.19,-0.12,224
10160,2,96.70,16.11,91.88,-4.82,-10.92,0.00,-10.55,-5.11,-6.27,-6.26,3.94,3.51,-0.45,-6.27,-0.12,224
10180,2,97.13,19.11,91.88,-5.25,-12.03,0.00,-10.74,-5.30,-6.42,-6.51,3.94,3.51,-0.64,-6.47,-0.12,224
10199,2,97.61,21.91,91.89,-5.73,-13.21,0.00,-10.94,-5.50,-6.60,-6.59,3.94,3.51,-0.84,-6.59,-0.11,224
10219,2,98.06,23.42,91.90,-6.17,-14.21,0.00,-11.15,-5.71,-7.35,-7.19,3.94,3.51,-1.05,-7.27,-0.10,224
10240,2,98.44,23.62,91.91,-6.54,-14.97,0.00,-11.38,-5.94,-7.81,-7.90,3.94,3.51,-1.28,-7.86,-0.09,224
10260,2,98.64,17.65,91.91,-6.73,-14.88,0.00,-11.63,-6.19,-8.66,-8.77,3.94,3.51,-1.53,-8.72,-0.09,224
10280,2,98.34,1.96,91.87,-6.43,-13.02,0.00,-11.91,-6.47,-9.61,-9.36,3.94,3.51,-1.80,-9.48,-0.13,224
10300,2,97.26,-19.04,91.81,-5.39,-9.25,0.00,-12.20,-6.76,-9.94,-9.88,3.94,3.51,-2.10,-9.91,-0.19,224
10320,2,96.12,-32.66,91.75,-4.32,-6.02,0.00,-12.50,-7.05,-9.32,-9.31,3.94,3.51,-2.39,-9.31,-0.25,224
10340,2,95.32,-37.49,91.69,-3.58,-4.15,0.00,-12.77,-7.31,-8.05,-8.15,3.94,3.51,-2.66,-8.10,-0.31,224
10359,2,94.99,-35.20,91.63,-3.31,-3.80,0.00,-12.98,-7.53,-6.00,-6.15,3.94,3.51,-2.87,-6.08,-0.37,224
10380,2,95.08,-28.83,91.66,-3.45,-4.60,0.00,-13.13,-7.68,-4.26,-4.19,3.94,3.51,-3.02,-4.22,-0.34,224
10400,2,95.02,-25.74,91.67,-3.37,-4.67,0.00,-13.23,-7.79,-3.00,-3.03,3.94,3.51,-3.13,-3.02,-0.32,224
10420,2,94.55,-27.60,91.64,-2.87,-3.54,0.00,-13.31,-7.87,-2.58,-2.60,3.94,3.51,-3.21,-2.59,-0.35,224
10440,2,93.62,-33.80,91.58,-1.97,-1.24,0.00,-13.40,-7.95,-3.13,-2.97,3.94,3.51,-3.29,-3.05,-0.41,224
10460,2,92.53,-39.34,91.53,-0.95,1.26,0.00,-13.51,-8.05,-3.64,-3.47,3.94,3.51,-3.40,-3.55,-0.47,224
10479,2,91.88,-37.35,91.47,-0.36,2.27,0.00,-13.60,-8.15,-2.74,-3.09,3.94,3.51,-3.50,-2.91,-0.53,224
10500,2,92.48,-21.93,91.53,-1.02,-0.28,0.00,-13.65,-8.21,-0.49,-0.69,3.94,3.51,-3.55,-0.59,-0.47,224
10520,2,92.90,-13.19,91.59,-1.38,-1.70,0.00,-13.64,-8.20,0.84,0.90,3.94,3.51,-3.54,0.87,-0.41,224
10540,2,92.69,-13.43,91.59,-1.10,-1.13,0.00,-13.62,-8.17,0.59,0.72,3.94,3.51,-3.51,0.66,-0.41,224
10560,2,92.01,-18.64,91.53,-0.42,0.65,0.00,-13.62,-8.17,-0.39,-0.32,3.94,3.51,-3.51,-0.35,-0.47,224
10580,2,91.30,-22.74,91.47,0.23,2.27,0.00,-13.64,-8.19,-0.73,-1.04,3.94,3.51,-3.53,-0.88,-0.53,224
10599,2,91.01,-19.69,91.45,0.46,2.49,0.00,-13.66,-8.22,-0.82,-1.05,3.94,3.51,-3.56,-0.94,-0.55,224
10620,2,91.21,-10.27,91.49,0.24,1.29,0.00,-13.67,-8.23,0.44,0.46,3.94,3.51,-3.56,0.45,-0.51,224
10640,2,91.55,-2.06,91.52,-0.06,0.05,0.00,-13.64,-8.20,1.20,1.41,3.94,3.51,-3.54,1.31,-0.48,240
10660,2,91.93,3.57,91.54,-0.41,-1.11,0.00,-13.60,-8.15,1.36,1.49,3.94,3.51,-3.50,1.42,-0.46,224
10680,2,91.92,2.29,91.51,-0.38,-0.94,0.00,-13.57,-8.12,0.87,0.87,3.94,3.51,-3.46,0.87,-0.49,240
10700,2,91.50,-3.35,91.45,0.01,0.29,0.00,-13.55,-8.11,-0.11,-0.17,3.94,3.51,-3.45,-0.14,-0.55,240
10720,2,91.07,-7.60,91.42,0.38,1.37,0.00,-13.57,-8.13,-0.62,-0.69,3.94,3.51,-3.46,-0.66,-0.58,224
10739,2,91.02,-5.36,91.42,0.41,1.25,0.00,-13.59,-8.15,-0.64,-0.42,3.94,3.51,-3.48,-0.53,-0.58,224
10760,2,91.25,-0.25,91.44,0.17,0.37,0.00,-13.59,-8.14,0.34,0.33,3.94,3.51,-3.48,0.33,-0.56,240
10780,2,91.58,4.29,91.45,-0.14,-0.62,0.00,-13.57,-8.13,0.58,0.71,3.94,3.51,-3.47,0.65,-0.55,224
10800,2,91.80,5.79,91.47,-0.36,-1.17,0.00,-13.55,-8.10,0.88,0.72,3.94,3.51,-3.44,0.80,-0.53,224
10820,2,91.62,1.88,91.41,-0.16,-0.46,0.00,-13.54,-8.09,-0.02,0.06,3.94,3.51,-3.43,0.02,-0.59,240
10840,2,91.42,-1.09,91.37,-0.01,0.06,0.00,-13.54,-8.10,-0.34,-0.49,3.94,3.51,-3.44,-0.42,-0.63,240
10859,2,91.28,-2.52,91.37,0.09,0.38,0.00,-13.55,-8.11,-0.27,-0.16,3.94,3.51,-3.45,-0.22,-0.63,240
10880,2,91.15,-3.29,91.37,0.23,0.72,0.00,-13.56,-8.12,-0.45,-0.26,3.94,3.51,-3.46,-0.35,-0.63,240
10900,2,91.20,-1.39,91.37,0.16,0.44,0.00,-13.57,-8.12,-0.16,0.01,3.94,3.51,-3.47,-0.08,-0.63,240
10920,2,91.37,1.12,91.37,-0.00,-0.10,0.00,-13.57,-8.12,0.36,0.22,3.94,3.51,-3.46,0.29,-0.63,240
10940,2,91.51,2.33,91.38,-0.14,-0.48,0.00,-13.56,-8.11,0.52,0.37,3.94,3.51,-3.45,0.45,-0.62,240
10960,2,91.47,1.11,91.35,-0.09,-0.27,0.00,-13.55,-8.11,0.05,0.08,3.94,3.51,-3.44,0.06,-0.65,240
10980,2,91.37,-0.25,91.33,-0.02,-0.02,0.00,-13.55,-8.11,-0.13,-0.04,3.94,3.51,-3.44,-0.08,-0.67,240
10999,2,91.26,-1.20,91.32,0.07,0.24,0.00,-13.55,-8.11,-0.14,-0.14,3.94,3.51,-3.45,-0.14,-0.68,240
11020,2,91.22,-1.03,91.32,0.10,0.28,0.00,-13.56,-8.11,-0.21,-0.07,3.94,3.51,-3.45,-0.14,-0.68,240
11040,2,91.23,-0.40,91.31,0.08,0.20,0.00,-13.56,-8.11,-0.08,-0.03,3.94,3.51,-3.45,-0.05,-0.69,240
11060,2,91.28,0.46,91.31,0.03,0.03,0.00,-13.56,-8.11,0.06,0.08,3.94,3.51,-3.45,0.07,-0.69,240
11080,2,91.33,1.10,91.30,-0.03,-0.14,0.00,-13.55,-8.11,0.17,0.12,3.94,3.51,-3.45,0.14,-0.70,240
11100,2,91.35,1.16,91.29,-0.05,-0.19,0.00,-13.55,-8.11,0.18,0.03,3.94,3.51,-3.45,0.11,-0.71,240
11119,2,91.35,0.96,91.28,-0.05,-0.18,0.00,-13.55,-8.11,0.02,-0.01,3.94,3.51,-3.44,0.00,-0.72,240
11140,2,91.33,0.73,91.27,-0.05,-0.16,0.00,-13.55,-8.11,0.01,-0.03,3.94,3.51,-3.45,-0.01,-0.73,240
11160,2,91.31,0.39,91.26,-0.04,-0.10,0.00,-13.55,-8.11,-0.04,-0.10,3.94,3.51,-3.45,-0.07,-0.74,240
11180,2,91.28,-0.06,91.25,-0.02,-0.03,0.00,-13.55,-8.11,-0.14,-0.09,3.94,3.51,-3.45,-0.12,-0.75,240
11200,2,91.25,-0.40,91.24,-0.00,0.03,0.00,-13.56,-8.11,-0.15,-0.02,3.94,3.51,-3.45,-0.09,-0.76,240
11220,2,91.23,-0.68,91.23,0.01,0.08,0.00,-13.56,-8.11,-0.11,-0.13,3.94,3.51,-3.46,-0.12,-0.77,240
11239,2,91.20,-0.87,91.23,0.03,0.13,0.00,-13.56,-8.12,-0.01,-0.07,3.94,3.51,-3.46,-0.04,-0.77,240
11260,2,91.17,-1.04,91.23,0.06,0.21,0.00,-13.56,-8.12,-0.00,-0.02,3.94,3.51,-3.46,-0.01,-0.77,240
11280,2,91.14,-0.91,91.22,0.08,0.24,0.00,-13.56,-8.12,0.04,0.06,3.94,3.51,-3.46,0.05,-0.78,240
11300,2,91.15,-0.34,91.22,0.07,0.17,0.00,-13.56,-8.11,0.08,0.10,3.94,3.51,-3.46,0.09,-0.78,240
11320,2,91.17,0.20,91.21,0.04,0.07,0.00,-13.56,-8.11,0.11,0.08,3.94,3.51,-3.45,0.10,-0.79,240
11340,2,91.18,0.29,91.20,0.03,0.03,0.00,-13.55,-8.11,0.16,0.09,3.94,3.51,-3.45,0.13,-0.80,240
11360,2,91.16,0.05,91.19,0.04,0.07,0.00,-13.55,-8.11,0.09,0.06,3.94,3.51,-3.45,0.07,-0.81,240
11379,2,91.14,-0.15,91.18,0.05,0.12,0.00,-13.55,-8.11,0.05,0.06,3.94,3.51,-3.44,0.05,-0.82,240
11400,2,91.11,-0.24,91.18,0.07,0.16,0.00,-13.55,-8.10,-0.01,0.10,3.94,3.51,-3.44,0.05,-0.82,240
11420,2,91.11,0.05,91.17,0.07,0.13,0.00,-13.55,-8.10,0.06,0.10,3.94,3.51,-3.44,0.08,-0.83,240
11440,2,91.13,0.45,91.16,0.04,0.05,0.00,-13.54,-8.10,0.07,0.11,3.94,3.51,-3.44,0.09,-0.84,240
11460,2,91.15,0.73,91.15,0.01,-0.04,0.00,-13.54,-8.10,0.08,0.14,3.94,3.51,-3.44,0.11,-0.85,240
11480,2,91.17,0.76,91.15,-0.01,-0.08,0.00,-13.54,-8.09,0.06,0.15,3.94,3.51,-3.43,0.10,-0.85,240
11499,2,91.15,0.50,91.13,-0.01,-0.05,0.00,-13.54,-8.09,0.10,-0.02,3.94,3.51,-3.43,0.04,-0.87,240
11520,2,91.14,0.37,91.12,-0.01,-0.05,0.00,-13.54,-8.09,-0.04,-0.04,3.94,3.51,-3.43,-0.04,-0.88,240
11540,2,91.13,0.23,91.12,-0.01,-0.03,0.00,-13.54,-8.09,0.03,-0.02,3.94,3.51,-3.43,0.00,-0.88,240
11560,2,91.11,0.10,91.11,0.00,-0.00,0.00,-13.54,-8.09,-0.02,-0.06,3.94,3.51,-3.43,-0.04,-0.89,240
11580,2,91.10,0.05,91.10,0.01,0.01,0.00,-13.54,-8.09,-0.02,-0.06,3.94,3.51,-3.43,-0.04,-0.90,240
11600,2,91.11,0.18,91.09,-0.01,-0.03,0.00,-13.54,-8.10,-0.08,-0.04,3.94,3.51,-3.44,-0.06,-0.91,240
11620,2,91.12,0.41,91.09,-0.03,-0.10,0.00,-13.54,-8.10,-0.02,0.01,3.94,3.51,-3.44,-0.01,-0.91,240
11639,2,91.13,0.35,91.08,-0.04,-0.11,0.00,-13.54,-8.10,0.01,0.01,3.94,3.51,-3.44,0.01,-0.92,240
11660,2,91.11,0.02,91.07,-0.03,-0.07,0.00,-13.54,-8.10,-0.04,-0.04,3.94,3.51,-3.44,-0.04,-0.93,240
11680,2,91.08,-0.41,91.06,-0.01,0.01,0.00,-13.54,-8.10,-0.03,-0.06,3.94,3.51,-3.44,-0.05,-0.94,240
11700,2,91.05,-0.69,91.05,0.01,0.07,0.00,-13.54,-8.10,-0.03,-0.11,3.94,3.51,-3.44,-0.07,-0.95,240
11720,2,91.03,-0.73,91.05,0.02,0.09,0.00,-13.54,-8.10,-0.02,0.06,3.94,3.51,-3.44,0.02,-0.95,240
11740,2,91.01,-0.71,91.04,0.03,0.13,0.00,-13.55,-8.10,-0.02,-0.02,3.94,3.51,-3.44,-0.02,-0.96,240
11758,2,91.00,-0.57,91.03,0.04,0.12,0.00,-13.55,-8.10,0.02,0.01,3.94,3.51,-3.44,0.02,-0.96,240
11781,2,91.00,-0.26,91.03,0.03,0.08,0.00,-13.55,-8.10,0.03,0.03,3.94,3.51,-3.44,0.03,-0.97,240
11799,2,91.02,0.12,91.02,0.01,0.01,0.00,-13.54,-8.10,0.02,0.05,3.94,3.51,-3.44,0.04,-0.98,240
11820,2,91.04,0.45,91.01,-0.02,-0.08,0.00,-13.54,-8.10,0.06,0.13,3.94,3.51,-3.44,0.09,-0.99,240
11840,2,91.05,0.52,91.00,-0.03,-0.11,0.00,-13.54,-8.09,-0.02,0.05,3.94,3.51,-3.44,0.02,-1.00,240
11860,2,91.04,0.28,91.00,-0.03,-0.09,0.00,-13.54,-8.09,0.03,-0.04,3.94,3.51,-3.44,-0.01,-1.00,240
11879,2,91.02,-0.05,90.99,-0.02,-0.04,0.00,-13.54,-8.09,0.01,0.01,3.94,3.51,-3.44,0.01,-1.01,240
11900,2,90.98,-0.43,90.97,0.00,0.04,0.00,-13.54,-8.10,-0.02,-0.10,3.94,3.51,-3.44,-0.06,-1.03,240
11920,2,90.95,-0.68,90.97,0.02,0.09,0.00,-13.54,-8.10,-0.04,-0.11,3.94,3.51,-3.44,-0.07,-1.03,240
11940,2,90.94,-0.61,90.96,0.03,0.10,0.00,-13.54,-8.10,-0.01,-0.01,3.94,3.51,-3.44,-0.01,-1.04,240
11960,2,90.93,-0.45,90.96,0.03,0.10,0.00,-13.54,-8.10,0.01,0.01,3.94,3.51,-3.44,0.01,-1.04,240
11980,2,90.94,-0.16,90.95,0.02,0.05,0.00,-13.54,-8.10,0.01,0.06,3.94,3.51,-3.44,0.04,-1.05,240
12000,2,90.96,0.13,90.94,-0.01,-0.03,0.00,-13.54,-8.10,0.10,0.07,3.94,3.51,-3.44,0.09,-1.06,240
12019,2,90.97,0.27,90.94,-0.02,-0.07,0.00,-13.54,-8.10,0.07,0.09,3.94,3.51,-3.44,0.08,-1.06,240
12040,2,90.96,0.15,90.93,-0.02,-0.06,0.00,-13.54,-8.09,0.02,0.04,3.94,3.51,-3.43,0.03,-1.07,240
12060,2,90.95,-0.06,90.92,-0.02,-0.04,0.00,-13.54,-8.09,-0.00,-0.00,3.94,3.51,-3.43,-0.00,-1.08,240
12080,2,90.93,-0.28,90.91,-0.01,0.00,0.00,-13.54,-8.09,-0.01,-0.04,3.94,3.51,-3.43,-0.03,-1.09,240
12100,2,90.90,-0.50,90.90,0.00,0.05,0.00,-13.54,-8.10,-0.03,-0.08,3.94,3.51,-3.44,-0.05,-1.10,240
12120,2,90.88,-0.56,90.89,0.01,0.07,0.00,-13.54,-8.10,-0.02,-0.06,3.94,3.51,-3.44,-0.04,-1.11,240
12139,2,90.88,-0.41,90.89,0.01,0.05,0.00,-13.54,-8.10,0.04,0.00,3.94,3.51,-3.44,0.02,-1.11,240
12160,2,90.89,-0.24,90.87,0.00,0.02,0.00,-13.54,-8.10,-0.01,0.00,3.94,3.51,-3.44,-0.00,-1.12,240
12180,2,90.89,-0.08,90.87,-0.02,-0.03,0.00,-13.54,-8.10,0.04,-0.01,3.94,3.51,-3.44,0.02,-1.13,240
12200,2,90.89,-0.03,90.86,-0.02,-0.04,0.00,-13.54,-8.10,0.01,0.04,3.94,3.51,-3.44,0.02,-1.14,240
12220,2,90.88,-0.19,90.86,-0.02,-0.02,0.00,-13.54,-8.09,0.00,0.06,3.94,3.51,-3.44,0.03,-1.14,240
12240,2,90.86,-0.38,90.84,-0.01,0.02,0.00,-13.54,-8.09,0.00,-0.03,3.94,3.51,-3.44,-0.02,-1.16,240
12259,2,90.84,-0.54,90.84,0.00,0.05,0.00,-13.54,-8.10,0.02,0.01,3.94,3.51,-3.44,0.01,-1.16,240
12279,2,90.82,-0.64,90.83,0.02,0.08,0.00,-13.54,-8.10,-0.01,0.01,3.94,3.51,-3.44,-0.00,-1.17,240
12300,2,90.80,-0.73,90.82,0.03,0.11,0.00,-13.54,-8.10,-0.01,-0.02,3.94,3.51,-3.44,-0.01,-1.18,240
12320,2,90.78,-0.82,90.82,0.04,0.15,0.00,-13.54,-8.10,0.04,0.02,3.94,3.51,-3.44,0.03,-1.18,240
12340,2,90.77,-0.68,90.81,0.05,0.15,0.00,-13.54,-8.10,-0.02,0.06,3.94,3.51,-3.44,0.02,-1.19,240
12360,2,90.79,-0.28,90.81,0.03,0.08,0.00,-13.54,-8.09,0.06,0.13,3.94,3.51,-3.43,0.10,-1.19,240
12380,2,90.81,0.14,90.80,-0.00,-0.01,0.00,-13.54,-8.09,0.13,0.16,3.94,3.51,-3.43,0.15,-1.20,240
12399,2,90.80,0.01,90.79,-0.00,-0.01,0.00,-13.53,-8.09,0.11,0.13,3.94,3.51,-3.43,0.12,-1.21,240
12420,2,90.77,-0.37,90.78,0.02,0.07,0.00,-13.53,-8.08,0.02,0.04,3.94,3.51,-3.43,0.03,-1.22,240
12440,2,90.74,-0.58,90.77,0.04,0.13,0.00,-13.53,-8.08,0.01,-0.00,3.94,3.51,-3.43,0.00,-1.22,240
12460,2,90.72,-0.62,90.77,0.05,0.16,0.00,-13.53,-8.08,-0.01,0.02,3.94,3.51,-3.43,0.00,-1.23,240
12480,2,90.72,-0.38,90.76,0.05,0.13,0.00,-13.53,-8.08,0.05,0.02,3.94,3.51,-3.42,0.04,-1.24,240
12500,2,90.74,0.08,90.75,0.02,0.04,0.00,-13.53,-8.08,0.05,0.11,3.94,3.51,-3.42,0.08,-1.25,240
12519,2,90.77,0.39,90.75,-0.01,-0.06,0.00,-13.52,-8.08,0.10,0.11,3.94,3.51,-3.42,0.11,-1.25,240
12540,2,90.77,0.24,90.74,-0.02,-0.06,0.00,-13.52,-8.08,0.09,0.09,3.94,3.51,-3.42,0.09,-1.26,240
12560,2,90.75,-0.11,90.73,-0.01,-0.00,0.00,-13.52,-8.07,0.08,0.03,3.94,3.51,-3.41,0.05,-1.27,240
12580,2,90.72,-0.34,90.72,0.01,0.05,0.00,-13.52,-8.07,-0.03,0.00,3.94,3.51,-3.42,-0.01,-1.28,240
12600,2,90.70,-0.42,90.71,0.02,0.07,0.00,-13.52,-8.07,-0.04,-0.03,3.94,3.51,-3.42,-0.03,-1.29,240
12620,2,90.69,-0.37,90.70,0.02,0.07,0.00,-13.52,-8.08,-0.01,-0.00,3.94,3.51,-3.42,-0.00,-1.30,240
12640,2,90.69,-0.35,90.70,0.02,0.06,0.00,-13.52,-8.08,-0.01,-0.03,3.94,3.51,-3.42,-0.02,-1.30,240
12659,2,90.69,-0.26,90.69,0.01,0.04,0.00,-13.52,-8.08,0.03,-0.03,3.94,3.51,-3.42,-0.00,-1.31,240
12680,2,90.69,-0.13,90.68,-0.00,0.01,0.00,-13.52,-8.08,0.02,-0.01,3.94,3.51,-3.42,0.00,-1.32,240
12700,2,90.70,0.06,90.67,-0.02,-0.05,0.00,-13.52,-8.07,-0.01,0.06,3.94,3.51,-3.42,0.02,-1.33,240
12720,2,90.70,0.04,90.67,-0.02,-0.05,0.00,-13.52,-8.07,0.07,0.04,3.94,3.51,-3.41,0.05,-1.33,240
12740,2,90.68,-0.23,90.66,-0.01,-0.01,0.00,-13.52,-8.07,0.01,0.01,3.94,3.51,-3.41,0.01,-1.34,240
12760,2,90.66,-0.52,90.65,0.00,0.04,0.00,-13.52,-8.07,-0.03,-0.01,3.94,3.51,-3.41,-0.02,-1.35,240
12779,2,90.63,-0.75,90.64,0.02,0.10,0.00,-13.52,-8.07,-0.04,0.01,3.94,3.51,-3.41,-0.02,-1.36,240
12800,2,90.60,-0.83,90.64,0.04,0.14,0.00,-13.52,-8.07,-0.06,0.02,3.94,3.51,-3.41,-0.02,-1.36,240
12820,2,90.59,-0.78,90.63,0.04,0.15,0.00,-13.52,-8.07,-0.01,0.03,3.94,3.51,-3.41,0.01,-1.37,240
12840,2,90.60,-0.49,90.62,0.04,0.11,0.00,-13.52,-8.07,-0.06,0.03,3.94,3.51,-3.41,-0.01,-1.38,240
12860,2,90.63,0.14,90.61,-0.01,-0.03,0.00,-13.52,-8.07,0.09,0.08,3.94,3.51,-3.41,0.09,-1.39,240
12880,2,90.65,0.34,90.61,-0.03,-0.09,0.00,-13.51,-8.07,0.10,0.14,3.94,3.51,-3.41,0.12,-1.39,240
12900,2,90.63,0.10,90.60,-0.02,-0.05,0.00,-13.51,-8.07,0.05,-0.02,3.94,3.51,-3.41,0.01,-1.40,240
12919,2,90.62,-0.03,90.59,-0.02,-0.04,0.00,-13.51,-8.07,-0.02,0.08,3.94,3.51,-3.41,0.03,-1.41,240
12940,2,90.61,0.04,90.58,-0.02,-0.05,0.00,-13.51,-8.07,-0.02,-0.03,3.94,3.51,-3.41,-0.02,-1.42,240
12960,2,90.61,0.08,90.58,-0.03,-0.07,0.00,-13.51,-8.07,-0.00,-0.02,3.94,3.51,-3.41,-0.01,-1.42,240
12980,2,90.61,0.09,90.57,-0.04,-0.08,0.00,-13.51,-8.07,-0.09,-0.02,3.94,3.51,-3.41,-0.06,-1.43,240
13000,2,90.62,0.12,90.56,-0.05,-0.11,0.00,-13.51,-8.07,-0.06,-0.03,3.94,3.51,-3.41,-0.05,-1.44,240
13020,2,90.62,0.10,90.56,-0.05,-0.11,0.00,-13.52,-8.07,-0.01,-0.08,3.94,3.51,-3.41,-0.05,-1.44,240
13039,2,90.60,-0.15,90.55,-0.05,-0.08,0.00,-13.52,-8.07,-0.01,-0.09,3.94,3.51,-3.41,-0.05,-1.45,240
13060,2,90.59,-0.33,90.53,-0.04,-0.06,0.00,-13.52,-8.07,-0.13,-0.12,3.94,3.51,-3.42,-0.12,-1.47,240
13081,2,90.58,-0.43,90.53,-0.04,-0.06,0.00,-13.52,-8.08,-0.08,-0.05,3.94,3.51,-3.42,-0.06,-1.47,240
13099,2,90.57,-0.60,90.52,-0.04,-0.03,0.00,-13.52,-8.08,-0.02,-0.11,3.94,3.51,-3.42,-0.06,-1.48,240
13120,2,90.56,-0.76,90.51,-0.04,-0.01,0.00,-13.53,-8.08,-0.04,-0.05,3.94,3.51,-3.42,-0.05,-1.49,240
13140,2,90.53,-0.91,90.50,-0.02,0.03,0.00,-13.53,-8.08,-0.03,-0.02,3.94,3.51,-3.42,-0.02,-1.50,240
13159,2,90.51,-0.92,90.49,-0.01,0.05,0.00,-13.53,-8.08,-0.05,-0.03,3.94,3.51,-3.42,-0.04,-1.51,240
13180,2,90.50,-0.84,90.48,-0.00,0.06,0.00,-13.53,-8.08,-0.03,0.03,3.94,3.51,-3.42,-0.00,-1.51,240
13200,2,90.48,-0.74,90.48,0.00,0.06,0.00,-13.53,-8.08,-0.02,0.01,3.94,3.51,-3.42,-0.00,-1.52,240
13220,2,90.48,-0.46,90.47,-0.01,0.02,0.00,-13.53,-8.08,-0.01,-0.01,3.94,3.51,-3.42,-0.01,-1.53,240
13240,2,90.50,-0.12,90.47,-0.03,-0.04,0.00,-13.53,-8.08,0.01,0.03,3.94,3.51,-3.42,0.02,-1.53,240
13260,2,90.52,0.27,90.46,-0.05,-0.12,0.00,-13.53,-8.08,0.06,-0.03,3.94,3.51,-3.42,0.02,-1.54,240
13281,2,90.54,0.44,90.46,-0.07,-0.18,0.00,-13.53,-8.08,0.05,0.07,3.94,3.51,-3.42,0.06,-1.54,240
13298,2,90.54,0.35,90.45,-0.07,-0.17,0.00,-13.53,-8.08,-0.03,0.00,3.94,3.51,-3.42,-0.01,-1.55,240
13321,2,90.52,0.06,90.44,-0.07,-0.14,0.00,-13.53,-8.08,-0.07,-0.01,3.94,3.51,-3.42,-0.04,-1.56,240
13339,2,90.49,-0.40,90.43,-0.04,-0.06,0.00,-13.53,-8.08,-0.14,-0.10,3.94,3.51,-3.42,-0.12,-1.57,240
13360,2,90.45,-0.65,90.41,-0.03,-0.01,0.00,-13.53,-8.09,-0.16,-0.16,3.94,3.51,-3.43,-0.16,-1.59,240
13380,2,90.45,-0.51,90.41,-0.04,-0.04,0.00,-13.54,-8.09,-0.10,-0.17,3.94,3.51,-3.43,-0.14,-1.59,240
13401,2,90.47,-0.15,90.41,-0.06,-0.11,0.00,-13.54,-8.10,0.02,-0.00,3.94,3.51,-3.43,0.01,-1.59,240
13418,2,90.48,-0.07,90.41,-0.07,-0.13,0.00,-13.54,-8.10,0.01,0.04,3.94,3.51,-3.44,0.03,-1.59,240
13441,2,90.48,-0.18,90.39,-0.07,-0.13,0.00,-13.54,-8.10,-0.06,-0.02,3.94,3.51,-3.44,-0.04,-1.61,240
13459,2,90.45,-0.58,90.38,-0.05,-0.06,0.00,-13.54,-8.10,-0.08,-0.05,3.94,3.51,-3.44,-0.06,-1.62,240
13480,2,90.42,-0.78,90.37,-0.04,-0.02,0.00,-13.54,-8.10,-0.01,-0.09,3.94,3.51,-3.44,-0.05,-1.63,240
13500,2,90.41,-0.81,90.36,-0.03,-0.00,0.00,-13.55,-8.10,-0.06,-0.04,3.94,3.51,-3.44,-0.05,-1.64,240
13520,2,90.39,-0.81,90.35,-0.03,0.01,0.00,-13.55,-8.10,-0.05,-0.01,3.94,3.51,-3.44,-0.03,-1.65,240
13540,2,90.38,-0.78,90.34,-0.02,0.02,0.00,-13.55,-8.10,-0.04,-0.05,3.94,3.51,-3.44,-0.05,-1.66,240
13559,2,90.37,-0.75,90.34,-0.02,0.02,0.00,-13.55,-8.10,-0.01,-0.00,3.94,3.51,-3.44,-0.01,-1.66,240
13580,2,90.36,-0.74,90.33,-0.02,0.02,0.00,-13.55,-8.10,-0.02,0.04,3.94,3.51,-3.44,0.01,-1.67,240
13600,2,90.34,-0.77,90.32,-0.01,0.04,0.00,-13.55,-8.10,-0.03,-0.03,3.94,3.51,-3.44,-0.03,-1.68,240
13620,2,90.33,-0.81,90.31,-0.01,0.05,0.00,-13.55,-8.10,0.01,-0.02,3.94,3.51,-3.44,-0.01,-1.69,240
13640,2,90.32,-0.81,90.30,-0.00,0.06,0.00,-13.55,-8.10,-0.04,0.01,3.94,3.51,-3.45,-0.02,-1.70,240
13660,2,90.30,-0.80,90.30,0.00,0.07,0.00,-13.55,-8.10,0.03,0.01,3.94,3.51,-3.44,0.02,-1.70,240
13679,2,90.29,-0.76,90.29,0.01,0.08,0.00,-13.55,-8.10,0.02,0.00,3.94,3.51,-3.44,0.01,-1.71,240
13700,2,90.28,-0.66,90.28,0.01,0.07,0.00,-13.55,-8.10,0.01,0.07,3.94,3.51,-3.44,0.04,-1.72,240
13720,2,90.28,-0.49,90.28,0.00,0.05,0.00,-13.55,-8.10,0.07,0.03,3.94,3.51,-3.44,0.05,-1.72,240
13740,2,90.28,-0.35,90.27,-0.01,0.02,0.00,-13.55,-8.10,0.02,0.07,3.94,3.51,-3.44,0.04,-1.73,240
13760,2,90.28,-0.25,90.26,-0.01,-0.01,0.00,-13.55,-8.10,0.05,0.07,3.94,3.51,-3.44,0.06,-1.74,240
13780,2,90.28,-0.16,90.26,-0.02,-0.02,0.00,-13.54,-8.10,0.02,0.05,3.94,3.51,-3.44,0.03,-1.74,240
13799,2,90.28,-0.05,90.25,-0.03,-0.05,0.00,-13.54,-8.10,0.04,-0.01,3.94,3.51,-3.44,0.01,-1.75,240
13820,2,90.28,0.02,90.24,-0.03,-0.07,0.00,-13.54,-8.10,0.01,0.00,3.94,3.51,-3.44,0.01,-1.76,240
13840,2,90.29,0.11,90.24,-0.04,-0.10,0.00,-13.54,-8.10,-0.02,0.04,3.94,3.51,-3.44,0.01,-1.76,240
13860,2,90.29,0.17,90.23,-0.06,-0.12,0.00,-13.54,-8.10,0.00,-0.01,3.94,3.51,-3.44,-0.00,-1.77,240
13880,2,90.29,0.09,90.22,-0.06,-0.12,0.00,-13.54,-8.10,0.02,-0.03,3.94,3.51,-3.44,-0.01,-1.78,240
13900,2,90.28,-0.12,90.21,-0.05,-0.10,0.00,-13.55,-8.10,-0.07,-0.06,3.94,3.51,-3.44,-0.07,-1.79,240
13920,2,90.27,-0.28,90.20,-0.05,-0.08,0.00,-13.55,-8.10,-0.09,-0.06,3.94,3.51,-3.44,-0.08,-1.80,240
13939,2,90.25,-0.50,90.19,-0.04,-0.04,0.00,-13.55,-8.10,-0.08,-0.08,3.94,3.51,-3.44,-0.08,-1.81,240
13960,2,90.23,-0.68,90.18,-0.03,-0.01,0.00,-13.55,-8.11,-0.14,-0.08,3.94,3.51,-3.45,-0.11,-1.82,240
13980,2,90.22,-0.63,90.18,-0.04,-0.02,0.00,-13.56,-8.11,-0.08,-0.09,3.94,3.51,-3.45,-0.09,-1.82,240
14001,2,90.22,-0.51,90.17,-0.05,-0.05,0.00,-13.56,-8.11,-0.02,-0.07,3.94,3.51,-3.45,-0.05,-1.83,240
14019,2,90.21,-0.62,90.16,-0.04,-0.03,0.00,-13.56,-8.11,-0.03,-0.08,3.94,3.51,-3.45,-0.05,-1.84,240
14040,2,90.20,-0.77,90.15,-0.03,-0.01,0.00,-13.56,-8.11,-0.02,-0.08,3.94,3.51,-3.45,-0.05,-1.85,240
14059,2,90.17,-0.99,90.14,-0.01,0.05,0.00,-13.56,-8.11,-0.05,-0.10,3.94,3.51,-3.45,-0.07,-1.86,240
14080,2,90.14,-1.05,90.13,-0.00,0.08,0.00,-13.56,-8.11,0.02,-0.05,3.94,3.51,-3.45,-0.01,-1.87,240
14100,2,90.13,-0.89,90.12,-0.00,0.07,0.00,-13.56,-8.11,-0.01,-0.03,3.94,3.51,-3.46,-0.02,-1.88,240
14120,2,90.13,-0.72,90.12,-0.01,0.05,0.00,-13.56,-8.11,-0.01,-0.03,3.94,3.51,-3.46,-0.02,-1.88,240
14140,2,90.13,-0.59,90.11,-0.01,0.02,0.00,-13.56,-8.11,0.00,0.06,3.94,3.51,-3.45,0.03,-1.89,240
14160,2,90.13,-0.49,90.10,-0.02,0.01,0.00,-13.56,-8.11,0.01,0.01,3.94,3.51,-3.45,0.01,-1.90,240
14180,2,90.12,-0.50,90.10,-0.02,-0.00,0.00,-13.56,-8.11,0.04,0.08,3.94,3.51,-3.45,0.06,-1.90,240
14199,2,90.11,-0.60,90.09,-0.01,0.02,0.00,-13.56,-8.11,-0.00,-0.00,3.94,3.51,-3.45,-0.00,-1.91,240
14220,2,90.08,-0.84,90.08,0.00,0.07,0.00,-13.56,-8.11,-0.01,0.01,3.94,3.51,-3.45,-0.00,-1.92,240
14240,2,90.06,-1.00,90.08,0.02,0.13,0.00,-13.56,-8.11,0.01,0.07,3.94,3.51,-3.45,0.04,-1.92,240
14260,2,90.04,-0.96,90.07,0.04,0.15,0.00,-13.56,-8.11,0.00,0.03,3.94,3.51,-3.45,0.02,-1.93,240
14280,2,90.03,-0.73,90.07,0.04,0.13,0.00,-13.56,-8.11,0.06,0.04,3.94,3.51,-3.45,0.05,-1.93,240
14300,2,90.04,-0.40,90.06,0.02,0.08,0.00,-13.55,-8.11,0.11,0.04,3.94,3.51,-3.45,0.08,-1.94,240
14319,2,90.05,-0.27,90.05,0.01,0.04,0.00,-13.55,-8.11,0.11,0.03,3.94,3.51,-3.45,0.07,-1.95,240
14340,2,90.03,-0.39,90.04,0.02,0.06,0.00,-13.55,-8.11,0.08,0.11,3.94,3.51,-3.44,0.10,-1.96,240
14360,2,90.02,-0.41,90.03,0.02,0.08,0.00,-13.55,-8.10,0.05,0.01,3.94,3.51,-3.44,0.03,-1.97,240
14380,2,90.02,-0.19,90.02,0.01,0.04,0.00,-13.55,-8.10,0.03,0.04,3.94,3.51,-3.44,0.04,-1.98,240
14399,2,90.03,0.11,90.01,-0.01,-0.03,0.00,-13.55,-8.10,0.01,0.07,3.94,3.51,-3.44,0.04,-1.99,240
14420,2,90.05,0.34,90.01,-0.04,-0.10,0.00,-13.54,-8.10,0.02,0.10,3.94,3.51,-3.44,0.06,-1.99,240
14439,2,90.06,0.43,90.01,-0.05,-0.13,0.00,-13.54,-8.10,0.03,0.03,3.94,3.51,-3.44,0.03,-1.99,240
14460,2,90.07,0.37,90.00,-0.06,-0.15,0.00,-13.54,-8.10,-0.02,-0.05,3.94,3.51,-3.44,-0.03,-2.00,240
14480,2,90.06,0.26,89.99,-0.07,-0.15,0.00,-13.54,-8.10,0.03,-0.05,3.94,3.51,-3.44,-0.01,-2.01,240
14500,2,90.05,-0.02,89.98,-0.05,-0.11,0.00,-13.54,-8.10,-0.02,-0.02,3.94,3.51,-3.44,-0.02,-2.02,240
14520,2,90.04,-0.15,89.97,-0.06,-0.11,0.00,-13.55,-8.10,-0.10,-0.09,3.94,3.51,-3.44,-0.09,-2.03,240
14540,2,90.03,-0.28,89.97,-0.06,-0.10,0.00,-13.55,-8.10,-0.05,-0.05,3.94,3.51,-3.44,-0.05,-2.03,240
14560,2,90.01,-0.52,89.95,-0.05,-0.05,0.00,-13.55,-8.11,-0.08,-0.11,3.94,3.51,-3.45,-0.09,-2.05,240
14579,2,89.99,-0.68,89.95,-0.04,-0.03,0.00,-13.55,-8.11,-0.10,-0.07,3.94,3.51,-3.45,-0.08,-2.05,240
14599,2,89.98,-0.69,89.94,-0.04,-0.02,0.00,-13.56,-8.11,-0.05,-0.03,3.94,3.51,-3.45,-0.04,-2.06,240
14620,2,89.98,-0.66,89.93,-0.04,-0.03,0.00,-13.56,-8.11,-0.03,-0.04,3.94,3.51,-3.45,-0.04,-2.07,240
14640,2,89.98,-0.66,89.92,-0.04,-0.04,0.00,-13.56,-8.11,0.00,-0.02,3.94,3.51,-3.45,-0.01,-2.07,240
14660,2,89.96,-0.83,89.91,-0.04,-0.00,0.00,-13.56,-8.11,0.01,-0.02,3.94,3.51,-3.46,-0.01,-2.08,240
14680,2,89.93,-1.09,89.90,-0.02,0.05,0.00,-13.56,-8.12,0.03,-0.04,3.94,3.51,-3.46,-0.01,-2.10,240
14699,2,89.90,-1.28,89.89,-0.00,0.10,0.00,-13.56,-8.12,-0.03,-0.03,3.94,3.51,-3.46,-0.03,-2.11,240
14720,2,89.88,-1.38,89.89,0.01,0.13,0.00,-13.56,-8.12,0.04,-0.04,3.94,3.51,-3.46,0.00,-2.11,240
14740,2,89.85,-1.52,89.88,0.04,0.19,0.00,-13.56,-8.12,-0.01,-0.04,3.94,3.51,-3.46,-0.03,-2.12,240
14760,2,89.82,-1.57,89.89,0.06,0.25,0.00,-13.56,-8.12,0.04,0.06,3.94,3.51,-3.46,0.05,-2.11,240
14780,2,89.81,-1.32,89.88,0.07,0.25,0.00,-13.56,-8.12,0.05,0.08,3.94,3.51,-3.46,0.07,-2.12,240
14801,2,89.81,-1.01,89.88,0.07,0.22,0.00,-13.56,-8.11,0.17,0.05,3.94,3.51,-3.45,0.11,-2.12,240
14819,2,89.79,-1.02,89.87,0.08,0.24,0.00,-13.55,-8.11,0.15,0.09,3.94,3.51,-3.45,0.12,-2.13,240
14839,2,89.77,-1.05,89.87,0.10,0.29,0.00,-13.55,-8.11,0.12,0.11,3.94,3.51,-3.44,0.11,-2.13,240
14860,2,89.78,-0.59,89.86,0.09,0.24,0.00,-13.54,-8.10,0.07,0.14,3.94,3.51,-3.44,0.11,-2.14,240
14880,2,89.81,0.10,89.85,0.05,0.10,0.00,-13.54,-8.10,0.15,0.20,3.94,3.51,-3.44,0.18,-2.15,240
14900,2,89.87,0.92,89.83,-0.02,-0.12,0.00,-13.53,-8.09,0.21,0.24,3.94,3.51,-3.43,0.23,-2.17,240
14921,2,89.88,0.88,89.83,-0.05,-0.17,0.00,-13.53,-8.08,0.23,0.13,3.94,3.51,-3.42,0.18,-2.17,240
14939,2,89.86,0.30,89.81,-0.02,-0.07,0.00,-13.53,-8.08,0.02,-0.00,3.94,3.51,-3.42,0.01,-2.19,240
14959,2,89.83,-0.01,89.80,-0.02,-0.04,0.00,-13.53,-8.08,-0.07,-0.03,3.94,3.51,-3.42,-0.05,-2.20,240
14980,2,89.80,-0.27,89.79,-0.00,0.01,0.00,-13.53,-8.08,-0.07,-0.05,3.94,3.51,-3.42,-0.06,-2.21,240
15000,2,89.79,-0.23,89.78,-0.01,0.00,0.00,-13.53,-8.08,-0.11,-0.07,3.94,3.51,-3.42,-0.09,-2.22,240
15020,2,89.82,0.18,89.78,-0.04,-0.10,0.00,-13.53,-8.09,-0.04,-0.06,3.94,3.51,-3.43,-0.05,-2.22,240
15040,2,89.85,0.47,89.78,-0.07,-0.17,0.00,-13.53,-8.09,-0.02,-0.01,3.94,3.51,-3.43,-0.02,-2.22,240
15060,2,89.85,0.26,89.77,-0.07,-0.16,0.00,-13.53,-8.09,0.02,-0.05,3.94,3.51,-3.43,-0.01,-2.23,240
15079,2,89.83,-0.15,89.76,-0.06,-0.10,0.00,-13.53,-8.09,-0.13,-0.09,3.94,3.51,-3.43,-0.11,-2.24,240
15100,2,89.81,-0.51,89.75,-0.05,-0.06,0.00,-13.54,-8.09,-0.12,-0.11,3.94,3.51,-3.43,-0.12,-2.25,240
15120,2,89.80,-0.64,89.74,-0.05,-0.05,0.00,-13.54,-8.10,-0.09,-0.08,3.94,3.51,-3.44,-0.09,-2.26,240
15140,2,89.79,-0.74,89.73,-0.05,-0.05,0.00,-13.54,-8.10,-0.08,-0.08,3.94,3.51,-3.44,-0.08,-2.27,240
15160,2,89.78,-0.96,89.72,-0.04,-0.01,0.00,-13.54,-8.10,-0.06,-0.05,3.94,3.51,-3.44,-0.06,-2.28,240
15180,2,89.74,-1.32,89.71,-0.02,0.07,0.00,-13.54,-8.10,-0.01,-0.01,3.94,3.51,-3.44,-0.01,-2.29,240
15200,2,89.70,-1.62,89.70,0.01,0.15,0.00,-13.54,-8.10,-0.02,-0.03,3.94,3.51,-3.44,-0.02,-2.30,240
15219,2,89.66,-1.73,89.70,0.04,0.22,0.00,-13.54,-8.10,-0.00,0.01,3.94,3.51,-3.44,0.00,-2.30,240
15240,2,89.63,-1.66,89.71,0.07,0.28,0.00,-13.54,-8.10,-0.01,0.03,3.94,3.51,-3.44,0.01,-2.29,240
15260,2,89.63,-1.20,89.70,0.08,0.25,0.00,-13.54,-8.10,0.02,0.04,3.94,3.51,-3.44,0.03,-2.30,240
15280,2,89.66,-0.46,89.69,0.04,0.12,0.00,-13.54,-8.10,0.12,0.12,3.94,3.51,-3.44,0.12,-2.31,240
15300,2,89.70,0.27,89.68,-0.02,-0.05,0.00,-13.54,-8.09,0.22,0.24,3.94,3.51,-3.43,0.23,-2.32,240
15321,2,89.71,0.24,89.67,-0.03,-0.08,0.00,-13.53,-8.08,0.21,0.13,3.94,3.51,-3.43,0.17,-2.33,240
15338,2,89.68,-0.22,89.65,-0.01,0.00,0.00,-13.53,-8.08,0.03,0.06,3.94,3.51,-3.42,0.04,-2.35,240
15361,2,89.66,-0.47,89.64,-0.00,0.03,0.00,-13.53,-8.08,-0.07,0.01,3.94,3.51,-3.42,-0.03,-2.36,240
15379,2,89.64,-0.49,89.63,0.00,0.04,0.00,-13.53,-8.08,0.02,0.01,3.94,3.51,-3.42,0.02,-2.37,240
15401,2,89.63,-0.46,89.63,0.01,0.05,0.00,-13.53,-8.08,-0.02,-0.01,3.94,3.51,-3.42,-0.02,-2.37,240
15419,2,89.63,-0.30,89.62,-0.00,0.02,0.00,-13.53,-8.08,0.01,-0.01,3.94,3.51,-3.42,-0.00,-2.38,240
15440,2,89.64,-0.14,89.61,-0.02,-0.03,0.00,-13.53,-8.08,0.02,-0.07,3.94,3.51,-3.42,-0.02,-2.39,240
15460,2,89.65,0.04,89.61,-0.03,-0.07,0.00,-13.53,-8.08,-0.06,0.03,3.94,3.51,-3.42,-0.02,-2.39,240
15479,2,89.66,0.16,89.61,-0.05,-0.10,0.00,-13.53,-8.08,-0.04,-0.03,3.94,3.51,-3.42,-0.03,-2.39,240
15500,2,89.66,0.22,89.60,-0.06,-0.13,0.00,-13.53,-8.08,-0.02,0.01,3.94,3.51,-3.42,-0.01,-2.40,240
15521,2,89.67,0.17,89.60,-0.06,-0.14,0.00,-13.53,-8.08,-0.04,-0.02,3.94,3.51,-3.42,-0.03,-2.40,240
15539,2,89.66,-0.09,89.59,-0.06,-0.11,0.00,-13.53,-8.08,-0.00,-0.06,3.94,3.51,-3.42,-0.03,-2.41,240
15560,2,89.62,-0.62,89.57,-0.04,-0.02,0.00,-13.53,-8.09,-0.07,-0.13,3.94,3.51,-3.43,-0.10,-2.43,240
15580,2,89.58,-1.14,89.55,-0.01,0.07,0.00,-13.53,-8.09,-0.12,-0.12,3.94,3.51,-3.43,-0.12,-2.45,240
15599,2,89.56,-1.04,89.55,-0.01,0.06,0.00,-13.54,-8.09,-0.10,-0.11,3.94,3.51,-3.43,-0.10,-2.45,240
15620,2,89.57,-0.73,89.55,-0.03,0.01,0.00,-13.54,-8.09,0.00,0.03,3.94,3.51,-3.43,0.01,-2.45,240
15641,2,89.58,-0.52,89.54,-0.03,-0.02,0.00,-13.54,-8.09,0.03,0.02,3.94,3.51,-3.43,0.03,-2.46,240
15659,2,89.58,-0.50,89.53,-0.03,-0.03,0.00,-13.54,-8.09,0.01,0.00,3.94,3.51,-3.43,0.00,-2.47,240
15680,2,89.56,-0.57,89.53,-0.03,-0.02,0.00,-13.54,-8.09,0.01,0.03,3.94,3.51,-3.43,0.02,-2.47,240
15700,2,89.55,-0.68,89.52,-0.02,0.01,0.00,-13.54,-8.09,0.01,-0.01,3.94,3.51,-3.43,0.00,-2.48,240
15720,2,89.53,-0.78,89.50,-0.02,0.03,0.00,-13.54,-8.09,-0.01,-0.02,3.94,3.51,-3.43,-0.01,-2.49,240
15740,2,89.52,-0.80,89.50,-0.01,0.04,0.00,-13.54,-8.09,0.02,0.02,3.94,3.51,-3.43,0.02,-2.50,240
15760,2,89.50,-0.79,89.49,-0.01,0.05,0.00,-13.54,-8.09,-0.01,0.05,3.94,3.51,-3.43,0.02,-2.51,240
15780,2,89.49,-0.71,89.48,-0.01,0.04,0.00,-13.54,-8.09,0.01,-0.01,3.94,3.51,-3.43,-0.00,-2.52,240
15800,2,89.49,-0.53,89.47,-0.01,0.02,0.00,-13.54,-8.09,0.05,-0.01,3.94,3.51,-3.43,0.02,-2.53,240
15820,2,89.50,-0.24,89.47,-0.03,-0.04,0.00,-13.54,-8.09,0.03,0.01,3.94,3.51,-3.43,0.02,-2.53,240
15841,2,89.51,-0.11,89.47,-0.04,-0.07,0.00,-13.54,-8.09,0.02,0.05,3.94,3.51,-3.43,0.04,-2.53,240
15858,2,89.51,-0.13,89.46,-0.04,-0.07,0.00,-13.54,-8.09,0.01,0.00,3.94,3.51,-3.43,0.00,-2.54,240
15881,2,89.50,-0.17,89.45,-0.04,-0.08,0.00,-13.54,-8.09,-0.04,0.01,3.94,3.51,-3.43,-0.02,-2.55,240
15899,2,89.50,-0.27,89.44,-0.04,-0.07,0.00,-13.54,-8.09,-0.04,0.03,3.94,3.51,-3.43,-0.01,-2.56,240
15920,2,89.48,-0.46,89.43,-0.03,-0.03,0.00,-13.54,-8.09,-0.03,-0.08,3.94,3.51,-3.43,-0.06,-2.57,240
15940,2,89.45,-0.61,89.42,-0.02,0.00,0.00,-13.54,-8.09,-0.06,-0.10,3.94,3.51,-3.43,-0.08,-2.58,240
15960,2,89.45,-0.45,89.41,-0.03,-0.03,0.00,-13.54,-8.10,-0.04,-0.09,3.94,3.51,-3.44,-0.06,-2.59,240
15979,2,89.46,-0.15,89.41,-0.05,-0.08,0.00,-13.54,-8.10,0.01,-0.01,3.94,3.51,-3.44,-0.00,-2.59,240
16000,2,89.47,0.06,89.41,-0.06,-0.12,0.00,-13.54,-8.10,0.02,-0.03,3.94,3.51,-3.44,-0.00,-2.59,240
16020,2,89.48,0.10,89.40,-0.07,-0.15,0.00,-13.54,-8.10,-0.06,-0.04,3.94,3.51,-3.44,-0.05,-2.60,240
16041,2,89.48,0.00,89.40,-0.08,-0.16,0.00,-13.54,-8.10,-0.01,-0.05,3.94,3.51,-3.44,-0.03,-2.60,240
16059,2,89.48,-0.16,89.39,-0.08,-0.15,0.00,-13.55,-8.10,-0.07,-0.03,3.94,3.51,-3.44,-0.05,-2.61,240
16080,2,89.46,-0.45,89.38,-0.07,-0.10,0.00,-13.55,-8.10,-0.09,-0.06,3.94,3.51,-3.44,-0.07,-2.62,240
16100,2,89.44,-0.67,89.37,-0.06,-0.06,0.00,-13.55,-8.11,-0.15,-0.06,3.94,3.51,-3.45,-0.10,-2.63,240
16119,2,89.42,-0.68,89.36,-0.05,-0.06,0.00,-13.55,-8.11,-0.12,-0.14,3.94,3.51,-3.45,-0.13,-2.64,240
16140,2,89.42,-0.47,89.35,-0.07,-0.09,0.00,-13.56,-8.11,-0.10,-0.07,3.94,3.51,-3.45,-0.08,-2.65,240
16160,2,89.42,-0.31,89.35,-0.07,-0.12,0.00,-13.56,-8.11,-0.07,-0.04,3.94,3.51,-3.45,-0.06,-2.65,240
16180,2,89.43,-0.23,89.34,-0.08,-0.14,0.00,-13.56,-8.11,-0.08,-0.04,3.94,3.51,-3.45,-0.06,-2.66,240
16200,2,89.42,-0.34,89.33,-0.08,-0.12,0.00,-13.56,-8.11,-0.09,-0.06,3.94,3.51,-3.46,-0.08,-2.67,240
16220,2,89.40,-0.58,89.32,-0.07,-0.08,0.00,-13.57,-8.12,-0.08,-0.14,3.94,3.51,-3.46,-0.11,-2.68,240
16240,2,89.39,-0.67,89.31,-0.07,-0.09,0.00,-13.57,-8.12,-0.12,-0.11,3.94,3.51,-3.46,-0.11,-2.69,240
16260,2,89.38,-0.67,89.31,-0.07,-0.09,0.00,-13.57,-8.12,-0.07,-0.06,3.94,3.51,-3.47,-0.07,-2.69,240
16280,2,89.37,-0.85,89.29,-0.06,-0.05,0.00,-13.57,-8.13,-0.09,-0.07,3.94,3.51,-3.47,-0.08,-2.70,240
16300,2,89.34,-1.09,89.28,-0.05,-0.01,0.00,-13.58,-8.13,-0.04,-0.08,3.94,3.51,-3.47,-0.06,-2.72,240
16320,2,89.31,-1.43,89.27,-0.02,0.07,0.00,-13.58,-8.13,0.00,-0.11,3.94,3.51,-3.47,-0.05,-2.73,240
16340,2,89.26,-1.73,89.25,0.00,0.15,0.00,-13.58,-8.13,-0.03,-0.01,3.94,3.51,-3.47,-0.02,-2.75,240
16359,2,89.23,-1.84,89.26,0.03,0.20,0.00,-13.58,-8.13,0.04,0.03,3.94,3.51,-3.47,0.03,-2.74,240
16380,2,89.19,-1.92,89.26,0.06,0.28,0.00,-13.58,-8.13,-0.04,0.05,3.94,3.51,-3.47,0.00,-2.74,240
16400,2,89.17,-1.64,89.26,0.09,0.30,0.00,-13.58,-8.13,0.03,0.08,3.94,3.51,-3.47,0.05,-2.74,240
16420,2,89.20,-0.85,89.25,0.07,0.20,0.00,-13.57,-8.13,0.15,0.17,3.94,3.51,-3.47,0.16,-2.75,240
16441,2,89.23,-0.18,89.24,0.03,0.07,0.00,-13.57,-8.12,0.23,0.19,3.94,3.51,-3.46,0.21,-2.76,240
16459,2,89.24,0.08,89.22,0.00,-0.01,0.00,-13.56,-8.12,0.21,0.16,3.94,3.51,-3.46,0.18,-2.78,240
16480,2,89.22,-0.11,89.21,0.00,0.01,0.00,-13.56,-8.11,0.16,0.04,3.94,3.51,-3.45,0.10,-2.79,240
16499,2,89.19,-0.21,89.20,0.01,0.05,0.00,-13.56,-8.11,0.00,-0.02,3.94,3.51,-3.45,-0.01,-2.80,240
16520,2,89.20,0.01,89.19,0.00,0.01,0.00,-13.56,-8.11,0.03,0.02,3.94,3.51,-3.45,0.03,-2.81,240
16540,2,89.22,0.51,89.19,-0.03,-0.11,0.00,-13.55,-8.11,0.05,0.03,3.94,3.51,-3.45,0.04,-2.81,240
16560,2,89.26,0.83,89.19,-0.06,-0.20,0.00,-13.55,-8.11,0.01,0.01,3.94,3.51,-3.45,0.01,-2.80,240
16580,2,89.29,0.93,89.20,-0.09,-0.26,0.00,-13.55,-8.11,-0.02,-0.04,3.94,3.51,-3.45,-0.03,-2.80,240
16600,2,89.30,0.64,89.19,-0.10,-0.25,0.00,-13.55,-8.11,-0.03,-0.02,3.94,3.51,-3.45,-0.02,-2.81,240
16619,2,89.25,-0.30,89.17,-0.06,-0.10,0.00,-13.56,-8.11,-0.13,-0.02,3.94,3.51,-3.45,-0.08,-2.83,240
16640,2,89.19,-1.25,89.14,-0.02,0.06,0.00,-13.56,-8.12,-0.16,-0.13,3.94,3.51,-3.46,-0.15,-2.86,240
16660,2,89.14,-1.72,89.12,-0.00,0.13,0.00,-13.57,-8.12,-0.14,-0.15,3.94,3.51,-3.46,-0.15,-2.88,240
16680,2,89.12,-1.80,89.12,0.01,0.16,0.00,-13.57,-8.13,-0.07,-0.03,3.94,3.51,-3.47,-0.05,-2.88,240
16700,2,89.08,-1.95,89.13,0.04,0.24,0.00,-13.57,-8.12,-0.00,0.03,3.94,3.51,-3.47,0.02,-2.87,240
16720,2,89.05,-2.00,89.14,0.08,0.32,0.00,-13.57,-8.12,0.05,-0.04,3.94,3.51,-3.47,0.00,-2.86,240
16740,2,89.04,-1.64,89.14,0.09,0.32,0.00,-13.57,-8.12,0.13,0.04,3.94,3.51,-3.46,0.08,-2.86,240
16759,2,89.06,-0.91,89.13,0.08,0.22,0.00,-13.56,-8.12,0.20,0.24,3.94,3.51,-3.46,0.22,-2.87,240
16780,2,89.05,-0.82,89.13,0.08,0.23,0.00,-13.56,-8.11,0.20,0.17,3.94,3.51,-3.45,0.19,-2.87,240
16800,2,89.02,-0.86,89.12,0.10,0.27,0.00,-13.55,-8.11,0.17,0.05,3.94,3.51,-3.45,0.11,-2.88,240
16820,2,89.02,-0.64,89.11,0.11,0.26,0.00,-13.55,-8.11,0.13,0.08,3.94,3.51,-3.44,0.11,-2.88,240
16841,2,89.03,-0.23,89.10,0.09,0.19,0.00,-13.54,-8.10,0.11,0.13,3.94,3.51,-3.44,0.12,-2.90,240
16859,2,89.09,0.70,89.07,0.02,-0.03,0.00,-13.54,-8.10,0.17,0.20,3.94,3.51,-3.44,0.18,-2.93,240
16878,2,89.16,1.45,89.09,-0.08,-0.28,0.00,-13.53,-8.09,0.25,0.27,3.94,3.51,-3.43,0.26,-2.91,240
16902,2,89.12,0.50,89.06,-0.04,-0.14,0.00,-13.53,-8.08,0.10,0.10,3.94,3.51,-3.42,0.10,-2.94,240
16919,2,89.09,-0.01,89.05,-0.03,-0.06,0.00,-13.53,-8.08,-0.06,-0.02,3.94,3.51,-3.42,-0.04,-2.95,240
16940,2,89.06,-0.42,89.03,-0.01,0.01,0.00,-13.53,-8.09,-0.08,-0.07,3.94,3.51,-3.42,-0.08,-2.97,240
16960,2,89.03,-0.66,89.02,0.00,0.06,0.00,-13.53,-8.09,-0.08,-0.10,3.94,3.51,-3.43,-0.09,-2.98,240
16980,2,89.03,-0.50,89.01,-0.01,0.02,0.00,-13.53,-8.09,-0.08,-0.08,3.94,3.51,-3.43,-0.08,-2.99,240
16999,2,89.04,-0.21,89.02,-0.03,-0.05,0.00,-13.53,-8.09,0.03,0.05,3.94,3.51,-3.43,0.04,-2.98,240
17020,2,89.05,-0.13,89.01,-0.03,-0.06,0.00,-13.53,-8.09,-0.05,0.01,3.94,3.51,-3.43,-0.02,-2.99,240
17041,2,89.06,-0.10,89.01,-0.05,-0.09,0.00,-13.53,-8.09,-0.03,-0.04,3.94,3.51,-3.43,-0.03,-2.99,240
17059,2,89.06,-0.15,89.00,-0.05,-0.09,0.00,-13.53,-8.09,-0.07,-0.02,3.94,3.51,-3.43,-0.04,-3.00,240
17080,2,89.04,-0.41,88.99,-0.04,-0.06,0.00,-13.54,-8.09,-0.02,-0.02,3.94,3.51,-3.43,-0.02,-3.01,240
17100,2,89.01,-0.76,88.97,-0.02,0.02,0.00,-13.54,-8.09,-0.08,-0.01,3.94,3.51,-3.43,-0.04,-3.03,240
17120,2,88.99,-0.88,88.96,-0.02,0.04,0.00,-13.54,-8.09,-0.06,-0.09,3.94,3.51,-3.43,-0.07,-3.04,240
17139,2,88.99,-0.60,88.96,-0.03,-0.02,0.00,-13.54,-8.10,0.01,-0.03,3.94,3.51,-3.44,-0.01,-3.04,240
17160,2,89.00,-0.35,88.96,-0.04,-0.05,0.00,-13.54,-8.10,-0.01,0.07,3.94,3.51,-3.44,0.03,-3.04,240
17180,2,89.01,-0.20,88.95,-0.05,-0.08,0.00,-13.54,-8.10,0.03,-0.00,3.94,3.51,-3.44,0.02,-3.05,240
17200,2,89.01,-0.15,88.95,-0.06,-0.10,0.00,-13.54,-8.10,0.02,-0.05,3.94,3.51,-3.44,-0.02,-3.05,240
17220,2,89.00,-0.27,88.94,-0.05,-0.09,0.00,-13.54,-8.10,-0.03,-0.02,3.94,3.51,-3.44,-0.02,-3.06,240
17241,2,88.99,-0.44,88.93,-0.05,-0.06,0.00,-13.54,-8.10,-0.07,-0.02,3.94,3.51,-3.44,-0.04,-3.07,240
17258,2,88.97,-0.59,88.91,-0.04,-0.04,0.00,-13.54,-8.10,-0.07,-0.10,3.94,3.51,-3.44,-0.09,-3.09,240
17281,2,88.96,-0.62,88.91,-0.05,-0.04,0.00,-13.55,-8.10,-0.04,-0.04,3.94,3.51,-3.44,-0.04,-3.09,240
17299,2,88.95,-0.66,88.90,-0.04,-0.02,0.00,-13.55,-8.10,-0.00,-0.00,3.94,3.51,-3.44,-0.00,-3.10,240
17320,2,88.93,-0.69,88.89,-0.03,-0.01,0.00,-13.55,-8.10,0.00,-0.05,3.94,3.51,-3.44,-0.03,-3.11,240
17340,2,88.92,-0.68,88.88,-0.03,-0.01,0.00,-13.55,-8.10,-0.08,-0.00,3.94,3.51,-3.44,-0.04,-3.12,240
17360,2,88.92,-0.65,88.87,-0.03,-0.02,0.00,-13.55,-8.11,-0.08,0.01,3.94,3.51,-3.45,-0.04,-3.13,240
17380,2,88.91,-0.62,88.87,-0.04,-0.02,0.00,-13.55,-8.11,-0.04,0.01,3.94,3.51,-3.45,-0.01,-3.13,240
17400,2,88.90,-0.58,88.86,-0.04,-0.03,0.00,-13.55,-8.11,-0.01,-0.03,3.94,3.51,-3.45,-0.02,-3.14,240
17420,2,88.89,-0.65,88.85,-0.03,-0.01,0.00,-13.55,-8.11,0.03,-0.02,3.94,3.51,-3.45,0.01,-3.15,240
17441,2,88.88,-0.72,88.84,-0.03,0.00,0.00,-13.55,-8.11,-0.02,-0.04,3.94,3.51,-3.45,-0.03,-3.16,240
17459,2,88.86,-0.82,88.83,-0.02,0.02,0.00,-13.55,-8.11,-0.05,0.00,3.94,3.51,-3.45,-0.02,-3.17,240
17479,2,88.84,-0.94,88.82,-0.01,0.05,0.00,-13.55,-8.11,0.01,0.00,3.94,3.51,-3.45,0.01,-3.18,240
17500,2,88.83,-0.94,88.81,-0.01,0.06,0.00,-13.55,-8.11,0.02,-0.04,3.94,3.51,-3.45,-0.01,-3.19,240
17519,2,88.82,-0.94,88.80,-0.01,0.06,0.00,-13.56,-8.11,-0.01,0.01,3.94,3.51,-3.45,-0.00,-3.20,240
17540,2,88.80,-0.98,88.79,0.00,0.08,0.00,-13.55,-8.11,-0.03,-0.03,3.94,3.51,-3.45,-0.03,-3.21,240
17560,2,88.78,-0.99,88.79,0.01,0.10,0.00,-13.55,-8.11,-0.02,0.05,3.94,3.51,-3.45,0.01,-3.21,240
17580,2,88.77,-0.87,88.79,0.02,0.11,0.00,-13.55,-8.11,0.05,0.05,3.94,3.51,-3.45,0.05,-3.21,240
17600,2,88.78,-0.61,88.78,0.01,0.07,0.00,-13.55,-8.11,0.04,0.03,3.94,3.51,-3.45,0.03,-3.22,240
17620,2,88.78,-0.40,88.77,-0.00,0.03,0.00,-13.55,-8.11,0.10,-0.02,3.94,3.51,-3.45,0.04,-3.23,240
17640,2,88.78,-0.28,88.76,-0.01,-0.01,0.00,-13.55,-8.10,0.04,-0.01,3.94,3.51,-3.44,0.02,-3.24,240
17660,2,88.78,-0.23,88.76,-0.02,-0.01,0.00,-13.55,-8.10,0.03,0.05,3.94,3.51,-3.44,0.04,-3.24,240
17680,2,88.77,-0.22,88.75,-0.02,-0.02,0.00,-13.55,-8.10,0.01,0.05,3.94,3.51,-3.44,0.03,-3.25,240
17700,2,88.77,-0.20,88.74,-0.02,-0.03,0.00,-13.55,-8.10,0.03,-0.01,3.94,3.51,-3.44,0.01,-3.26,240
17720,2,88.77,-0.18,88.73,-0.03,-0.04,0.00,-13.55,-8.10,0.01,-0.02,3.94,3.51,-3.44,-0.00,-3.26,240
17740,2,88.77,-0.20,88.73,-0.03,-0.05,0.00,-13.55,-8.10,-0.06,-0.02,3.94,3.51,-3.44,-0.04,-3.27,240
17760,2,88.77,-0.20,88.73,-0.04,-0.06,0.00,-13.55,-8.10,-0.02,0.03,3.94,3.51,-3.44,0.01,-3.27,240
17779,2,88.77,-0.25,88.72,-0.04,-0.06,0.00,-13.55,-8.10,-0.05,0.01,3.94,3.51,-3.44,-0.02,-3.28,240
17800,2,88.76,-0.35,88.71,-0.04,-0.06,0.00,-13.55,-8.10,-0.03,-0.01,3.94,3.51,-3.44,-0.02,-3.29,240
17820,2,88.74,-0.56,88.70,-0.03,-0.02,0.00,-13.55,-8.10,0.01,-0.08,3.94,3.51,-3.44,-0.03,-3.30,240
17841,2,88.72,-0.70,88.69,-0.03,-0.00,0.00,-13.55,-8.10,-0.03,0.02,3.94,3.51,-3.44,-0.01,-3.31,240
17859,2,88.71,-0.69,88.68,-0.02,0.01,0.00,-13.55,-8.10,-0.04,-0.02,3.94,3.51,-3.44,-0.03,-3.32,240
17880,2,88.70,-0.65,88.67,-0.02,0.00,0.00,-13.55,-8.11,-0.07,-0.00,3.94,3.51,-3.45,-0.04,-3.33,240
17899,2,88.70,-0.50,88.67,-0.03,-0.02,0.00,-13.55,-8.11,-0.03,0.04,3.94,3.51,-3.45,0.00,-3.33,240
17920,2,88.70,-0.41,88.66,-0.03,-0.03,0.00,-13.55,-8.11,-0.01,0.00,3.94,3.51,-3.45,-0.00,-3.34,240
17940,2,88.70,-0.39,88.65,-0.04,-0.05,0.00,-13.55,-8.11,0.02,-0.05,3.94,3.51,-3.45,-0.02,-3.35,240
17960,2,88.69,-0.51,88.64,-0.04,-0.03,0.00,-13.55,-8.11,-0.00,-0.04,3.94,3.51,-3.45,-0.02,-3.36,240
17980,2,88.67,-0.75,88.63,-0.02,0.01,0.00,-13.55,-8.11,0.01,-0.05,3.94,3.51,-3.45,-0.02,-3.37,240
18000,2,88.65,-0.93,88.62,-0.02,0.04,0.00,-13.55,-8.11,-0.04,-0.04,3.94,3.51,-3.45,-0.04,-3.38,240
18020,2,88.63,-1.00,88.61,-0.01,0.06,0.00,-13.56,-8.11,0.01,-0.06,3.94,3.51,-3.45,-0.02,-3.39,240
18040,2,88.61,-1.02,88.60,-0.00,0.08,0.00,-13.56,-8.11,0.03,0.07,3.94,3.51,-3.45,0.05,-3.40,240
18060,2,88.59,-1.02,88.59,0.01,0.10,0.00,-13.56,-8.11,0.01,0.00,3.94,3.51,-3.45,0.01,-3.41,240
18080,2,88.58,-0.95,88.59,0.01,0.10,0.00,-13.55,-8.11,0.04,-0.03,3.94,3.51,-3.45,0.00,-3.41,240
18100,2,88.57,-0.82,88.58,0.01,0.09,0.00,-13.55,-8.11,0.03,-0.00,3.94,3.51,-3.45,0.01,-3.42,240
18120,2,88.57,-0.65,88.57,0.01,0.06,0.00,-13.55,-8.11,0.08,0.00,3.94,3.51,-3.45,0.04,-3.43,240
18140,2,88.57,-0.48,88.56,-0.00,0.03,0.00,-13.55,-8.11,0.11,0.01,3.94,3.51,-3.45,0.06,-3.44,240
18159,2,88.57,-0.36,88.56,-0.01,0.01,0.00,-13.55,-8.11,0.10,0.00,3.94,3.51,-3.45,0.05,-3.44,240
18180,2,88.57,-0.31,88.55,-0.01,0.00,0.00,-13.55,-8.10,0.03,0.01,3.94,3.51,-3.44,0.02,-3.45,240
18200,2,88.57,-0.31,88.54,-0.01,-0.00,0.00,-13.55,-8.10,-0.00,0.02,3.94,3.51,-3.44,0.01,-3.46,240
18220,2,88.56,-0.39,88.54,-0.01,0.01,0.00,-13.55,-8.10,0.05,0.00,3.94,3.51,-3.44,0.03,-3.46,240
18241,2,88.54,-0.49,88.52,-0.01,0.02,0.00,-13.55,-8.10,-0.02,-0.03,3.94,3.51,-3.44,-0.03,-3.48,240
18259,2,88.53,-0.52,88.52,-0.01,0.02,0.00,-13.55,-8.10,-0.01,-0.05,3.94,3.51,-3.44,-0.03,-3.48,240
18279,2,88.52,-0.49,88.51,-0.01,0.02,0.00,-13.55,-8.10,-0.05,0.02,3.94,3.51,-3.44,-0.02,-3.49,240
18300,2,88.52,-0.38,88.51,-0.01,0.00,0.00,-13.55,-8.10,0.00,0.01,3.94,3.51,-3.44,0.01,-3.49,240
18320,2,88.52,-0.34,88.50,-0.02,-0.01,0.00,-13.55,-8.10,-0.02,0.03,3.94,3.51,-3.44,0.01,-3.50,240
18340,2,88.52,-0.36,88.49,-0.02,-0.01,0.00,-13.54,-8.10,-0.03,0.06,3.94,3.51,-3.44,0.02,-3.51,240
18360,2,88.51,-0.42,88.48,-0.02,-0.01,0.00,-13.55,-8.10,0.03,-0.00,3.94,3.51,-3.44,0.01,-3.52,240
18380,2,88.50,-0.48,88.48,-0.02,-0.00,0.00,-13.54,-8.10,-0.01,-0.00,3.94,3.51,-3.44,-0.00,-3.52,240
18400,2,88.49,-0.56,88.47,-0.02,0.01,0.00,-13.54,-8.10,0.03,0.02,3.94,3.51,-3.44,0.03,-3.53,240
18419,2,88.48,-0.68,88.45,-0.01,0.04,0.00,-13.55,-8.10,-0.04,-0.04,3.94,3.51,-3.44,-0.04,-3.55,240
18440,2,88.46,-0.81,88.45,-0.00,0.06,0.00,-13.54,-8.10,-0.07,0.02,3.94,3.51,-3.44,-0.02,-3.55,240
18460,2,88.44,-0.89,88.44,0.01,0.09,0.00,-13.54,-8.10,0.01,0.03,3.94,3.51,-3.44,0.02,-3.56,240
18480,2,88.42,-0.93,88.44,0.02,0.11,0.00,-13.54,-8.10,-0.00,-0.01,3.94,3.51,-3.44,-0.01,-3.56,240
18500,2,88.41,-0.91,88.44,0.03,0.13,0.00,-13.54,-8.10,0.05,0.08,3.94,3.51,-3.44,0.06,-3.56,240
18520,2,88.40,-0.83,88.43,0.04,0.14,0.00,-13.54,-8.10,0.05,0.06,3.94,3.51,-3.44,0.06,-3.57,240
18539,2,88.40,-0.65,88.42,0.03,0.12,0.00,-13.54,-8.10,0.06,0.08,3.94,3.51,-3.44,0.07,-3.58,240
18560,2,88.41,-0.37,88.41,0.02,0.07,0.00,-13.54,-8.09,0.12,0.10,3.94,3.51,-3.43,0.11,-3.59,240
18580,2,88.42,-0.10,88.40,-0.01,-0.01,0.00,-13.54,-8.09,0.15,0.13,3.94,3.51,-3.43,0.14,-3.60,240
18600,2,88.42,-0.12,88.40,-0.02,-0.02,0.00,-13.53,-8.09,0.11,0.06,3.94,3.51,-3.43,0.08,-3.60,240
18620,2,88.40,-0.35,88.38,-0.00,0.02,0.00,-13.53,-8.09,0.05,-0.01,3.94,3.51,-3.43,0.02,-3.62,240
18641,2,88.38,-0.48,88.37,-0.00,0.04,0.00,-13.53,-8.09,-0.00,-0.01,3.94,3.51,-3.43,-0.01,-3.63,240
18659,2,88.37,-0.46,88.36,-0.00,0.03,0.00,-13.53,-8.09,0.00,-0.04,3.94,3.51,-3.43,-0.02,-3.64,240
18679,2,88.37,-0.33,88.36,-0.01,0.01,0.00,-13.53,-8.09,0.00,0.01,3.94,3.51,-3.43,0.01,-3.64,240
18700,2,88.38,-0.11,88.36,-0.02,-0.04,0.00,-13.53,-8.09,0.07,0.02,3.94,3.51,-3.43,0.04,-3.64,240
18720,2,88.40,0.11,88.36,-0.04,-0.09,0.00,-13.53,-8.09,-0.01,0.03,3.94,3.51,-3.43,0.01,-3.64,240
18740,2,88.41,0.24,88.35,-0.05,-0.13,0.00,-13.53,-8.09,0.01,-0.03,3.94,3.51,-3.43,-0.01,-3.65,240
18760,2,88.42,0.26,88.35,-0.06,-0.15,0.00,-13.53,-8.09,-0.08,0.01,3.94,3.51,-3.43,-0.03,-3.65,240
18780,2,88.41,0.04,88.34,-0.06,-0.13,0.00,-13.53,-8.09,-0.07,-0.05,3.94,3.51,-3.43,-0.06,-3.66,240
18799,2,88.39,-0.36,88.32,-0.05,-0.07,0.00,-13.53,-8.09,-0.10,-0.07,3.94,3.51,-3.43,-0.08,-3.68,240
18820,2,88.35,-0.76,88.31,-0.03,0.00,0.00,-13.54,-8.09,-0.09,-0.17,3.94,3.51,-3.43,-0.13,-3.69,240
18841,2,88.35,-0.67,88.30,-0.04,-0.03,0.00,-13.54,-8.10,-0.07,-0.18,3.94,3.51,-3.44,-0.12,-3.70,240
18859,2,88.36,-0.36,88.31,-0.06,-0.09,0.00,-13.54,-8.10,-0.05,0.03,3.94,3.51,-3.44,-0.01,-3.69,240
18880,2,88.37,-0.31,88.30,-0.06,-0.09,0.00,-13.54,-8.10,-0.05,0.01,3.94,3.51,-3.44,-0.02,-3.70,240
18900,2,88.36,-0.40,88.29,-0.06,-0.09,0.00,-13.54,-8.10,-0.07,-0.04,3.94,3.51,-3.44,-0.06,-3.71,240
18919,2,88.35,-0.62,88.28,-0.05,-0.06,0.00,-13.54,-8.10,-0.04,-0.04,3.94,3.51,-3.44,-0.04,-3.72,240
18940,2,88.33,-0.71,88.27,-0.05,-0.03,0.00,-13.55,-8.10,-0.09,-0.04,3.94,3.51,-3.44,-0.06,-3.73,240
18960,2,88.31,-0.82,88.26,-0.04,-0.01,0.00,-13.55,-8.10,-0.06,-0.05,3.94,3.51,-3.44,-0.05,-3.74,240
18980,2,88.29,-0.86,88.25,-0.03,0.01,0.00,-13.55,-8.10,-0.04,-0.04,3.94,3.51,-3.44,-0.04,-3.75,240
19000,2,88.28,-0.82,88.24,-0.03,0.00,0.00,-13.55,-8.10,-0.07,-0.00,3.94,3.51,-3.44,-0.04,-3.76,240
19020,2,88.27,-0.82,88.23,-0.03,0.01,0.00,-13.55,-8.10,-0.04,-0.01,3.94,3.51,-3.45,-0.03,-3.77,240
19041,2,88.26,-0.86,88.22,-0.02,0.02,0.00,-13.55,-8.11,-0.01,0.00,3.94,3.51,-3.45,-0.01,-3.78,240
19058,2,88.24,-0.87,88.21,-0.02,0.03,0.00,-13.55,-8.11,0.00,0.00,3.94,3.51,-3.45,0.00,-3.79,240
19081,2,88.23,-0.81,88.20,-0.02,0.03,0.00,-13.55,-8.11,-0.01,-0.00,3.94,3.51,-3.45,-0.01,-3.80,240
19099,2,88.22,-0.74,88.20,-0.02,0.03,0.00,-13.55,-8.11,0.01,-0.01,3.94,3.51,-3.45,-0.00,-3.80,240
19120,2,88.21,-0.64,88.19,-0.02,0.02,0.00,-13.55,-8.11,0.01,0.04,3.94,3.51,-3.45,0.02,-3.81,240
19140,2,88.21,-0.53,88.18,-0.02,0.00,0.00,-13.55,-8.11,0.02,-0.03,3.94,3.51,-3.45,-0.01,-3.82,240
19160,2,88.21,-0.40,88.18,-0.03,-0.02,0.00,-13.55,-8.11,-0.03,-0.01,3.94,3.51,-3.45,-0.02,-3.82,240
19179,2,88.21,-0.32,88.17,-0.03,-0.04,0.00,-13.55,-8.11,-0.01,0.00,3.94,3.51,-3.45,-0.00,-3.83,240
19200,2,88.21,-0.28,88.17,-0.04,-0.05,0.00,-13.55,-8.11,0.01,-0.03,3.94,3.51,-3.45,-0.01,-3.83,240
19220,2,88.20,-0.34,88.16,-0.04,-0.05,0.00,-13.55,-8.11,-0.03,0.00,3.94,3.51,-3.45,-0.01,-3.84,240
19241,2,88.20,-0.43,88.15,-0.04,-0.04,0.00,-13.55,-8.11,-0.04,-0.04,3.94,3.51,-3.45,-0.04,-3.85,240
19259,2,88.18,-0.53,88.14,-0.03,-0.03,0.00,-13.55,-8.11,-0.03,-0.07,3.94,3.51,-3.45,-0.05,-3.86,240
19280,2,88.17,-0.60,88.13,-0.03,-0.01,0.00,-13.55,-8.11,-0.04,-0.07,3.94,3.51,-3.45,-0.06,-3.87,240
19300,2,88.16,-0.57,88.12,-0.03,-0.02,0.00,-13.55,-8.11,-0.05,-0.09,3.94,3.51,-3.45,-0.07,-3.88,240
19319,2,88.15,-0.55,88.12,-0.03,-0.02,0.00,-13.55,-8.11,-0.07,-0.05,3.94,3.51,-3.45,-0.06,-3.88,240
19340,2,88.14,-0.55,88.11,-0.03,-0.01,0.00,-13.56,-8.11,-0.04,-0.04,3.94,3.51,-3.45,-0.04,-3.89,240
19360,2,88.14,-0.47,88.10,-0.04,-0.03,0.00,-13.56,-8.11,-0.07,0.00,3.94,3.51,-3.45,-0.04,-3.90,240
19380,2,88.14,-0.47,88.10,-0.04,-0.04,0.00,-13.56,-8.11,0.00,0.00,3.94,3.51,-3.45,0.00,-3.90,240
19401,2,88.13,-0.55,88.09,-0.03,-0.02,0.00,-13.56,-8.11,0.05,-0.00,3.94,3.51,-3.45,0.02,-3.91,240
19419,2,88.11,-0.67,88.07,-0.02,0.01,0.00,-13.56,-8.11,-0.03,-0.01,3.94,3.51,-3.45,-0.02,-3.93,240
19439,2,88.09,-0.78,88.06,-0.02,0.03,0.00,-13.56,-8.11,-0.01,0.02,3.94,3.51,-3.45,0.00,-3.94,240
19460,2,88.08,-0.80,88.05,-0.02,0.03,0.00,-13.56,-8.11,-0.01,-0.01,3.94,3.51,-3.45,-0.01,-3.95,240
19480,2,88.07,-0.79,88.05,-0.01,0.03,0.00,-13.56,-8.11,0.04,0.00,3.94,3.51,-3.45,0.02,-3.95,240
19500,2,88.06,-0.81,88.04,-0.01,0.04,0.00,-13.56,-8.11,0.04,-0.01,3.94,3.51,-3.45,0.02,-3.96,240
19520,2,88.05,-0.89,88.03,-0.01,0.06,0.00,-13.56,-8.11,0.03,-0.05,3.94,3.51,-3.45,-0.01,-3.97,240
19540,2,88.03,-0.90,88.02,-0.01,0.06,0.00,-13.56,-8.11,-0.00,-0.04,3.94,3.51,-3.45,-0.02,-3.98,240
19559,2,88.02,-0.86,88.01,-0.00,0.07,0.00,-13.56,-8.11,0.03,0.00,3.94,3.51,-3.45,0.02,-3.99,240
19580,2,88.01,-0.79,88.00,0.00,0.07,0.00,-13.56,-8.11,0.06,-0.03,3.94,3.51,-3.45,0.01,-4.00,240
19600,2,88.00,-0.70,88.00,0.01,0.07,0.00,-13.56,-8.11,0.02,0.01,3.94,3.51,-3.45,0.01,-4.00,240
19620,2,87.99,-0.57,87.99,0.01,0.06,0.00,-13.56,-8.11,0.08,-0.02,3.94,3.51,-3.45,0.03,-4.01,240
19640,2,87.99,-0.34,87.98,-0.00,0.02,0.00,-13.55,-8.11,0.06,0.02,3.94,3.51,-3.45,0.04,-4.02,240
19660,2,88.00,-0.15,87.98,-0.02,-0.02,0.00,-13.55,-8.11,0.02,0.00,3.94,3.51,-3.45,0.01,-4.02,240
19680,2,88.00,-0.03,87.98,-0.02,-0.04,0.00,-13.55,-8.11,0.06,0.03,3.94,3.51,-3.45,0.04,-4.02,240
19699,2,88.01,0.11,87.97,-0.03,-0.07,0.00,-13.55,-8.11,-0.02,0.03,3.94,3.51,-3.45,0.00,-4.03,240
19720,2,88.02,0.23,87.97,-0.05,-0.11,0.00,-13.55,-8.11,-0.01,0.04,3.94,3.51,-3.45,0.01,-4.03,240
19740,2,88.03,0.31,87.97,-0.06,-0.15,0.00,-13.55,-8.11,-0.02,-0.01,3.94,3.51,-3.45,-0.02,-4.03,240
19760,2,88.03,0.20,87.96,-0.06,-0.14,0.00,-13.55,-8.11,-0.02,0.03,3.94,3.51,-3.45,0.01,-4.04,240
19780,2,88.01,-0.18,87.94,-0.05,-0.08,0.00,-13.55,-8.11,-0.09,-0.05,3.94,3.51,-3.45,-0.07,-4.05,240
19800,2,87.99,-0.54,87.93,-0.04,-0.04,0.00,-13.56,-8.11,-0.14,-0.06,3.94,3.51,-3.45,-0.10,-4.07,240
19819,2,87.96,-0.74,87.92,-0.03,-0.01,0.00,-13.56,-8.11,-0.12,0.00,3.94,3.51,-3.45,-0.06,-4.08,240
19840,2,87.95,-0.80,87.91,-0.03,0.01,0.00,-13.56,-8.12,-0.08,-0.09,3.94,3.51,-3.46,-0.08,-4.09,240
19860,2,87.94,-0.71,87.91,-0.04,-0.02,0.00,-13.56,-8.12,-0.07,-0.05,3.94,3.51,-3.46,-0.06,-4.09,240
19881,2,87.95,-0.59,87.90,-0.04,-0.03,0.00,-13.56,-8.12,0.01,-0.05,3.94,3.51,-3.46,-0.02,-4.10,240
19899,2,87.94,-0.60,87.89,-0.04,-0.03,0.00,-13.56,-8.12,0.00,0.02,3.94,3.51,-3.46,0.01,-4.10,240
19920,2,87.93,-0.71,87.88,-0.03,-0.01,0.00,-13.57,-8.12,-0.06,-0.01,3.94,3.51,-3.46,-0.04,-4.12,240
19939,2,87.91,-0.74,87.87,-0.03,-0.00,0.00,-13.57,-8.12,-0.05,-0.01,3.94,3.51,-3.46,-0.03,-4.13,240
19959,2,87.90,-0.74,87.86,-0.03,0.01,0.00,-13.57,-8.12,-0.03,-0.05,3.94,3.51,-3.46,-0.04,-4.14,240
19980,2,87.89,-0.68,87.86,-0.03,-0.00,0.00,-13.57,-8.12,-0.03,-0.00,3.94,3.51,-3.46,-0.02,-4.14,240
20000,2,87.88,-0.65,87.85,-0.03,-0.00,0.00,-13.57,-8.12,-0.01,0.01,3.94,3.51,-3.46,0.00,-4.15,240
20020,2,87.87,-0.60,87.84,-0.02,-0.00,0.00,-13.57,-8.12,-0.08,-0.03,3.94,3.51,-3.46,-0.06,-4.16,240
20040,2,87.87,-0.50,87.83,-0.03,-0.02,0.00,-13.57,-8.12,-0.06,-0.03,3.94,3.51,-3.46,-0.05,-4.17,240
20060,2,87.87,-0.38,87.83,-0.03,-0.04,0.00,-13.57,-8.12,0.03,-0.02,3.94,3.51,-3.46,0.01,-4.17,240
20079,2,87.87,-0.28,87.82,-0.04,-0.06,0.00,-13.57,-8.12,-0.01,-0.05,3.94,3.51,-3.46,-0.03,-4.18,240
20100,2,87.86,-0.35,87.82,-0.04,-0.05,0.00,-13.57,-8.12,-0.03,-0.02,3.94,3.51,-3.46,-0.02,-4.18,240
20120,2,87.86,-0.32,87.81,-0.04,-0.06,0.00,-13.57,-8.12,-0.01,-0.04,3.94,3.51,-3.46,-0.02,-4.19,240
20140,2,87.86,-0.25,87.80,-0.05,-0.07,0.00,-13.57,-8.12,-0.00,-0.06,3.94,3.51,-3.47,-0.03,-4.20,240
20160,2,87.85,-0.30,87.80,-0.05,-0.07,0.00,-13.57,-8.13,-0.06,-0.04,3.94,3.51,-3.47,-0.05,-4.20,240
20180,2,87.85,-0.28,87.79,-0.06,-0.09,0.00,-13.57,-8.13,-0.02,-0.05,3.94,3.51,-3.47,-0.04,-4.21,240
20199,2,87.84,-0.35,87.78,-0.05,-0.07,0.00,-13.57,-8.13,-0.11,-0.04,3.94,3.51,-3.47,-0.08,-4.22,240
20220,2,87.83,-0.48,87.77,-0.05,-0.07,0.00,-13.58,-8.13,-0.08,-0.06,3.94,3.51,-3.47,-0.07,-4.23,240
20240,2,87.82,-0.60,87.76,-0.05,-0.04,0.00,-13.58,-8.13,-0.05,-0.09,3.94,3.51,-3.47,-0.07,-4.24,240
20260,2,87.81,-0.69,87.76,-0.05,-0.04,0.00,-13.58,-8.13,-0.02,-0.05,3.94,3.51,-3.47,-0.04,-4.24,240
20280,2,87.80,-0.74,87.75,-0.04,-0.03,0.00,-13.58,-8.14,-0.03,-0.04,3.94,3.51,-3.48,-0.03,-4.25,240
20300,2,87.79,-0.85,87.74,-0.04,-0.01,0.00,-13.58,-8.14,0.02,-0.06,3.94,3.51,-3.48,-0.02,-4.26,240
20320,2,87.77,-0.95,87.72,-0.03,0.01,0.00,-13.58,-8.14,-0.03,-0.01,3.94,3.51,-3.48,-0.02,-4.28,240
20339,2,87.74,-1.09,87.71,-0.02,0.05,0.00,-13.58,-8.14,-0.02,-0.07,3.94,3.51,-3.48,-0.05,-4.29,240
20360,2,87.72,-1.13,87.70,-0.01,0.06,0.00,-13.58,-8.14,-0.02,0.02,3.94,3.51,-3.48,0.00,-4.30,240
20380,2,87.70,-1.16,87.69,-0.00,0.09,0.00,-13.58,-8.14,0.01,0.05,3.94,3.51,-3.48,0.03,-4.31,240
20400,2,87.69,-1.08,87.68,0.00,0.09,0.00,-13.58,-8.14,-0.01,0.04,3.94,3.51,-3.48,0.02,-4.32,240
20420,2,87.68,-0.86,87.67,-0.00,0.07,0.00,-13.58,-8.14,0.04,0.02,3.94,3.51,-3.48,0.03,-4.33,240
20440,2,87.69,-0.50,87.67,-0.02,0.01,0.00,-13.58,-8.14,0.04,0.10,3.94,3.51,-3.48,0.07,-4.33,240
20459,2,87.71,-0.10,87.67,-0.03,-0.06,0.00,-13.58,-8.13,0.02,0.10,3.94,3.51,-3.48,0.06,-4.33,240
20480,2,87.72,0.06,87.67,-0.04,-0.09,0.00,-13.58,-8.13,0.05,0.09,3.94,3.51,-3.47,0.07,-4.33,240
20500,2,87.71,-0.10,87.66,-0.04,-0.07,0.00,-13.58,-8.13,-0.01,0.01,3.94,3.51,-3.47,-0.00,-4.34,240
20520,2,87.71,-0.24,87.66,-0.05,-0.07,0.00,-13.58,-8.13,0.01,-0.03,3.94,3.51,-3.47,-0.01,-4.34,240
20540,2,87.68,-0.56,87.63,-0.03,-0.01,0.00,-13.58,-8.13,-0.01,-0.05,3.94,3.51,-3.47,-0.03,-4.36,240
20560,2,87.65,-0.85,87.62,-0.02,0.03,0.00,-13.58,-8.14,-0.07,-0.09,3.94,3.51,-3.48,-0.08,-4.38,240
20580,2,87.64,-0.91,87.61,-0.02,0.04,0.00,-13.58,-8.14,-0.03,-0.10,3.94,3.51,-3.48,-0.07,-4.39,240
20599,2,87.63,-0.84,87.61,-0.02,0.03,0.00,-13.58,-8.14,0.01,-0.00,3.94,3.51,-3.48,0.00,-4.39,240
20620,2,87.62,-0.74,87.60,-0.01,0.03,0.00,-13.58,-8.14,-0.04,-0.03,3.94,3.51,-3.48,-0.04,-4.40,240
20640,2,87.62,-0.63,87.59,-0.02,0.01,0.00,-13.58,-8.14,0.00,-0.01,3.94,3.51,-3.48,-0.00,-4.41,240
20660,2,87.62,-0.52,87.59,-0.02,-0.00,0.00,-13.58,-8.14,-0.01,0.03,3.94,3.51,-3.48,0.01,-4.41,240
20680,2,87.61,-0.52,87.58,-0.02,-0.01,0.00,-13.58,-8.14,0.02,0.02,3.94,3.51,-3.48,0.02,-4.42,240
20700,2,87.60,-0.61,87.57,-0.02,0.01,0.00,-13.58,-8.14,-0.02,0.01,3.94,3.51,-3.48,-0.01,-4.43,240
20719,2,87.58,-0.75,87.56,-0.01,0.04,0.00,-13.58,-8.14,0.07,0.04,3.94,3.51,-3.48,0.05,-4.44,240
20740,2,87.56,-0.81,87.54,-0.00,0.06,0.00,-13.58,-8.14,-0.02,-0.03,3.94,3.51,-3.48,-0.03,-4.46,240
20761,2,87.55,-0.82,87.54,-0.00,0.06,0.00,-13.58,-8.14,0.00,0.02,3.94,3.51,-3.48,0.01,-4.46,240
20779,2,87.54,-0.79,87.53,0.00,0.07,0.00,-13.58,-8.14,0.01,0.00,3.94,3.51,-3.48,0.01,-4.47,240
20800,2,87.53,-0.76,87.52,0.00,0.06,0.00,-13.58,-8.14,0.01,0.05,3.94,3.51,-3.48,0.03,-4.48,240
20820,2,87.52,-0.61,87.52,0.00,0.05,0.00,-13.58,-8.13,0.05,0.10,3.94,3.51,-3.47,0.07,-4.48,240
20840,2,87.52,-0.51,87.51,-0.00,0.03,0.00,-13.58,-8.13,0.04,0.05,3.94,3.51,-3.47,0.05,-4.49,240
20860,2,87.51,-0.54,87.50,-0.00,0.04,0.00,-13.58,-8.13,0.04,0.03,3.94,3.51,-3.47,0.04,-4.50,240
20881,2,87.50,-0.62,87.49,0.00,0.05,0.00,-13.58,-8.13,-0.00,-0.04,3.94,3.51,-3.47,-0.02,-4.51,240
20899,2,87.48,-0.78,87.49,0.01,0.08,0.00,-13.58,-8.13,-0.02,0.03,3.94,3.51,-3.47,0.01,-4.51,240
20920,2,87.46,-0.89,87.49,0.03,0.13,0.00,-13.57,-8.13,0.05,0.06,3.94,3.51,-3.47,0.05,-4.51,240
20940,2,87.44,-0.78,87.49,0.05,0.16,0.00,-13.57,-8.13,0.05,-0.02,3.94,3.51,-3.47,0.02,-4.50,240
20961,2,87.45,-0.47,87.49,0.04,0.13,0.00,-13.57,-8.13,0.10,0.09,3.94,3.51,-3.47,0.09,-4.51,240
20978,2,87.47,-0.13,87.47,0.02,0.05,0.00,-13.57,-8.13,0.05,0.14,3.94,3.51,-3.47,0.10,-4.53,240
21001,2,87.48,-0.02,87.46,-0.02,-0.04,0.00,-13.57,-8.12,0.11,0.06,3.94,3.51,-3.46,0.08,-4.54,240
21019,2,87.47,-0.39,87.44,-0.01,0.02,0.00,-13.56,-8.12,0.06,0.06,3.94,3.51,-3.46,0.06,-4.56,240
21040,2,87.43,-0.82,87.44,0.01,0.09,0.00,-13.56,-8.12,0.01,0.04,3.94,3.51,-3.46,0.02,-4.56,240
21060,2,87.40,-1.02,87.44,0.04,0.16,0.00,-13.56,-8.12,-0.03,-0.02,3.94,3.51,-3.46,-0.03,-4.56,240
21080,2,87.38,-1.00,87.45,0.06,0.20,0.00,-13.56,-8.12,-0.01,0.02,3.94,3.51,-3.46,0.01,-4.55,240
21099,2,87.40,-0.49,87.44,0.05,0.13,0.00,-13.56,-8.12,0.07,0.05,3.94,3.51,-3.46,0.06,-4.56,240
21120,2,87.43,-0.11,87.41,0.01,0.03,0.00,-13.56,-8.11,0.14,0.14,3.94,3.51,-3.45,0.14,-4.59,240
21140,2,87.42,-0.17,87.40,-0.01,-0.00,0.00,-13.56,-8.11,0.09,0.07,3.94,3.51,-3.45,0.08,-4.60,240
21160,2,87.40,-0.42,87.39,0.00,0.03,0.00,-13.55,-8.11,0.06,0.06,3.94,3.51,-3.45,0.06,-4.61,240
21180,2,87.37,-0.64,87.39,0.01,0.08,0.00,-13.55,-8.11,0.02,0.04,3.94,3.51,-3.45,0.03,-4.61,240
21200,2,87.36,-0.58,87.39,0.03,0.11,0.00,-13.55,-8.11,0.05,0.01,3.94,3.51,-3.45,0.03,-4.61,240
21220,2,87.36,-0.21,87.37,0.03,0.07,0.00,-13.55,-8.11,-0.04,0.03,3.94,3.51,-3.45,-0.01,-4.63,240
21239,2,87.39,0.26,87.36,-0.02,-0.05,0.00,-13.55,-8.11,0.05,0.03,3.94,3.51,-3.45,0.04,-4.64,240
21260,2,87.41,0.50,87.38,-0.05,-0.14,0.00,-13.55,-8.11,0.06,0.03,3.94,3.51,-3.45,0.05,-4.62,240
21280,2,87.43,0.57,87.37,-0.05,-0.15,0.00,-13.55,-8.11,-0.01,0.01,3.94,3.51,-3.44,-0.00,-4.63,240
21300,2,87.44,0.57,87.37,-0.07,-0.19,0.00,-13.55,-8.11,0.02,0.01,3.94,3.51,-3.44,0.02,-4.63,240
21320,2,87.44,0.37,87.36,-0.07,-0.17,0.00,-13.55,-8.11,-0.05,-0.03,3.94,3.51,-3.45,-0.04,-4.64,240
21340,2,87.43,-0.08,87.35,-0.07,-0.13,0.00,-13.55,-8.11,-0.11,0.03,3.94,3.51,-3.45,-0.04,-4.65,240
21360,2,87.39,-0.69,87.32,-0.04,-0.02,0.00,-13.55,-8.11,-0.16,-0.03,3.94,3.51,-3.45,-0.10,-4.68,240
21380,2,87.35,-1.14,87.31,-0.03,0.03,0.00,-13.56,-8.11,-0.11,-0.08,3.94,3.51,-3.45,-0.09,-4.69,240
21400,2,87.32,-1.40,87.29,-0.01,0.09,0.00,-13.56,-8.11,-0.13,-0.09,3.94,3.51,-3.46,-0.11,-4.71,240
21420,2,87.30,-1.41,87.29,-0.01,0.09,0.00,-13.56,-8.12,-0.03,-0.05,3.94,3.51,-3.46,-0.04,-4.71,240
21440,2,87.28,-1.35,87.27,0.00,0.11,0.00,-13.56,-8.12,0.00,-0.00,3.94,3.51,-3.46,0.00,-4.73,240
21460,2,87.27,-1.25,87.27,0.01,0.11,0.00,-13.56,-8.12,0.00,-0.02,3.94,3.51,-3.46,-0.01,-4.73,240
21480,2,87.26,-1.11,87.27,0.01,0.11,0.00,-13.56,-8.12,0.00,0.03,3.94,3.51,-3.46,0.02,-4.73,240
21500,2,87.26,-0.80,87.26,0.01,0.08,0.00,-13.56,-8.12,0.04,0.08,3.94,3.51,-3.46,0.06,-4.74,240
21520,2,87.26,-0.58,87.25,-0.01,0.04,0.00,-13.56,-8.11,0.09,0.08,3.94,3.51,-3.45,0.09,-4.75,240
21540,2,87.26,-0.56,87.24,-0.01,0.03,0.00,-13.56,-8.11,0.08,0.04,3.94,3.51,-3.45,0.06,-4.76,240
21560,2,87.24,-0.70,87.23,0.00,0.06,0.00,-13.55,-8.11,0.08,0.05,3.94,3.51,-3.45,0.06,-4.77,240
21580,2,87.21,-0.85,87.23,0.02,0.11,0.00,-13.55,-8.11,0.01,0.05,3.94,3.51,-3.45,0.03,-4.77,240
21600,2,87.20,-0.80,87.23,0.04,0.14,0.00,-13.55,-8.11,-0.03,0.01,3.94,3.51,-3.45,-0.01,-4.77,240
21619,2,87.20,-0.57,87.23,0.04,0.12,0.00,-13.55,-8.11,0.01,0.06,3.94,3.51,-3.45,0.03,-4.77,240
21640,2,87.21,-0.25,87.22,0.02,0.07,0.00,-13.55,-8.11,0.09,0.09,3.94,3.51,-3.45,0.09,-4.78,240
21660,2,87.21,-0.10,87.20,0.00,0.01,0.00,-13.55,-8.11,0.08,0.06,3.94,3.51,-3.44,0.07,-4.80,240
21681,2,87.22,0.03,87.20,-0.02,-0.05,0.00,-13.55,-8.10,0.05,0.04,3.94,3.51,-3.44,0.04,-4.80,240
21699,2,87.23,0.13,87.19,-0.03,-0.06,0.00,-13.54,-8.10,0.04,0.00,3.94,3.51,-3.44,0.02,-4.81,240
21720,2,87.23,0.10,87.19,-0.04,-0.08,0.00,-13.54,-8.10,-0.00,0.05,3.94,3.51,-3.44,0.03,-4.81,240
21739,2,87.23,0.03,87.18,-0.04,-0.07,0.00,-13.54,-8.10,0.02,-0.03,3.94,3.51,-3.44,-0.01,-4.82,240
21760,2,87.22,-0.04,87.18,-0.04,-0.08,0.00,-13.54,-8.10,0.02,-0.02,3.94,3.51,-3.44,-0.00,-4.82,240
21779,2,87.22,-0.07,87.17,-0.04,-0.08,0.00,-13.55,-8.10,-0.03,0.03,3.94,3.51,-3.44,-0.00,-4.83,240
21800,2,87.21,-0.21,87.16,-0.04,-0.06,0.00,-13.55,-8.10,-0.01,0.02,3.94,3.51,-3.44,0.00,-4.84,240
21820,2,87.20,-0.41,87.15,-0.03,-0.04,0.00,-13.55,-8.10,-0.01,-0.04,3.94,3.51,-3.44,-0.02,-4.85,240
21840,2,87.18,-0.64,87.14,-0.03,-0.01,0.00,-13.55,-8.10,-0.01,-0.06,3.94,3.51,-3.44,-0.04,-4.86,240
21860,2,87.16,-0.83,87.12,-0.02,0.02,0.00,-13.55,-8.11,-0.03,-0.09,3.94,3.51,-3.45,-0.06,-4.88,240
21879,2,87.14,-0.89,87.12,-0.02,0.03,0.00,-13.55,-8.11,-0.07,0.01,3.94,3.51,-3.45,-0.03,-4.88,240
21900,2,87.13,-0.83,87.11,-0.02,0.03,0.00,-13.55,-8.11,0.01,-0.01,3.94,3.51,-3.45,0.00,-4.89,240
21920,2,87.12,-0.85,87.10,-0.02,0.04,0.00,-13.55,-8.11,0.01,-0.02,3.94,3.51,-3.45,-0.01,-4.90,240
21940,2,87.10,-1.00,87.08,-0.01,0.07,0.00,-13.55,-8.11,-0.01,-0.03,3.94,3.51,-3.45,-0.02,-4.92,240
21960,2,87.08,-1.14,87.07,0.00,0.10,0.00,-13.55,-8.11,-0.03,-0.01,3.94,3.51,-3.45,-0.02,-4.92,240
21980,2,87.05,-1.23,87.08,0.02,0.14,0.00,-13.55,-8.11,-0.01,0.01,3.94,3.51,-3.45,0.00,-4.92,240
21999,2,87.04,-1.13,87.08,0.04,0.17,0.00,-13.55,-8.11,0.03,0.02,3.94,3.51,-3.45,0.02,-4.92,240
22020,2,87.03,-0.85,87.08,0.05,0.17,0.00,-13.55,-8.11,0.03,0.11,3.94,3.51,-3.45,0.07,-4.91,240
22040,2,87.03,-0.60,87.08,0.05,0.15,0.00,-13.55,-8.10,0.04,0.06,3.94,3.51,-3.44,0.05,-4.92,240
22060,2,87.04,-0.37,87.06,0.03,0.10,0.00,-13.55,-8.10,0.02,0.07,3.94,3.51,-3.44,0.05,-4.94,240
22080,2,87.06,-0.14,87.03,0.00,0.02,0.00,-13.54,-8.10,0.06,0.09,3.94,3.51,-3.44,0.07,-4.97,240
22100,2,87.06,-0.01,87.04,-0.03,-0.06,0.00,-13.54,-8.10,0.09,0.09,3.94,3.51,-3.44,0.09,-4.96,240
22119,2,87.06,-0.09,87.02,-0.01,-0.02,0.00,-13.54,-8.09,0.02,0.06,3.94,3.51,-3.43,0.04,-4.98,240
22140,2,87.03,-0.41,87.01,-0.01,0.02,0.00,-13.54,-8.09,0.05,0.08,3.94,3.51,-3.43,0.06,-4.99,240
22160,2,87.00,-0.67,87.00,0.01,0.07,0.00,-13.54,-8.09,0.02,-0.00,3.94,3.51,-3.43,0.01,-5.00,240
22180,2,86.98,-0.76,87.01,0.02,0.11,0.00,-13.54,-8.09,0.05,0.02,3.94,3.51,-3.43,0.03,-4.99,240
22200,2,86.97,-0.68,87.00,0.03,0.12,0.00,-13.54,-8.09,-0.04,0.02,3.94,3.51,-3.43,-0.01,-5.00,240
22220,2,86.99,-0.20,86.98,0.01,0.03,0.00,-13.54,-8.09,0.06,0.06,3.94,3.51,-3.43,0.06,-5.02,240
22240,2,87.02,0.22,86.99,-0.04,-0.09,0.00,-13.53,-8.09,0.08,0.09,3.94,3.51,-3.43,0.08,-5.01,240
22259,2,87.02,0.19,86.98,-0.03,-0.07,0.00,-13.53,-8.09,0.06,0.02,3.94,3.51,-3.43,0.04,-5.02,240
22280,2,87.02,0.05,86.98,-0.04,-0.08,0.00,-13.53,-8.09,0.02,0.00,3.94,3.51,-3.43,0.01,-5.02,240
22300,2,87.01,-0.18,86.96,-0.03,-0.04,0.00,-13.53,-8.09,0.03,-0.04,3.94,3.51,-3.43,-0.01,-5.04,240
22320,2,86.98,-0.49,86.95,-0.02,-0.01,0.00,-13.53,-8.09,-0.02,-0.01,3.94,3.51,-3.43,-0.02,-5.05,240
22340,2,86.96,-0.82,86.93,-0.00,0.06,0.00,-13.53,-8.09,-0.05,-0.06,3.94,3.51,-3.43,-0.06,-5.07,240
22360,2,86.93,-0.91,86.92,-0.00,0.07,0.00,-13.53,-8.09,-0.06,-0.08,3.94,3.51,-3.43,-0.07,-5.08,240
22379,2,86.93,-0.70,86.92,-0.01,0.03,0.00,-13.54,-8.09,-0.00,-0.00,3.94,3.51,-3.43,-0.00,-5.08,240
22400,2,86.93,-0.58,86.91,-0.01,0.02,0.00,-13.54,-8.09,0.04,-0.00,3.94,3.51,-3.43,0.02,-5.09,240
22420,2,86.93,-0.49,86.91,-0.02,0.00,0.00,-13.54,-8.09,0.05,0.07,3.94,3.51,-3.43,0.06,-5.09,240
22440,2,86.93,-0.49,86.90,-0.02,0.00,0.00,-13.53,-8.09,0.02,0.04,3.94,3.51,-3.43,0.03,-5.10,240
22460,2,86.92,-0.60,86.89,-0.02,0.01,0.00,-13.53,-8.09,0.04,0.03,3.94,3.51,-3.43,0.04,-5.10,240
22481,2,86.90,-0.79,86.88,-0.00,0.05,0.00,-13.53,-8.09,0.03,0.01,3.94,3.51,-3.43,0.02,-5.12,240
22499,2,86.88,-0.89,86.87,-0.00,0.07,0.00,-13.53,-8.09,0.01,0.01,3.94,3.51,-3.43,0.01,-5.13,240
22519,2,86.87,-0.91,86.86,-0.00,0.07,0.00,-13.53,-8.09,0.03,0.03,3.94,3.51,-3.43,0.03,-5.14,240
22540,2,86.85,-1.01,86.86,0.01,0.11,0.00,-13.53,-8.09,0.04,0.04,3.94,3.51,-3.43,0.04,-5.14,240
22560,2,86.83,-0.96,86.86,0.03,0.13,0.00,-13.53,-8.09,0.05,0.01,3.94,3.51,-3.43,0.03,-5.14,240
22580,2,86.83,-0.85,86.86,0.04,0.14,0.00,-13.53,-8.09,0.05,0.04,3.94,3.51,-3.43,0.05,-5.14,240
22601,2,86.83,-0.62,86.86,0.03,0.12,0.00,-13.53,-8.08,0.07,0.07,3.94,3.51,-3.42,0.07,-5.14,240
22619,2,86.84,-0.38,86.84,0.02,0.07,0.00,-13.53,-8.08,0.08,0.13,3.94,3.51,-3.42,0.10,-5.16,240
22639,2,86.84,-0.33,86.82,0.00,0.03,0.00,-13.52,-8.08,0.09,0.10,3.94,3.51,-3.42,0.10,-5.18,240
22660,2,86.81,-0.64,86.82,0.01,0.07,0.00,-13.52,-8.07,0.12,0.12,3.94,3.51,-3.42,0.12,-5.18,240
22680,2,86.78,-0.93,86.83,0.04,0.15,0.00,-13.52,-8.07,0.04,0.06,3.94,3.51,-3.41,0.05,-5.17,240
22700,2,86.76,-1.08,86.84,0.07,0.23,0.00,-13.52,-8.07,0.00,-0.01,3.94,3.51,-3.41,-0.00,-5.16,240
22720,2,86.75,-0.91,86.84,0.08,0.24,0.00,-13.52,-8.07,0.09,0.08,3.94,3.51,-3.41,0.09,-5.16,240
22740,2,86.76,-0.66,86.84,0.09,0.23,0.00,-13.51,-8.07,0.16,0.14,3.94,3.51,-3.41,0.15,-5.16,240
22759,2,86.75,-0.57,86.83,0.09,0.22,0.00,-13.51,-8.07,0.13,0.10,3.94,3.51,-3.41,0.11,-5.17,240
22780,2,86.76,-0.39,86.82,0.08,0.19,0.00,-13.51,-8.06,0.11,0.11,3.94,3.51,-3.40,0.11,-5.18,240
22800,2,86.76,-0.16,86.80,0.06,0.13,0.00,-13.50,-8.06,0.09,0.20,3.94,3.51,-3.40,0.15,-5.20,240
22820,2,86.78,0.11,86.77,0.02,0.02,0.00,-13.50,-8.05,0.11,0.18,3.94,3.51,-3.40,0.14,-5.23,240
22840,2,86.78,0.05,86.76,-0.02,-0.04,0.00,-13.50,-8.05,0.14,0.18,3.94,3.51,-3.39,0.16,-5.24,240
22860,2,86.75,-0.36,86.74,0.01,0.04,0.00,-13.49,-8.04,0.13,0.05,3.94,3.51,-3.39,0.09,-5.26,240
22880,2,86.72,-0.69,86.74,0.02,0.10,0.00,-13.49,-8.04,0.03,0.03,3.94,3.51,-3.39,0.03,-5.26,240
22899,2,86.69,-0.83,86.76,0.05,0.17,0.00,-13.49,-8.04,0.01,0.05,3.94,3.51,-3.39,0.03,-5.24,240
22920,2,86.69,-0.61,86.76,0.07,0.18,0.00,-13.49,-8.04,0.04,0.04,3.94,3.51,-3.39,0.04,-5.24,240
22940,2,86.73,0.08,86.73,0.03,0.06,0.00,-13.49,-8.04,0.10,0.07,3.94,3.51,-3.38,0.09,-5.27,240
22960,2,86.77,0.62,86.73,-0.04,-0.12,0.00,-13.49,-8.04,0.14,0.07,3.94,3.51,-3.38,0.10,-5.27,240
22980,2,86.78,0.56,86.73,-0.05,-0.15,0.00,-13.48,-8.04,0.05,0.12,3.94,3.51,-3.38,0.08,-5.27,240
23001,2,86.77,0.31,86.71,-0.04,-0.11,0.00,-13.48,-8.04,0.04,0.05,3.94,3.51,-3.38,0.04,-5.29,240
23018,2,86.76,0.09,86.70,-0.05,-0.10,0.00,-13.48,-8.04,-0.02,-0.12,3.94,3.51,-3.38,-0.07,-5.30,240
23041,2,86.75,-0.09,86.69,-0.04,-0.08,0.00,-13.48,-8.04,-0.04,-0.09,3.94,3.51,-3.38,-0.06,-5.31,240
23059,2,86.74,-0.12,86.69,-0.05,-0.09,0.00,-13.48,-8.04,-0.07,-0.05,3.94,3.51,-3.38,-0.06,-5.31,240
23080,2,86.75,-0.06,86.69,-0.06,-0.11,0.00,-13.49,-8.04,-0.05,-0.09,3.94,3.51,-3.38,-0.07,-5.31,240
23100,2,86.75,-0.01,86.68,-0.07,-0.13,0.00,-13.49,-8.05,-0.10,-0.06,3.94,3.51,-3.39,-0.08,-5.31,240
23120,2,86.75,-0.10,86.68,-0.07,-0.13,0.00,-13.49,-8.05,-0.14,-0.07,3.94,3.51,-3.39,-0.11,-5.32,240
23140,2,86.75,-0.22,86.67,-0.07,-0.13,0.00,-13.50,-8.05,-0.09,-0.05,3.94,3.51,-3.39,-0.07,-5.33,240
23159,2,86.74,-0.31,86.66,-0.07,-0.11,0.00,-13.50,-8.05,-0.06,-0.14,3.94,3.51,-3.39,-0.10,-5.34,240
23180,2,86.73,-0.40,86.66,-0.07,-0.11,0.00,-13.50,-8.06,-0.03,-0.12,3.94,3.51,-3.40,-0.07,-5.34,240
23200,2,86.73,-0.45,86.65,-0.07,-0.10,0.00,-13.50,-8.06,-0.07,-0.08,3.94,3.51,-3.40,-0.08,-5.35,240
23220,2,86.72,-0.45,86.65,-0.08,-0.12,0.00,-13.50,-8.06,-0.07,-0.03,3.94,3.51,-3.40,-0.05,-5.35,240
23240,2,86.71,-0.62,86.63,-0.07,-0.09,0.00,-13.51,-8.06,-0.09,-0.15,3.94,3.51,-3.40,-0.12,-5.37,240
23260,2,86.69,-0.94,86.61,-0.06,-0.04,0.00,-13.51,-8.06,-0.08,-0.08,3.94,3.51,-3.40,-0.08,-5.38,240
23279,2,86.65,-1.19,86.60,-0.04,0.02,0.00,-13.51,-8.07,-0.07,-0.07,3.94,3.51,-3.41,-0.07,-5.40,240
23300,2,86.63,-1.25,86.58,-0.03,0.04,0.00,-13.51,-8.07,-0.07,-0.05,3.94,3.51,-3.41,-0.06,-5.42,240
23320,2,86.60,-1.20,86.57,-0.02,0.05,0.00,-13.51,-8.07,-0.06,-0.06,3.94,3.51,-3.41,-0.06,-5.43,240
23340,2,86.60,-0.94,86.57,-0.03,0.01,0.00,-13.52,-8.07,0.02,0.01,3.94,3.51,-3.41,0.02,-5.43,240
23360,2,86.60,-0.73,86.56,-0.03,0.00,0.00,-13.51,-8.07,-0.04,-0.04,3.94,3.51,-3.41,-0.04,-5.44,240
23380,2,86.60,-0.52,86.56,-0.04,-0.04,0.00,-13.51,-8.07,-0.01,-0.01,3.94,3.51,-3.41,-0.01,-5.44,240
23400,2,86.60,-0.32,86.55,-0.04,-0.05,0.00,-13.51,-8.07,0.01,-0.01,3.94,3.51,-3.41,-0.00,-5.45,240
23420,2,86.60,-0.22,86.55,-0.05,-0.08,0.00,-13.51,-8.07,-0.00,0.02,3.94,3.51,-3.41,0.01,-5.45,240
23440,2,86.60,-0.20,86.54,-0.05,-0.08,0.00,-13.51,-8.07,-0.01,-0.01,3.94,3.51,-3.41,-0.01,-5.46,240
23460,2,86.59,-0.29,86.53,-0.04,-0.07,0.00,-13.51,-8.07,-0.03,-0.04,3.94,3.51,-3.41,-0.03,-5.47,240
23480,2,86.57,-0.44,86.52,-0.04,-0.04,0.00,-13.52,-8.07,-0.09,-0.01,3.94,3.51,-3.41,-0.05,-5.48,240
23500,2,86.56,-0.59,86.51,-0.04,-0.03,0.00,-13.52,-8.07,-0.11,-0.08,3.94,3.51,-3.41,-0.09,-5.49,240
23520,2,86.55,-0.56,86.50,-0.04,-0.04,0.00,-13.52,-8.08,-0.08,-0.07,3.94,3.51,-3.42,-0.08,-5.50,240
23539,2,86.56,-0.37,86.51,-0.05,-0.08,0.00,-13.52,-8.08,-0.02,-0.06,3.94,3.51,-3.42,-0.04,-5.49,240
23560,2,86.56,-0.28,86.50,-0.06,-0.09,0.00,-13.52,-8.08,-0.03,-0.02,3.94,3.51,-3.42,-0.03,-5.50,240
23580,2,86.55,-0.40,86.49,-0.05,-0.07,0.00,-13.52,-8.08,-0.00,-0.01,3.94,3.51,-3.42,-0.01,-5.51,240
23600,2,86.54,-0.58,86.48,-0.05,-0.05,0.00,-13.52,-8.08,-0.10,-0.06,3.94,3.51,-3.42,-0.08,-5.52,240
23620,2,86.52,-0.66,86.47,-0.05,-0.04,0.00,-13.53,-8.08,-0.07,-0.01,3.94,3.51,-3.42,-0.04,-5.53,240
23640,2,86.51,-0.66,86.46,-0.04,-0.03,0.00,-13.53,-8.08,-0.04,-0.05,3.94,3.51,-3.42,-0.05,-5.54,240
23659,2,86.50,-0.68,86.45,-0.04,-0.03,0.00,-13.53,-8.09,-0.04,-0.02,3.94,3.51,-3.43,-0.03,-5.55,240
23680,2,86.49,-0.72,86.44,-0.04,-0.01,0.00,-13.53,-8.09,-0.03,-0.03,3.94,3.51,-3.43,-0.03,-5.56,240
23700,2,86.48,-0.68,86.43,-0.04,-0.02,0.00,-13.53,-8.09,-0.02,-0.08,3.94,3.51,-3.43,-0.05,-5.57,240
23720,2,86.47,-0.62,86.43,-0.04,-0.02,0.00,-13.53,-8.09,-0.02,-0.01,3.94,3.51,-3.43,-0.01,-5.57,240
23740,2,86.46,-0.58,86.41,-0.03,-0.02,0.00,-13.53,-8.09,-0.02,-0.04,3.94,3.51,-3.43,-0.03,-5.59,240
23760,2,86.45,-0.57,86.41,-0.04,-0.03,0.00,-13.53,-8.09,0.01,-0.02,3.94,3.51,-3.43,-0.00,-5.59,240
23780,2,86.44,-0.64,86.40,-0.03,-0.00,0.00,-13.53,-8.09,-0.03,0.00,3.94,3.51,-3.43,-0.02,-5.60,240
23799,2,86.42,-0.70,86.39,-0.03,0.00,0.00,-13.53,-8.09,-0.02,-0.01,3.94,3.51,-3.43,-0.02,-5.61,240
23820,2,86.41,-0.72,86.37,-0.02,0.02,0.00,-13.54,-8.09,-0.02,-0.02,3.94,3.51,-3.43,-0.02,-5.63,240
23840,2,86.39,-0.71,86.37,-0.02,0.02,0.00,-13.53,-8.09,0.03,-0.04,3.94,3.51,-3.43,-0.00,-5.63,240
23860,2,86.38,-0.74,86.36,-0.02,0.03,0.00,-13.54,-8.09,0.03,0.01,3.94,3.51,-3.43,0.02,-5.64,240
23880,2,86.37,-0.76,86.35,-0.01,0.03,0.00,-13.54,-8.09,-0.04,0.03,3.94,3.51,-3.43,-0.00,-5.65,240
23900,2,86.36,-0.83,86.34,-0.01,0.05,0.00,-13.54,-8.09,0.01,-0.01,3.94,3.51,-3.43,0.00,-5.66,240
23920,2,86.34,-0.86,86.32,-0.00,0.06,0.00,-13.54,-8.09,-0.03,-0.01,3.94,3.51,-3.43,-0.02,-5.68,240
23940,2,86.32,-0.89,86.32,0.00,0.07,0.00,-13.54,-8.09,-0.00,-0.01,3.94,3.51,-3.43,-0.01,-5.68,240
23960,2,86.31,-0.93,86.31,0.01,0.09,0.00,-13.53,-8.09,0.02,0.01,3.94,3.51,-3.43,0.01,-5.69,240
23980,2,86.29,-0.89,86.32,0.02,0.11,0.00,-13.53,-8.09,0.06,0.02,3.94,3.51,-3.43,0.04,-5.68,240
24000,2,86.29,-0.74,86.31,0.03,0.11,0.00,-13.53,-8.09,0.06,0.08,3.94,3.51,-3.43,0.07,-5.69,240
24020,2,86.29,-0.51,86.30,0.02,0.08,0.00,-13.53,-8.08,0.05,0.10,3.94,3.51,-3.43,0.07,-5.70,240
24039,2,86.30,-0.29,86.29,0.00,0.03,0.00,-13.53,-8.08,0.14,0.11,3.94,3.51,-3.42,0.13,-5.71,240
24060,2,86.29,-0.31,86.28,-0.01,0.01,0.00,-13.53,-8.08,0.12,0.11,3.94,3.51,-3.42,0.11,-5.72,240
24080,2,86.27,-0.52,86.27,0.01,0.06,0.00,-13.52,-8.08,0.06,0.06,3.94,3.51,-3.42,0.06,-5.73,240
24100,2,86.25,-0.81,86.27,0.02,0.11,0.00,-13.52,-8.08,-0.02,-0.02,3.94,3.51,-3.42,-0.02,-5.73,240
24121,2,86.23,-0.90,86.28,0.04,0.16,0.00,-13.52,-8.08,0.02,0.03,3.94,3.51,-3.42,0.02,-5.72,240
24139,2,86.22,-0.76,86.28,0.06,0.17,0.00,-13.52,-8.08,0.08,0.05,3.94,3.51,-3.42,0.06,-5.72,240
24160,2,86.24,-0.38,86.27,0.04,0.12,0.00,-13.52,-8.07,0.07,0.05,3.94,3.51,-3.42,0.06,-5.73,240
24179,2,86.25,-0.11,86.24,0.01,0.03,0.00,-13.52,-8.07,0.12,0.11,3.94,3.51,-3.41,0.11,-5.76,240
24200,2,86.25,-0.18,86.23,-0.01,-0.00,0.00,-13.51,-8.07,0.10,0.13,3.94,3.51,-3.41,0.12,-5.77,240
24220,2,86.23,-0.44,86.21,0.00,0.04,0.00,-13.51,-8.07,0.03,-0.00,3.94,3.51,-3.41,0.01,-5.79,240
24240,2,86.21,-0.66,86.21,0.00,0.06,0.00,-13.51,-8.07,-0.03,0.02,3.94,3.51,-3.41,-0.01,-5.79,240
24260,2,86.18,-0.89,86.21,0.03,0.12,0.00,-13.51,-8.07,-0.01,0.02,3.94,3.51,-3.41,0.01,-5.79,240
24280,2,86.16,-0.94,86.23,0.05,0.18,0.00,-13.51,-8.07,0.06,0.02,3.94,3.51,-3.41,0.04,-5.77,240
24299,2,86.16,-0.78,86.24,0.07,0.21,0.00,-13.51,-8.06,0.07,0.07,3.94,3.51,-3.40,0.07,-5.76,240
24320,2,86.16,-0.58,86.24,0.08,0.21,0.00,-13.51,-8.06,0.08,0.10,3.94,3.51,-3.40,0.09,-5.76,240
24339,2,86.17,-0.24,86.22,0.07,0.16,0.00,-13.50,-8.06,0.05,0.09,3.94,3.51,-3.40,0.07,-5.78,240
24360,2,86.19,0.12,86.19,0.03,0.05,0.00,-13.50,-8.06,0.11,0.15,3.94,3.51,-3.40,0.13,-5.81,240
24380,2,86.21,0.39,86.18,-0.03,-0.09,0.00,-13.50,-8.05,0.14,0.17,3.94,3.51,-3.39,0.15,-5.82,240
24400,2,86.22,0.29,86.18,-0.04,-0.10,0.00,-13.50,-8.05,0.11,0.06,3.94,3.51,-3.39,0.09,-5.82,240
24420,2,86.19,-0.26,86.14,-0.01,0.00,0.00,-13.49,-8.05,-0.01,-0.03,3.94,3.51,-3.39,-0.02,-5.86,240
24439,2,86.15,-0.70,86.14,-0.01,0.04,0.00,-13.49,-8.05,-0.02,0.02,3.94,3.51,-3.39,0.00,-5.86,240
24460,2,86.12,-1.06,86.14,0.02,0.13,0.00,-13.49,-8.05,-0.00,-0.07,3.94,3.51,-3.39,-0.03,-5.86,240
24480,2,86.08,-1.23,86.15,0.05,0.21,0.00,-13.49,-8.05,0.00,-0.03,3.94,3.51,-3.39,-0.01,-5.85,240
24500,2,86.06,-1.18,86.17,0.09,0.27,0.00,-13.49,-8.05,-0.05,-0.04,3.94,3.51,-3.39,-0.04,-5.83,240
24520,2,86.07,-0.75,86.17,0.09,0.25,0.00,-13.49,-8.05,0.05,0.02,3.94,3.51,-3.39,0.04,-5.83,240
24540,2,86.13,0.17,86.13,0.04,0.07,0.00,-13.49,-8.05,0.16,0.15,3.94,3.51,-3.39,0.16,-5.87,240
24559,2,86.17,0.69,86.12,-0.04,-0.13,0.00,-13.48,-8.04,0.18,0.25,3.94,3.51,-3.38,0.21,-5.88,240
24580,2,86.16,0.30,86.11,-0.03,-0.09,0.00,-13.48,-8.03,0.07,0.13,3.94,3.51,-3.37,0.10,-5.89,240
24600,2,86.13,-0.19,86.09,-0.02,-0.03,0.00,-13.48,-8.03,0.02,0.02,3.94,3.51,-3.37,0.02,-5.91,240
24620,2,86.10,-0.67,86.07,-0.01,0.04,0.00,-13.48,-8.03,0.02,-0.01,3.94,3.51,-3.37,0.01,-5.93,240
24640,2,86.06,-1.10,86.06,0.01,0.11,0.00,-13.48,-8.03,0.03,-0.08,3.94,3.51,-3.37,-0.02,-5.94,240
24660,2,86.03,-1.27,86.07,0.03,0.17,0.00,-13.48,-8.04,-0.06,0.01,3.94,3.51,-3.38,-0.03,-5.93,240
24679,2,86.00,-1.31,86.09,0.07,0.24,0.00,-13.48,-8.04,-0.01,-0.02,3.94,3.51,-3.38,-0.01,-5.91,240
24700,2,86.01,-0.85,86.10,0.08,0.23,0.00,-13.48,-8.04,0.06,0.02,3.94,3.51,-3.38,0.04,-5.90,240
24720,2,86.04,-0.20,86.07,0.05,0.12,0.00,-13.48,-8.03,0.12,0.08,3.94,3.51,-3.37,0.10,-5.93,240
24740,2,86.08,0.24,86.03,-0.01,-0.03,0.00,-13.47,-8.03,0.20,0.11,3.94,3.51,-3.37,0.16,-5.97,240
24760,2,86.06,-0.08,86.04,-0.03,-0.06,0.00,-13.47,-8.03,0.09,0.02,3.94,3.51,-3.36,0.06,-5.96,240
24780,2,86.02,-0.65,86.02,0.01,0.08,0.00,-13.47,-8.03,0.02,0.01,3.94,3.51,-3.36,0.01,-5.98,240
24800,2,85.99,-1.02,86.02,0.03,0.13,0.00,-13.47,-8.02,-0.02,-0.00,3.94,3.51,-3.36,-0.01,-5.98,240
24819,2,85.95,-1.33,86.04,0.06,0.24,0.00,-13.47,-8.02,0.00,0.02,3.94,3.51,-3.36,0.01,-5.96,240
24839,2,85.93,-1.37,86.07,0.11,0.34,0.00,-13.47,-8.02,0.06,0.03,3.94,3.51,-3.36,0.04,-5.93,240
24860,2,85.92,-1.01,86.09,0.14,0.37,0.00,-13.46,-8.02,0.12,0.08,3.94,3.51,-3.36,0.10,-5.91,240
24880,2,85.95,-0.34,86.08,0.13,0.30,0.00,-13.46,-8.02,0.11,0.24,3.94,3.51,-3.36,0.18,-5.92,240
24900,2,86.01,0.51,86.03,0.07,0.10,0.00,-13.45,-8.01,0.28,0.26,3.94,3.51,-3.35,0.27,-5.97,240
24920,2,86.05,0.93,85.99,-0.02,-0.12,0.00,-13.44,-8.00,0.31,0.26,3.94,3.51,-3.34,0.28,-6.01,240
24939,2,86.05,0.60,86.01,-0.07,-0.18,0.00,-13.44,-7.99,0.13,0.30,3.94,3.51,-3.33,0.21,-5.99,240
24960,2,85.98,-0.68,85.96,0.03,0.11,0.00,-13.44,-7.99,0.01,0.00,3.94,3.51,-3.33,0.01,-6.04,240
24980,2,85.90,-1.78,85.98,0.06,0.27,0.00,-13.44,-7.99,-0.09,-0.04,3.94,3.51,-3.33,-0.07,-6.02,240
25000,2,85.82,-2.49,86.04,0.16,0.51,0.00,-13.44,-7.99,-0.02,-0.05,3.94,3.51,-3.33,-0.03,-5.96,240
25020,2,85.76,-2.71,86.10,0.28,0.77,0.00,-13.44,-7.99,0.01,-0.03,3.94,3.51,-3.33,-0.01,-5.90,240
25040,2,85.77,-1.89,86.16,0.33,0.81,0.00,-13.44,-7.99,0.11,0.09,3.94,3.51,-3.33,0.10,-5.84,240
25060,2,85.84,-0.46,86.17,0.32,0.68,0.00,-13.43,-7.98,0.49,0.35,3.94,3.51,-3.32,0.42,-5.83,240
25079,2,85.92,0.80,86.11,0.25,0.44,0.00,-13.41,-7.97,0.37,0.47,3.94,3.51,-3.31,0.42,-5.89,240
25100,2,86.07,2.54,86.05,0.05,-0.11,0.00,-13.40,-7.95,0.56,0.66,3.94,3.51,-3.29,0.61,-5.95,240
25120,2,86.08,1.78,85.99,-0.02,-0.19,0.00,-13.38,-7.94,0.44,0.23,3.94,3.51,-3.28,0.34,-6.01,240
25140,2,85.94,-0.74,85.93,0.05,0.16,0.00,-13.38,-7.93,0.04,-0.04,3.94,3.51,-3.27,-0.00,-6.07,240
25160,2,85.82,-2.35,85.97,0.11,0.42,0.00,-13.38,-7.93,0.05,0.02,3.94,3.51,-3.27,0.04,-6.03,240
25180,2,85.70,-3.49,86.03,0.27,0.82,0.00,-13.38,-7.93,-0.04,0.02,3.94,3.51,-3.27,-0.01,-5.97,240
25199,2,85.64,-3.44,86.09,0.39,1.05,0.00,-13.38,-7.93,0.14,0.12,3.94,3.51,-3.27,0.13,-5.91,224
25220,2,85.68,-1.91,86.15,0.40,0.96,0.00,-13.37,-7.92,0.40,0.36,3.94,3.51,-3.26,0.38,-5.85,240
25240,2,85.74,-0.72,86.20,0.41,0.87,0.00,-13.35,-7.91,0.65,0.61,3.94,3.51,-3.25,0.63,-5.80,240
25260,2,85.78,0.06,86.20,0.42,0.83,0.00,-13.33,-7.89,0.47,0.62,3.94,3.51,-3.23,0.55,-5.80,240
25280,2,85.86,1.09,86.14,0.34,0.58,0.00,-13.32,-7.87,0.61,0.76,3.94,3.51,-3.21,0.68,-5.86,240
25300,2,85.83,0.41,86.10,0.30,0.57,0.00,-13.30,-7.85,0.49,0.49,3.94,3.51,-3.19,0.49,-5.90,240
25319,2,85.81,-0.08,86.08,0.28,0.58,0.00,-13.29,-7.84,0.48,0.40,3.94,3.51,-3.18,0.44,-5.92,240
25340,2,85.76,-0.90,86.10,0.31,0.70,0.00,-13.27,-7.83,0.69,0.37,3.94,3.51,-3.16,0.53,-5.90,240
25360,2,85.68,-2.11,86.16,0.42,1.02,0.00,-13.26,-7.82,0.16,0.26,3.94,3.51,-3.15,0.21,-5.84,224
25380,2,85.69,-1.49,86.21,0.47,1.06,0.00,-13.25,-7.80,0.38,0.60,3.94,3.51,-3.14,0.49,-5.79,224
25401,2,85.70,-1.26,86.24,0.49,1.05,0.00,-13.24,-7.78,0.60,0.81,3.94,3.51,-3.13,0.70,-5.76,224
25419,2,85.63,-1.95,86.30,0.61,1.37,0.00,-13.21,-7.77,0.50,0.39,3.94,3.51,-3.11,0.45,-5.70,224
25440,2,85.67,-1.09,86.33,0.64,1.36,0.00,-13.19,-7.75,0.75,0.53,3.94,3.51,-3.09,0.64,-5.67,224
25459,2,85.71,-0.08,86.32,0.62,1.24,0.00,-13.17,-7.73,0.71,0.74,3.94,3.51,-3.07,0.73,-5.68,224
25480,2,85.77,0.60,86.28,0.55,1.05,0.00,-13.14,-7.70,0.89,1.13,3.94,3.51,-3.04,1.01,-5.72,224
25500,2,85.81,0.80,86.22,0.47,0.88,0.00,-13.12,-7.67,0.72,1.06,3.94,3.51,-3.02,0.89,-5.78,240
25520,2,85.78,-0.03,86.18,0.44,0.88,0.00,-13.10,-7.65,0.84,0.66,3.94,3.51,-2.99,0.75,-5.82,240
25540,2,85.67,-1.84,86.22,0.50,1.16,0.00,-13.07,-7.62,0.78,0.68,3.94,3.51,-2.97,0.73,-5.78,224
25560,2,85.51,-3.94,86.28,0.71,1.74,0.00,-13.05,-7.61,0.49,0.33,3.94,3.51,-2.95,0.41,-5.72,224
25579,2,85.40,-4.67,86.34,0.88,2.14,0.00,-13.04,-7.60,0.51,0.46,3.94,3.51,-2.94,0.48,-5.66,224
25600,2,85.41,-3.36,86.40,0.94,2.14,0.00,-13.02,-7.58,0.88,1.02,3.94,3.51,-2.91,0.95,-5.60,224
25620,2,85.49,-1.51,86.46,0.91,1.94,0.00,-12.99,-7.54,1.10,1.40,3.94,3.51,-2.88,1.25,-5.54,224
25641,2,85.58,-0.19,86.52,0.89,1.79,0.00,-12.95,-7.50,1.43,1.48,3.94,3.51,-2.84,1.45,-5.48,224
25659,2,85.59,-0.05,86.58,0.93,1.86,0.00,-12.90,-7.46,1.58,1.42,3.94,3.51,-2.80,1.50,-5.42,224
25680,2,85.52,-1.07,86.64,1.05,2.19,0.00,-12.86,-7.42,1.46,1.30,3.94,3.51,-2.76,1.38,-5.36,224
25700,2,85.44,-2.34,86.70,1.20,2.59,0.00,-12.82,-7.38,1.24,1.22,3.94,3.51,-2.72,1.23,-5.30,224
25719,2,85.37,-2.94,86.76,1.33,2.89,0.00,-12.79,-7.35,1.16,1.32,3.94,3.51,-2.69,1.24,-5.24,224
25740,2,85.44,-1.30,86.82,1.32,2.74,0.00,-12.75,-7.30,1.39,1.61,3.94,3.51,-2.65,1.50,-5.18,224
25760,2,85.52,0.17,86.88,1.30,2.58,0.00,-12.70,-7.25,1.80,1.87,3.94,3.51,-2.60,1.83,-5.12,224
25780,2,85.62,1.43,86.85,1.26,2.40,0.00,-12.64,-7.20,1.94,1.78,3.94,3.51,-2.54,1.86,-5.15,224
25800,2,85.67,1.55,86.80,1.18,2.24,0.00,-12.59,-7.14,1.87,1.78,3.94,3.51,-2.48,1.82,-5.20,224
25820,2,85.63,0.48,86.78,1.17,2.29,0.00,-12.52,-7.09,1.81,1.66,3.94,3.51,-2.43,1.73,-5.22,224
25840,2,85.54,-1.03,86.83,1.24,2.55,0.00,-12.48,-7.04,1.51,1.48,3.94,3.51,-2.38,1.49,-5.17,224
25860,2,85.42,-2.67,86.89,1.40,3.02,0.00,-12.43,-7.00,1.32,1.35,3.94,3.51,-2.33,1.33,-5.11,224
25880,2,85.35,-3.31,86.95,1.53,3.33,0.00,-12.39,-6.95,1.30,1.45,3.94,3.51,-2.29,1.37,-5.05,224
25900,2,85.34,-2.72,87.01,1.61,3.44,0.00,-12.34,-6.90,1.67,1.73,3.94,3.51,-2.24,1.70,-4.99,224
25920,2,85.40,-1.28,87.07,1.60,3.31,0.00,-12.28,-6.85,2.15,2.04,3.94,3.51,-2.18,2.09,-4.93,224
25940,2,85.49,0.25,87.13,1.57,3.13,0.00,-12.22,-6.78,2.17,2.23,3.94,3.51,-2.12,2.20,-4.87,224
25959,2,85.53,0.67,87.15,1.59,3.13,0.00,-12.15,-6.71,2.21,2.32,3.94,3.51,-2.05,2.26,-4.85,224
25980,2,85.50,-0.22,87.20,1.66,3.33,0.00,-12.08,-6.64,2.22,2.26,3.94,3.51,-1.98,2.24,-4.80,224
26000,2,85.41,-1.51,87.26,1.80,3.71,0.00,-12.02,-6.58,2.07,2.05,3.94,3.51,-1.92,2.06,-4.74,224
26020,2,85.31,-2.51,87.32,1.95,4.10,0.00,-11.95,-6.52,2.15,2.01,3.94,3.51,-1.85,2.08,-4.68,224
26041,2,85.31,-1.91,87.38,2.01,4.18,0.00,-11.89,-6.46,2.15,2.20,3.94,3.51,-1.79,2.18,-4.62,224
26059,2,85.42,0.00,87.44,1.97,3.93,0.00,-11.82,-6.38,2.44,2.43,3.94,3.51,-1.72,2.43,-4.56,224
26080,2,85.54,1.64,87.44,1.91,3.68,0.00,-11.74,-6.30,2.69,2.65,3.94,3.51,-1.64,2.67,-4.56,224
26099,2,85.59,1.89,87.40,1.84,3.54,0.00,-11.65,-6.22,2.75,2.72,3.94,3.51,-1.55,2.73,-4.60,224
26120,2,85.56,0.80,87.40,1.84,3.62,0.00,-11.57,-6.14,2.60,2.57,3.94,3.51,-1.47,2.59,-4.60,224
26140,2,85.40,-1.88,87.46,2.00,4.16,0.00,-11.50,-6.06,2.38,2.32,3.94,3.51,-1.40,2.35,-4.54,224
26160,2,85.22,-3.99,87.52,2.24,4.81,0.00,-11.43,-5.99,2.29,2.33,3.94,3.51,-1.33,2.31,-4.48,224
26180,2,85.14,-4.15,87.58,2.38,5.10,0.00,-11.36,-5.92,2.37,2.49,3.94,3.51,-1.26,2.43,-4.42,224
26200,2,85.16,-2.78,87.64,2.42,5.06,0.00,-11.28,-5.84,2.84,2.81,3.94,3.51,-1.18,2.83,-4.36,224
26219,2,85.28,-0.45,87.70,2.36,4.75,0.00,-11.18,-5.75,3.34,3.20,3.94,3.51,-1.09,3.27,-4.30,224
26240,2,85.41,1.32,87.76,2.29,4.48,0.00,-11.08,-5.65,3.27,3.35,3.94,3.51,-0.99,3.31,-4.24,224
26260,2,85.47,1.76,87.81,2.29,4.43,0.00,-10.98,-5.55,3.32,3.36,3.94,3.51,-0.89,3.34,-4.19,224
26280,2,85.46,0.85,87.87,2.36,4.64,0.00,-10.89,-5.45,3.15,3.23,3.94,3.51,-0.79,3.19,-4.13,224
26300,2,85.33,-1.33,87.93,2.54,5.19,0.00,-10.80,-5.36,2.97,2.99,3.94,3.51,-0.69,2.98,-4.07,224
26320,2,85.20,-2.82,87.99,2.73,5.69,0.00,-10.71,-5.27,2.93,2.89,3.94,3.51,-0.61,2.91,-4.01,224
26340,2,85.17,-2.55,88.05,2.82,5.85,0.00,-10.62,-5.18,3.11,3.12,3.94,3.51,-0.52,3.11,-3.95,224
26359,2,85.27,-0.45,88.11,2.78,5.59,0.00,-10.52,-5.08,3.43,3.48,3.94,3.51,-0.42,3.46,-3.89,224
26380,2,85.43,1.88,88.17,2.68,5.20,0.00,-10.40,-4.97,3.83,3.79,3.94,3.51,-0.30,3.81,-3.83,224
26400,2,85.55,2.84,88.15,2.62,5.02,0.00,-10.29,-4.85,3.94,3.79,3.94,3.51,-0.19,3.86,-3.85,224
26420,2,85.56,2.09,88.12,2.59,5.01,0.00,-10.17,-4.74,3.59,3.74,3.94,3.51,-0.07,3.67,-3.88,224
26441,2,85.47,0.17,88.15,2.64,5.27,0.00,-10.07,-4.63,3.36,3.46,3.94,3.51,0.03,3.41,-3.85,224
26459,2,85.28,-2.76,88.21,2.86,5.95,0.00,-9.97,-4.53,3.33,3.34,3.94,3.51,0.14,3.34,-3.79,224
26479,2,85.09,-4.79,88.26,3.11,6.61,0.00,-9.87,-4.43,3.29,3.06,3.94,3.51,0.23,3.18,-3.73,224
26499,2,85.09,-3.62,88.33,3.18,6.64,0.00,-9.76,-4.33,3.50,3.48,3.94,3.51,0.33,3.49,-3.67,224
26520,2,85.18,-1.44,88.38,3.15,6.41,0.00,-9.65,-4.22,4.00,4.06,3.94,3.51,0.45,4.03,-3.61,224
26540,2,85.32,0.90,88.45,3.07,6.06,0.00,-9.52,-4.09,4.28,4.46,3.94,3.51,0.58,4.37,-3.55,224
26560,2,85.43,2.19,88.49,3.01,5.85,0.00,-9.39,-3.95,4.44,4.31,3.94,3.51,0.71,4.37,-3.51,224
26580,2,85.45,1.70,88.52,3.04,5.94,0.00,-9.26,-3.82,4.23,4.24,3.94,3.51,0.84,4.24,-3.48,224
26599,2,85.33,-0.56,88.58,3.18,6.41,0.00,-9.13,-3.70,4.04,3.97,3.94,3.51,0.97,4.01,-3.42,224
26620,2,85.15,-3.15,88.64,3.43,7.11,0.00,-9.01,-3.58,3.81,3.71,3.94,3.51,1.08,3.76,-3.36,224
26641,2,85.06,-3.66,88.70,3.58,7.45,0.00,-8.90,-3.47,3.89,3.94,3.94,3.51,1.20,3.91,-3.30,224
26659,2,85.10,-2.19,88.76,3.60,7.37,0.00,-8.77,-3.34,4.31,4.34,3.94,3.51,1.33,4.33,-3.24,224
26680,2,85.21,-0.14,88.82,3.55,7.10,0.00,-8.64,-3.20,4.66,4.65,3.94,3.51,1.46,4.66,-3.18,224
26700,2,85.37,1.92,88.88,3.45,6.75,0.00,-8.49,-3.06,4.88,4.84,3.94,3.51,1.61,4.86,-3.12,224
26720,2,85.45,2.37,88.89,3.43,6.66,0.00,-8.34,-2.91,4.93,4.95,3.94,3.51,1.76,4.94,-3.11,224
26739,2,85.39,0.71,88.95,3.50,6.94,0.00,-8.20,-2.76,4.58,4.64,3.94,3.51,1.90,4.61,-3.05,224
26760,2,85.25,-1.67,89.01,3.69,7.52,0.00,-8.06,-2.62,4.37,4.43,3.94,3.51,2.04,4.40,-2.99,224
26780,2,85.08,-3.77,89.07,3.93,8.16,0.00,-7.93,-2.49,4.40,4.39,3.94,3.51,2.17,4.39,-2.93,224
26800,2,85.00,-3.86,89.13,4.07,8.45,0.00,-7.79,-2.35,4.66,4.53,3.94,3.51,2.31,4.59,-2.87,224
26820,2,85.10,-1.48,89.19,4.03,8.18,0.00,-7.64,-2.21,4.97,5.00,3.94,3.51,2.46,4.99,-2.81,224
26841,2,85.26,1.22,89.25,3.93,7.76,0.00,-7.48,-2.05,5.43,5.47,3.94,3.51,2.62,5.45,-2.75,224
26858,2,85.39,2.65,89.29,3.86,7.50,0.00,-7.32,-1.88,5.52,5.51,3.94,3.51,2.78,5.51,-2.71,224
26881,2,85.42,2.33,89.31,3.87,7.55,0.00,-7.15,-1.72,5.48,5.43,3.94,3.51,2.95,5.45,-2.69,224
26899,2,85.30,-0.19,89.37,4.01,8.03,0.00,-7.03,-1.59,5.20,5.08,3.94,3.51,3.07,5.14,-2.63,224
26920,2,85.12,-2.82,89.43,4.25,8.72,0.00,-6.84,-1.41,4.91,4.95,3.94,3.51,3.26,4.93,-2.57,224
26940,2,84.99,-4.08,89.49,4.44,9.21,0.00,-6.69,-1.26,5.08,5.03,3.94,3.51,3.41,5.06,-2.51,224
26960,2,84.97,-3.19,89.55,4.52,9.29,0.00,-6.53,-1.10,5.32,5.42,3.94,3.51,3.57,5.37,-2.45,224
26980,2,85.08,-0.91,89.61,4.47,9.01,0.00,-6.37,-0.93,5.71,5.94,3.94,3.51,3.73,5.83,-2.39,224
26998,2,85.20,0.91,89.67,4.41,8.74,0.00,-6.18,-0.75,6.20,6.02,3.94,3.51,3.92,6.11,-2.33,224
27021,2,85.28,1.53,89.73,4.39,8.65,0.00,-6.00,-0.56,6.12,6.08,3.94,3.51,4.10,6.10,-2.27,224
27039,2,85.28,0.74,89.79,4.45,8.84,0.00,-5.86,-0.42,6.02,5.92,3.94,3.51,4.24,5.97,-2.21,224
27060,2,85.13,-1.62,89.85,4.66,9.44,0.00,-5.64,-0.21,5.60,5.74,3.94,3.51,4.46,5.67,-2.15,224
27080,2,84.99,-3.31,89.91,4.86,9.98,0.00,-5.46,-0.03,5.77,5.80,3.94,3.51,4.63,5.78,-2.09,224
27100,2,84.91,-3.64,89.97,5.00,10.28,0.00,-5.29,0.14,5.86,5.79,3.94,3.51,4.81,5.82,-2.03,224
27119,2,84.94,-2.22,90.03,5.03,10.23,0.00,-5.10,0.33,6.27,6.35,3.94,3.51,4.99,6.31,-1.97,224
27140,2,85.09,0.22,90.09,4.94,9.87,0.00,-4.91,0.52,6.59,6.60,3.94,3.51,5.19,6.60,-1.91,224
27160,2,85.23,1.94,90.15,4.86,9.56,0.00,-4.71,0.73,6.70,6.84,3.94,3.51,5.39,6.77,-1.85,224
27180,2,85.26,1.61,90.18,4.89,9.65,0.00,-4.50,0.93,6.75,6.74,3.94,3.51,5.60,6.74,-1.82,224
27200,2,85.18,-0.16,90.24,5.00,10.00,0.00,-4.30,1.14,6.46,6.55,3.94,3.51,5.80,6.51,-1.76,224
27220,2,85.00,-2.87,90.30,5.24,10.71,0.00,-4.10,1.33,6.36,6.27,3.94,3.51,5.99,6.31,-1.70,224
27240,2,84.84,-4.50,90.36,5.46,11.28,0.00,-3.92,1.52,6.29,6.32,3.94,3.51,6.18,6.30,-1.64,224
27260,2,84.80,-3.88,90.42,5.56,11.42,0.00,-3.72,1.71,6.75,6.64,3.94,3.51,6.38,6.70,-1.58,224
27280,2,84.86,-2.07,90.48,5.56,11.28,0.00,-3.51,1.92,7.10,7.15,3.94,3.51,6.59,7.13,-1.52,224
27300,2,85.00,0.37,90.54,5.48,10.92,0.00,-3.29,2.15,7.39,7.43,3.94,3.51,6.81,7.41,-1.46,224
27320,2,85.11,1.90,90.59,5.42,10.70,0.00,-3.06,2.37,7.56,7.54,3.94,3.51,7.04,7.55,-1.41,224
27340,2,85.14,1.54,90.61,5.45,10.78,0.00,-2.83,2.60,7.48,7.41,3.94,3.51,7.27,7.44,-1.39,224
27360,2,85.04,-0.46,90.67,5.57,11.18,0.00,-2.61,2.82,7.25,7.21,3.94,3.51,7.49,7.23,-1.33,224
27379,2,84.86,-3.07,90.73,5.81,11.86,0.00,-2.40,3.04,6.99,7.09,3.94,3.51,7.70,7.04,-1.27,224
27400,2,84.67,-5.06,90.79,6.06,12.53,0.00,-2.18,3.25,7.22,7.12,3.94,3.51,7.92,7.17,-1.21,224
27420,2,84.58,-5.04,90.85,6.21,12.82,0.00,-1.96,3.47,7.43,7.36,3.94,3.51,8.14,7.40,-1.15,224
27441,2,84.61,-3.21,90.91,6.24,12.73,0.00,-1.73,3.70,7.98,7.87,3.94,3.51,8.37,7.93,-1.09,224
27459,2,84.78,-0.12,90.97,6.13,12.27,0.00,-1.48,3.95,8.25,8.27,3.94,3.51,8.61,8.26,-1.03,224
27480,2,84.94,1.66,91.01,6.03,11.93,0.00,-1.23,4.20,8.39,8.40,3.94,3.51,8.87,8.40,-0.99,224
27499,2,85.01,2.01,91.00,6.00,11.84,0.00,-0.98,4.46,8.34,8.32,3.94,3.51,9.12,8.33,-1.00,224
27520,2,84.98,0.86,91.02,6.02,11.97,0.00,-0.73,4.71,8.06,8.09,3.94,3.51,9.37,8.07,-0.98,224
27540,2,84.76,-2.69,91.08,6.25,12.72,0.00,-0.48,4.95,8.04,7.88,3.94,3.51,9.61,7.96,-0.92,224
27560,2,84.50,-5.81,91.14,6.57,13.61,0.00,-0.25,5.18,7.72,7.71,3.94,3.51,9.85,7.72,-0.86,224
27580,2,84.34,-6.71,91.20,6.79,14.12,0.00,-0.01,5.42,7.86,7.93,3.94,3.51,10.09,7.89,-0.80,224
27600,2,84.34,-5.23,91.26,6.86,14.14,0.00,0.24,5.67,8.38,8.54,3.94,3.51,10.34,8.46,-0.74,224
27620,2,84.69,1.43,91.32,6.56,13.01,0.00,0.50,5.94,8.91,8.92,3.94,3.51,10.60,8.92,-0.68,224
27640,2,86.92,33.66,91.26,4.40,6.10,0.00,0.78,6.21,9.37,9.55,3.94,3.51,10.88,9.46,-0.74,224
27660,2,89.89,66.14,91.20,1.37,-2.56,0.00,1.09,6.51,9.04,9.13,3.94,3.51,11.18,9.08,-0.80,224
27680,2,90.85,69.50,91.14,0.35,-4.87,0.00,1.33,6.76,7.34,7.09,3.94,3.51,11.43,7.22,-0.86,224
27700,2,91.93,66.06,91.08,-0.80,-6.88,0.00,1.47,6.90,3.95,4.87,3.94,3.51,11.56,4.41,-0.92,224
27720,2,92.92,60.96,91.02,-1.85,-8.57,0.00,1.51,6.97,-0.17,0.32,3.94,3.51,11.62,0.08,-0.98,224
27740,2,92.36,35.74,90.96,-1.34,-5.55,0.00,1.47,6.92,-2.08,-2.39,3.94,3.51,11.58,-2.24,-1.04,224
27759,2,91.18,9.56,90.90,-0.22,-1.21,0.00,1.37,6.81,-4.62,-4.78,3.94,3.51,11.47,-4.70,-1.10,224
27780,2,90.14,-7.53,90.84,0.76,2.12,0.00,1.22,6.65,-4.94,-5.24,3.94,3.51,11.32,-5.09,-1.16,224
27800,2,90.09,-4.93,90.78,0.75,1.89,0.00,1.09,6.52,-3.56,-3.36,3.94,3.51,11.18,-3.46,-1.22,224
27820,2,91.57,17.55,90.72,-0.79,-2.98,0.00,1.04,6.47,0.13,0.24,3.94,3.51,11.14,0.18,-1.28,224
27841,2,93.19,35.65,90.66,-2.47,-7.79,0.00,1.07,6.51,1.31,1.46,3.94,3.51,11.17,1.39,-1.34,224
27859,2,93.90,36.37,90.60,-3.24,-9.39,0.00,1.10,6.54,0.33,0.16,3.94,3.51,11.20,0.25,-1.40,224
27879,2,93.76,24.75,90.54,-3.16,-8.30,0.00,1.07,6.51,-1.97,-1.97,3.94,3.51,11.17,-1.97,-1.46,224
27900,2,92.71,3.80,90.48,-2.18,-4.66,0.00,0.97,6.40,-4.62,-4.63,3.94,3.51,11.07,-4.63,-1.52,224
27920,2,91.65,-11.55,90.42,-1.17,-1.42,0.00,0.79,6.23,-6.10,-6.04,3.94,3.51,10.90,-6.07,-1.58,224
27940,2,91.20,-13.77,90.36,-0.78,-0.46,0.00,0.62,6.06,-5.50,-5.48,3.94,3.51,10.72,-5.49,-1.64,224
27960,2,91.86,0.35,90.30,-1.50,-3.03,0.00,0.49,5.93,-2.98,-2.98,3.94,3.51,10.59,-2.98,-1.70,224
27980,2,93.43,23.40,90.24,-3.14,-8.14,0.00,0.45,5.88,-0.41,-0.40,3.94,3.51,10.55,-0.40,-1.76,224
28000,2,94.70,35.48,90.30,-4.46,-11.77,0.00,0.44,5.88,-0.31,-0.45,3.94,3.51,10.54,-0.38,-1.70,224
28019,2,94.89,28.85,90.33,-4.59,-11.49,0.00,0.39,5.83,-2.62,-2.65,3.94,3.51,10.50,-2.64,-1.67,224
28040,2,94.24,12.21,90.27,-3.91,-8.79,0.00,0.26,5.70,-5.56,-5.50,3.94,3.51,10.37,-5.53,-1.73,224
28060,2,93.08,-6.80,90.21,-2.81,-5.07,0.00,0.06,5.50,-7.38,-7.40,3.94,3.51,10.16,-7.39,-1.79,224
28080,2,92.26,-15.22,90.15,-2.05,-2.89,0.00,-0.17,5.27,-7.51,-7.42,3.94,3.51,9.93,-7.46,-1.85,224
28100,2,92.45,-7.38,90.09,-2.30,-4.02,0.00,-0.37,5.07,-5.71,-5.87,3.94,3.51,9.73,-5.79,-1.91,224
28120,2,93.60,12.09,90.03,-3.51,-7.98,0.00,-0.50,4.94,-3.07,-3.19,3.94,3.51,9.60,-3.13,-1.97,224
28139,2,95.25,32.98,90.09,-5.22,-13.08,0.00,-0.56,4.88,-1.62,-1.57,3.94,3.51,9.54,-1.60,-1.91,224
28160,2,96.15,37.04,90.15,-6.06,-15.07,0.00,-0.62,4.81,-2.88,-2.78,3.94,3.51,9.48,-2.83,-1.85,224
28180,2,95.80,22.69,90.21,-5.65,-13.12,0.00,-0.76,4.68,-5.90,-5.80,3.94,3.51,9.34,-5.85,-1.79,224
28200,2,94.92,4.56,90.22,-4.71,-9.78,0.00,-0.99,4.46,-8.69,-8.61,3.94,3.51,9.12,-8.65,-1.78,224
28220,2,93.87,-10.53,90.16,-3.65,-6.46,0.00,-1.27,4.18,-9.60,-9.63,3.94,3.51,8.84,-9.62,-1.84,224
28241,2,93.55,-11.06,90.10,-3.39,-5.89,0.00,-1.55,3.89,-8.64,-8.79,3.94,3.51,8.56,-8.72,-1.90,224
28259,2,94.59,8.06,90.12,-4.49,-9.63,0.00,-1.77,3.67,-6.16,-6.13,3.94,3.51,8.33,-6.14,-1.88,224
28279,2,96.29,31.02,90.18,-6.17,-14.81,0.00,-1.91,3.53,-3.93,-3.86,3.94,3.51,8.19,-3.89,-1.82,224
28300,2,97.38,38.93,90.24,-7.20,-17.51,0.00,-2.02,3.42,-3.92,-3.90,3.94,3.51,8.08,-3.91,-1.76,224
28320,2,97.75,34.12,90.30,-7.50,-17.74,0.00,-2.19,3.26,-6.72,-6.78,3.94,3.51,7.92,-6.75,-1.70,224
28340,2,97.11,16.56,90.36,-6.80,-14.93,0.00,-2.44,3.00,-9.79,-9.67,3.94,3.51,7.66,-9.73,-1.64,224
28360,2,96.22,0.62,90.42,-5.86,-11.77,0.00,-2.78,2.67,-11.50,-11.58,3.94,3.51,7.33,-11.54,-1.58,224
28380,2,95.69,-5.89,90.38,-5.26,-10.06,0.00,-3.13,2.32,-11.37,-11.45,3.94,3.51,6.98,-11.41,-1.62,224
28399,2,96.13,3.57,90.44,-5.74,-11.77,0.00,-3.45,1.99,-9.63,-9.86,3.94,3.51,6.65,-9.74,-1.56,224
28420,2,97.82,27.85,90.50,-7.37,-16.98,0.00,-3.70,1.74,-7.38,-7.34,3.94,3.51,6.40,-7.36,-1.50,224
28441,2,99.49,45.08,90.56,-8.98,-21.57,0.00,-3.90,1.54,-6.20,-6.25,3.94,3.51,6.20,-6.22,-1.44,224
28459,2,100.49,48.40,90.62,-9.93,-23.74,0.00,-4.11,1.33,-8.16,-7.99,3.94,3.51,5.99,-8.08,-1.38,224
28480,2,100.60,37.63,90.68,-9.98,-22.97,0.00,-4.42,1.03,-11.35,-11.22,3.94,3.51,5.69,-11.29,-1.32,224
28500,2,99.82,17.51,90.74,-9.14,-19.67,0.00,-4.81,0.64,-14.05,-14.18,3.94,3.51,5.30,-14.11,-1.26,224
28519,2,98.97,2.23,90.80,-8.23,-16.64,0.00,-5.27,0.18,-15.38,-15.52,3.94,3.51,4.84,-15.45,-1.20,224
28540,2,98.78,0.59,90.86,-7.98,-16.01,0.00,-5.73,-0.29,-14.79,-15.00,3.94,3.51,4.37,-14.90,-1.14,224
28560,2,99.50,12.72,90.92,-8.63,-18.29,0.00,-6.15,-0.71,-12.71,-12.69,3.94,3.51,3.95,-12.70,-1.08,224
28580,2,101.43,38.44,90.98,-10.51,-24.09,0.00,-6.49,-1.05,-10.46,-10.37,3.94,3.51,3.61,-10.42,-1.02,232
28600,2,103.38,57.00,91.04,-12.39,-25.00,0.00,-6.80,-1.36,-10.22,-10.20,3.94,3.51,3.30,-10.21,-0.96,232
28620,2,104.58,60.20,91.10,-13.54,-25.00,0.00,-7.14,-1.70,-12.54,-12.52,3.94,3.51,2.96,-12.53,-0.90,232
28641,2,105.51,58.81,91.16,-14.40,-25.00,0.00,-7.57,-2.13,-15.47,-15.59,3.94,3.51,2.53,-15.53,-0.84,232
28658,2,106.89,55.28,91.22,-15.72,-25.00,0.00,-8.05,-2.62,-15.86,-16.83,3.94,3.51,2.05,-16.35,-0.78,232
28681,2,107.52,37.25,91.27,-16.30,-25.00,0.00,-8.57,-3.13,-17.93,-16.72,3.94,3.52,1.53,-17.33,-0.72,232
28699,2,106.78,11.52,91.32,-15.51,-25.00,0.00,-8.97,-3.52,-17.02,-16.46,3.94,3.52,1.14,-16.74,-0.66,232
28720,2,105.66,-14.55,91.39,-14.34,-25.00,0.00,-9.55,-4.11,-14.99,-15.48,3.94,3.52,0.55,-15.23,-0.60,232
28740,2,103.94,-36.88,91.46,-12.54,-22.14,0.00,-10.04,-4.59,-16.45,-16.66,3.94,3.51,0.07,-16.56,-0.54,224
28760,2,101.76,-58.83,91.52,-10.30,-15.89,0.00,-10.53,-5.09,-16.06,-16.31,3.93,3.51,-0.43,-16.18,-0.48,224
28779,2,99.26,-79.42,91.58,-7.74,-9.12,0.00,-11.02,-5.59,-16.21,-16.31,3.93,3.51,-0.92,-16.26,-0.42,224
28800,2,97.57,-83.50,91.52,-5.99,-5.30,0.00,-11.50,-6.06,-15.21,-14.43,3.93,3.51,-1.40,-14.82,-0.48,224
28820,2,97.71,-62.32,91.46,-6.19,-7.39,0.00,-11.89,-6.43,-10.59,-10.33,3.93,3.51,-1.78,-10.46,-0.54,224
28841,2,98.62,-37.68,91.40,-7.15,-11.29,0.00,-12.13,-6.68,-5.94,-6.11,3.93,3.51,-2.02,-6.02,-0.60,224
28859,2,99.28,-21.68,91.46,-7.88,-14.02,0.00,-12.27,-6.82,-4.11,-4.21,3.94,3.51,-2.16,-4.16,-0.54,224
28880,2,98.85,-22.52,91.52,-7.39,-12.98,0.00,-12.40,-6.96,-4.94,-5.01,3.94,3.51,-2.30,-4.98,-0.48,224
28900,2,97.15,-38.49,91.46,-5.63,-8.19,0.00,-12.60,-7.16,-7.74,-7.96,3.94,3.51,-2.50,-7.85,-0.54,224
28919,2,95.33,-52.52,91.40,-3.87,-3.54,0.00,-12.88,-7.44,-9.75,-9.84,3.94,3.51,-2.78,-9.80,-0.60,224
28940,2,94.23,-52.89,91.34,-2.82,-1.42,0.00,-13.17,-7.72,-9.11,-8.98,3.94,3.51,-3.06,-9.05,-0.66,224
28960,2,94.34,-37.69,91.28,-3.00,-2.98,0.00,-13.39,-7.94,-5.58,-5.45,3.94,3.51,-3.28,-5.52,-0.72,224
28980,2,95.46,-17.44,91.22,-4.18,-6.97,0.00,-13.50,-8.05,-2.39,-2.22,3.94,3.51,-3.39,-2.30,-0.78,224
29000,2,96.05,-9.62,91.16,-4.83,-8.89,0.00,-13.54,-8.09,-1.20,-1.18,3.94,3.51,-3.43,-1.19,-0.84,224
29020,2,95.11,-20.92,91.10,-3.95,-6.23,0.00,-13.58,-8.14,-2.13,-2.21,3.94,3.51,-3.48,-2.17,-0.90,224
29040,2,93.23,-40.30,91.04,-2.13,-1.04,0.00,-13.69,-8.25,-4.73,-4.82,3.94,3.51,-3.59,-4.77,-0.96,224
29060,2,91.27,-55.73,90.98,-0.23,4.00,0.00,-13.86,-8.42,-6.07,-5.96,3.94,3.51,-3.76,-6.01,-1.02,224
29080,2,90.28,-53.10,90.92,0.70,5.65,0.00,-14.03,-8.58,-4.55,-4.72,3.94,3.51,-3.92,-4.63,-1.08,224
29100,2,91.22,-25.89,90.86,-0.30,1.47,0.00,-14.10,-8.65,-0.05,-0.10,3.94,3.51,-3.99,-0.07,-1.14,224
29120,2,92.58,-2.11,90.80,-1.71,-3.26,0.00,-14.06,-8.61,2.34,2.50,3.94,3.51,-3.95,2.42,-1.20,224
29140,2,93.47,8.18,90.74,-2.67,-6.00,0.00,-13.97,-8.52,2.71,2.99,3.94,3.51,-3.86,2.85,-1.26,224
29160,2,93.04,-1.30,90.68,-2.30,-4.49,0.00,-13.91,-8.46,1.01,0.11,3.94,3.51,-3.81,0.56,-1.32,224
29180,2,91.24,-24.76,90.62,-0.56,0.85,0.00,-13.94,-8.50,-2.10,-2.38,3.94,3.51,-3.84,-2.24,-1.38,224
29200,2,89.45,-41.84,90.56,1.17,5.69,0.00,-14.04,-8.60,-3.95,-3.86,3.94,3.51,-3.94,-3.91,-1.44,224
29220,2,88.42,-42.83,90.50,2.14,7.70,0.00,-14.15,-8.71,-3.14,-2.87,3.94,3.51,-4.05,-3.00,-1.50,224
29241,2,88.88,-22.29,90.44,1.63,5.04,0.00,-14.18,-8.73,0.67,0.84,3.94,3.51,-4.07,0.75,-1.56,224
29259,2,90.50,7.94,90.38,-0.06,-0.75,0.00,-14.10,-8.65,3.58,3.48,3.94,3.51,-4.00,3.53,-1.62,224
29280,2,92.14,27.42,90.32,-1.75,-5.70,0.00,-13.97,-8.53,4.65,4.24,3.94,3.51,-3.87,4.44,-1.68,224
29299,2,91.91,15.86,90.26,-1.59,-4.44,0.00,-13.85,-8.41,2.93,3.17,3.94,3.51,-3.75,3.05,-1.74,224
29320,2,90.60,-5.95,90.20,-0.34,-0.21,0.00,-13.83,-8.38,-0.96,-0.75,3.94,3.51,-3.72,-0.85,-1.80,224
29340,2,88.99,-26.34,90.14,1.21,4.52,0.00,-13.90,-8.45,-3.05,-3.21,3.94,3.51,-3.79,-3.13,-1.86,224
29360,2,87.90,-33.23,90.08,2.24,7.15,0.00,-14.00,-8.55,-2.90,-3.18,3.94,3.51,-3.89,-3.04,-1.92,224
29380,2,88.48,-14.14,90.02,1.60,4.33,0.00,-14.04,-8.60,0.37,0.37,3.94,3.51,-3.93,0.37,-1.98,224
29400,2,89.58,7.29,89.96,0.44,0.31,0.00,-13.98,-8.54,2.97,3.14,3.94,3.51,-3.88,3.06,-2.04,224
29419,2,91.21,29.01,89.90,-1.24,-4.81,0.00,-13.87,-8.42,4.06,4.15,3.94,3.51,-3.76,4.11,-2.10,224
29440,2,92.02,31.44,89.84,-2.12,-6.75,0.00,-13.76,-8.31,3.13,2.96,3.94,3.51,-3.65,3.04,-2.16,224
29460,2,91.20,11.64,89.78,-1.36,-3.65,0.00,-13.72,-8.28,-0.65,-0.50,3.94,3.51,-3.62,-0.57,-2.22,224
29480,2,89.83,-10.26,89.72,-0.05,0.72,0.00,-13.79,-8.34,-3.00,-3.06,3.94,3.51,-3.68,-3.03,-2.28,224
29500,2,88.44,-26.35,89.66,1.29,4.68,0.00,-13.90,-8.45,-3.75,-3.84,3.94,3.51,-3.79,-3.80,-2.34,224
29520,2,88.16,-21.75,89.60,1.50,4.74,0.00,-13.99,-8.55,-2.52,-2.59,3.94,3.51,-3.89,-2.56,-2.40,224
29540,2,89.23,0.35,89.54,0.37,0.71,0.00,-14.01,-8.57,0.92,0.89,3.94,3.51,-3.91,0.91,-2.46,240
29560,2,90.62,19.94,89.48,-1.08,-3.76,0.00,-13.95,-8.50,2.84,2.93,3.94,3.51,-3.84,2.89,-2.52,224
29580,2,91.76,28.59,89.42,-2.28,-6.85,0.00,-13.86,-8.41,2.59,2.78,3.94,3.51,-3.75,2.68,-2.58,224
29600,2,91.68,18.10,89.36,-2.26,-5.96,0.00,-13.82,-8.37,-0.09,-0.01,3.94,3.51,-3.71,-0.05,-2.64,224
29620,2,90.35,-5.36,89.30,-0.99,-1.55,0.00,-13.86,-8.41,-2.46,-2.40,3.94,3.51,-3.75,-2.43,-2.70,224
29640,2,88.73,-25.95,89.24,0.58,3.23,0.00,-13.96,-8.52,-3.97,-4.32,3.94,3.51,-3.86,-4.14,-2.76,224
29660,2,87.72,-31.56,89.18,1.52,5.57,0.00,-14.08,-8.65,-3.80,-3.99,3.94,3.51,-3.98,-3.89,-2.82,224
29679,2,88.04,-16.98,89.12,1.14,3.64,0.00,-14.16,-8.72,-0.72,-0.36,3.94,3.51,-4.05,-0.54,-2.88,224
29700,2,89.49,7.26,89.06,-0.37,-1.32,0.00,-14.13,-8.68,2.09,2.34,3.94,3.51,-4.02,2.21,-2.94,224
29720,2,90.78,21.77,89.00,-1.72,-5.18,0.00,-14.04,-8.59,3.09,3.13,3.94,3.51,-3.93,3.11,-3.00,224
29740,2,90.90,15.39,88.94,-1.89,-5.02,0.00,-13.96,-8.51,2.28,2.24,3.94,3.51,-3.85,2.26,-3.06,224
29761,2,89.81,-4.61,88.88,-0.87,-1.37,0.00,-13.95,-8.50,-1.12,-1.12,3.94,3.51,-3.84,-1.12,-3.12,224
29779,2,88.22,-25.25,88.82,0.67,3.35,0.00,-14.01,-8.58,-2.97,-3.10,3.94,3.51,-3.91,-3.03,-3.18,224
29799,2,86.92,-35.54,88.76,1.90,6.64,0.00,-14.11,-8.68,-3.25,-3.25,3.94,3.51,-4.01,-3.25,-3.24,224
29820,2,87.51,-17.31,88.70,1.25,3.88,0.00,-14.18,-8.73,-0.69,-0.21,3.94,3.51,-4.07,-0.45,-3.30,224
29840,2,88.57,2.57,88.64,0.14,0.07,0.00,-14.15,-8.70,2.17,2.28,3.94,3.51,-4.04,2.23,-3.36,240
29860,2,89.82,18.49,88.58,-1.18,-3.84,0.00,-14.05,-8.60,3.53,3.30,3.94,3.51,-3.94,3.42,-3.42,224
29881,2,90.12,15.95,88.52,-1.54,-4.36,0.00,-13.95,-8.51,2.65,2.73,3.94,3.51,-3.85,2.69,-3.48,224
29899,2,89.06,-2.58,88.46,-0.54,-0.87,0.00,-13.93,-8.48,-0.38,-0.27,3.94,3.51,-3.82,-0.32,-3.54,240
29920,2,87.71,-20.38,88.40,0.75,3.14,0.00,-13.98,-8.53,-2.28,-2.37,3.94,3.51,-3.87,-2.33,-3.60,224
29939,2,86.59,-29.55,88.34,1.81,5.99,0.00,-14.05,-8.61,-2.42,-2.65,3.94,3.51,-3.95,-2.53,-3.66,224
29960,2,86.41,-22.48,88.28,1.93,5.66,0.00,-14.10,-8.66,-0.28,-0.06,3.94,3.51,-4.00,-0.17,-3.72,224
29980,2,87.42,-0.50,88.22,0.86,1.77,0.00,-14.07,-8.62,2.16,2.15,3.94,3.51,-3.96,2.16,-3.78,224
30000,2,88.72,18.54,88.16,-0.50,-2.48,0.00,-13.98,-8.53,3.60,3.57,3.94,3.51,-3.87,3.58,-3.84,224
30020,2,89.61,24.46,88.10,-1.44,-4.85,0.00,-13.86,-8.42,3.54,3.42,3.94,3.51,-3.76,3.48,-3.90,224
30040,2,89.28,12.60,88.04,-1.18,-3.36,0.00,-13.80,-8.35,0.71,0.85,3.94,3.51,-3.69,0.78,-3.96,224
30059,2,88.00,-8.38,87.98,0.04,0.75,0.00,-13.82,-8.37,-1.79,-1.74,3.94,3.51,-3.71,-1.76,-4.02,224
30080,2,86.66,-24.53,87.92,1.32,4.60,0.00,-13.89,-8.45,-2.71,-2.88,3.94,3.51,-3.79,-2.79,-4.08,224
30100,2,86.40,-20.80,87.86,1.52,4.71,0.00,-13.97,-8.53,-2.06,-2.14,3.94,3.51,-3.87,-2.10,-4.14,224
30120,2,86.98,-6.35,87.80,0.88,2.28,0.00,-13.99,-8.55,0.74,0.73,3.94,3.51,-3.88,0.74,-4.20,224
30140,2,88.08,11.84,87.74,-0.27,-1.50,0.00,-13.93,-8.48,2.60,2.75,3.94,3.51,-3.82,2.68,-4.26,224
30161,2,89.09,23.19,87.68,-1.35,-4.55,0.00,-13.84,-8.39,2.85,3.01,3.94,3.51,-3.73,2.93,-4.32,224
30179,2,88.94,14.33,87.62,-1.26,-3.67,0.00,-13.77,-8.32,1.42,0.94,3.94,3.51,-3.66,1.18,-4.38,224
30199,2,88.09,-0.94,87.56,-0.47,-0.86,0.00,-13.78,-8.34,-1.34,-1.36,3.94,3.51,-3.68,-1.35,-4.44,240
30220,2,87.00,-15.68,87.50,0.56,2.37,0.00,-13.84,-8.40,-2.45,-2.40,3.94,3.51,-3.74,-2.43,-4.50,224
30240,2,86.33,-19.75,87.44,1.17,3.92,0.00,-13.92,-8.48,-2.41,-2.33,3.94,3.51,-3.82,-2.37,-4.56,224
30260,2,86.73,-8.40,87.38,0.71,2.09,0.00,-13.96,-8.52,-0.05,-0.01,3.94,3.51,-3.86,-0.03,-4.62,224
30281,2,87.48,5.13,87.32,-0.09,-0.60,0.00,-13.93,-8.49,1.49,1.58,3.94,3.51,-3.83,1.54,-4.68,224
30299,2,88.36,16.59,87.26,-1.04,-3.40,0.00,-13.87,-8.43,2.09,2.20,3.94,3.51,-3.77,2.14,-4.74,224
30319,2,88.58,14.74,87.20,-1.31,-3.81,0.00,-13.82,-8.37,1.51,1.51,3.94,3.51,-3.71,1.51,-4.80,224
30340,2,87.94,2.12,87.14,-0.74,-1.65,0.00,-13.81,-8.37,-0.86,-0.67,3.94,3.51,-3.71,-0.76,-4.86,224
30360,2,87.12,-9.58,87.08,0.02,0.81,0.00,-13.86,-8.41,-2.03,-1.99,3.94,3.51,-3.75,-2.01,-4.92,224
30380,2,86.37,-17.05,87.02,0.72,2.80,0.00,-13.93,-8.48,-2.21,-2.37,3.94,3.51,-3.82,-2.29,-4.98,224
30400,2,86.33,-12.42,86.96,0.69,2.38,0.00,-13.98,-8.54,-1.25,-1.24,3.94,3.51,-3.88,-1.25,-5.04,224
30420,2,87.02,1.25,86.90,-0.06,-0.22,0.00,-13.98,-8.54,0.79,0.91,3.94,3.51,-3.88,0.85,-5.10,240
30439,2,87.79,11.45,86.84,-0.89,-2.69,0.00,-13.94,-8.49,1.51,1.57,3.94,3.51,-3.84,1.54,-5.16,224
30460,2,87.86,8.42,86.78,-1.02,-2.71,0.00,-13.90,-8.45,1.20,1.45,3.94,3.51,-3.79,1.33,-5.22,224
30481,2,87.46,0.07,86.72,-0.68,-1.36,0.00,-13.88,-8.44,-0.32,-0.40,3.94,3.51,-3.78,-0.36,-5.28,224
30499,2,86.68,-10.58,86.66,0.04,0.93,0.00,-13.91,-8.47,-1.46,-1.67,3.94,3.51,-3.81,-1.57,-5.34,224
30520,2,85.94,-17.69,86.60,0.72,2.85,0.00,-13.96,-8.52,-1.60,-1.79,3.94,3.51,-3.86,-1.70,-5.40,224
30540,2,86.02,-11.57,86.54,0.58,2.09,0.00,-14.01,-8.56,-0.95,-0.55,3.94,3.51,-3.90,-0.75,-5.46,224
30560,2,86.46,-2.02,86.48,0.08,0.32,0.00,-14.00,-8.56,0.77,0.99,3.94,3.51,-3.90,0.88,-5.52,240
30579,2,87.03,6.10,86.42,-0.55,-1.59,0.00,-13.97,-8.52,1.35,1.57,3.94,3.51,-3.86,1.46,-5.58,224
30600,2,87.25,6.40,86.37,-0.82,-2.16,0.00,-13.92,-8.48,1.26,1.35,3.94,3.51,-3.82,1.30,-5.63,224
30620,2,86.79,-1.36,86.31,-0.42,-0.73,0.00,-13.90,-8.46,-0.19,-0.14,3.94,3.51,-3.80,-0.16,-5.69,240
30640,2,86.17,-9.20,86.25,0.14,1.01,0.00,-13.92,-8.48,-0.76,-0.86,3.94,3.51,-3.82,-0.81,-5.75,224
30660,2,85.54,-14.98,86.19,0.71,2.61,0.00,-13.95,-8.51,-1.24,-1.34,3.94,3.51,-3.85,-1.29,-5.81,224
30680,2,85.36,-12.78,86.25,0.83,2.68,0.00,-13.98,-8.54,-0.79,-0.38,3.94,3.51,-3.88,-0.59,-5.75,224
30699,2,85.75,-3.12,86.19,0.50,1.25,0.00,-13.98,-8.53,0.72,0.86,3.94,3.51,-3.87,0.79,-5.81,224
30720,2,86.32,6.21,86.13,-0.13,-0.76,0.00,-13.94,-8.49,1.58,1.36,3.94,3.51,-3.83,1.47,-5.87,224
30740,2,86.81,11.20,86.19,-0.68,-2.25,0.00,-13.89,-8.45,1.67,1.46,3.94,3.51,-3.79,1.57,-5.81,224
30760,2,86.81,7.76,86.13,-0.62,-1.86,0.00,-13.85,-8.41,0.68,0.48,3.94,3.51,-3.75,0.58,-5.87,224
30780,2,86.34,-0.69,86.07,-0.21,-0.36,0.00,-13.86,-8.42,-0.79,-0.70,3.94,3.51,-3.76,-0.75,-5.93,240
30800,2,85.82,-7.53,86.01,0.25,1.10,0.00,-13.89,-8.45,-1.15,-1.01,3.94,3.51,-3.79,-1.08,-5.99,224
30820,2,85.46,-10.19,85.97,0.55,1.92,0.00,-13.92,-8.48,-1.06,-0.93,3.94,3.51,-3.82,-0.99,-6.03,224
30839,2,85.46,-6.90,85.96,0.51,1.56,0.00,-13.95,-8.50,-0.12,-0.21,3.94,3.51,-3.84,-0.17,-6.04,224
30860,2,85.92,1.90,85.90,0.04,-0.07,0.00,-13.93,-8.49,0.69,0.61,3.94,3.51,-3.83,0.65,-6.10,240
30881,2,86.41,8.70,85.96,-0.51,-1.71,0.00,-13.90,-8.46,1.19,0.90,3.94,3.51,-3.80,1.04,-6.04,224
30899,2,86.63,9.49,86.02,-0.67,-2.10,0.00,-13.87,-8.43,1.09,1.05,3.94,3.51,-3.77,1.07,-5.98,224
30920,2,86.40,4.38,85.96,-0.38,-1.12,0.00,-13.87,-8.42,-0.43,-0.35,3.94,3.51,-3.76,-0.39,-6.04,224
30940,2,86.07,-1.23,85.90,-0.11,-0.13,0.00,-13.89,-8.44,-0.82,-0.79,3.94,3.51,-3.78,-0.80,-6.10,240
30959,2,85.75,-5.06,85.84,0.15,0.70,0.00,-13.92,-8.47,-1.10,-1.15,3.94,3.51,-3.81,-1.12,-6.16,224
30980,2,85.70,-3.77,85.78,0.13,0.57,0.00,-13.95,-8.50,-1.04,-0.87,3.94,3.51,-3.84,-0.95,-6.22,240
31000,2,85.89,0.47,85.72,-0.11,-0.26,0.00,-13.96,-8.51,0.12,0.18,3.94,3.51,-3.85,0.15,-6.28,240
31020,2,86.10,3.28,85.78,-0.38,-1.02,0.00,-13.95,-8.51,0.16,0.21,3.94,3.51,-3.85,0.19,-6.22,224
31040,2,86.21,3.75,85.83,-0.43,-1.16,0.00,-13.95,-8.50,0.03,0.12,3.94,3.51,-3.84,0.08,-6.17,224
31060,2,86.19,2.40,85.77,-0.36,-0.92,0.00,-13.95,-8.50,-0.10,-0.12,3.94,3.51,-3.84,-0.11,-6.23,240
31080,2,86.08,0.12,85.71,-0.31,-0.64,0.00,-13.96,-8.51,-0.31,-0.48,3.94,3.51,-3.85,-0.40,-6.29,240
31100,2,85.84,-3.25,85.65,-0.14,-0.01,0.00,-13.97,-8.53,-0.67,-0.60,3.94,3.51,-3.87,-0.63,-6.35,240
31120,2,85.64,-5.04,85.59,0.01,0.43,0.00,-14.00,-8.55,-0.86,-0.78,3.94,3.51,-3.89,-0.82,-6.41,224
31140,2,85.67,-3.07,85.53,-0.08,0.08,0.00,-14.01,-8.56,-0.45,-0.26,3.94,3.51,-3.91,-0.35,-6.47,240
31160,2,85.76,-1.27,85.59,-0.23,-0.35,0.00,-14.02,-8.57,0.11,-0.15,3.94,3.51,-3.91,-0.02,-6.41,240
31180,2,85.78,-1.01,85.56,-0.19,-0.31,0.00,-14.01,-8.57,0.12,-0.04,3.94,3.51,-3.91,0.04,-6.43,240
31200,2,85.74,-1.66,85.53,-0.17,-0.21,0.00,-14.01,-8.57,-0.04,-0.10,3.94,3.51,-3.91,-0.07,-6.47,240
31219,2,85.62,-2.79,85.47,-0.09,0.04,0.00,-14.02,-8.57,-0.15,-0.10,3.94,3.51,-3.91,-0.12,-6.53,240
31240,2,85.46,-4.11,85.41,0.01,0.35,0.00,-14.02,-8.58,-0.20,-0.23,3.94,3.51,-3.92,-0.22,-6.59,224
31260,2,85.39,-3.74,85.37,0.02,0.34,0.00,-14.03,-8.59,-0.17,-0.18,3.94,3.51,-3.92,-0.17,-6.63,240
31280,2,85.37,-2.87,85.37,0.00,0.24,0.00,-14.03,-8.59,0.11,0.06,3.94,3.51,-3.93,0.09,-6.63,240
31300,2,85.37,-1.98,85.36,-0.00,0.15,0.00,-14.03,-8.58,0.07,0.15,3.94,3.51,-3.92,0.11,-6.64,240
31320,2,85.38,-1.08,85.37,-0.03,0.03,0.00,-14.02,-8.58,0.17,0.27,3.94,3.51,-3.92,0.22,-6.63,240
31339,2,85.39,-0.64,85.35,-0.01,0.03,0.00,-14.02,-8.57,0.23,0.12,3.94,3.51,-3.91,0.18,-6.65,240
31360,2,85.35,-0.89,85.33,0.00,0.08,0.00,-14.01,-8.57,0.17,0.07,3.94,3.51,-3.91,0.12,-6.67,240
31380,2,85.28,-1.37,85.36,0.06,0.22,0.00,-14.01,-8.57,0.01,0.03,3.94,3.51,-3.91,0.02,-6.64,240
31401,2,85.24,-1.35,85.41,0.13,0.36,0.00,-14.01,-8.57,-0.00,0.05,3.94,3.51,-3.91,0.02,-6.59,240
31419,2,85.25,-0.58,85.44,0.17,0.38,0.00,-14.01,-8.56,0.03,0.14,3.94,3.51,-3.90,0.08,-6.56,240
31440,2,85.30,0.42,85.42,0.14,0.26,0.00,-14.01,-8.56,0.22,0.16,3.94,3.51,-3.90,0.19,-6.58,240
31460,2,85.33,0.82,85.37,0.09,0.11,0.00,-14.00,-8.55,0.33,0.16,3.94,3.51,-3.89,0.24,-6.63,240
31479,2,85.34,0.73,85.31,0.03,-0.00,0.00,-13.99,-8.55,0.06,0.15,3.94,3.51,-3.89,0.11,-6.69,240
31500,2,85.36,1.04,85.32,-0.06,-0.20,0.00,-13.99,-8.54,0.15,0.28,3.94,3.51,-3.88,0.21,-6.68,240
31520,2,85.36,0.82,85.29,-0.03,-0.13,0.00,-13.99,-8.54,0.07,0.18,3.94,3.51,-3.88,0.12,-6.71,240
31540,2,85.30,0.04,85.26,-0.01,-0.03,0.00,-13.99,-8.53,0.01,-0.06,3.94,3.51,-3.88,-0.03,-6.74,240
31560,2,85.25,-0.56,85.24,0.01,0.06,0.00,-13.99,-8.54,-0.04,-0.16,3.94,3.51,-3.88,-0.10,-6.76,240
31580,2,85.21,-0.78,85.26,0.03,0.13,0.00,-13.99,-8.54,-0.00,-0.13,3.94,3.51,-3.88,-0.07,-6.74,240
31599,2,85.20,-0.56,85.27,0.05,0.15,0.00,-13.99,-8.54,0.00,-0.02,3.94,3.51,-3.88,-0.01,-6.73,240
31620,2,85.21,-0.19,85.26,0.06,0.13,0.00,-13.99,-8.54,-0.02,-0.00,3.94,3.51,-3.88,-0.01,-6.74,240
31640,2,85.23,0.23,85.23,0.03,0.05,0.00,-13.99,-8.54,0.01,0.05,3.94,3.51,-3.88,0.03,-6.77,240
31660,2,85.27,0.80,85.23,-0.03,-0.13,0.00,-13.99,-8.54,0.05,0.09,3.94,3.51,-3.88,0.07,-6.77,240
31680,2,85.30,1.03,85.25,-0.07,-0.22,0.00,-13.98,-8.54,0.10,0.09,3.94,3.51,-3.88,0.10,-6.75,240
31700,2,85.28,0.60,85.20,-0.03,-0.11,0.00,-13.98,-8.53,0.02,-0.03,3.94,3.51,-3.88,-0.01,-6.80,240
31719,2,85.25,0.13,85.21,-0.05,-0.10,0.00,-13.98,-8.54,-0.02,-0.11,3.94,3.51,-3.88,-0.06,-6.79,240
31740,2,85.21,-0.33,85.16,-0.00,0.02,0.00,-13.98,-8.54,-0.05,-0.10,3.94,3.51,-3.88,-0.07,-6.84,240
31760,2,85.19,-0.34,85.17,-0.03,-0.04,0.00,-13.99,-8.54,-0.02,-0.13,3.94,3.51,-3.88,-0.08,-6.83,240
31780,2,85.21,0.12,85.17,-0.04,-0.09,0.00,-13.99,-8.55,-0.00,-0.03,3.94,3.51,-3.89,-0.02,-6.83,240
31801,2,85.23,0.34,85.18,-0.06,-0.14,0.00,-13.99,-8.55,-0.03,0.04,3.94,3.51,-3.89,0.01,-6.82,240
31819,2,85.23,0.31,85.16,-0.05,-0.12,0.00,-13.99,-8.55,-0.01,-0.04,3.94,3.51,-3.89,-0.03,-6.84,240
31840,2,85.22,0.18,85.16,-0.06,-0.13,0.00,-13.99,-8.55,-0.08,-0.00,3.94,3.51,-3.89,-0.04,-6.84,240
31859,2,85.20,-0.08,85.14,-0.04,-0.07,0.00,-13.99,-8.55,-0.03,-0.08,3.94,3.51,-3.89,-0.06,-6.86,240
31880,2,85.18,-0.30,85.13,-0.04,-0.06,0.00,-14.00,-8.55,-0.11,-0.07,3.94,3.51,-3.89,-0.09,-6.87,240
31900,2,85.16,-0.50,85.11,-0.03,-0.01,0.00,-14.00,-8.55,-0.13,-0.09,3.94,3.51,-3.89,-0.11,-6.89,240
31920,2,85.13,-0.66,85.10,-0.03,-0.00,0.00,-14.00,-8.56,-0.15,-0.04,3.94,3.51,-3.90,-0.10,-6.90,240
31940,2,85.11,-0.75,85.08,-0.02,0.03,0.00,-14.00,-8.56,-0.09,-0.06,3.94,3.51,-3.90,-0.07,-6.92,240
31960,2,85.11,-0.67,85.08,-0.03,0.00,0.00,-14.01,-8.56,-0.01,-0.02,3.94,3.51,-3.90,-0.01,-6.92,240
31979,2,85.10,-0.55,85.07,-0.02,0.01,0.00,-14.01,-8.56,-0.03,0.05,3.94,3.51,-3.90,0.01,-6.93,240
32000,2,85.09,-0.45,85.06,-0.02,-0.01,0.00,-14.01,-8.56,-0.01,0.04,3.94,3.51,-3.90,0.02,-6.94,240
32020,2,85.08,-0.41,85.05,-0.01,0.00,0.00,-14.01,-8.56,0.02,0.02,3.94,3.51,-3.90,0.02,-6.95,240
32040,2,85.07,-0.33,85.05,-0.02,-0.02,0.00,-14.01,-8.56,0.02,-0.01,3.94,3.51,-3.90,0.00,-6.95,240
32060,2,85.06,-0.28,85.03,-0.02,-0.01,0.00,-14.01,-8.56,0.00,-0.02,3.94,3.51,-3.90,-0.01,-6.97,240
32080,2,85.06,-0.22,85.03,-0.03,-0.03,0.00,-14.01,-8.56,-0.01,-0.01,3.94,3.51,-3.90,-0.01,-6.97,240
32100,2,85.05,-0.18,85.01,-0.02,-0.02,0.00,-14.01,-8.56,-0.05,-0.06,3.94,3.51,-3.90,-0.05,-6.99,240
32119,2,85.04,-0.19,85.01,-0.03,-0.04,0.00,-14.01,-8.56,-0.02,0.00,3.94,3.51,-3.90,-0.01,-6.99,240
32140,2,85.02,-0.30,84.99,-0.01,0.00,0.00,-14.01,-8.56,-0.00,-0.04,3.94,3.51,-3.90,-0.02,-7.01,240
32160,2,85.01,-0.29,84.99,-0.02,-0.02,0.00,-14.01,-8.56,-0.03,-0.00,3.94,3.51,-3.90,-0.01,-7.01,240
32180,2,85.00,-0.21,84.98,-0.01,-0.01,0.00,-14.01,-8.56,-0.01,0.04,3.94,3.51,-3.90,0.01,-7.02,240
32200,2,85.00,-0.20,84.97,-0.02,-0.03,0.00,-14.01,-8.56,-0.00,-0.06,3.94,3.51,-3.90,-0.03,-7.03,240
32220,2,84.99,-0.16,84.96,-0.02,-0.03,0.00,-14.01,-8.57,-0.06,-0.02,3.94,3.51,-3.91,-0.04,-7.04,240
32239,2,84.99,-0.06,84.96,-0.03,-0.06,0.00,-14.01,-8.57,0.02,-0.02,3.94,3.51,-3.91,-0.00,-7.04,240
32260,2,84.99,-0.11,84.95,-0.02,-0.04,0.00,-14.01,-8.57,0.02,-0.04,3.94,3.51,-3.91,-0.01,-7.05,240
32280,2,84.98,-0.20,84.94,-0.03,-0.04,0.00,-14.01,-8.57,-0.07,0.01,3.94,3.51,-3.91,-0.03,-7.06,240
32300,2,84.97,-0.24,84.93,-0.02,-0.03,0.00,-14.01,-8.57,-0.03,-0.07,3.94,3.51,-3.91,-0.05,-7.07,240
32320,2,84.96,-0.24,84.92,-0.03,-0.04,0.00,-14.01,-8.57,-0.02,-0.05,3.94,3.51,-3.91,-0.04,-7.08,240
32340,2,84.95,-0.24,84.91,-0.03,-0.03,0.00,-14.01,-8.57,-0.02,-0.05,3.94,3.51,-3.91,-0.04,-7.09,240
32359,2,84.94,-0.26,84.91,-0.03,-0.04,0.00,-14.02,-8.57,-0.05,-0.05,3.94,3.51,-3.91,-0.05,-7.09,240
32380,2,84.93,-0.34,84.89,-0.02,-0.01,0.00,-14.02,-8.57,-0.01,-0.02,3.94,3.51,-3.91,-0.01,-7.11,240
32400,2,84.92,-0.33,84.88,-0.03,-0.03,0.00,-14.02,-8.57,-0.04,-0.05,3.94,3.51,-3.91,-0.05,-7.12,240
32420,2,84.91,-0.32,84.88,-0.02,-0.02,0.00,-14.02,-8.57,-0.01,0.01,3.94,3.51,-3.91,0.00,-7.12,240
32440,2,84.90,-0.30,84.86,-0.02,-0.02,0.00,-14.02,-8.57,-0.07,-0.02,3.94,3.51,-3.91,-0.05,-7.14,240
32460,2,84.89,-0.28,84.86,-0.03,-0.03,0.00,-14.02,-8.57,-0.01,-0.02,3.94,3.51,-3.91,-0.02,-7.14,240
32480,2,84.88,-0.25,84.85,-0.02,-0.02,0.00,-14.02,-8.57,0.03,-0.03,3.94,3.51,-3.91,0.00,-7.15,240
32499,2,84.87,-0.26,84.84,-0.02,-0.02,0.00,-14.02,-8.57,-0.01,-0.03,3.94,3.51,-3.92,-0.02,-7.16,240
32520,2,84.86,-0.15,84.83,-0.03,-0.04,0.00,-14.02,-8.58,-0.04,-0.03,3.94,3.51,-3.92,-0.04,-7.17,240
32540,2,84.87,0.04,84.84,-0.04,-0.08,0.00,-14.02,-8.58,-0.03,0.00,3.94,3.51,-3.92,-0.01,-7.16,240
32560,2,84.87,0.11,84.83,-0.04,-0.09,0.00,-14.02,-8.58,0.01,0.02,3.94,3.51,-3.92,0.01,-7.17,240
32580,2,84.87,-0.04,84.81,-0.04,-0.07,0.00,-14.02,-8.58,-0.04,-0.06,3.94,3.51,-3.92,-0.05,-7.19,240
32600,2,84.85,-0.21,84.80,-0.04,-0.06,0.00,-14.02,-8.58,-0.10,-0.03,3.94,3.51,-3.92,-0.07,-7.20,240
32619,2,84.84,-0.35,84.79,-0.03,-0.04,0.00,-14.03,-8.58,-0.02,-0.05,3.94,3.51,-3.92,-0.04,-7.21,240
32640,2,84.83,-0.37,84.79,-0.04,-0.04,0.00,-14.03,-8.58,-0.01,-0.02,3.94,3.51,-3.92,-0.02,-7.21,240
32660,2,84.82,-0.38,84.78,-0.03,-0.03,0.00,-14.03,-8.58,0.02,0.01,3.94,3.51,-3.92,0.02,-7.22,240
32680,2,84.81,-0.36,84.77,-0.04,-0.05,0.00,-14.03,-8.59,-0.01,-0.02,3.94,3.51,-3.92,-0.02,-7.23,240
32700,2,84.81,-0.34,84.76,-0.04,-0.05,0.00,-14.03,-8.59,-0.03,-0.10,3.94,3.51,-3.93,-0.06,-7.24,240
32720,2,84.80,-0.34,84.75,-0.04,-0.05,0.00,-14.03,-8.59,-0.05,-0.03,3.94,3.51,-3.93,-0.04,-7.25,240
32740,2,84.79,-0.37,84.74,-0.04,-0.05,0.00,-14.03,-8.59,-0.01,-0.06,3.94,3.51,-3.93,-0.03,-7.25,240
32759,2,84.78,-0.44,84.73,-0.04,-0.04,0.00,-14.03,-8.59,-0.01,-0.00,3.94,3.51,-3.93,-0.01,-7.27,240
32780,2,84.76,-0.53,84.71,-0.03,-0.01,0.00,-14.03,-8.59,-0.04,-0.03,3.94,3.51,-3.93,-0.04,-7.29,240
32800,2,84.75,-0.47,84.72,-0.03,-0.03,0.00,-14.03,-8.59,-0.02,0.03,3.94,3.51,-3.93,0.01,-7.28,240
32820,2,84.74,-0.39,84.69,-0.03,-0.02,0.00,-14.04,-8.59,-0.07,-0.05,3.94,3.51,-3.93,-0.06,-7.30,240
32840,2,84.73,-0.32,84.70,-0.04,-0.05,0.00,-14.04,-8.59,0.00,-0.07,3.94,3.51,-3.93,-0.04,-7.30,240
32860,2,84.73,-0.24,84.68,-0.03,-0.04,0.00,-14.04,-8.59,-0.08,-0.01,3.94,3.51,-3.93,-0.04,-7.32,240
32879,2,84.73,-0.16,84.69,-0.04,-0.08,0.00,-14.04,-8.59,-0.02,-0.03,3.94,3.51,-3.93,-0.03,-7.31,240
32900,2,84.73,-0.03,84.68,-0.04,-0.08,0.00,-14.04,-8.59,0.02,-0.01,3.94,3.51,-3.93,0.01,-7.32,240
32920,2,84.73,0.00,84.67,-0.05,-0.10,0.00,-14.04,-8.59,-0.08,-0.04,3.94,3.51,-3.93,-0.06,-7.33,240
32940,2,84.72,0.01,84.66,-0.05,-0.10,0.00,-14.04,-8.60,-0.08,-0.02,3.94,3.51,-3.94,-0.05,-7.33,240
32960,2,84.72,-0.03,84.66,-0.05,-0.10,0.00,-14.04,-8.60,-0.04,-0.03,3.94,3.51,-3.94,-0.04,-7.34,240
32980,2,84.70,-0.17,84.64,-0.05,-0.08,0.00,-14.05,-8.60,-0.10,-0.09,3.94,3.51,-3.94,-0.09,-7.36,240
32999,2,84.70,-0.11,84.65,-0.06,-0.12,0.00,-14.05,-8.60,-0.12,-0.08,3.94,3.51,-3.94,-0.10,-7.35,240
33020,2,84.70,-0.10,84.63,-0.06,-0.10,0.00,-14.05,-8.60,-0.05,-0.05,3.94,3.51,-3.94,-0.05,-7.37,240
33040,2,84.70,-0.21,84.63,-0.06,-0.11,0.00,-14.05,-8.60,-0.09,-0.07,3.94,3.51,-3.95,-0.08,-7.37,240
33060,2,84.69,-0.33,84.61,-0.06,-0.09,0.00,-14.05,-8.61,-0.07,-0.09,3.94,3.51,-3.95,-0.08,-7.39,240
33080,2,84.66,-0.62,84.60,-0.05,-0.05,0.00,-14.06,-8.61,-0.06,-0.10,3.94,3.51,-3.95,-0.08,-7.40,240
33100,2,84.63,-1.04,84.57,-0.03,0.03,0.00,-14.06,-8.61,-0.10,-0.09,3.94,3.51,-3.95,-0.10,-7.43,240
33120,2,84.60,-1.19,84.56,-0.03,0.04,0.00,-14.06,-8.61,-0.07,-0.08,3.94,3.51,-3.96,-0.08,-7.44,240
33139,2,84.59,-1.05,84.55,-0.03,0.03,0.00,-14.06,-8.62,-0.00,-0.01,3.94,3.51,-3.96,-0.01,-7.45,240
33160,2,84.57,-1.00,84.54,-0.02,0.04,0.00,-14.06,-8.62,0.00,0.01,3.94,3.51,-3.96,0.01,-7.46,240
33180,2,84.55,-0.99,84.52,-0.02,0.05,0.00,-14.06,-8.62,-0.00,0.01,3.94,3.51,-3.96,0.00,-7.48,240
33200,2,84.54,-0.96,84.51,-0.01,0.05,0.00,-14.06,-8.62,0.03,-0.02,3.94,3.51,-3.96,0.00,-7.49,240
33220,2,84.52,-0.88,84.50,-0.01,0.05,0.00,-14.06,-8.62,0.01,-0.01,3.94,3.51,-3.96,-0.00,-7.50,240
33240,2,84.51,-0.80,84.49,-0.01,0.05,0.00,-14.06,-8.62,0.06,0.00,3.94,3.51,-3.96,0.03,-7.51,240
33259,2,84.49,-0.67,84.48,-0.00,0.05,0.00,-14.06,-8.62,-0.01,0.08,3.94,3.51,-3.96,0.04,-7.52,240
33280,2,84.49,-0.48,84.48,-0.01,0.02,0.00,-14.06,-8.61,0.00,0.01,3.94,3.51,-3.95,0.01,-7.52,240
33300,2,84.49,-0.31,84.47,-0.01,-0.00,0.00,-14.06,-8.61,0.08,0.01,3.94,3.51,-3.95,0.04,-7.53,240
33320,2,84.49,-0.21,84.46,-0.01,-0.01,0.00,-14.06,-8.61,0.01,-0.01,3.94,3.51,-3.95,0.00,-7.54,240
33340,2,84.48,-0.16,84.46,-0.02,-0.03,0.00,-14.06,-8.61,-0.01,-0.01,3.94,3.51,-3.95,-0.01,-7.54,240
33360,2,84.48,-0.09,84.45,-0.02,-0.04,0.00,-14.06,-8.61,0.02,0.00,3.94,3.51,-3.95,0.01,-7.55,240
33380,2,84.48,-0.02,84.45,-0.03,-0.06,0.00,-14.06,-8.61,0.07,-0.04,3.94,3.51,-3.95,0.01,-7.55,240
33400,2,84.48,-0.04,84.44,-0.03,-0.06,0.00,-14.06,-8.61,-0.01,0.04,3.94,3.51,-3.95,0.01,-7.56,240
33420,2,84.48,-0.08,84.44,-0.04,-0.07,0.00,-14.06,-8.61,-0.05,0.01,3.94,3.51,-3.95,-0.02,-7.56,240
33440,2,84.47,-0.21,84.42,-0.03,-0.05,0.00,-14.06,-8.61,-0.06,-0.04,3.94,3.51,-3.95,-0.05,-7.58,240
33460,2,84.45,-0.46,84.41,-0.03,-0.03,0.00,-14.06,-8.61,-0.11,-0.06,3.94,3.51,-3.95,-0.09,-7.59,240
33480,2,84.43,-0.76,84.39,-0.02,0.03,0.00,-14.06,-8.62,-0.04,-0.10,3.94,3.51,-3.96,-0.07,-7.61,240
33500,2,84.40,-0.93,84.37,-0.01,0.05,0.00,-14.06,-8.62,-0.04,-0.06,3.94,3.51,-3.96,-0.05,-7.63,240
33519,2,84.38,-0.93,84.36,-0.00,0.07,0.00,-14.06,-8.62,-0.04,-0.01,3.94,3.51,-3.96,-0.03,-7.64,240
33540,2,84.36,-0.89,84.35,-0.00,0.06,0.00,-14.06,-8.62,0.04,-0.04,3.94,3.51,-3.96,0.00,-7.65,240
33560,2,84.35,-0.86,84.34,0.01,0.08,0.00,-14.06,-8.62,0.04,0.01,3.94,3.51,-3.96,0.02,-7.66,240
33580,2,84.34,-0.73,84.34,0.01,0.07,0.00,-14.06,-8.62,-0.02,-0.03,3.94,3.51,-3.96,-0.03,-7.66,240
33600,2,84.33,-0.64,84.33,0.01,0.06,0.00,-14.06,-8.62,-0.03,0.03,3.94,3.51,-3.96,0.00,-7.67,240
33620,2,84.33,-0.45,84.32,0.00,0.04,0.00,-14.06,-8.62,0.10,0.06,3.94,3.51,-3.96,0.08,-7.68,240
33639,2,84.32,-0.33,84.31,-0.01,0.01,0.00,-14.06,-8.61,0.04,0.07,3.94,3.51,-3.95,0.06,-7.69,240
33660,2,84.31,-0.45,84.30,0.00,0.04,0.00,-14.06,-8.61,-0.00,0.02,3.94,3.51,-3.95,0.01,-7.70,240
33680,2,84.30,-0.56,84.29,0.00,0.05,0.00,-14.06,-8.61,0.00,0.02,3.94,3.51,-3.95,0.01,-7.71,240
33700,2,84.28,-0.70,84.29,0.01,0.08,0.00,-14.06,-8.61,0.02,0.02,3.94,3.51,-3.95,0.02,-7.71,240
33720,2,84.26,-0.73,84.30,0.03,0.11,0.00,-14.06,-8.61,-0.00,0.03,3.94,3.51,-3.95,0.01,-7.70,240
33740,2,84.25,-0.69,84.31,0.05,0.15,0.00,-14.06,-8.61,0.09,0.14,3.94,3.51,-3.95,0.11,-7.69,240
33759,2,84.24,-0.62,84.32,0.07,0.18,0.00,-14.05,-8.61,0.02,0.07,3.94,3.51,-3.95,0.04,-7.68,240
33779,2,84.25,-0.39,84.31,0.07,0.17,0.00,-14.05,-8.61,0.09,0.08,3.94,3.51,-3.95,0.09,-7.69,240
33800,2,84.26,-0.17,84.29,0.06,0.13,0.00,-14.05,-8.60,0.11,0.12,3.94,3.51,-3.94,0.12,-7.71,240
33820,2,84.26,-0.07,84.26,0.04,0.08,0.00,-14.04,-8.60,0.11,0.14,3.94,3.51,-3.94,0.13,-7.73,240
33840,2,84.25,-0.17,84.23,0.01,0.04,0.00,-14.04,-8.60,0.11,0.04,3.94,3.51,-3.94,0.07,-7.77,240
33860,2,84.23,-0.41,84.22,0.01,0.05,0.00,-14.04,-8.60,0.08,0.02,3.94,3.51,-3.94,0.05,-7.78,240
33880,2,84.20,-0.63,84.21,0.01,0.08,0.00,-14.04,-8.60,-0.01,0.05,3.94,3.51,-3.93,0.02,-7.79,240
33899,2,84.18,-0.73,84.23,0.03,0.13,0.00,-14.04,-8.59,0.01,0.08,3.94,3.51,-3.93,0.04,-7.77,240
33920,2,84.17,-0.62,84.24,0.06,0.16,0.00,-14.04,-8.59,0.00,0.03,3.94,3.51,-3.93,0.02,-7.76,240
33940,2,84.17,-0.43,84.24,0.07,0.18,0.00,-14.04,-8.59,0.13,0.01,3.94,3.51,-3.93,0.07,-7.76,240
33960,2,84.17,-0.22,84.24,0.07,0.16,0.00,-14.03,-8.59,0.08,0.07,3.94,3.51,-3.93,0.07,-7.76,240
33980,2,84.19,0.10,84.21,0.05,0.09,0.00,-14.03,-8.59,0.09,0.10,3.94,3.51,-3.93,0.10,-7.79,240
34000,2,84.22,0.49,84.16,-0.01,-0.05,0.00,-14.03,-8.58,0.10,0.12,3.94,3.51,-3.92,0.11,-7.84,240
34020,2,84.24,0.70,84.22,-0.08,-0.22,0.00,-14.03,-8.58,0.06,0.16,3.94,3.51,-3.92,0.11,-7.78,240
34039,2,84.24,0.46,84.16,-0.02,-0.07,0.00,-14.02,-8.58,0.02,0.05,3.94,3.51,-3.92,0.04,-7.84,240
34060,2,84.21,-0.04,84.17,-0.05,-0.10,0.00,-14.02,-8.58,0.02,-0.03,3.94,3.51,-3.92,-0.01,-7.83,240
34080,2,84.18,-0.48,84.12,-0.01,0.02,0.00,-14.02,-8.58,0.03,-0.09,3.94,3.51,-3.92,-0.03,-7.88,240
34100,2,84.15,-0.82,84.12,-0.03,0.01,0.00,-14.03,-8.58,-0.09,-0.15,3.94,3.51,-3.92,-0.12,-7.88,240
34120,2,84.12,-0.93,84.09,0.00,0.08,0.00,-14.03,-8.58,-0.02,-0.10,3.94,3.51,-3.92,-0.06,-7.91,240
34140,2,84.11,-0.85,84.11,-0.02,0.02,0.00,-14.03,-8.59,0.00,-0.02,3.94,3.51,-3.92,-0.01,-7.89,240
34159,2,84.10,-0.78,84.08,0.00,0.07,0.00,-14.03,-8.58,-0.05,-0.00,3.94,3.51,-3.92,-0.03,-7.92,240
34180,2,84.09,-0.72,84.08,-0.01,0.03,0.00,-14.03,-8.58,-0.04,0.04,3.94,3.51,-3.92,-0.00,-7.92,240
34200,2,84.08,-0.65,84.06,-0.00,0.05,0.00,-14.03,-8.58,0.04,0.03,3.94,3.51,-3.92,0.03,-7.94,240
34220,2,84.07,-0.60,84.06,-0.01,0.03,0.00,-14.03,-8.58,0.02,0.08,3.94,3.51,-3.92,0.05,-7.94,240
34240,2,84.06,-0.59,84.04,0.00,0.05,0.00,-14.03,-8.58,0.06,-0.00,3.94,3.51,-3.92,0.03,-7.96,240
34260,2,84.05,-0.62,84.03,-0.00,0.05,0.00,-14.03,-8.58,0.03,0.04,3.94,3.51,-3.92,0.04,-7.97,240
34279,2,84.04,-0.55,84.03,-0.00,0.04,0.00,-14.03,-8.58,0.02,0.06,3.94,3.51,-3.92,0.04,-7.97,240
34300,2,84.03,-0.50,84.02,-0.00,0.04,0.00,-14.03,-8.58,-0.01,0.04,3.94,3.51,-3.92,0.01,-7.98,240
34320,2,84.02,-0.44,84.01,-0.01,0.02,0.00,-14.02,-8.58,0.01,0.06,3.94,3.51,-3.92,0.04,-7.99,240
34340,2,84.02,-0.37,84.00,-0.00,0.03,0.00,-14.02,-8.58,0.05,0.03,3.94,3.51,-3.92,0.04,-8.00,240
34360,2,84.01,-0.30,84.00,-0.01,-0.00,0.00,-14.02,-8.58,-0.04,-0.00,3.94,3.51,-3.92,-0.02,-8.00,240
34380,2,84.01,-0.23,84.00,-0.01,-0.00,0.00,-14.02,-8.58,0.04,0.01,3.94,3.51,-3.92,0.03,-8.00,240
34400,2,84.01,-0.23,84.00,-0.01,0.01,0.00,-14.02,-8.58,-0.03,0.02,3.94,3.51,-3.92,-0.01,-8.00,240
34419,2,84.00,-0.27,84.00,0.00,0.03,0.00,-14.02,-8.58,-0.04,0.02,3.94,3.51,-3.92,-0.01,-8.00,240
34440,2,83.99,-0.30,84.00,0.01,0.04,0.00,-14.02,-8.58,0.04,0.04,3.94,3.51,-3.92,0.04,-8.00,240
34460,2,83.99,-0.19,84.00,0.01,0.03,0.00,-14.02,-8.58,-0.02,0.07,3.94,3.51,-3.92,0.02,-8.00,240
34480,2,83.99,-0.10,84.00,0.01,0.02,0.00,-14.02,-8.58,-0.01,0.08,3.94,3.51,-3.92,0.03,-8.00,240
34500,2,84.00,0.02,84.00,-0.00,-0.00,0.00,-14.02,-8.58,0.00,-0.02,3.94,3.51,-3.92,-0.01,-8.00,240
34520,2,84.01,0.13,84.00,-0.01,-0.03,0.00,-14.02,-8.57,-0.02,-0.03,3.94,3.51,-3.92,-0.02,-8.00,240
34539,2,84.01,0.15,84.00,-0.01,-0.03,0.00,-14.02,-8.57,0.02,-0.00,3.94,3.51,-3.91,0.01,-8.00,240
34560,2,84.01,0.10,84.00,-0.01,-0.03,0.00,-14.02,-8.57,0.01,0.05,3.94,3.51,-3.91,0.03,-8.00,240
34580,2,84.01,0.02,84.00,-0.01,-0.02,0.00,-14.02,-8.57,-0.02,-0.01,3.94,3.51,-3.91,-0.01,-8.00,240
34600,2,84.00,-0.05,84.00,-0.01,-0.01,0.00,-14.02,-8.57,-0.04,0.02,3.94,3.51,-3.91,-0.01,-8.00,240
34620,2,84.00,-0.15,84.00,0.00,0.02,0.00,-14.02,-8.57,-0.04,0.01,3.94,3.51,-3.91,-0.02,-8.00,240
34640,2,83.99,-0.23,84.00,0.01,0.04,0.00,-14.02,-8.57,0.01,-0.01,3.94,3.51,-3.92,0.00,-8.00,240
34660,2,83.98,-0.28,84.00,0.02,0.06,0.00,-14.02,-8.58,-0.06,-0.00,3.94,3.51,-3.92,-0.03,-8.00,240
34679,2,83.98,-0.29,84.00,0.02,0.07,0.00,-14.02,-8.58,0.01,-0.02,3.94,3.51,-3.92,-0.01,-8.00,240
34700,2,83.97,-0.34,84.00,0.03,0.08,0.00,-14.02,-8.58,0.02,-0.01,3.94,3.51,-3.92,0.00,-8.00,240
34720,2,83.97,-0.32,84.00,0.03,0.09,0.00,-14.02,-8.57,0.03,0.00,3.94,3.51,-3.92,0.02,-8.00,240
34740,2,83.97,-0.15,84.00,0.03,0.06,0.00,-14.02,-8.57,-0.00,0.06,3.94,3.51,-3.91,0.03,-8.00,240
34760,2,83.99,0.19,84.00,0.01,-0.00,0.00,-14.02,-8.57,0.07,0.09,3.94,3.51,-3.91,0.08,-8.00,240
34780,2,84.02,0.50,84.00,-0.02,-0.08,0.00,-14.02,-8.57,0.15,0.11,3.94,3.51,-3.91,0.13,-8.00,240
34799,2,84.02,0.38,84.00,-0.02,-0.08,0.00,-14.01,-8.57,0.07,0.05,3.94,3.51,-3.91,0.06,-8.00,240
34820,2,84.01,0.06,84.00,-0.01,-0.03,0.00,-14.01,-8.57,0.02,0.01,3.94,3.51,-3.91,0.02,-8.00,240
34840,2,83.99,-0.26,84.00,0.01,0.03,0.00,-14.01,-8.57,0.02,-0.05,3.94,3.51,-3.91,-0.02,-8.00,240
34860,2,83.97,-0.56,84.00,0.03,0.10,0.00,-14.01,-8.57,-0.05,-0.07,3.94,3.51,-3.91,-0.06,-8.00,240
34880,2,83.96,-0.65,84.00,0.04,0.14,0.00,-14.02,-8.57,-0.02,-0.07,3.94,3.51,-3.91,-0.04,-8.00,240
34900,2,83.95,-0.64,84.00,0.05,0.16,0.00,-14.02,-8.57,0.00,-0.04,3.94,3.51,-3.91,-0.02,-8.00,240
34919,2,83.94,-0.52,84.00,0.06,0.15,0.00,-14.02,-8.57,0.03,-0.02,3.94,3.51,-3.91,0.00,-8.00,240
34940,2,83.96,-0.12,84.00,0.04,0.09,0.00,-14.01,-8.57,0.00,0.11,3.94,3.51,-3.91,0.05,-8.00,240
34960,2,84.00,0.44,84.00,0.00,-0.03,0.00,-14.01,-8.57,0.10,0.10,3.94,3.51,-3.91,0.10,-8.00,240
34980,2,84.03,0.71,84.00,-0.03,-0.11,0.00,-14.01,-8.56,0.07,0.15,3.94,3.51,-3.90,0.11,-8.00,240
35000,2,84.02,0.40,84.00,-0.02,-0.07,0.00,-14.01,-8.56,-0.01,0.07,3.94,3.51,-3.90,0.03,-8.00,240
35020,2,83.99,-0.12,84.00,0.01,0.03,0.00,-14.01,-8.56,-0.02,-0.07,3.94,3.51,-3.90,-0.04,-8.00,240
35040,2,83.96,-0.49,84.00,0.04,0.12,0.00,-14.01,-8.56,0.01,-0.05,3.94,3.51,-3.90,-0.02,-8.00,240
35059,2,83.94,-0.71,84.00,0.06,0.19,0.00,-14.01,-8.56,-0.03,-0.07,3.94,3.51,-3.90,-0.05,-8.00,240
35080,2,83.92,-0.71,84.00,0.08,0.21,0.00,-14.01,-8.56,0.02,-0.01,3.94,3.51,-3.90,0.01,-8.00,240
35100,2,83.92,-0.47,84.00,0.08,0.19,0.00,-14.01,-8.56,0.00,-0.01,3.94,3.51,-3.90,-0.01,-8.00,240
35120,2,83.96,0.17,84.00,0.04,0.07,0.00,-14.00,-8.56,0.10,0.12,3.94,3.51,-3.90,0.11,-8.00,240
35140,2,84.01,0.77,84.00,-0.01,-0.07,0.00,-14.00,-8.55,0.19,0.14,3.94,3.51,-3.89,0.16,-8.00,240
35160,2,84.00,0.52,84.00,-0.00,-0.05,0.00,-13.99,-8.55,0.04,0.09,3.94,3.51,-3.89,0.06,-8.00,240
35179,2,84.00,0.28,84.00,0.00,-0.02,0.00,-13.99,-8.55,-0.01,0.06,3.94,3.51,-3.89,0.03,-8.00,240
35200,2,83.99,0.01,84.00,0.01,0.03,0.00,-13.99,-8.55,-0.03,0.05,3.94,3.51,-3.89,0.01,-8.00,240
35220,2,83.97,-0.27,84.00,0.03,0.09,0.00,-13.99,-8.55,0.01,0.01,3.94,3.51,-3.89,0.01,-8.00,240
35240,2,83.95,-0.40,84.00,0.05,0.13,0.00,-13.99,-8.55,-0.00,0.06,3.94,3.51,-3.89,0.03,-8.00,240
35260,2,83.94,-0.39,84.00,0.06,0.14,0.00,-13.99,-8.55,0.04,0.08,3.94,3.51,-3.89,0.06,-8.00,240
35280,2,83.95,-0.19,84.00,0.05,0.12,0.00,-13.99,-8.55,0.01,0.07,3.94,3.51,-3.89,0.04,-8.00,240
35300,2,83.97,0.16,84.00,0.03,0.05,0.00,-13.99,-8.55,0.06,0.03,3.94,3.51,-3.89,0.05,-8.00,240
35320,2,83.99,0.41,84.00,0.01,-0.01,0.00,-13.99,-8.54,0.13,0.19,3.94,3.51,-3.88,0.16,-8.00,240
35340,2,84.00,0.53,84.00,-0.00,-0.05,0.00,-13.99,-8.54,0.01,0.07,3.94,3.51,-3.88,0.04,-8.00,240
35360,2,84.01,0.48,84.00,-0.01,-0.05,0.00,-13.99,-8.54,0.02,0.09,3.94,3.51,-3.88,0.05,-8.00,240
35380,2,83.99,0.13,84.00,0.01,0.00,0.00,-13.99,-8.54,0.05,-0.04,3.94,3.51,-3.88,0.00,-8.00,240
35401,2,83.98,-0.13,84.00,0.02,0.05,0.00,-13.99,-8.54,0.04,-0.02,3.94,3.51,-3.88,0.01,-8.00,240
35419,2,83.97,-0.15,84.00,0.03,0.07,0.00,-13.99,-8.54,-0.01,-0.03,3.94,3.51,-3.88,-0.02,-8.00,240
35439,2,83.97,-0.10,84.00,0.03,0.06,0.00,-13.99,-8.54,0.00,-0.01,3.94,3.51,-3.88,-0.01,-8.00,240
35460,2,83.98,0.10,84.00,0.02,0.03,0.00,-13.99,-8.54,-0.01,0.05,3.94,3.51,-3.88,0.02,-8.00,240
35480,2,84.00,0.29,84.00,0.00,-0.02,0.00,-13.98,-8.54,0.05,0.05,3.94,3.51,-3.88,0.05,-8.00,240
35500,2,84.01,0.41,84.00,-0.01,-0.06,0.00,-13.98,-8.54,0.01,-0.00,3.94,3.51,-3.88,0.00,-8.00,240
35521,2,84.02,0.39,84.00,-0.02,-0.07,0.00,-13.98,-8.54,0.01,-0.04,3.94,3.51,-3.88,-0.01,-8.00,240
35539,2,84.02,0.35,84.00,-0.02,-0.07,0.00,-13.98,-8.54,-0.01,-0.05,3.94,3.51,-3.88,-0.03,-8.00,240
35559,2,84.03,0.34,84.00,-0.03,-0.09,0.00,-13.98,-8.54,-0.05,-0.04,3.94,3.51,-3.88,-0.05,-8.00,240
35580,2,84.03,0.22,84.00,-0.03,-0.08,0.00,-13.98,-8.54,-0.02,-0.02,3.94,3.51,-3.88,-0.02,-8.00,240
35600,2,84.02,-0.03,84.00,-0.02,-0.03,0.00,-13.98,-8.54,-0.02,-0.03,3.94,3.51,-3.88,-0.03,-8.00,240
35620,2,84.00,-0.27,84.00,-0.00,0.02,0.00,-13.99,-8.54,-0.04,-0.10,3.94,3.51,-3.88,-0.07,-8.00,240
35640,2,83.99,-0.33,84.00,0.01,0.04,0.00,-13.99,-8.54,-0.06,-0.10,3.94,3.51,-3.88,-0.08,-8.00,240
35660,2,83.99,-0.28,84.00,0.01,0.04,0.00,-13.99,-8.55,-0.02,-0.06,3.94,3.51,-3.88,-0.04,-8.00,240
35680,2,84.00,-0.14,84.00,0.00,0.02,0.00,-13.99,-8.54,0.01,0.03,3.94,3.51,-3.88,0.02,-8.00,240
35699,2,84.01,-0.01,84.00,-0.01,-0.02,0.00,-13.99,-8.54,0.04,0.01,3.94,3.51,-3.88,0.03,-8.00,240
35720,2,84.02,0.03,84.00,-0.02,-0.04,0.00,-13.99,-8.54,-0.03,0.06,3.94,3.51,-3.88,0.02,-8.00,240
35740,2,84.02,-0.05,84.00,-0.02,-0.03,0.00,-13.99,-8.54,0.00,0.01,3.94,3.51,-3.88,0.00,-8.00,240
35760,2,84.01,-0.14,84.00,-0.01,-0.01,0.00,-13.99,-8.54,-0.06,-0.02,3.94,3.51,-3.88,-0.04,-8.00,240
35780,2,84.00,-0.28,84.00,-0.00,0.02,0.00,-13.99,-8.54,-0.02,0.02,3.94,3.51,-3.88,0.00,-8.00,240
35800,2,83.99,-0.39,84.00,0.01,0.05,0.00,-13.99,-8.54,-0.04,0.01,3.94,3.51,-3.88,-0.02,-8.00,240
35819,2,83.98,-0.48,84.00,0.02,0.08,0.00,-13.99,-8.54,0.01,-0.00,3.94,3.51,-3.88,0.00,-8.00,240
35840,2,83.97,-0.55,84.00,0.03,0.11,0.00,-13.99,-8.54,0.04,0.04,3.94,3.51,-3.88,0.04,-8.00,240
35860,2,83.95,-0.60,84.00,0.05,0.14,0.00,-13.99,-8.54,0.01,0.01,3.94,3.51,-3.88,0.01,-8.00,240
35880,2,83.95,-0.53,84.00,0.05,0.14,0.00,-13.99,-8.54,0.01,0.09,3.94,3.51,-3.88,0.05,-8.00,240
35900,2,83.96,-0.16,84.00,0.04,0.09,0.00,-13.99,-8.54,0.05,0.12,3.94,3.51,-3.88,0.08,-8.00,240
35920,2,83.99,0.25,84.00,0.01,0.01,0.00,-13.98,-8.54,0.12,0.16,3.94,3.51,-3.88,0.14,-8.00,240
35940,2,84.00,0.43,84.00,-0.00,-0.04,0.00,-13.98,-8.53,0.04,0.08,3.94,3.51,-3.87,0.06,-8.00,240
35959,2,84.00,0.23,84.00,0.00,-0.01,0.00,-13.98,-8.53,0.07,0.09,3.94,3.51,-3.87,0.08,-8.00,240
35980,2,83.98,-0.01,84.00,0.02,0.03,0.00,-13.98,-8.53,0.03,-0.00,3.94,3.51,-3.87,0.01,-8.00,240
36000,2,83.97,-0.12,84.00,0.02,0.06,0.00,-13.98,-8.53,-0.00,0.04,3.94,3.51,-3.87,0.02,-8.00,240
36020,2,83.97,-0.13,84.00,0.03,0.07,0.00,-13.98,-8.53,0.00,-0.02,3.94,3.51,-3.87,-0.01,-8.00,240
36041,2,83.97,-0.13,84.00,0.03,0.07,0.00,-13.98,-8.53,-0.04,0.04,3.94,3.51,-3.87,0.00,-8.00,240
36059,2,83.98,0.04,84.00,0.02,0.04,0.00,-13.98,-8.53,0.06,-0.03,3.94,3.51,-3.87,0.01,-8.00,240
36079,2,84.00,0.38,84.00,0.00,-0.03,0.00,-13.98,-8.53,0.03,0.07,3.94,3.51,-3.87,0.05,-8.00,240
36100,2,84.02,0.55,84.00,-0.02,-0.08,0.00,-13.97,-8.53,0.02,0.07,3.94,3.51,-3.87,0.05,-8.00,240
36121,2,84.02,0.45,84.00,-0.02,-0.08,0.00,-13.97,-8.53,0.04,0.03,3.94,3.51,-3.87,0.03,-8.00,240
36139,2,84.02,0.29,84.00,-0.02,-0.06,0.00,-13.97,-8.53,-0.01,0.03,3.94,3.51,-3.87,0.01,-8.00,240
36160,2,84.01,0.11,84.00,-0.01,-0.03,0.00,-13.97,-8.53,-0.00,-0.01,3.94,3.51,-3.87,-0.01,-8.00,240
36180,2,84.00,-0.05,84.00,-0.00,-0.00,0.00,-13.97,-8.53,-0.03,-0.01,3.94,3.51,-3.87,-0.02,-8.00,240
36199,2,84.00,-0.14,84.00,0.00,0.01,0.00,-13.97,-8.53,-0.03,-0.06,3.94,3.51,-3.87,-0.05,-8.00,240
36220,2,84.00,-0.11,84.00,-0.00,0.01,0.00,-13.98,-8.53,-0.04,-0.02,3.94,3.51,-3.87,-0.03,-8.00,240
36241,2,84.00,-0.11,84.00,-0.00,0.00,0.00,-13.98,-8.53,-0.02,0.02,3.94,3.51,-3.87,0.00,-8.00,240
36259,2,84.00,-0.07,84.00,-0.00,-0.00,0.00,-13.98,-8.53,-0.04,0.01,3.94,3.51,-3.87,-0.02,-8.00,240
36280,2,84.00,-0.06,84.00,-0.00,-0.00,0.00,-13.98,-8.53,0.02,-0.00,3.94,3.51,-3.87,0.01,-8.00,240
36300,2,84.00,-0.11,84.00,0.00,0.01,0.00,-13.98,-8.53,-0.02,-0.00,3.94,3.51,-3.87,-0.01,-8.00,240
36321,2,83.99,-0.17,84.00,0.01,0.03,0.00,-13.98,-8.53,0.05,-0.01,3.94,3.51,-3.87,0.02,-8.00,240
36338,2,83.98,-0.23,84.00,0.02,0.05,0.00,-13.98,-8.53,-0.00,-0.04,3.94,3.51,-3.87,-0.02,-8.00,240
36361,2,83.97,-0.26,84.00,0.02,0.07,0.00,-13.98,-8.53,0.04,0.00,3.94,3.51,-3.87,0.02,-8.00,240
36379,2,83.97,-0.29,84.00,0.03,0.08,0.00,-13.98,-8.53,0.02,-0.02,3.94,3.51,-3.87,0.00,-8.00,240
36400,2,83.97,-0.29,84.00,0.03,0.09,0.00,-13.98,-8.53,-0.05,0.03,3.94,3.51,-3.87,-0.01,-8.00,240
36420,2,83.97,-0.18,84.00,0.03,0.08,0.00,-13.98,-8.53,-0.00,0.03,3.94,3.51,-3.87,0.01,-8.00,240
36441,2,83.98,0.01,84.00,0.02,0.04,0.00,-13.97,-8.53,0.02,0.04,3.94,3.51,-3.87,0.03,-8.00,240
36458,2,83.99,0.21,84.00,0.01,0.00,0.00,-13.97,-8.53,0.11,0.05,3.94,3.51,-3.87,0.08,-8.00,240
36481,2,84.01,0.44,84.00,-0.01,-0.05,0.00,-13.97,-8.53,0.11,0.05,3.94,3.51,-3.87,0.08,-8.00,240
36499,2,84.01,0.42,84.00,-0.02,-0.06,0.00,-13.97,-8.52,0.09,0.10,3.94,3.51,-3.86,0.09,-8.00,240
36520,2,84.01,0.30,84.00,-0.01,-0.05,0.00,-13.97,-8.52,-0.04,-0.00,3.94,3.51,-3.86,-0.02,-8.00,240
36540,2,84.01,0.18,84.00,-0.01,-0.04,0.00,-13.97,-8.52,-0.03,-0.01,3.94,3.51,-3.86,-0.02,-8.00,240
36560,2,84.01,0.05,84.00,-0.01,-0.02,0.00,-13.97,-8.52,-0.03,-0.05,3.94,3.51,-3.86,-0.04,-8.00,240
36580,2,84.00,-0.03,84.00,-0.00,-0.00,0.00,-13.97,-8.52,-0.02,-0.02,3.94,3.51,-3.87,-0.02,-8.00,240
36599,2,84.00,-0.05,84.00,-0.00,0.00,0.00,-13.97,-8.53,0.00,0.01,3.94,3.51,-3.87,0.01,-8.00,240
36620,2,84.00,0.01,84.00,-0.00,-0.01,0.00,-13.97,-8.53,-0.04,-0.03,3.94,3.51,-3.87,-0.03,-8.00,240
36641,2,84.01,0.04,84.00,-0.01,-0.02,0.00,-13.97,-8.53,0.03,0.03,3.94,3.51,-3.87,0.03,-8.00,240
36659,2,84.01,0.06,84.00,-0.01,-0.03,0.00,-13.97,-8.53,-0.01,-0.03,3.94,3.51,-3.87,-0.02,-8.00,240
36680,2,84.01,0.06,84.00,-0.01,-0.03,0.00,-13.97,-8.53,-0.02,-0.01,3.94,3.51,-3.87,-0.02,-8.00,240
36700,2,84.01,-0.06,84.00,-0.01,-0.01,0.00,-13.97,-8.53,-0.01,-0.02,3.94,3.51,-3.87,-0.01,-8.00,240
36720,2,84.00,-0.18,84.00,-0.00,0.01,0.00,-13.97,-8.53,-0.01,-0.03,3.94,3.51,-3.87,-0.02,-8.00,240
36740,2,84.00,-0.24,84.00,0.00,0.02,0.00,-13.97,-8.53,-0.04,-0.02,3.94,3.51,-3.87,-0.03,-8.00,240
36760,2,83.99,-0.28,84.00,0.01,0.04,0.00,-13.97,-8.53,0.03,-0.05,3.94,3.51,-3.87,-0.01,-8.00,240
36780,2,83.99,-0.30,84.00,0.01,0.05,0.00,-13.97,-8.53,-0.01,-0.03,3.94,3.51,-3.87,-0.02,-8.00,240
36800,2,83.98,-0.28,84.00,0.02,0.05,0.00,-13.97,-8.53,0.04,-0.02,3.94,3.51,-3.87,0.01,-8.00,240
36820,2,83.98,-0.28,84.00,0.02,0.06,0.00,-13.97,-8.53,0.01,0.05,3.94,3.51,-3.87,0.03,-8.00,240
36840,2,83.98,-0.29,84.00,0.02,0.07,0.00,-13.97,-8.53,-0.01,0.01,3.94,3.51,-3.87,-0.00,-8.00,240
36860,2,83.98,-0.18,84.00,0.02,0.06,0.00,-13.97,-8.53,-0.01,0.04,3.94,3.51,-3.87,0.02,-8.00,240
36880,2,83.99,0.03,84.00,0.01,0.02,0.00,-13.97,-8.53,0.05,0.06,3.94,3.51,-3.87,0.06,-8.00,240
36900,2,84.00,0.21,84.00,-0.00,-0.02,0.00,-13.97,-8.52,0.07,0.08,3.94,3.51,-3.86,0.07,-8.00,240
36920,2,84.00,0.18,84.00,-0.00,-0.02,0.00,-13.97,-8.52,0.02,0.04,3.94,3.51,-3.86,0.03,-8.00,240
36940,2,84.00,0.08,84.00,0.00,0.00,0.00,-13.97,-8.52,0.06,-0.04,3.94,3.51,-3.86,0.01,-8.00,240
36960,2,83.99,0.07,84.00,0.01,0.01,0.00,-13.97,-8.52,0.01,-0.03,3.94,3.51,-3.86,-0.01,-8.00,240
36979,2,84.00,0.11,84.00,0.00,-0.00,0.00,-13.97,-8.52,0.01,-0.04,3.94,3.51,-3.86,-0.01,-8.00,240
37000,2,84.00,0.16,84.00,-0.00,-0.02,0.00,-13.97,-8.52,0.02,0.02,3.94,3.51,-3.86,0.02,-8.00,240
37020,2,84.01,0.27,84.00,-0.01,-0.04,0.00,-13.97,-8.52,0.04,-0.01,3.94,3.51,-3.86,0.01,-8.00,240
37040,2,84.02,0.36,84.00,-0.02,-0.07,0.00,-13.97,-8.52,0.07,-0.02,3.94,3.51,-3.86,0.03,-8.00,240
37060,2,84.03,0.39,84.00,-0.03,-0.09,0.00,-13.97,-8.52,0.02,-0.00,3.94,3.51,-3.86,0.01,-8.00,240
37080,2,84.04,0.38,84.00,-0.04,-0.10,0.00,-13.97,-8.52,-0.03,0.00,3.94,3.51,-3.86,-0.02,-8.00,240
37099,2,84.03,0.24,84.00,-0.03,-0.09,0.00,-13.97,-8.52,-0.02,-0.08,3.94,3.51,-3.86,-0.05,-8.00,240
37120,2,84.03,0.05,84.00,-0.03,-0.06,0.00,-13.97,-8.53,-0.05,-0.10,3.94,3.51,-3.87,-0.07,-8.00,240
37140,2,84.03,0.03,84.00,-0.03,-0.06,0.00,-13.97,-8.53,-0.04,-0.06,3.94,3.51,-3.87,-0.05,-8.00,240
37160,2,84.03,0.03,84.00,-0.03,-0.07,0.00,-13.97,-8.53,-0.10,-0.08,3.94,3.51,-3.87,-0.09,-8.00,240
37180,2,84.02,-0.16,84.00,-0.02,-0.04,0.00,-13.98,-8.53,0.01,-0.05,3.94,3.51,-3.87,-0.02,-8.00,240
37200,2,84.01,-0.33,84.00,-0.01,0.00,0.00,-13.98,-8.53,-0.02,-0.03,3.94,3.51,-3.87,-0.02,-8.00,240
37220,2,84.00,-0.42,84.00,-0.00,0.03,0.00,-13.98,-8.53,-0.09,-0.01,3.94,3.51,-3.87,-0.05,-8.00,240
37240,2,84.00,-0.41,84.00,0.00,0.04,0.00,-13.98,-8.53,-0.02,0.00,3.94,3.51,-3.87,-0.01,-8.00,240
37260,2,83.99,-0.41,84.00,0.01,0.05,0.00,-13.98,-8.53,0.03,0.01,3.94,3.51,-3.87,0.02,-8.00,240
37280,2,83.99,-0.41,84.00,0.01,0.06,0.00,-13.98,-8.53,0.07,-0.00,3.94,3.51,-3.87,0.04,-8.00,240
37300,2,83.98,-0.46,84.00,0.02,0.08,0.00,-13.98,-8.53,0.03,-0.01,3.94,3.51,-3.87,0.01,-8.00,240
37320,2,83.97,-0.53,84.00,0.03,0.11,0.00,-13.98,-8.53,0.05,0.05,3.94,3.51,-3.87,0.05,-8.00,240
37340,2,83.96,-0.55,84.00,0.04,0.13,0.00,-13.98,-8.53,0.04,0.01,3.94,3.51,-3.87,0.03,-8.00,240
37358,2,83.96,-0.34,84.00,0.04,0.10,0.00,-13.98,-8.53,0.05,0.05,3.94,3.51,-3.87,0.05,-8.00,240
37381,2,83.98,0.02,84.00,0.02,0.03,0.00,-13.97,-8.53,0.06,0.08,3.94,3.51,-3.87,0.07,-8.00,240
37401,2,84.00,0.24,84.00,0.00,-0.01,0.00,-13.97,-8.53,0.14,0.12,3.94,3.51,-3.87,0.13,-8.00,240
37419,2,84.00,0.17,84.00,0.00,-0.01,0.00,-13.97,-8.52,0.07,0.03,3.94,3.51,-3.86,0.05,-8.00,240
37440,2,83.99,0.02,84.00,0.01,0.02,0.00,-13.97,-8.52,-0.03,0.03,3.94,3.51,-3.86,0.00,-8.00,240
37460,2,83.98,-0.16,84.00,0.02,0.06,0.00,-13.97,-8.52,0.01,-0.01,3.94,3.51,-3.86,0.00,-8.00,240
37479,2,83.96,-0.28,84.00,0.04,0.10,0.00,-13.97,-8.52,0.04,0.02,3.94,3.51,-3.86,0.03,-8.00,240
37500,2,83.96,-0.17,84.00,0.04,0.08,0.00,-13.97,-8.52,0.06,-0.05,3.94,3.51,-3.86,0.00,-8.00,240
37520,2,83.98,0.12,84.00,0.02,0.04,0.00,-13.97,-8.52,0.04,0.03,3.94,3.51,-3.86,0.03,-8.00,240
37540,2,84.01,0.54,84.00,-0.01,-0.06,0.00,-13.97,-8.52,0.04,0.09,3.94,3.51,-3.86,0.06,-8.00,240
37560,2,84.03,0.66,84.00,-0.03,-0.11,0.00,-13.96,-8.52,0.06,0.07,3.94,3.51,-3.86,0.07,-8.00,240
37580,2,84.03,0.51,84.00,-0.03,-0.10,0.00,-13.96,-8.52,0.01,0.02,3.94,3.51,-3.86,0.02,-8.00,240
37600,2,84.03,0.34,84.00,-0.03,-0.08,0.00,-13.96,-8.52,-0.02,0.01,3.94,3.51,-3.86,-0.01,-8.00,240
37619,2,84.02,0.15,84.00,-0.02,-0.06,0.00,-13.96,-8.52,-0.03,-0.09,3.94,3.51,-3.86,-0.06,-8.00,240
37640,2,84.01,-0.09,84.00,-0.01,-0.01,0.00,-13.96,-8.52,-0.06,0.03,3.94,3.51,-3.86,-0.01,-8.00,240
37660,2,84.00,-0.25,84.00,0.00,0.03,0.00,-13.97,-8.52,-0.09,-0.10,3.94,3.51,-3.86,-0.09,-8.00,240
37680,2,84.00,-0.13,84.00,0.00,0.01,0.00,-13.97,-8.52,-0.04,-0.08,3.94,3.51,-3.86,-0.06,-8.00,240
37700,2,84.01,0.02,84.00,-0.01,-0.02,0.00,-13.97,-8.52,0.01,0.02,3.94,3.51,-3.86,0.01,-8.00,240
37720,2,84.02,0.06,84.00,-0.02,-0.04,0.00,-13.97,-8.52,0.04,-0.01,3.94,3.51,-3.86,0.01,-8.00,240
37739,2,84.02,0.06,84.00,-0.02,-0.04,0.00,-13.97,-8.52,-0.03,-0.04,3.94,3.51,-3.86,-0.04,-8.00,240
37760,2,84.02,-0.06,84.00,-0.02,-0.03,0.00,-13.97,-8.52,0.01,-0.03,3.94,3.51,-3.87,-0.01,-8.00,240
37780,2,84.00,-0.26,84.00,-0.00,0.02,0.00,-13.97,-8.53,0.01,-0.03,3.94,3.51,-3.87,-0.01,-8.00,240
37800,2,83.99,-0.40,84.00,0.01,0.05,0.00,-13.97,-8.53,0.01,-0.01,3.94,3.51,-3.87,0.00,-8.00,240
37820,2,83.98,-0.38,84.00,0.01,0.06,0.00,-13.97,-8.53,0.01,0.04,3.94,3.51,-3.87,0.02,-8.00,240
37841,2,83.98,-0.37,84.00,0.02,0.07,0.00,-13.97,-8.53,-0.00,0.02,3.94,3.51,-3.87,0.01,-8.00,240
37859,2,83.97,-0.39,84.00,0.03,0.08,0.00,-13.97,-8.53,0.00,-0.03,3.94,3.51,-3.87,-0.01,-8.00,240
37879,2,83.97,-0.38,84.00,0.03,0.10,0.00,-13.97,-8.53,0.06,0.00,3.94,3.51,-3.87,0.03,-8.00,240
37900,2,83.98,-0.14,84.00,0.02,0.05,0.00,-13.97,-8.52,0.09,0.02,3.94,3.51,-3.87,0.05,-8.00,240
37920,2,83.99,0.06,84.00,0.01,0.01,0.00,-13.97,-8.52,0.06,0.14,3.94,3.51,-3.86,0.10,-8.00,240
37940,2,83.99,0.07,84.00,0.00,0.00,0.00,-13.97,-8.52,0.08,0.00,3.94,3.51,-3.86,0.04,-8.00,240
37961,2,83.99,-0.07,84.00,0.01,0.03,0.00,-13.97,-8.52,0.03,0.01,3.94,3.51,-3.86,0.02,-8.00,240
37979,2,83.98,-0.08,84.00,0.02,0.04,0.00,-13.96,-8.52,0.07,-0.04,3.94,3.51,-3.86,0.01,-8.00,240
37999,2,83.99,0.03,84.00,0.01,0.02,0.00,-13.96,-8.52,0.03,-0.05,3.94,3.51,-3.86,-0.01,-8.00,240
38020,2,84.01,0.26,84.00,-0.01,-0.04,0.00,-13.96,-8.52,0.03,0.01,3.94,3.51,-3.86,0.02,-8.00,240
38041,2,84.02,0.35,84.00,-0.02,-0.06,0.00,-13.96,-8.52,0.02,0.01,3.94,3.51,-3.86,0.01,-8.00,240
38059,2,84.02,0.31,84.00,-0.02,-0.07,0.00,-13.96,-8.52,-0.01,-0.04,3.94,3.51,-3.86,-0.03,-8.00,240
38080,2,84.02,0.25,84.00,-0.02,-0.07,0.00,-13.96,-8.52,-0.03,-0.02,3.94,3.51,-3.86,-0.02,-8.00,240
38100,2,84.02,0.19,84.00,-0.02,-0.06,0.00,-13.96,-8.52,0.04,-0.03,3.94,3.51,-3.86,0.00,-8.00,240
38119,2,84.03,0.13,84.00,-0.03,-0.06,0.00,-13.96,-8.52,-0.00,-0.05,3.94,3.51,-3.86,-0.02,-8.00,240
38140,2,84.02,-0.03,84.00,-0.02,-0.04,0.00,-13.96,-8.52,-0.04,-0.11,3.94,3.51,-3.86,-0.08,-8.00,240
38161,2,84.02,-0.17,84.00,-0.02,-0.02,0.00,-13.97,-8.52,-0.15,-0.04,3.94,3.51,-3.86,-0.09,-8.00,240
38179,2,84.01,-0.16,84.00,-0.01,-0.02,0.00,-13.97,-8.52,-0.10,0.01,3.94,3.51,-3.86,-0.05,-8.00,240
38200,2,84.02,-0.10,84.00,-0.02,-0.03,0.00,-13.97,-8.52,0.01,-0.01,3.94,3.51,-3.86,0.00,-8.00,240
38220,2,84.02,-0.14,84.00,-0.02,-0.02,0.00,-13.97,-8.52,-0.06,0.01,3.94,3.51,-3.86,-0.03,-8.00,240
38241,2,84.01,-0.22,84.00,-0.01,0.00,0.00,-13.97,-8.52,-0.01,-0.04,3.94,3.51,-3.87,-0.02,-8.00,240
38258,2,84.00,-0.30,84.00,0.00,0.03,0.00,-13.97,-8.53,-0.01,-0.04,3.94,3.51,-3.87,-0.02,-8.00,240
38281,2,83.99,-0.34,84.00,0.01,0.04,0.00,-13.97,-8.53,0.02,-0.06,3.94,3.51,-3.87,-0.02,-8.00,240
38299,2,83.99,-0.33,84.00,0.01,0.05,0.00,-13.97,-8.53,-0.07,0.00,3.94,3.51,-3.87,-0.03,-8.00,240
38320,2,83.99,-0.32,84.00,0.01,0.06,0.00,-13.97,-8.53,0.01,-0.03,3.94,3.51,-3.87,-0.01,-8.00,240
38340,2,83.98,-0.36,84.00,0.02,0.07,0.00,-13.97,-8.53,0.01,-0.01,3.94,3.51,-3.87,0.00,-8.00,240
38360,2,83.97,-0.39,84.00,0.03,0.09,0.00,-13.97,-8.53,0.06,-0.01,3.94,3.51,-3.87,0.03,-8.00,240
38379,2,83.97,-0.24,84.00,0.03,0.07,0.00,-13.97,-8.52,0.05,0.08,3.94,3.51,-3.86,0.06,-8.00,240
38400,2,83.98,-0.08,84.00,0.02,0.05,0.00,-13.97,-8.52,0.04,0.02,3.94,3.51,-3.86,0.03,-8.00,240
38420,2,83.98,0.01,84.00,0.02,0.03,0.00,-13.97,-8.52,0.08,0.07,3.94,3.51,-3.86,0.07,-8.00,240
38441,2,83.98,0.04,84.00,0.02,0.03,0.00,-13.96,-8.52,0.10,0.03,3.94,3.51,-3.86,0.06,-8.00,240
38459,2,83.98,0.01,84.00,0.02,0.03,0.00,-13.96,-8.52,0.01,0.03,3.94,3.51,-3.86,0.02,-8.00,240
38480,2,83.98,0.02,84.00,0.02,0.03,0.00,-13.96,-8.52,0.09,0.02,3.94,3.51,-3.86,0.05,-8.00,240
38500,2,83.99,0.10,84.00,0.01,0.02,0.00,-13.96,-8.52,0.06,0.01,3.94,3.51,-3.86,0.03,-8.00,240
38519,2,83.99,0.18,84.00,0.01,-0.00,0.00,-13.96,-8.52,-0.00,0.01,3.94,3.51,-3.86,0.00,-8.00,240
38540,2,84.00,0.25,84.00,0.00,-0.02,0.00,-13.96,-8.52,0.05,0.03,3.94,3.51,-3.86,0.04,-8.00,240
38561,2,84.00,0.30,84.00,-0.00,-0.03,0.00,-13.96,-8.52,-0.07,0.00,3.94,3.51,-3.86,-0.04,-8.00,240
38579,2,84.01,0.35,84.00,-0.01,-0.04,0.00,-13.96,-8.52,-0.00,0.02,3.94,3.51,-3.86,0.01,-8.00,240
38600,2,84.02,0.38,84.00,-0.02,-0.07,0.00,-13.96,-8.52,-0.01,-0.03,3.94,3.51,-3.85,-0.02,-8.00,240
38620,2,84.02,0.38,84.00,-0.02,-0.08,0.00,-13.96,-8.52,0.01,-0.01,3.94,3.51,-3.86,-0.00,-8.00,240
38640,2,84.03,0.36,84.00,-0.03,-0.09,0.00,-13.96,-8.52,-0.01,0.01,3.94,3.51,-3.86,-0.00,-8.00,240
38660,2,84.03,0.24,84.00,-0.03,-0.08,0.00,-13.96,-8.52,-0.01,-0.01,3.94,3.51,-3.86,-0.01,-8.00,240
38680,2,84.02,0.07,84.00,-0.02,-0.05,0.00,-13.96,-8.52,-0.05,-0.06,3.94,3.51,-3.86,-0.06,-8.00,240
38700,2,84.02,-0.00,84.00,-0.02,-0.05,0.00,-13.96,-8.52,-0.02,-0.06,3.94,3.51,-3.86,-0.04,-8.00,240
38720,2,84.03,-0.02,84.00,-0.03,-0.05,0.00,-13.97,-8.52,-0.06,-0.04,3.94,3.51,-3.86,-0.05,-8.00,240
38740,2,84.02,-0.13,84.00,-0.02,-0.03,0.00,-13.97,-8.52,-0.03,-0.06,3.94,3.51,-3.86,-0.05,-8.00,240
38760,2,84.01,-0.25,84.00,-0.01,0.00,0.00,-13.97,-8.52,0.00,-0.06,3.94,3.51,-3.86,-0.03,-8.00,240
38780,2,84.00,-0.29,84.00,-0.01,0.01,0.00,-13.97,-8.52,-0.02,0.01,3.94,3.51,-3.86,-0.00,-8.00,240
38800,2,84.01,-0.22,84.00,-0.01,0.00,0.00,-13.97,-8.52,0.02,0.02,3.94,3.51,-3.87,0.02,-8.00,240
38820,2,84.01,-0.22,84.00,-0.01,0.00,0.00,-13.97,-8.52,-0.00,-0.02,3.94,3.51,-3.87,-0.01,-8.00,240
38841,2,84.00,-0.29,84.00,-0.00,0.02,0.00,-13.97,-8.52,-0.03,0.04,3.94,3.51,-3.87,0.00,-8.00,240
38859,2,83.99,-0.40,84.00,0.01,0.05,0.00,-13.97,-8.52,0.01,0.02,3.94,3.51,-3.87,0.01,-8.00,240
38880,2,83.98,-0.46,84.00,0.02,0.08,0.00,-13.97,-8.53,-0.03,0.03,3.94,3.51,-3.87,0.00,-8.00,240
38899,2,83.97,-0.54,84.00,0.03,0.11,0.00,-13.97,-8.53,0.01,0.02,3.94,3.51,-3.87,0.01,-8.00,240
38920,2,83.96,-0.56,84.00,0.04,0.13,0.00,-13.97,-8.52,-0.03,0.02,3.94,3.51,-3.87,-0.00,-8.00,240
38940,2,83.95,-0.48,84.00,0.05,0.13,0.00,-13.97,-8.52,0.09,0.04,3.94,3.51,-3.86,0.07,-8.00,240
38960,2,83.97,-0.14,84.00,0.03,0.07,0.00,-13.97,-8.52,0.07,0.08,3.94,3.51,-3.86,0.08,-8.00,240
38980,2,83.99,0.18,84.00,0.01,0.01,0.00,-13.96,-8.52,0.11,0.08,3.94,3.51,-3.86,0.09,-8.00,240
39000,2,83.99,0.22,84.00,0.01,-0.01,0.00,-13.96,-8.52,0.10,0.06,3.94,3.51,-3.86,0.08,-8.00,240
39019,2,83.98,0.05,84.00,0.02,0.03,0.00,-13.96,-8.52,0.05,-0.02,3.94,3.51,-3.86,0.01,-8.00,240
39040,2,83.98,-0.04,84.00,0.02,0.05,0.00,-13.96,-8.52,0.04,0.00,3.94,3.51,-3.86,0.02,-8.00,240
39060,2,83.97,-0.05,84.00,0.03,0.06,0.00,-13.96,-8.52,-0.02,0.01,3.94,3.51,-3.85,-0.01,-8.00,240
39080,2,83.97,0.01,84.00,0.03,0.05,0.00,-13.96,-8.52,0.01,0.06,3.94,3.51,-3.85,0.04,-8.00,240
39100,2,83.99,0.22,84.00,0.01,0.01,0.00,-13.96,-8.51,0.05,0.05,3.94,3.51,-3.85,0.05,-8.00,240
39120,2,84.00,0.36,84.00,0.00,-0.03,0.00,-13.96,-8.51,0.04,0.04,3.94,3.51,-3.85,0.04,-8.00,240
39140,2,84.00,0.36,84.00,-0.00,-0.04,0.00,-13.96,-8.51,0.05,0.04,3.94,3.51,-3.85,0.04,-8.00,240
39159,2,84.01,0.39,84.00,-0.01,-0.06,0.00,-13.96,-8.51,0.01,0.00,3.94,3.51,-3.85,0.00,-8.00,240
39180,2,84.02,0.43,84.00,-0.02,-0.08,0.00,-13.96,-8.51,-0.02,0.02,3.94,3.51,-3.85,-0.00,-8.00,240
39200,2,84.04,0.45,84.00,-0.04,-0.11,0.00,-13.96,-8.51,0.00,-0.00,3.94,3.51,-3.85,0.00,-8.00,240
39220,2,84.04,0.42,84.00,-0.04,-0.12,0.00,-13.96,-8.51,-0.01,-0.04,3.94,3.51,-3.85,-0.03,-8.00,240
39241,2,84.04,0.27,84.00,-0.04,-0.11,0.00,-13.96,-8.51,-0.07,-0.01,3.94,3.51,-3.85,-0.04,-8.00,240
39259,2,84.04,0.12,84.00,-0.04,-0.08,0.00,-13.96,-8.51,-0.13,-0.06,3.94,3.51,-3.85,-0.09,-8.00,240
39279,2,84.03,-0.05,84.00,-0.03,-0.06,0.00,-13.96,-8.52,-0.12,-0.06,3.94,3.51,-3.86,-0.09,-8.00,240
39300,2,84.01,-0.39,84.00,-0.01,0.01,0.00,-13.96,-8.52,-0.10,-0.02,3.94,3.51,-3.86,-0.06,-8.00,240
39320,2,84.00,-0.52,84.00,-0.00,0.04,0.00,-13.97,-8.52,-0.09,-0.09,3.94,3.51,-3.86,-0.09,-8.00,240
39340,2,84.00,-0.46,84.00,0.00,0.04,0.00,-13.97,-8.52,-0.04,-0.02,3.94,3.51,-3.86,-0.03,-8.00,240
39360,2,84.00,-0.37,84.00,0.00,0.03,0.00,-13.97,-8.52,-0.01,-0.01,3.94,3.51,-3.86,-0.01,-8.00,240
39380,2,84.00,-0.29,84.00,0.00,0.03,0.00,-13.97,-8.52,0.01,-0.00,3.94,3.51,-3.86,0.00,-8.00,240
39400,2,84.00,-0.23,84.00,0.00,0.02,0.00,-13.97,-8.52,0.03,0.03,3.94,3.51,-3.86,0.03,-8.00,240
39420,2,83.99,-0.25,84.00,0.01,0.03,0.00,-13.97,-8.52,0.05,0.03,3.94,3.51,-3.86,0.04,-8.00,240
39441,2,83.99,-0.31,84.00,0.01,0.05,0.00,-13.97,-8.52,0.07,0.05,3.94,3.51,-3.86,0.06,-8.00,240
39459,2,83.98,-0.34,84.00,0.02,0.06,0.00,-13.97,-8.52,0.03,0.02,3.94,3.51,-3.86,0.03,-8.00,240
39480,2,83.98,-0.33,84.00,0.02,0.06,0.00,-13.97,-8.52,0.03,0.03,3.94,3.51,-3.86,0.03,-8.00,240
39500,2,83.98,-0.29,84.00,0.02,0.07,0.00,-13.96,-8.52,-0.02,0.03,3.94,3.51,-3.86,0.00,-8.00,240
39520,2,83.98,-0.18,84.00,0.02,0.06,0.00,-13.96,-8.52,0.02,0.05,3.94,3.51,-3.86,0.03,-8.00,240
39539,2,83.98,-0.01,84.00,0.02,0.03,0.00,-13.96,-8.52,0.02,0.07,3.94,3.51,-3.86,0.04,-8.00,240
39560,2,83.99,0.08,84.00,0.01,0.01,0.00,-13.96,-8.52,0.06,0.02,3.94,3.51,-3.86,0.04,-8.00,240
39580,2,83.99,0.08,84.00,0.01,0.01,0.00,-13.96,-8.52,0.05,-0.03,3.94,3.51,-3.86,0.01,-8.00,240
39600,2,83.99,0.05,84.00,0.01,0.01,0.00,-13.96,-8.52,0.04,-0.03,3.94,3.51,-3.85,0.01,-8.00,240
39620,2,83.99,0.04,84.00,0.01,0.01,0.00,-13.96,-8.51,0.02,-0.01,3.94,3.51,-3.85,0.00,-8.00,240
39641,2,83.99,0.06,84.00,0.01,0.01,0.00,-13.96,-8.51,0.05,0.00,3.94,3.51,-3.85,0.03,-8.00,240
39658,2,84.00,0.13,84.00,0.00,-0.01,0.00,-13.96,-8.51,-0.01,-0.02,3.94,3.51,-3.85,-0.02,-8.00,240
39681,2,84.00,0.19,84.00,-0.00,-0.02,0.00,-13.96,-8.51,0.02,0.01,3.94,3.51,-3.85,0.02,-8.00,240
39699,2,84.01,0.22,84.00,-0.01,-0.03,0.00,-13.96,-8.51,0.01,0.00,3.94,3.51,-3.85,0.01,-8.00,240
39720,2,84.01,0.24,84.00,-0.01,-0.04,0.00,-13.96,-8.51,-0.03,-0.01,3.94,3.51,-3.85,-0.02,-8.00,240
39740,2,84.02,0.28,84.00,-0.02,-0.06,0.00,-13.96,-8.51,-0.02,-0.06,3.94,3.51,-3.85,-0.04,-8.00,240
39760,2,84.03,0.27,84.00,-0.03,-0.08,0.00,-13.96,-8.51,-0.03,0.00,3.94,3.51,-3.85,-0.01,-8.00,240
39780,2,84.03,0.20,84.00,-0.03,-0.07,0.00,-13.96,-8.51,-0.05,-0.01,3.94,3.51,-3.85,-0.03,-8.00,240
39799,2,84.02,0.10,84.00,-0.02,-0.05,0.00,-13.96,-8.51,-0.04,-0.04,3.94,3.51,-3.85,-0.04,-8.00,240
39820,2,84.02,0.05,84.00,-0.02,-0.05,0.00,-13.96,-8.52,-0.08,-0.00,3.94,3.51,-3.86,-0.04,-8.00,240
39840,2,84.02,0.01,84.00,-0.02,-0.05,0.00,-13.96,-8.52,-0.05,-0.00,3.94,3.51,-3.86,-0.03,-8.00,240
39860,2,84.02,-0.09,84.00,-0.02,-0.03,0.00,-13.96,-8.52,-0.02,-0.01,3.94,3.51,-3.86,-0.01,-8.00,240
39881,2,84.01,-0.25,84.00,-0.01,0.01,0.00,-13.96,-8.52,-0.06,-0.03,3.94,3.51,-3.86,-0.04,-8.00,240
39899,2,83.99,-0.37,84.00,0.01,0.04,0.00,-13.97,-8.52,-0.06,-0.04,3.94,3.51,-3.86,-0.05,-8.00,240
39919,2,83.99,-0.37,84.00,0.01,0.06,0.00,-13.97,-8.52,-0.05,-0.05,3.94,3.51,-3.86,-0.05,-8.00,240
39940,2,83.98,-0.35,84.00,0.02,0.06,0.00,-13.97,-8.52,0.05,-0.05,3.94,3.51,-3.86,-0.00,-8.00,240
39960,2,83.98,-0.34,84.00,0.02,0.07,0.00,-13.97,-8.52,0.01,-0.03,3.94,3.51,-3.86,-0.01,-8.00,240
39980,2,83.97,-0.38,84.00,0.03,0.09,0.00,-13.97,-8.52,0.00,0.04,3.94,3.51,-3.86,0.02,-8.00,240
40000,2,83.97,-0.35,84.00,0.03,0.09,0.00,-13.97,-8.52,0.08,0.01,3.94,3.51,-3.86,0.05,-8.00,240
40020,2,83.97,-0.21,84.00,0.03,0.07,0.00,-13.96,-8.52,-0.00,0.01,3.94,3.51,-3.86,0.00,-8.00,240
40039,2,83.98,-0.04,84.00,0.02,0.04,0.00,-13.96,-8.52,0.03,0.11,3.94,3.51,-3.86,0.07,-8.00,240
40060,2,83.98,-0.01,84.00,0.02,0.04,0.00,-13.96,-8.52,0.05,0.02,3.94,3.51,-3.86,0.03,-8.00,240
40080,2,83.98,0.05,84.00,0.02,0.04,0.00,-13.96,-8.51,0.00,0.06,3.94,3.51,-3.85,0.03,-8.00,240
40100,2,83.98,0.07,84.00,0.02,0.04,0.00,-13.96,-8.51,0.11,0.02,3.94,3.51,-3.85,0.06,-8.00,240
40120,2,83.98,0.08,84.00,0.02,0.03,0.00,-13.96,-8.51,0.02,0.03,3.94,3.51,-3.85,0.03,-8.00,240
40140,2,83.99,0.17,84.00,0.01,0.01,0.00,-13.96,-8.51,-0.00,0.04,3.94,3.51,-3.85,0.02,-8.00,240
40160,2,84.00,0.22,84.00,0.00,-0.01,0.00,-13.95,-8.51,0.00,0.00,3.94,3.51,-3.85,0.00,-8.00,240
40179,2,84.00,0.26,84.00,-0.00,-0.02,0.00,-13.95,-8.51,0.00,0.02,3.94,3.51,-3.85,0.01,-8.00,240
40199,2,84.01,0.29,84.00,-0.01,-0.04,0.00,-13.95,-8.51,-0.00,-0.02,3.94,3.51,-3.85,-0.01,-8.00,240
40220,2,84.01,0.29,84.00,-0.01,-0.04,0.00,-13.95,-8.51,0.04,-0.02,3.94,3.51,-3.85,0.01,-8.00,240
40240,2,84.02,0.32,84.00,-0.02,-0.06,0.00,-13.95,-8.51,0.02,0.06,3.94,3.51,-3.85,0.04,-8.00,240
40260,2,84.02,0.35,84.00,-0.02,-0.08,0.00,-13.95,-8.51,0.01,0.01,3.94,3.51,-3.85,0.01,-8.00,240
40280,2,84.03,0.30,84.00,-0.03,-0.08,0.00,-13.95,-8.51,0.02,-0.04,3.94,3.51,-3.85,-0.01,-8.00,240
40299,2,84.03,0.19,84.00,-0.03,-0.07,0.00,-13.95,-8.51,-0.02,-0.05,3.94,3.51,-3.85,-0.04,-8.00,240
40320,2,84.03,0.08,84.00,-0.03,-0.06,0.00,-13.96,-8.51,-0.03,-0.03,3.94,3.51,-3.85,-0.03,-8.00,240
40340,2,84.03,0.05,84.00,-0.03,-0.06,0.00,-13.96,-8.51,-0.05,-0.04,3.94,3.51,-3.85,-0.04,-8.00,240
40360,2,84.03,-0.03,84.00,-0.03,-0.05,0.00,-13.96,-8.51,-0.06,-0.03,3.94,3.51,-3.85,-0.05,-8.00,240
40380,2,84.02,-0.18,84.00,-0.02,-0.02,0.00,-13.96,-8.51,-0.02,-0.09,3.94,3.51,-3.86,-0.05,-8.00,240
40400,2,84.00,-0.36,84.00,-0.00,0.02,0.00,-13.96,-8.52,-0.02,-0.01,3.94,3.51,-3.86,-0.02,-8.00,240
40420,2,84.00,-0.41,84.00,0.00,0.04,0.00,-13.96,-8.52,-0.07,-0.02,3.94,3.51,-3.86,-0.05,-8.00,240
40439,2,84.00,-0.35,84.00,0.00,0.03,0.00,-13.97,-8.52,0.02,0.00,3.94,3.51,-3.86,0.01,-8.00,240
40460,2,84.00,-0.32,84.00,0.00,0.03,0.00,-13.97,-8.52,0.04,0.05,3.94,3.51,-3.86,0.05,-8.00,240
40480,2,84.00,-0.31,84.00,0.00,0.03,0.00,-13.97,-8.52,0.03,0.03,3.94,3.51,-3.86,0.03,-8.00,240
40500,2,83.99,-0.35,84.00,0.01,0.05,0.00,-13.97,-8.52,-0.04,-0.00,3.94,3.51,-3.86,-0.02,-8.00,240
40520,2,83.98,-0.41,84.00,0.02,0.07,0.00,-13.96,-8.52,0.01,0.01,3.94,3.51,-3.86,0.01,-8.00,240
40540,2,83.97,-0.42,84.00,0.03,0.09,0.00,-13.96,-8.52,0.02,0.05,3.94,3.51,-3.86,0.04,-8.00,240
40559,2,83.97,-0.32,84.00,0.03,0.08,0.00,-13.96,-8.52,0.01,0.06,3.94,3.51,-3.86,0.04,-8.00,240
40580,2,83.98,-0.13,84.00,0.02,0.05,0.00,-13.96,-8.52,0.04,0.04,3.94,3.51,-3.86,0.04,-8.00,240
40600,2,83.99,0.00,84.00,0.01,0.02,0.00,-13.96,-8.52,0.09,0.02,3.94,3.51,-3.86,0.05,-8.00,240
40620,2,83.99,0.02,84.00,0.01,0.03,0.00,-13.96,-8.51,0.06,0.02,3.94,3.51,-3.85,0.04,-8.00,240
40640,2,83.98,-0.01,84.00,0.02,0.04,0.00,-13.96,-8.51,-0.04,0.06,3.94,3.51,-3.85,0.01,-8.00,240
40660,2,83.98,0.05,84.00,0.02,0.03,0.00,-13.96,-8.51,0.01,0.02,3.94,3.51,-3.85,0.02,-8.00,240
40679,2,83.99,0.15,84.00,0.01,0.00,0.00,-13.96,-8.51,0.04,0.00,3.94,3.51,-3.85,0.02,-8.00,240
40700,2,84.00,0.29,84.00,-0.00,-0.03,0.00,-13.95,-8.51,0.05,0.01,3.94,3.51,-3.85,0.03,-8.00,240
40720,2,84.01,0.35,84.00,-0.01,-0.05,0.00,-13.95,-8.51,0.06,-0.01,3.94,3.51,-3.85,0.02,-8.00,240
40740,2,84.02,0.37,84.00,-0.02,-0.07,0.00,-13.95,-8.51,-0.04,-0.00,3.94,3.51,-3.85,-0.02,-8.00,240
40760,2,84.03,0.39,84.00,-0.03,-0.09,0.00,-13.95,-8.51,0.03,0.02,3.94,3.51,-3.85,0.02,-8.00,240
40780,2,84.03,0.34,84.00,-0.03,-0.09,0.00,-13.95,-8.51,-0.00,0.03,3.94,3.51,-3.85,0.01,-8.00,240
40800,2,84.03,0.27,84.00,-0.03,-0.09,0.00,-13.95,-8.51,0.00,0.00,3.94,3.51,-3.85,0.00,-8.00,240
40819,2,84.03,0.16,84.00,-0.03,-0.08,0.00,-13.96,-8.51,-0.08,-0.03,3.94,3.51,-3.85,-0.05,-8.00,240
40840,2,84.04,0.12,84.00,-0.04,-0.09,0.00,-13.96,-8.51,-0.02,-0.01,3.94,3.51,-3.85,-0.01,-8.00,240
40860,2,84.04,0.04,84.00,-0.04,-0.08,0.00,-13.96,-8.51,-0.05,-0.08,3.94,3.51,-3.85,-0.07,-8.00,240
40880,2,84.02,-0.18,84.00,-0.02,-0.03,0.00,-13.96,-8.51,-0.09,-0.03,3.94,3.51,-3.86,-0.06,-8.00,240
40900,2,84.00,-0.43,84.00,-0.00,0.02,0.00,-13.96,-8.52,-0.08,-0.01,3.94,3.51,-3.86,-0.05,-8.00,240
40919,2,83.99,-0.54,84.00,0.01,0.06,0.00,-13.97,-8.52,-0.05,-0.07,3.94,3.51,-3.86,-0.06,-8.00,240
40939,2,83.99,-0.45,84.00,0.01,0.05,0.00,-13.97,-8.52,-0.03,-0.02,3.94,3.51,-3.86,-0.02,-8.00,240
40960,2,83.99,-0.39,84.00,0.01,0.05,0.00,-13.97,-8.52,0.02,-0.02,3.94,3.51,-3.86,0.00,-8.00,240
40980,2,83.99,-0.35,84.00,0.01,0.05,0.00,-13.97,-8.52,-0.02,0.03,3.94,3.51,-3.86,0.01,-8.00,240
41000,2,83.98,-0.36,84.00,0.02,0.06,0.00,-13.97,-8.52,0.06,0.01,3.94,3.51,-3.86,0.04,-8.00,240
41020,2,83.98,-0.38,84.00,0.02,0.07,0.00,-13.96,-8.52,0.04,-0.03,3.94,3.51,-3.86,0.01,-8.00,240
41040,2,83.97,-0.38,84.00,0.03,0.08,0.00,-13.96,-8.52,0.04,-0.02,3.94,3.51,-3.86,0.01,-8.00,240
41060,2,83.98,-0.24,84.00,0.02,0.07,0.00,-13.96,-8.52,0.05,0.03,3.94,3.51,-3.86,0.04,-8.00,240
41079,2,83.99,-0.03,84.00,0.01,0.03,0.00,-13.96,-8.52,0.08,0.05,3.94,3.51,-3.86,0.07,-8.00,240
41100,2,83.99,0.08,84.00,0.00,0.00,0.00,-13.96,-8.52,0.11,0.04,3.94,3.51,-3.85,0.07,-8.00,240
41120,2,84.00,0.06,84.00,0.00,0.00,0.00,-13.96,-8.51,0.05,0.04,3.94,3.51,-3.85,0.05,-8.00,240
41140,2,83.99,0.02,84.00,0.00,0.01,0.00,-13.96,-8.51,0.05,0.02,3.94,3.51,-3.85,0.03,-8.00,240
41160,2,83.99,-0.01,84.00,0.01,0.02,0.00,-13.96,-8.51,-0.01,0.00,3.94,3.51,-3.85,-0.01,-8.00,240
41180,2,83.99,-0.02,84.00,0.01,0.02,0.00,-13.96,-8.51,0.02,0.02,3.94,3.51,-3.85,0.02,-8.00,240
41199,2,83.99,0.03,84.00,0.01,0.02,0.00,-13.96,-8.51,-0.02,0.01,3.94,3.51,-3.85,-0.00,-8.00,240
41220,2,83.99,0.08,84.00,0.01,0.01,0.00,-13.96,-8.51,0.01,-0.03,3.94,3.51,-3.85,-0.01,-8.00,240
41240,2,84.00,0.14,84.00,0.00,-0.01,0.00,-13.96,-8.51,-0.04,0.02,3.94,3.51,-3.85,-0.01,-8.00,240
41260,2,84.01,0.27,84.00,-0.01,-0.04,0.00,-13.96,-8.51,0.06,-0.00,3.94,3.51,-3.85,0.03,-8.00,240
41280,2,84.02,0.35,84.00,-0.02,-0.07,0.00,-13.95,-8.51,-0.02,0.02,3.94,3.51,-3.85,0.00,-8.00,240
41300,2,84.03,0.43,84.00,-0.03,-0.10,0.00,-13.95,-8.51,-0.00,0.01,3.94,3.51,-3.85,0.00,-8.00,240
41319,2,84.04,0.44,84.00,-0.04,-0.12,0.00,-13.95,-8.51,0.02,0.06,3.94,3.51,-3.85,0.04,-8.00,240
41340,2,84.05,0.40,84.00,-0.05,-0.13,0.00,-13.96,-8.51,0.03,0.02,3.94,3.51,-3.85,0.03,-8.00,240
41360,2,84.05,0.25,84.00,-0.05,-0.12,0.00,-13.96,-8.51,-0.03,-0.02,3.94,3.51,-3.85,-0.03,-8.00,240
41380,2,84.05,0.15,84.00,-0.05,-0.11,0.00,-13.96,-8.51,-0.09,-0.06,3.94,3.51,-3.85,-0.08,-8.00,240
41400,2,84.04,-0.01,84.00,-0.04,-0.08,0.00,-13.96,-8.51,-0.12,-0.10,3.94,3.51,-3.86,-0.11,-8.00,240
41420,2,84.02,-0.40,84.00,-0.02,0.00,0.00,-13.96,-8.52,-0.11,-0.10,3.94,3.51,-3.86,-0.11,-8.00,240
41440,2,84.00,-0.63,84.00,0.00,0.06,0.00,-13.97,-8.52,-0.07,-0.12,3.94,3.51,-3.86,-0.09,-8.00,240
41459,2,83.99,-0.57,84.00,0.01,0.06,0.00,-13.97,-8.52,-0.05,-0.08,3.94,3.51,-3.86,-0.06,-8.00,240
41480,2,83.99,-0.47,84.00,0.01,0.06,0.00,-13.97,-8.52,-0.01,-0.02,3.94,3.51,-3.86,-0.01,-8.00,240
41500,2,83.99,-0.43,84.00,0.01,0.06,0.00,-13.97,-8.52,0.03,0.01,3.94,3.51,-3.86,0.02,-8.00,240
41520,2,83.98,-0.44,84.00,0.02,0.08,0.00,-13.97,-8.52,0.01,0.00,3.94,3.51,-3.86,0.01,-8.00,240
41540,2,83.97,-0.45,84.00,0.03,0.09,0.00,-13.97,-8.52,0.03,0.01,3.94,3.51,-3.86,0.02,-8.00,240
41560,2,83.97,-0.31,84.00,0.03,0.08,0.00,-13.97,-8.52,-0.00,0.02,3.94,3.51,-3.86,0.01,-8.00,240
41579,2,83.98,-0.14,84.00,0.02,0.05,0.00,-13.96,-8.52,0.07,0.08,3.94,3.51,-3.86,0.08,-8.00,240
41600,2,83.98,-0.07,84.00,0.02,0.04,0.00,-13.96,-8.52,0.06,0.06,3.94,3.51,-3.86,0.06,-8.00,240
41620,2,83.99,0.03,84.00,0.01,0.01,0.00,-13.96,-8.52,0.02,0.03,3.94,3.51,-3.86,0.03,-8.00,240
41640,2,83.99,0.03,84.00,0.01,0.02,0.00,-13.96,-8.52,0.07,0.04,3.94,3.51,-3.86,0.05,-8.00,240
41660,2,83.98,-0.09,84.00,0.02,0.04,0.00,-13.96,-8.52,0.04,0.01,3.94,3.51,-3.85,0.03,-8.00,240
41680,2,83.98,-0.11,84.00,0.02,0.06,0.00,-13.96,-8.51,-0.03,-0.03,3.94,3.51,-3.85,-0.03,-8.00,240
41700,2,83.98,-0.06,84.00,0.02,0.05,0.00,-13.96,-8.51,0.05,0.04,3.94,3.51,-3.85,0.04,-8.00,240
41719,2,83.99,0.10,84.00,0.01,0.02,0.00,-13.96,-8.51,0.08,0.02,3.94,3.51,-3.85,0.05,-8.00,240
41740,2,83.99,0.16,84.00,0.01,-0.00,0.00,-13.96,-8.51,0.05,-0.01,3.94,3.51,-3.85,0.02,-8.00,240
41760,2,84.00,0.18,84.00,0.00,-0.01,0.00,-13.95,-8.51,0.02,0.01,3.94,3.51,-3.85,0.02,-8.00,240
41780,2,84.00,0.21,84.00,-0.00,-0.03,0.00,-13.95,-8.51,-0.03,0.00,3.94,3.51,-3.85,-0.01,-8.00,240
41800,2,84.01,0.25,84.00,-0.01,-0.04,0.00,-13.95,-8.51,0.00,0.03,3.94,3.51,-3.85,0.02,-8.00,240
41820,2,84.01,0.24,84.00,-0.01,-0.05,0.00,-13.95,-8.51,-0.01,0.03,3.94,3.51,-3.85,0.01,-8.00,240
41840,2,84.02,0.26,84.00,-0.02,-0.06,0.00,-13.95,-8.51,-0.07,0.01,3.94,3.51,-3.85,-0.03,-8.00,240
41860,2,84.03,0.26,84.00,-0.03,-0.07,0.00,-13.96,-8.51,-0.02,0.00,3.94,3.51,-3.85,-0.01,-8.00,240
41880,2,84.03,0.22,84.00,-0.03,-0.08,0.00,-13.96,-8.51,-0.06,-0.05,3.94,3.51,-3.85,-0.06,-8.00,240
41900,2,84.04,0.17,84.00,-0.04,-0.08,0.00,-13.96,-8.51,-0.05,-0.03,3.94,3.51,-3.85,-0.04,-8.00,240
41920,2,84.04,0.11,84.00,-0.04,-0.09,0.00,-13.96,-8.51,-0.12,-0.04,3.94,3.51,-3.85,-0.08,-8.00,240
41940,2,84.04,0.04,84.00,-0.04,-0.08,0.00,-13.96,-8.51,-0.10,-0.04,3.94,3.51,-3.85,-0.07,-8.00,240
41959,2,84.03,-0.23,84.00,-0.03,-0.03,0.00,-13.96,-8.52,-0.04,-0.02,3.94,3.51,-3.86,-0.03,-8.00,240
41980,2,84.01,-0.48,84.00,-0.01,0.03,0.00,-13.96,-8.52,-0.11,-0.05,3.94,3.51,-3.86,-0.08,-8.00,240
42000,2,83.99,-0.59,84.00,0.01,0.07,0.00,-13.97,-8.52,-0.12,-0.04,3.94,3.51,-3.86,-0.08,-8.00,240
42020,2,83.98,-0.57,84.00,0.02,0.08,0.00,-13.97,-8.52,-0.01,-0.03,3.94,3.51,-3.86,-0.02,-8.00,240
42040,2,83.97,-0.56,84.00,0.02,0.09,0.00,-13.97,-8.52,0.02,-0.02,3.94,3.51,-3.86,0.00,-8.00,240
42060,2,83.97,-0.53,84.00,0.03,0.10,0.00,-13.97,-8.52,0.04,-0.03,3.94,3.51,-3.86,0.01,-8.00,240
42080,2,83.97,-0.39,84.00,0.03,0.09,0.00,-13.97,-8.52,0.00,0.05,3.94,3.51,-3.86,0.02,-8.00,240
42099,2,83.98,-0.18,84.00,0.02,0.06,0.00,-13.96,-8.52,0.08,0.07,3.94,3.51,-3.86,0.07,-8.00,240
42120,2,83.98,-0.05,84.00,0.02,0.04,0.00,-13.96,-8.52,0.10,-0.05,3.94,3.51,-3.86,0.03,-8.00,240
42140,2,83.98,-0.03,84.00,0.02,0.04,0.00,-13.96,-8.52,0.10,0.07,3.94,3.51,-3.86,0.09,-8.00,240
42160,2,83.98,-0.08,84.00,0.02,0.05,0.00,-13.96,-8.51,0.04,0.02,3.94,3.51,-3.85,0.03,-8.00,240
42180,2,83.98,-0.06,84.00,0.02,0.05,0.00,-13.96,-8.51,0.04,0.13,3.94,3.51,-3.85,0.08,-8.00,240
42200,2,83.98,0.04,84.00,0.02,0.03,0.00,-13.96,-8.51,0.03,0.01,3.94,3.51,-3.85,0.02,-8.00,240
42219,2,83.98,0.03,84.00,0.02,0.04,0.00,-13.95,-8.51,0.04,0.02,3.94,3.51,-3.85,0.03,-8.00,240
42240,2,83.99,0.09,84.00,0.01,0.02,0.00,-13.95,-8.51,0.03,0.02,3.94,3.51,-3.85,0.03,-8.00,240
42260,2,84.00,0.24,84.00,0.00,-0.01,0.00,-13.95,-8.51,0.04,0.08,3.94,3.51,-3.85,0.06,-8.00,240
42280,2,84.00,0.32,84.00,-0.00,-0.03,0.00,-13.95,-8.51,-0.01,-0.01,3.94,3.51,-3.85,-0.01,-8.00,240
42300,2,84.02,0.41,84.00,-0.02,-0.06,0.00,-13.95,-8.51,0.03,-0.00,3.94,3.51,-3.85,0.01,-8.00,240
42320,2,84.03,0.43,84.00,-0.03,-0.09,0.00,-13.95,-8.51,-0.03,0.03,3.94,3.51,-3.85,0.00,-8.00,240
42340,2,84.03,0.40,84.00,-0.03,-0.10,0.00,-13.95,-8.51,0.02,0.00,3.94,3.51,-3.85,0.01,-8.00,240
42358,2,84.04,0.38,84.00,-0.04,-0.11,0.00,-13.95,-8.51,-0.03,-0.09,3.94,3.51,-3.85,-0.06,-8.00,240
42381,2,84.04,0.30,84.00,-0.04,-0.11,0.00,-13.95,-8.51,-0.03,0.00,3.94,3.51,-3.85,-0.02,-8.00,240
42399,2,84.04,0.15,84.00,-0.04,-0.09,0.00,-13.95,-8.51,-0.05,0.04,3.94,3.51,-3.85,-0.00,-8.00,240
42420,2,84.04,0.07,84.00,-0.04,-0.08,0.00,-13.96,-8.51,-0.09,-0.03,3.94,3.51,-3.85,-0.06,-8.00,240
42440,2,84.03,-0.12,84.00,-0.03,-0.04,0.00,-13.96,-8.51,-0.11,-0.07,3.94,3.51,-3.85,-0.09,-8.00,240
42460,2,84.01,-0.33,84.00,-0.01,0.01,0.00,-13.96,-8.51,-0.06,-0.09,3.94,3.51,-3.86,-0.07,-8.00,240
42479,2,84.00,-0.38,84.00,-0.00,0.03,0.00,-13.96,-8.52,-0.11,-0.03,3.94,3.51,-3.86,-0.07,-8.00,240
42500,2,84.00,-0.31,84.00,-0.00,0.02,0.00,-13.97,-8.52,0.01,-0.03,3.94,3.51,-3.86,-0.01,-8.00,240
42520,2,84.01,-0.26,84.00,-0.01,0.01,0.00,-13.97,-8.52,0.00,-0.02,3.94,3.51,-3.86,-0.01,-8.00,240
42540,2,84.00,-0.28,84.00,-0.00,0.02,0.00,-13.97,-8.52,0.01,-0.04,3.94,3.51,-3.86,-0.01,-8.00,240
42560,2,83.99,-0.33,84.00,0.01,0.04,0.00,-13.97,-8.52,0.00,0.00,3.94,3.51,-3.86,0.00,-8.00,240
42580,2,83.99,-0.37,84.00,0.01,0.05,0.00,-13.97,-8.52,0.01,0.05,3.94,3.51,-3.86,0.03,-8.00,240
42599,2,83.98,-0.39,84.00,0.02,0.07,0.00,-13.97,-8.52,0.02,0.00,3.94,3.51,-3.86,0.01,-8.00,240
42620,2,83.97,-0.47,84.00,0.03,0.10,0.00,-13.96,-8.52,0.02,0.04,3.94,3.51,-3.86,0.03,-8.00,240
42640,2,83.96,-0.45,84.00,0.04,0.11,0.00,-13.96,-8.52,0.08,0.00,3.94,3.51,-3.86,0.04,-8.00,240
42660,2,83.96,-0.35,84.00,0.04,0.10,0.00,-13.96,-8.52,0.06,0.04,3.94,3.51,-3.86,0.05,-8.00,240
42680,2,83.97,-0.13,84.00,0.03,0.07,0.00,-13.96,-8.52,0.08,0.12,3.94,3.51,-3.86,0.10,-8.00,240
42700,2,83.98,0.03,84.00,0.02,0.03,0.00,-13.96,-8.51,0.06,0.10,3.94,3.51,-3.85,0.08,-8.00,240
42720,2,83.98,0.00,84.00,0.02,0.03,0.00,-13.96,-8.51,0.05,0.00,3.94,3.51,-3.85,0.03,-8.00,240
42739,2,83.98,-0.08,84.00,0.02,0.05,0.00,-13.95,-8.51,-0.01,0.04,3.94,3.51,-3.85,0.02,-8.00,240
42760,2,83.98,-0.03,84.00,0.02,0.04,0.00,-13.95,-8.51,0.03,0.03,3.94,3.51,-3.85,0.03,-8.00,240
42780,2,83.98,0.03,84.00,0.01,0.03,0.00,-13.95,-8.51,0.02,0.02,3.94,3.51,-3.85,0.02,-8.00,240
42800,2,83.99,0.06,84.00,0.01,0.02,0.00,-13.95,-8.51,0.02,0.01,3.94,3.51,-3.85,0.01,-8.00,240
42820,2,83.99,0.16,84.00,0.01,-0.00,0.00,-13.95,-8.51,0.03,0.05,3.94,3.51,-3.85,0.04,-8.00,240
42840,2,84.00,0.27,84.00,-0.00,-0.03,0.00,-13.95,-8.51,-0.04,0.06,3.94,3.51,-3.85,0.01,-8.00,240
42859,2,84.01,0.31,84.00,-0.01,-0.05,0.00,-13.95,-8.51,-0.02,0.03,3.94,3.51,-3.85,0.01,-8.00,240
42880,2,84.02,0.34,84.00,-0.02,-0.06,0.00,-13.95,-8.51,-0.03,-0.00,3.94,3.51,-3.85,-0.02,-8.00,240
42900,2,84.03,0.36,84.00,-0.03,-0.08,0.00,-13.95,-8.51,-0.00,-0.03,3.94,3.51,-3.85,-0.02,-8.00,240
42920,2,84.04,0.41,84.00,-0.04,-0.11,0.00,-13.95,-8.51,-0.07,-0.02,3.94,3.51,-3.85,-0.04,-8.00,240
42940,2,84.04,0.39,84.00,-0.04,-0.12,0.00,-13.95,-8.51,0.00,0.03,3.94,3.51,-3.85,0.02,-8.00,240
42960,2,84.05,0.30,84.00,-0.05,-0.12,0.00,-13.95,-8.51,-0.07,-0.01,3.94,3.51,-3.85,-0.04,-8.00,240
42979,2,84.04,0.13,84.00,-0.04,-0.10,0.00,-13.95,-8.51,-0.01,-0.03,3.94,3.51,-3.85,-0.02,-8.00,240
42999,2,84.04,0.00,84.00,-0.04,-0.08,0.00,-13.96,-8.51,-0.10,-0.06,3.94,3.51,-3.85,-0.08,-8.00,240
43020,2,84.02,-0.31,84.00,-0.02,-0.02,0.00,-13.96,-8.51,-0.08,-0.10,3.94,3.51,-3.85,-0.09,-8.00,240
43040,2,84.01,-0.47,84.00,-0.01,0.02,0.00,-13.96,-8.51,-0.09,-0.04,3.94,3.51,-3.86,-0.06,-8.00,240
43060,2,84.00,-0.48,84.00,-0.00,0.03,0.00,-13.96,-8.52,-0.09,-0.07,3.94,3.51,-3.86,-0.08,-8.00,240
43080,2,84.00,-0.38,84.00,-0.00,0.02,0.00,-13.97,-8.52,0.02,-0.06,3.94,3.51,-3.86,-0.02,-8.00,240
43100,2,84.00,-0.30,84.00,-0.00,0.02,0.00,-13.97,-8.52,0.03,0.03,3.94,3.51,-3.86,0.03,-8.00,240
43119,2,84.00,-0.24,84.00,-0.00,0.02,0.00,-13.97,-8.52,0.01,-0.01,3.94,3.51,-3.86,0.00,-8.00,240
43140,2,84.00,-0.29,84.00,0.00,0.03,0.00,-13.96,-8.52,-0.05,-0.01,3.94,3.51,-3.86,-0.03,-8.00,240
43160,2,83.99,-0.33,84.00,0.01,0.04,0.00,-13.96,-8.52,0.07,0.01,3.94,3.51,-3.86,0.04,-8.00,240
43180,2,83.99,-0.39,84.00,0.01,0.06,0.00,-13.96,-8.52,0.03,0.00,3.94,3.51,-3.86,0.01,-8.00,240
43200,2,83.98,-0.40,84.00,0.02,0.08,0.00,-13.96,-8.52,0.04,-0.01,3.94,3.51,-3.86,0.01,-8.00,240
43220,2,83.97,-0.41,84.00,0.03,0.09,0.00,-13.96,-8.52,0.03,0.03,3.94,3.51,-3.86,0.03,-8.00,240
43239,2,83.97,-0.25,84.00,0.03,0.07,0.00,-13.96,-8.52,0.08,0.01,3.94,3.51,-3.86,0.05,-8.00,240
43260,2,83.98,-0.06,84.00,0.02,0.04,0.00,-13.96,-8.52,0.06,0.06,3.94,3.51,-3.86,0.06,-8.00,240
43280,2,83.99,0.04,84.00,0.01,0.02,0.00,-13.96,-8.51,0.06,0.03,3.94,3.51,-3.85,0.04,-8.00,240
43300,2,83.98,-0.03,84.00,0.02,0.03,0.00,-13.96,-8.51,0.06,0.04,3.94,3.51,-3.85,0.05,-8.00,240
43320,2,83.98,-0.07,84.00,0.02,0.04,0.00,-13.96,-8.51,0.03,-0.01,3.94,3.51,-3.85,0.01,-8.00,240
43340,2,83.98,-0.02,84.00,0.02,0.04,0.00,-13.95,-8.51,-0.02,0.03,3.94,3.51,-3.85,0.01,-8.00,240
43360,2,83.98,0.02,84.00,0.02,0.03,0.00,-13.95,-8.51,0.03,0.03,3.94,3.51,-3.85,0.03,-8.00,240
43379,2,83.99,0.14,84.00,0.01,0.01,0.00,-13.95,-8.51,0.01,0.06,3.94,3.51,-3.85,0.04,-8.00,240
43400,2,84.00,0.24,84.00,-0.00,-0.02,0.00,-13.95,-8.51,0.03,0.02,3.94,3.51,-3.85,0.02,-8.00,240
43420,2,84.01,0.30,84.00,-0.01,-0.04,0.00,-13.95,-8.51,0.04,0.03,3.94,3.51,-3.85,0.03,-8.00,240
43440,2,84.02,0.35,84.00,-0.02,-0.06,0.00,-13.95,-8.51,-0.01,0.03,3.94,3.51,-3.85,0.01,-8.00,240
43460,2,84.02,0.36,84.00,-0.02,-0.07,0.00,-13.95,-8.51,-0.01,0.00,3.94,3.51,-3.85,-0.00,-8.00,240
43480,2,84.03,0.34,84.00,-0.03,-0.08,0.00,-13.95,-8.51,0.02,-0.02,3.94,3.51,-3.85,0.00,-8.00,240
43499,2,84.03,0.31,84.00,-0.03,-0.09,0.00,-13.95,-8.51,-0.03,0.02,3.94,3.51,-3.85,-0.01,-8.00,240
43520,2,84.04,0.26,84.00,-0.04,-0.09,0.00,-13.95,-8.51,-0.01,-0.01,3.94,3.51,-3.85,-0.01,-8.00,240
43540,2,84.03,0.11,84.00,-0.03,-0.07,0.00,-13.95,-8.51,-0.03,-0.01,3.94,3.51,-3.85,-0.02,-8.00,240
43560,2,84.03,0.01,84.00,-0.03,-0.06,0.00,-13.96,-8.51,-0.09,-0.13,3.94,3.51,-3.85,-0.11,-8.00,240
43580,2,84.02,-0.12,84.00,-0.02,-0.04,0.00,-13.96,-8.51,-0.04,-0.06,3.94,3.51,-3.85,-0.05,-8.00,240
43601,2,84.01,-0.30,84.00,-0.01,0.00,0.00,-13.96,-8.51,-0.00,-0.11,3.94,3.51,-3.85,-0.06,-8.00,240
43619,2,84.00,-0.34,84.00,-0.00,0.02,0.00,-13.96,-8.51,-0.04,-0.00,3.94,3.51,-3.86,-0.02,-8.00,240
43639,2,84.00,-0.37,84.00,0.00,0.03,0.00,-13.96,-8.52,-0.08,-0.02,3.94,3.51,-3.86,-0.05,-8.00,240
43660,2,84.00,-0.33,84.00,0.00,0.03,0.00,-13.96,-8.52,-0.00,0.01,3.94,3.51,-3.86,0.01,-8.00,240
43681,2,84.00,-0.31,84.00,0.00,0.03,0.00,-13.96,-8.52,0.04,-0.03,3.94,3.51,-3.86,0.01,-8.00,240
43699,2,83.99,-0.36,84.00,0.01,0.05,0.00,-13.96,-8.52,0.03,-0.02,3.94,3.51,-3.86,0.00,-8.00,240
43720,2,83.98,-0.41,84.00,0.02,0.07,0.00,-13.96,-8.52,0.02,-0.04,3.94,3.51,-3.86,-0.01,-8.00,240
43740,2,83.97,-0.47,84.00,0.03,0.10,0.00,-13.96,-8.52,0.03,0.02,3.94,3.51,-3.86,0.03,-8.00,240
43759,2,83.96,-0.47,84.00,0.03,0.11,0.00,-13.96,-8.52,0.05,0.01,3.94,3.51,-3.86,0.03,-8.00,240
43780,2,83.97,-0.30,84.00,0.03,0.09,0.00,-13.96,-8.52,0.02,0.07,3.94,3.51,-3.86,0.05,-8.00,240
43801,2,83.98,-0.10,84.00,0.02,0.06,0.00,-13.96,-8.51,0.12,0.07,3.94,3.51,-3.85,0.09,-8.00,240
43819,2,83.98,-0.01,84.00,0.02,0.04,0.00,-13.96,-8.51,0.12,0.05,3.94,3.51,-3.85,0.08,-8.00,240
43840,2,83.98,-0.04,84.00,0.02,0.05,0.00,-13.95,-8.51,0.02,0.06,3.94,3.51,-3.85,0.04,-8.00,240
43860,2,83.98,0.02,84.00,0.02,0.04,0.00,-13.95,-8.51,0.05,0.05,3.94,3.51,-3.85,0.05,-8.00,240
43879,2,83.98,0.07,84.00,0.02,0.03,0.00,-13.95,-8.51,0.08,0.02,3.94,3.51,-3.85,0.05,-8.00,240
43900,2,83.99,0.21,84.00,0.01,0.00,0.00,-13.95,-8.51,0.02,0.06,3.94,3.51,-3.85,0.04,-8.00,240
43920,2,84.00,0.30,84.00,0.00,-0.02,0.00,-13.95,-8.51,0.08,0.00,3.94,3.51,-3.85,0.04,-8.00,240
43940,2,84.01,0.38,84.00,-0.01,-0.05,0.00,-13.95,-8.51,0.00,0.04,3.94,3.51,-3.85,0.02,-8.00,240
43960,2,84.02,0.41,84.00,-0.02,-0.07,0.00,-13.95,-8.51,-0.02,-0.02,3.94,3.51,-3.85,-0.02,-8.00,240
43980,2,84.03,0.42,84.00,-0.03,-0.09,0.00,-13.95,-8.51,0.04,0.03,3.94,3.51,-3.85,0.04,-8.00,240
44001,2,84.03,0.41,84.00,-0.03,-0.10,0.00,-13.95,-8.51,-0.03,0.00,3.94,3.51,-3.85,-0.02,-8.00,240
44018,2,84.04,0.36,84.00,-0.04,-0.11,0.00,-13.95,-8.51,0.02,-0.01,3.94,3.51,-3.85,0.00,-8.00,240
44041,2,84.04,0.26,84.00,-0.04,-0.10,0.00,-13.95,-8.51,-0.05,-0.07,3.94,3.51,-3.85,-0.06,-8.00,240
44059,2,84.04,0.11,84.00,-0.04,-0.08,0.00,-13.95,-8.51,-0.06,-0.07,3.94,3.51,-3.85,-0.06,-8.00,240
44080,2,84.03,-0.02,84.00,-0.03,-0.06,0.00,-13.95,-8.51,-0.12,-0.03,3.94,3.51,-3.85,-0.07,-8.00,240
44100,2,84.02,-0.15,84.00,-0.02,-0.04,0.00,-13.96,-8.51,-0.12,-0.06,3.94,3.51,-3.85,-0.09,-8.00,240
44120,2,84.01,-0.36,84.00,-0.01,0.01,0.00,-13.96,-8.51,-0.04,-0.05,3.94,3.51,-3.85,-0.05,-8.00,240
44139,2,84.00,-0.43,84.00,0.00,0.04,0.00,-13.96,-8.51,-0.11,-0.05,3.94,3.51,-3.86,-0.08,-8.00,240
44160,2,84.00,-0.38,84.00,0.00,0.04,0.00,-13.96,-8.52,0.01,-0.02,3.94,3.51,-3.86,-0.01,-8.00,240
44180,2,84.00,-0.29,84.00,0.00,0.03,0.00,-13.96,-8.52,0.01,0.01,3.94,3.51,-3.86,0.01,-8.00,240
44200,2,83.99,-0.26,84.00,0.00,0.03,0.00,-13.96,-8.52,0.00,0.00,3.94,3.51,-3.86,0.00,-8.00,240
44220,2,83.99,-0.28,84.00,0.01,0.04,0.00,-13.96,-8.52,0.01,0.08,3.94,3.51,-3.86,0.05,-8.00,240
44240,2,83.99,-0.33,84.00,0.01,0.05,0.00,-13.96,-8.52,0.00,0.00,3.94,3.51,-3.86,0.00,-8.00,240
44260,2,83.98,-0.41,84.00,0.02,0.08,0.00,-13.96,-8.52,0.06,-0.02,3.94,3.51,-3.86,0.02,-8.00,240
44279,2,83.98,-0.40,84.00,0.02,0.08,0.00,-13.96,-8.52,0.06,-0.02,3.94,3.51,-3.86,0.02,-8.00,240
44300,2,83.97,-0.35,84.00,0.03,0.08,0.00,-13.96,-8.51,0.05,-0.03,3.94,3.51,-3.86,0.01,-8.00,240
44320,2,83.97,-0.27,84.00,0.03,0.08,0.00,-13.96,-8.51,0.02,-0.00,3.94,3.51,-3.85,0.01,-8.00,240
44340,2,83.98,-0.11,84.00,0.02,0.05,0.00,-13.96,-8.51,0.08,0.05,3.94,3.51,-3.85,0.07,-8.00,240
44360,2,83.98,0.02,84.00,0.02,0.03,0.00,-13.95,-8.51,0.05,0.04,3.94,3.51,-3.85,0.04,-8.00,240
44380,2,83.99,0.03,84.00,0.01,0.03,0.00,-13.95,-8.51,0.05,0.05,3.94,3.51,-3.85,0.05,-8.00,240
44400,2,83.99,0.03,84.00,0.01,0.03,0.00,-13.95,-8.51,-0.01,0.03,3.94,3.51,-3.85,0.01,-8.00,240
44420,2,83.99,0.09,84.00,0.01,0.01,0.00,-13.95,-8.51,-0.01,-0.02,3.94,3.51,-3.85,-0.01,-8.00,240
44440,2,83.99,0.14,84.00,0.01,-0.00,0.00,-13.95,-8.51,0.02,-0.01,3.94,3.51,-3.85,0.00,-8.00,240
44460,2,84.00,0.21,84.00,-0.00,-0.02,0.00,-13.95,-8.51,0.04,0.05,3.94,3.51,-3.85,0.04,-8.00,240
44480,2,84.01,0.27,84.00,-0.01,-0.04,0.00,-13.95,-8.51,0.02,0.05,3.94,3.51,-3.85,0.04,-8.00,240
44500,2,84.02,0.30,84.00,-0.02,-0.05,0.00,-13.95,-8.51,0.03,-0.01,3.94,3.51,-3.85,0.01,-8.00,240
44520,2,84.02,0.32,84.00,-0.02,-0.07,0.00,-13.95,-8.51,-0.01,0.03,3.94,3.51,-3.85,0.01,-8.00,240
44540,2,84.03,0.32,84.00,-0.03,-0.08,0.00,-13.95,-8.51,-0.01,-0.05,3.94,3.51,-3.85,-0.03,-8.00,240
44560,2,84.03,0.30,84.00,-0.03,-0.08,0.00,-13.95,-8.51,0.05,-0.02,3.94,3.51,-3.85,0.02,-8.00,240
44580,2,84.03,0.21,84.00,-0.03,-0.08,0.00,-13.95,-8.51,-0.04,-0.03,3.94,3.51,-3.85,-0.03,-8.00,240
44600,2,84.03,0.14,84.00,-0.03,-0.08,0.00,-13.95,-8.51,0.00,-0.03,3.94,3.51,-3.85,-0.01,-8.00,240
44620,2,84.03,0.07,84.00,-0.03,-0.07,0.00,-13.95,-8.51,-0.03,-0.02,3.94,3.51,-3.85,-0.03,-8.00,240
44640,2,84.03,-0.02,84.00,-0.03,-0.06,0.00,-13.95,-8.51,-0.05,-0.02,3.94,3.51,-3.85,-0.03,-8.00,240
44659,2,84.02,-0.18,84.00,-0.02,-0.03,0.00,-13.96,-8.51,-0.03,-0.04,3.94,3.51,-3.85,-0.03,-8.00,240
44680,2,84.01,-0.33,84.00,-0.01,0.01,0.00,-13.96,-8.51,-0.12,-0.03,3.94,3.51,-3.85,-0.07,-8.00,240
44700,2,84.01,-0.32,84.00,-0.01,0.01,0.00,-13.96,-8.51,-0.06,-0.01,3.94,3.51,-3.86,-0.04,-8.00,240
44721,2,84.01,-0.31,84.00,-0.01,0.01,0.00,-13.96,-8.51,-0.03,-0.03,3.94,3.51,-3.86,-0.03,-8.00,240
44739,2,84.00,-0.33,84.00,-0.00,0.02,0.00,-13.96,-8.51,-0.01,-0.04,3.94,3.51,-3.86,-0.03,-8.00,240
44760,2,84.00,-0.32,84.00,0.00,0.03,0.00,-13.96,-8.52,-0.01,0.01,3.94,3.51,-3.86,0.00,-8.00,240
44779,2,83.99,-0.35,84.00,0.01,0.05,0.00,-13.96,-8.52,-0.02,0.03,3.94,3.51,-3.86,0.00,-8.00,240
44800,2,83.98,-0.42,84.00,0.02,0.07,0.00,-13.96,-8.52,-0.03,0.07,3.94,3.51,-3.86,0.02,-8.00,240
44820,2,83.97,-0.47,84.00,0.03,0.10,0.00,-13.96,-8.52,-0.01,0.02,3.94,3.51,-3.86,0.00,-8.00,240
44840,2,83.96,-0.52,84.00,0.04,0.12,0.00,-13.96,-8.52,0.02,0.00,3.94,3.51,-3.86,0.01,-8.00,240
44860,2,83.96,-0.47,84.00,0.04,0.12,0.00,-13.96,-8.51,0.09,0.03,3.94,3.51,-3.86,0.06,-8.00,240
44880,2,83.96,-0.24,84.00,0.04,0.09,0.00,-13.96,-8.51,0.03,0.05,3.94,3.51,-3.85,0.04,-8.00,240
44900,2,83.97,-0.04,84.00,0.03,0.06,0.00,-13.96,-8.51,0.06,0.07,3.94,3.51,-3.85,0.06,-8.00,240
44920,2,83.97,0.04,84.00,0.03,0.05,0.00,-13.95,-8.51,0.06,0.08,3.94,3.51,-3.85,0.07,-8.00,240
44940,2,83.98,0.12,84.00,0.02,0.03,0.00,-13.95,-8.51,0.02,0.07,3.94,3.51,-3.85,0.05,-8.00,240
44960,2,83.99,0.21,84.00,0.01,0.01,0.00,-13.95,-8.51,0.03,0.04,3.94,3.51,-3.85,0.04,-8.00,240
44980,2,83.99,0.24,84.00,0.01,-0.00,0.00,-13.95,-8.51,-0.04,0.02,3.94,3.51,-3.85,-0.01,-8.00,240
45000,2,84.00,0.27,84.00,0.00,-0.02,0.00,-13.95,-8.51,-0.02,0.06,3.94,3.51,-3.84,0.02,-8.00,240
45020,2,84.01,0.29,84.00,-0.01,-0.03,0.00,-13.95,-8.50,0.06,0.01,3.94,3.51,-3.84,0.04,-8.00,240
45039,2,84.01,0.32,84.00,-0.01,-0.05,0.00,-13.95,-8.50,0.01,0.04,3.94,3.51,-3.84,0.02,-8.00,240
45060,2,84.02,0.34,84.00,-0.02,-0.07,0.00,-13.95,-8.50,-0.02,-0.03,3.94,3.51,-3.84,-0.03,-8.00,240
45080,2,84.03,0.34,84.00,-0.03,-0.08,0.00,-13.95,-8.50,-0.01,0.02,3.94,3.51,-3.84,0.01,-8.00,240
45100,2,84.03,0.35,84.00,-0.03,-0.09,0.00,-13.95,-8.50,-0.01,-0.01,3.94,3.51,-3.84,-0.01,-8.00,240
45120,2,84.04,0.30,84.00,-0.04,-0.10,0.00,-13.95,-8.50,-0.01,-0.06,3.94,3.51,-3.84,-0.03,-8.00,240
45140,2,84.04,0.22,84.00,-0.04,-0.10,0.00,-13.95,-8.51,0.02,-0.03,3.94,3.51,-3.84,-0.01,-8.00,240
45159,2,84.04,0.13,84.00,-0.04,-0.09,0.00,-13.95,-8.51,-0.10,0.01,3.94,3.51,-3.85,-0.04,-8.00,240
45180,2,84.04,0.12,84.00,-0.04,-0.10,0.00,-13.95,-8.51,-0.03,-0.01,3.94,3.51,-3.85,-0.02,-8.00,240
45200,2,84.05,0.10,84.00,-0.05,-0.11,0.00,-13.95,-8.51,-0.10,0.00,3.94,3.51,-3.85,-0.05,-8.00,240
45220,2,84.04,-0.09,84.00,-0.04,-0.07,0.00,-13.96,-8.51,-0.11,-0.01,3.94,3.51,-3.85,-0.06,-8.00,240
45240,2,84.02,-0.40,84.00,-0.02,-0.01,0.00,-13.96,-8.51,-0.08,-0.06,3.94,3.51,-3.85,-0.07,-8.00,240
45260,2,84.01,-0.54,84.00,-0.01,0.03,0.00,-13.96,-8.51,-0.05,-0.05,3.94,3.51,-3.86,-0.05,-8.00,240
45280,2,84.00,-0.52,84.00,-0.00,0.04,0.00,-13.96,-8.52,0.00,-0.01,3.94,3.51,-3.86,-0.00,-8.00,240
45299,2,84.00,-0.43,84.00,0.00,0.04,0.00,-13.96,-8.52,-0.03,-0.03,3.94,3.51,-3.86,-0.03,-8.00,240
45320,2,84.00,-0.38,84.00,0.00,0.04,0.00,-13.96,-8.52,0.01,0.02,3.94,3.51,-3.86,0.01,-8.00,240
45340,2,83.99,-0.38,84.00,0.01,0.05,0.00,-13.96,-8.52,-0.00,0.00,3.94,3.51,-3.86,0.00,-8.00,240
45360,2,83.98,-0.45,84.00,0.02,0.08,0.00,-13.96,-8.52,0.10,-0.03,3.94,3.51,-3.86,0.03,-8.00,240
45380,2,83.97,-0.57,84.00,0.03,0.11,0.00,-13.96,-8.52,-0.01,-0.00,3.94,3.51,-3.86,-0.01,-8.00,240
45401,2,83.96,-0.57,84.00,0.04,0.13,0.00,-13.96,-8.52,0.04,0.01,3.94,3.51,-3.86,0.03,-8.00,240
45418,2,83.96,-0.44,84.00,0.04,0.12,0.00,-13.96,-8.52,0.04,0.06,3.94,3.51,-3.86,0.05,-8.00,240
45441,2,83.97,-0.21,84.00,0.03,0.08,0.00,-13.96,-8.51,0.07,0.07,3.94,3.51,-3.85,0.07,-8.00,240
45459,2,83.98,0.00,84.00,0.02,0.04,0.00,-13.96,-8.51,0.12,0.08,3.94,3.51,-3.85,0.10,-8.00,240
45480,2,83.98,0.02,84.00,0.02,0.04,0.00,-13.95,-8.51,0.05,0.02,3.94,3.51,-3.85,0.04,-8.00,240
45500,2,83.98,0.03,84.00,0.02,0.03,0.00,-13.95,-8.51,0.06,0.05,3.94,3.51,-3.85,0.06,-8.00,240
45521,2,83.98,0.08,84.00,0.02,0.02,0.00,-13.95,-8.51,0.03,0.06,3.94,3.51,-3.85,0.04,-8.00,240
45539,2,83.99,0.11,84.00,0.01,0.02,0.00,-13.95,-8.51,0.01,0.06,3.94,3.51,-3.85,0.03,-8.00,240
45559,2,83.99,0.16,84.00,0.01,0.00,0.00,-13.95,-8.51,0.07,0.02,3.94,3.51,-3.85,0.04,-8.00,240
45580,2,84.00,0.20,84.00,0.00,-0.01,0.00,-13.95,-8.51,0.01,0.01,3.94,3.51,-3.85,0.01,-8.00,240
45600,2,84.00,0.23,84.00,-0.00,-0.02,0.00,-13.95,-8.50,-0.00,0.01,3.94,3.51,-3.84,0.00,-8.00,240
45620,2,84.01,0.23,84.00,-0.01,-0.03,0.00,-13.95,-8.50,0.07,0.02,3.94,3.51,-3.84,0.04,-8.00,240
45640,2,84.01,0.25,84.00,-0.01,-0.04,0.00,-13.95,-8.50,0.03,0.03,3.94,3.51,-3.84,0.03,-8.00,240
45660,2,84.02,0.33,84.00,-0.02,-0.07,0.00,-13.95,-8.50,-0.02,0.02,3.94,3.51,-3.84,0.00,-8.00,240
45679,2,84.03,0.38,84.00,-0.03,-0.09,0.00,-13.95,-8.50,0.00,-0.03,3.94,3.51,-3.84,-0.02,-8.00,240
45700,2,84.04,0.36,84.00,-0.04,-0.11,0.00,-13.95,-8.50,0.01,0.03,3.94,3.51,-3.84,0.02,-8.00,240
45720,2,84.04,0.29,84.00,-0.04,-0.11,0.00,-13.95,-8.50,-0.03,-0.03,3.94,3.51,-3.84,-0.03,-8.00,240
45740,2,84.04,0.11,84.00,-0.04,-0.09,0.00,-13.95,-8.51,-0.07,-0.04,3.94,3.51,-3.85,-0.06,-8.00,240
45760,2,84.04,0.03,84.00,-0.04,-0.08,0.00,-13.95,-8.51,-0.05,-0.03,3.94,3.51,-3.85,-0.04,-8.00,240
45780,2,84.04,-0.00,84.00,-0.04,-0.08,0.00,-13.95,-8.51,-0.02,-0.09,3.94,3.51,-3.85,-0.05,-8.00,240
45799,2,84.04,-0.08,84.00,-0.04,-0.07,0.00,-13.96,-8.51,-0.09,-0.06,3.94,3.51,-3.85,-0.07,-8.00,240
45820,2,84.02,-0.35,84.00,-0.02,-0.01,0.00,-13.96,-8.51,-0.10,-0.07,3.94,3.51,-3.85,-0.09,-8.00,240
45840,2,84.01,-0.43,84.00,-0.01,0.01,0.00,-13.96,-8.51,-0.13,-0.07,3.94,3.51,-3.85,-0.10,-8.00,240
45860,2,84.01,-0.41,84.00,-0.01,0.01,0.00,-13.96,-8.51,-0.01,-0.06,3.94,3.51,-3.86,-0.04,-8.00,240
45880,2,84.01,-0.38,84.00,-0.01,0.02,0.00,-13.96,-8.52,-0.04,-0.09,3.94,3.51,-3.86,-0.06,-8.00,240
45900,2,84.00,-0.34,84.00,-0.00,0.02,0.00,-13.96,-8.52,-0.06,0.04,3.94,3.51,-3.86,-0.01,-8.00,240
45920,2,84.00,-0.39,84.00,0.00,0.03,0.00,-13.96,-8.52,0.04,-0.04,3.94,3.51,-3.86,-0.00,-8.00,240
45939,2,83.99,-0.45,84.00,0.01,0.06,0.00,-13.96,-8.52,0.02,-0.07,3.94,3.51,-3.86,-0.02,-8.00,240
45960,2,83.98,-0.55,84.00,0.02,0.09,0.00,-13.96,-8.52,0.07,-0.00,3.94,3.51,-3.86,0.03,-8.00,240
45980,2,83.96,-0.66,84.00,0.04,0.13,0.00,-13.96,-8.52,0.01,0.01,3.94,3.51,-3.86,0.01,-8.00,240
46000,2,83.95,-0.70,84.00,0.05,0.15,0.00,-13.96,-8.52,0.01,0.08,3.94,3.51,-3.86,0.05,-8.00,240
46020,2,83.95,-0.63,84.00,0.05,0.16,0.00,-13.96,-8.52,0.05,-0.01,3.94,3.51,-3.86,0.02,-8.00,240
46041,2,83.96,-0.31,84.00,0.04,0.11,0.00,-13.96,-8.51,0.09,0.04,3.94,3.51,-3.85,0.07,-8.00,240
46058,2,83.97,-0.04,84.00,0.03,0.06,0.00,-13.96,-8.51,0.11,0.05,3.94,3.51,-3.85,0.08,-8.00,240
46081,2,83.97,-0.04,84.00,0.03,0.06,0.00,-13.95,-8.51,0.07,0.06,3.94,3.51,-3.85,0.06,-8.00,240
46099,2,83.98,0.07,84.00,0.02,0.04,0.00,-13.95,-8.51,0.04,0.12,3.94,3.51,-3.85,0.08,-8.00,240
46120,2,83.99,0.16,84.00,0.01,0.01,0.00,-13.95,-8.51,0.05,0.12,3.94,3.51,-3.85,0.08,-8.00,240
46140,2,83.99,0.22,84.00,0.01,-0.01,0.00,-13.95,-8.51,-0.01,0.04,3.94,3.51,-3.84,0.02,-8.00,240
46160,2,84.00,0.28,84.00,-0.00,-0.03,0.00,-13.95,-8.50,0.00,0.04,3.94,3.51,-3.84,0.02,-8.00,240
46180,2,84.01,0.34,84.00,-0.01,-0.05,0.00,-13.95,-8.50,0.03,0.03,3.94,3.51,-3.84,0.03,-8.00,240
46199,2,84.01,0.29,84.00,-0.01,-0.05,0.00,-13.95,-8.50,0.02,0.03,3.94,3.51,-3.84,0.02,-8.00,240
46220,2,84.02,0.26,84.00,-0.02,-0.05,0.00,-13.95,-8.50,-0.05,0.05,3.94,3.51,-3.84,-0.00,-8.00,240
46241,2,84.02,0.23,84.00,-0.02,-0.06,0.00,-13.95,-8.50,-0.00,-0.01,3.94,3.51,-3.84,-0.01,-8.00,240
46259,2,84.02,0.22,84.00,-0.02,-0.07,0.00,-13.95,-8.50,-0.02,-0.04,3.94,3.51,-3.84,-0.03,-8.00,240
46280,2,84.03,0.21,84.00,-0.03,-0.07,0.00,-13.95,-8.50,-0.07,-0.01,3.94,3.51,-3.84,-0.04,-8.00,240
46300,2,84.03,0.17,84.00,-0.03,-0.07,0.00,-13.95,-8.50,-0.04,-0.01,3.94,3.51,-3.84,-0.02,-8.00,240
46319,2,84.03,0.10,84.00,-0.03,-0.07,0.00,-13.95,-8.50,-0.06,-0.08,3.94,3.51,-3.84,-0.07,-8.00,240
46340,2,84.03,0.05,84.00,-0.03,-0.07,0.00,-13.95,-8.51,-0.03,-0.03,3.94,3.51,-3.85,-0.03,-8.00,240
46360,2,84.03,-0.05,84.00,-0.03,-0.06,0.00,-13.95,-8.51,-0.02,0.01,3.94,3.51,-3.85,-0.01,-8.00,240
46380,2,84.03,-0.10,84.00,-0.03,-0.05,0.00,-13.95,-8.51,-0.06,-0.07,3.94,3.51,-3.85,-0.06,-8.00,240
46400,2,84.03,-0.12,84.00,-0.03,-0.04,0.00,-13.95,-8.51,-0.06,-0.02,3.94,3.51,-3.85,-0.04,-8.00,240
46420,2,84.02,-0.28,84.00,-0.02,-0.01,0.00,-13.95,-8.51,-0.01,-0.06,3.94,3.51,-3.85,-0.03,-8.00,240
46440,2,84.01,-0.37,84.00,-0.01,0.02,0.00,-13.96,-8.51,-0.10,-0.02,3.94,3.51,-3.85,-0.06,-8.00,240
46460,2,84.00,-0.45,84.00,0.00,0.04,0.00,-13.96,-8.51,-0.03,0.02,3.94,3.51,-3.85,-0.01,-8.00,240
46480,2,83.99,-0.40,84.00,0.01,0.05,0.00,-13.96,-8.51,-0.00,-0.04,3.94,3.51,-3.85,-0.02,-8.00,240
46500,2,83.99,-0.37,84.00,0.01,0.04,0.00,-13.96,-8.51,-0.05,0.00,3.94,3.51,-3.85,-0.02,-8.00,240
46520,2,83.99,-0.38,84.00,0.01,0.06,0.00,-13.96,-8.51,-0.00,0.04,3.94,3.51,-3.85,0.02,-8.00,240
46540,2,83.98,-0.40,84.00,0.02,0.07,0.00,-13.96,-8.51,0.01,0.02,3.94,3.51,-3.85,0.01,-8.00,240
46560,2,83.97,-0.45,84.00,0.03,0.09,0.00,-13.96,-8.51,0.06,0.02,3.94,3.51,-3.85,0.04,-8.00,240
46579,2,83.97,-0.36,84.00,0.03,0.09,0.00,-13.96,-8.51,-0.00,0.04,3.94,3.51,-3.85,0.02,-8.00,240
46600,2,83.98,-0.23,84.00,0.02,0.07,0.00,-13.96,-8.51,-0.00,0.01,3.94,3.51,-3.85,0.00,-8.00,240
46620,2,83.98,-0.14,84.00,0.02,0.06,0.00,-13.95,-8.51,0.06,0.01,3.94,3.51,-3.85,0.03,-8.00,240
46641,2,83.98,-0.08,84.00,0.02,0.05,0.00,-13.95,-8.51,0.03,0.09,3.94,3.51,-3.85,0.06,-8.00,240
46659,2,83.98,0.04,84.00,0.01,0.03,0.00,-13.95,-8.51,0.05,0.05,3.94,3.51,-3.85,0.05,-8.00,240
46680,2,83.99,0.16,84.00,0.01,-0.00,0.00,-13.95,-8.51,0.05,0.01,3.94,3.51,-3.85,0.03,-8.00,240
46699,2,84.00,0.21,84.00,0.00,-0.01,0.00,-13.95,-8.50,0.07,0.06,3.94,3.51,-3.84,0.06,-8.00,240
46720,2,84.00,0.22,84.00,-0.01,-0.03,0.00,-13.95,-8.50,-0.01,-0.00,3.94,3.51,-3.84,-0.01,-8.00,240
46740,2,84.01,0.21,84.00,-0.01,-0.03,0.00,-13.95,-8.50,-0.03,0.07,3.94,3.51,-3.84,0.02,-8.00,240
46760,2,84.01,0.20,84.00,-0.01,-0.03,0.00,-13.95,-8.50,0.02,0.00,3.94,3.51,-3.84,0.01,-8.00,240
46780,2,84.01,0.18,84.00,-0.01,-0.03,0.00,-13.95,-8.50,0.02,-0.02,3.94,3.51,-3.84,-0.00,-8.00,240
46800,2,84.01,0.15,84.00,-0.01,-0.03,0.00,-13.95,-8.50,-0.03,-0.01,3.94,3.51,-3.84,-0.02,-8.00,240
46820,2,84.01,0.14,84.00,-0.01,-0.04,0.00,-13.95,-8.50,-0.04,-0.05,3.94,3.51,-3.84,-0.04,-8.00,240
46840,2,84.02,0.14,84.00,-0.02,-0.05,0.00,-13.95,-8.50,-0.01,-0.03,3.94,3.51,-3.84,-0.02,-8.00,240
46859,2,84.02,0.14,84.00,-0.02,-0.05,0.00,-13.95,-8.50,-0.00,0.02,3.94,3.51,-3.84,0.01,-8.00,240
46880,2,84.02,0.11,84.00,-0.02,-0.05,0.00,-13.95,-8.51,-0.01,-0.04,3.94,3.51,-3.84,-0.02,-8.00,240
46900,2,84.02,0.06,84.00,-0.02,-0.05,0.00,-13.95,-8.51,-0.07,-0.08,3.94,3.51,-3.85,-0.07,-8.00,240
46920,2,84.02,-0.00,84.00,-0.02,-0.04,0.00,-13.95,-8.51,-0.06,-0.02,3.94,3.51,-3.85,-0.04,-8.00,240
46940,2,84.02,-0.01,84.00,-0.02,-0.04,0.00,-13.95,-8.51,-0.04,-0.04,3.94,3.51,-3.85,-0.04,-8.00,240
46959,2,84.02,-0.04,84.00,-0.02,-0.04,0.00,-13.95,-8.51,-0.06,-0.05,3.94,3.51,-3.85,-0.06,-8.00,240
46980,2,84.02,-0.07,84.00,-0.02,-0.03,0.00,-13.95,-8.51,-0.04,-0.08,3.94,3.51,-3.85,-0.06,-8.00,240
47000,2,84.02,-0.14,84.00,-0.02,-0.02,0.00,-13.95,-8.51,-0.07,0.03,3.94,3.51,-3.85,-0.02,-8.00,240
47020,2,84.01,-0.26,84.00,-0.01,0.01,0.00,-13.96,-8.51,-0.02,-0.06,3.94,3.51,-3.85,-0.04,-8.00,240
47041,2,84.00,-0.34,84.00,0.00,0.03,0.00,-13.96,-8.51,0.03,-0.02,3.94,3.51,-3.85,0.01,-8.00,240
47059,2,83.99,-0.38,84.00,0.01,0.05,0.00,-13.96,-8.51,0.01,-0.03,3.94,3.51,-3.85,-0.01,-8.00,240
47079,2,83.98,-0.39,84.00,0.02,0.07,0.00,-13.96,-8.51,-0.00,-0.00,3.94,3.51,-3.85,-0.00,-8.00,240
47100,2,83.97,-0.41,84.00,0.02,0.08,0.00,-13.96,-8.51,-0.02,-0.01,3.94,3.51,-3.85,-0.02,-8.00,240
47120,2,83.97,-0.42,84.00,0.03,0.10,0.00,-13.96,-8.51,0.01,-0.02,3.94,3.51,-3.85,-0.00,-8.00,240
47140,2,83.95,-0.51,84.00,0.05,0.13,0.00,-13.96,-8.51,0.04,0.00,3.94,3.51,-3.85,0.02,-8.00,240
47160,2,83.95,-0.50,84.00,0.05,0.15,0.00,-13.96,-8.51,0.04,0.02,3.94,3.51,-3.85,0.03,-8.00,240
47180,2,83.96,-0.21,84.00,0.04,0.10,0.00,-13.95,-8.51,0.03,0.10,3.94,3.51,-3.85,0.06,-8.00,240
47200,2,83.97,0.06,84.00,0.03,0.05,0.00,-13.95,-8.51,0.09,0.09,3.94,3.51,-3.85,0.09,-8.00,240
47219,2,83.99,0.28,84.00,0.01,0.01,0.00,-13.95,-8.51,0.05,0.08,3.94,3.51,-3.85,0.07,-8.00,240
47240,2,84.00,0.46,84.00,-0.00,-0.04,0.00,-13.95,-8.50,0.04,0.02,3.94,3.51,-3.84,0.03,-8.00,240
47260,2,84.01,0.47,84.00,-0.01,-0.06,0.00,-13.95,-8.50,0.07,0.06,3.94,3.51,-3.84,0.06,-8.00,240
47280,2,84.01,0.37,84.00,-0.01,-0.05,0.00,-13.95,-8.50,0.01,-0.00,3.94,3.51,-3.84,0.00,-8.00,240
47300,2,84.01,0.24,84.00,-0.01,-0.04,0.00,-13.94,-8.50,0.03,0.04,3.94,3.51,-3.84,0.04,-8.00,240
47320,2,84.01,0.18,84.00,-0.01,-0.03,0.00,-13.95,-8.50,0.01,-0.05,3.94,3.51,-3.84,-0.02,-8.00,240
47339,2,84.00,0.12,84.00,-0.00,-0.02,0.00,-13.95,-8.50,-0.00,0.01,3.94,3.51,-3.84,0.00,-8.00,240
47360,2,84.00,0.08,84.00,-0.01,-0.02,0.00,-13.95,-8.50,0.02,-0.05,3.94,3.51,-3.84,-0.02,-8.00,240
47380,2,84.01,0.12,84.00,-0.01,-0.03,0.00,-13.95,-8.50,0.02,-0.05,3.94,3.51,-3.84,-0.02,-8.00,240
47401,2,84.02,0.20,84.00,-0.02,-0.05,0.00,-13.95,-8.50,0.02,0.02,3.94,3.51,-3.84,0.02,-8.00,240
47419,2,84.03,0.22,84.00,-0.03,-0.07,0.00,-13.95,-8.50,-0.03,0.00,3.94,3.51,-3.84,-0.01,-8.00,240
47440,2,84.03,0.19,84.00,-0.03,-0.08,0.00,-13.95,-8.50,-0.00,-0.04,3.94,3.51,-3.84,-0.02,-8.00,240
47460,2,84.03,0.06,84.00,-0.03,-0.06,0.00,-13.95,-8.50,-0.06,-0.06,3.94,3.51,-3.84,-0.06,-8.00,240
47479,2,84.03,-0.02,84.00,-0.03,-0.05,0.00,-13.95,-8.51,-0.04,-0.01,3.94,3.51,-3.84,-0.03,-8.00,240
47500,2,84.03,0.07,84.00,-0.03,-0.07,0.00,-13.95,-8.51,-0.04,-0.05,3.94,3.51,-3.85,-0.05,-8.00,240
47520,2,84.03,0.07,84.00,-0.03,-0.07,0.00,-13.95,-8.51,0.00,-0.01,3.94,3.51,-3.85,-0.00,-8.00,240
47540,2,84.03,-0.05,84.00,-0.03,-0.05,0.00,-13.95,-8.51,-0.04,-0.07,3.94,3.51,-3.85,-0.06,-8.00,240
47560,2,84.01,-0.24,84.00,-0.01,-0.01,0.00,-13.95,-8.51,-0.03,-0.05,3.94,3.51,-3.85,-0.04,-8.00,240
47580,2,84.00,-0.41,84.00,-0.00,0.03,0.00,-13.96,-8.51,-0.01,-0.06,3.94,3.51,-3.85,-0.04,-8.00,240
47598,2,84.00,-0.47,84.00,0.00,0.05,0.00,-13.96,-8.51,-0.06,-0.00,3.94,3.51,-3.85,-0.03,-8.00,240
47621,2,83.99,-0.44,84.00,0.01,0.06,0.00,-13.96,-8.51,0.01,-0.00,3.94,3.51,-3.85,0.00,-8.00,240
47639,2,83.98,-0.44,84.00,0.02,0.07,0.00,-13.96,-8.51,0.01,0.00,3.94,3.51,-3.85,0.01,-8.00,240
47660,2,83.97,-0.43,84.00,0.03,0.09,0.00,-13.96,-8.51,0.00,0.04,3.94,3.51,-3.85,0.02,-8.00,240
47680,2,83.97,-0.44,84.00,0.03,0.10,0.00,-13.96,-8.51,0.04,0.03,3.94,3.51,-3.85,0.03,-8.00,240
47700,2,83.96,-0.44,84.00,0.04,0.11,0.00,-13.96,-8.51,0.03,0.01,3.94,3.51,-3.85,0.02,-8.00,240
47719,2,83.96,-0.37,84.00,0.04,0.11,0.00,-13.95,-8.51,-0.01,0.03,3.94,3.51,-3.85,0.01,-8.00,240
47740,2,83.97,-0.13,84.00,0.03,0.08,0.00,-13.95,-8.51,0.05,0.04,3.94,3.51,-3.85,0.04,-8.00,240
47760,2,83.98,0.07,84.00,0.02,0.04,0.00,-13.95,-8.51,0.03,0.09,3.94,3.51,-3.85,0.06,-8.00,240
47780,2,83.99,0.25,84.00,0.01,-0.00,0.00,-13.95,-8.51,0.05,0.07,3.94,3.51,-3.85,0.06,-8.00,240
47800,2,84.00,0.29,84.00,0.00,-0.02,0.00,-13.95,-8.50,0.03,0.06,3.94,3.51,-3.84,0.04,-8.00,240
47820,2,84.00,0.29,84.00,-0.00,-0.03,0.00,-13.95,-8.50,0.00,0.04,3.94,3.51,-3.84,0.02,-8.00,240
47841,2,84.01,0.25,84.00,-0.01,-0.03,0.00,-13.95,-8.50,0.01,0.00,3.94,3.51,-3.84,0.01,-8.00,240
47858,2,84.00,0.17,84.00,-0.00,-0.02,0.00,-13.95,-8.50,0.02,0.02,3.94,3.51,-3.84,0.02,-8.00,240
47881,2,84.00,0.11,84.00,-0.00,-0.01,0.00,-13.95,-8.50,0.03,0.01,3.94,3.51,-3.84,0.02,-8.00,240
47899,2,84.01,0.13,84.00,-0.01,-0.02,0.00,-13.95,-8.50,-0.00,0.01,3.94,3.51,-3.84,0.00,-8.00,240
47920,2,84.01,0.18,84.00,-0.01,-0.03,0.00,-13.95,-8.50,0.05,-0.03,3.94,3.51,-3.84,0.01,-8.00,240
47940,2,84.02,0.24,84.00,-0.02,-0.06,0.00,-13.95,-8.50,0.02,0.02,3.94,3.51,-3.84,0.02,-8.00,240
47960,2,84.03,0.26,84.00,-0.03,-0.07,0.00,-13.95,-8.50,-0.01,-0.01,3.94,3.51,-3.84,-0.01,-8.00,240
47979,2,84.03,0.25,84.00,-0.03,-0.08,0.00,-13.95,-8.50,-0.00,-0.00,3.94,3.51,-3.84,-0.00,-8.00,240
48000,2,84.03,0.21,84.00,-0.03,-0.08,0.00,-13.95,-8.50,-0.04,-0.04,3.94,3.51,-3.84,-0.04,-8.00,240
48020,2,84.03,0.15,84.00,-0.03,-0.08,0.00,-13.95,-8.50,-0.05,0.00,3.94,3.51,-3.84,-0.03,-8.00,240
48041,2,84.03,0.02,84.00,-0.03,-0.06,0.00,-13.95,-8.51,-0.07,-0.04,3.94,3.51,-3.84,-0.06,-8.00,240
48059,2,84.03,-0.05,84.00,-0.03,-0.05,0.00,-13.95,-8.51,-0.01,-0.08,3.94,3.51,-3.85,-0.05,-8.00,240
48080,2,84.03,-0.05,84.00,-0.03,-0.05,0.00,-13.95,-8.51,-0.06,-0.05,3.94,3.51,-3.85,-0.06,-8.00,240
48100,2,84.02,-0.17,84.00,-0.02,-0.03,0.00,-13.95,-8.51,0.01,-0.04,3.94,3.51,-3.85,-0.02,-8.00,240
48119,2,84.00,-0.38,84.00,-0.00,0.03,0.00,-13.95,-8.51,-0.04,-0.00,3.94,3.51,-3.85,-0.02,-8.00,240
48140,2,83.99,-0.42,84.00,0.01,0.04,0.00,-13.96,-8.51,-0.10,-0.08,3.94,3.51,-3.85,-0.09,-8.00,240
48160,2,83.99,-0.39,84.00,0.01,0.05,0.00,-13.96,-8.51,-0.03,-0.02,3.94,3.51,-3.85,-0.02,-8.00,240
48180,2,83.99,-0.39,84.00,0.01,0.06,0.00,-13.96,-8.51,0.09,0.03,3.94,3.51,-3.85,0.06,-8.00,240
48200,2,83.98,-0.42,84.00,0.02,0.08,0.00,-13.96,-8.51,-0.02,0.03,3.94,3.51,-3.85,0.00,-8.00,240
48219,2,83.97,-0.44,84.00,0.03,0.09,0.00,-13.96,-8.51,0.02,0.06,3.94,3.51,-3.85,0.04,-8.00,240
48239,2,83.97,-0.43,84.00,0.03,0.10,0.00,-13.96,-8.51,0.03,0.06,3.94,3.51,-3.85,0.05,-8.00,240
48260,2,83.97,-0.35,84.00,0.03,0.09,0.00,-13.96,-8.51,0.01,0.02,3.94,3.51,-3.85,0.02,-8.00,240
48280,2,83.97,-0.23,84.00,0.03,0.08,0.00,-13.95,-8.51,0.03,-0.01,3.94,3.51,-3.85,0.01,-8.00,240
48300,2,83.98,-0.09,84.00,0.02,0.05,0.00,-13.95,-8.51,0.06,0.06,3.94,3.51,-3.85,0.06,-8.00,240
48320,2,83.98,0.04,84.00,0.02,0.03,0.00,-13.95,-8.51,0.07,0.09,3.94,3.51,-3.85,0.08,-8.00,240
48340,2,83.99,0.11,84.00,0.01,0.01,0.00,-13.95,-8.51,0.01,0.04,3.94,3.51,-3.85,0.03,-8.00,240
48359,2,84.00,0.18,84.00,0.00,-0.01,0.00,-13.95,-8.50,-0.00,0.03,3.94,3.51,-3.84,0.02,-8.00,240
48380,2,84.00,0.19,84.00,-0.00,-0.02,0.00,-13.95,-8.50,0.05,0.04,3.94,3.51,-3.84,0.05,-8.00,240
48400,2,84.01,0.19,84.00,-0.01,-0.03,0.00,-13.95,-8.50,-0.00,0.01,3.94,3.51,-3.84,0.00,-8.00,240
48420,2,84.01,0.18,84.00,-0.01,-0.03,0.00,-13.95,-8.50,-0.01,0.02,3.94,3.51,-3.84,0.00,-8.00,240
48441,2,84.01,0.20,84.00,-0.01,-0.04,0.00,-13.95,-8.50,0.03,-0.01,3.94,3.51,-3.84,0.01,-8.00,240
48459,2,84.01,0.20,84.00,-0.01,-0.04,0.00,-13.95,-8.50,-0.00,-0.04,3.94,3.51,-3.84,-0.02,-8.00,240
48480,2,84.02,0.21,84.00,-0.02,-0.05,0.00,-13.95,-8.50,-0.00,-0.03,3.94,3.51,-3.84,-0.02,-8.00,240
48499,2,84.02,0.24,84.00,-0.02,-0.06,0.00,-13.95,-8.50,-0.01,-0.04,3.94,3.51,-3.84,-0.03,-8.00,240
48520,2,84.02,0.21,84.00,-0.02,-0.06,0.00,-13.95,-8.50,-0.05,-0.05,3.94,3.51,-3.84,-0.05,-8.00,240
48540,2,84.02,0.09,84.00,-0.02,-0.05,0.00,-13.95,-8.50,-0.01,0.01,3.94,3.51,-3.84,-0.00,-8.00,240
48560,2,84.02,0.06,84.00,-0.02,-0.05,0.00,-13.95,-8.50,0.02,-0.08,3.94,3.51,-3.84,-0.03,-8.00,240
48580,2,84.03,0.08,84.00,-0.03,-0.06,0.00,-13.95,-8.51,-0.04,-0.04,3.94,3.51,-3.85,-0.04,-8.00,240
48600,2,84.03,0.02,84.00,-0.03,-0.06,0.00,-13.95,-8.51,-0.02,0.01,3.94,3.51,-3.85,-0.00,-8.00,240
48619,2,84.03,-0.01,84.00,-0.03,-0.05,0.00,-13.95,-8.51,-0.08,-0.06,3.94,3.51,-3.85,-0.07,-8.00,240
48640,2,84.03,-0.01,84.00,-0.03,-0.06,0.00,-13.95,-8.51,-0.04,-0.01,3.94,3.51,-3.85,-0.03,-8.00,240
48660,2,84.02,-0.16,84.00,-0.02,-0.03,0.00,-13.95,-8.51,-0.07,-0.04,3.94,3.51,-3.85,-0.06,-8.00,240
48680,2,84.01,-0.34,84.00,-0.01,0.01,0.00,-13.95,-8.51,-0.09,-0.04,3.94,3.51,-3.85,-0.07,-8.00,240
48700,2,84.00,-0.37,84.00,-0.00,0.03,0.00,-13.96,-8.51,-0.07,0.01,3.94,3.51,-3.85,-0.03,-8.00,240
48720,2,84.00,-0.41,84.00,0.00,0.04,0.00,-13.96,-8.51,-0.03,0.03,3.94,3.51,-3.85,0.00,-8.00,240
48740,2,83.99,-0.40,84.00,0.01,0.05,0.00,-13.96,-8.51,0.04,-0.02,3.94,3.51,-3.85,0.01,-8.00,240
48759,2,83.99,-0.42,84.00,0.01,0.06,0.00,-13.96,-8.51,0.05,-0.06,3.94,3.51,-3.85,-0.01,-8.00,240
48780,2,83.97,-0.46,84.00,0.03,0.09,0.00,-13.96,-8.51,0.02,-0.03,3.94,3.51,-3.85,-0.01,-8.00,240
48800,2,83.96,-0.48,84.00,0.04,0.11,0.00,-13.96,-8.51,0.01,-0.01,3.94,3.51,-3.85,-0.00,-8.00,240
48820,2,83.95,-0.51,84.00,0.05,0.13,0.00,-13.96,-8.51,-0.02,0.02,3.94,3.51,-3.85,0.00,-8.00,240
48841,2,83.95,-0.42,84.00,0.05,0.13,0.00,-13.95,-8.51,0.03,0.04,3.94,3.51,-3.85,0.04,-8.00,240
48859,2,83.96,-0.13,84.00,0.04,0.09,0.00,-13.95,-8.51,0.14,0.05,3.94,3.51,-3.85,0.10,-8.00,240
48879,2,83.97,0.08,84.00,0.02,0.04,0.00,-13.95,-8.51,0.07,0.04,3.94,3.51,-3.85,0.06,-8.00,240
48900,2,83.99,0.25,84.00,0.01,0.01,0.00,-13.95,-8.50,-0.02,0.05,3.94,3.51,-3.84,0.02,-8.00,240
48920,2,84.00,0.37,84.00,0.00,-0.02,0.00,-13.95,-8.50,0.06,0.04,3.94,3.51,-3.84,0.05,-8.00,240
48940,2,84.00,0.38,84.00,-0.00,-0.03,0.00,-13.95,-8.50,0.05,0.08,3.94,3.51,-3.84,0.06,-8.00,240
48960,2,84.01,0.32,84.00,-0.01,-0.04,0.00,-13.95,-8.50,0.02,0.00,3.94,3.51,-3.84,0.01,-8.00,240
48980,2,84.00,0.25,84.00,-0.01,-0.03,0.00,-13.94,-8.50,-0.01,-0.03,3.94,3.51,-3.84,-0.02,-8.00,240
48999,2,84.00,0.19,84.00,-0.00,-0.02,0.00,-13.94,-8.50,0.01,-0.02,3.94,3.51,-3.84,-0.00,-8.00,240
49020,2,84.01,0.13,84.00,-0.01,-0.02,0.00,-13.94,-8.50,-0.01,0.01,3.94,3.51,-3.84,-0.00,-8.00,240
49041,2,84.01,0.12,84.00,-0.01,-0.03,0.00,-13.94,-8.50,0.01,-0.00,3.94,3.51,-3.84,0.00,-8.00,240
49059,2,84.02,0.20,84.00,-0.02,-0.05,0.00,-13.95,-8.50,-0.03,-0.03,3.94,3.51,-3.84,-0.03,-8.00,240
49080,2,84.02,0.23,84.00,-0.03,-0.07,0.00,-13.95,-8.50,-0.03,-0.03,3.94,3.51,-3.84,-0.03,-8.00,240
49100,2,84.03,0.23,84.00,-0.03,-0.08,0.00,-13.95,-8.50,0.02,-0.03,3.94,3.51,-3.84,-0.01,-8.00,240
49120,2,84.03,0.18,84.00,-0.03,-0.08,0.00,-13.95,-8.50,-0.01,-0.03,3.94,3.51,-3.84,-0.02,-8.00,240
49139,2,84.03,0.12,84.00,-0.03,-0.08,0.00,-13.95,-8.50,-0.06,-0.06,3.94,3.51,-3.84,-0.06,-8.00,240
49160,2,84.03,0.09,84.00,-0.04,-0.08,0.00,-13.95,-8.50,-0.03,-0.06,3.94,3.51,-3.84,-0.05,-8.00,240
49180,2,84.04,0.11,84.00,-0.04,-0.09,0.00,-13.95,-8.51,-0.03,-0.06,3.94,3.51,-3.85,-0.05,-8.00,240
49200,2,84.04,0.07,84.00,-0.04,-0.09,0.00,-13.95,-8.51,-0.01,-0.08,3.94,3.51,-3.85,-0.04,-8.00,240
49220,2,84.03,-0.16,84.00,-0.03,-0.04,0.00,-13.95,-8.51,-0.09,-0.05,3.94,3.51,-3.85,-0.07,-8.00,240
49241,2,84.01,-0.39,84.00,-0.01,0.01,0.00,-13.95,-8.51,-0.05,-0.01,3.94,3.51,-3.85,-0.03,-8.00,240
49258,2,83.99,-0.51,84.00,0.01,0.05,0.00,-13.96,-8.51,-0.09,-0.07,3.94,3.51,-3.85,-0.08,-8.00,240
49281,2,83.99,-0.49,84.00,0.01,0.06,0.00,-13.96,-8.51,-0.05,-0.00,3.94,3.51,-3.85,-0.02,-8.00,240
49299,2,83.99,-0.43,84.00,0.01,0.06,0.00,-13.96,-8.51,-0.04,0.01,3.94,3.51,-3.85,-0.02,-8.00,240
49320,2,83.98,-0.42,84.00,0.02,0.07,0.00,-13.96,-8.51,-0.00,-0.02,3.94,3.51,-3.85,-0.01,-8.00,240
49340,2,83.98,-0.47,84.00,0.02,0.09,0.00,-13.96,-8.51,-0.01,0.03,3.94,3.51,-3.85,0.01,-8.00,240
49360,2,83.97,-0.48,84.00,0.03,0.10,0.00,-13.96,-8.51,0.04,-0.03,3.94,3.51,-3.85,0.01,-8.00,240
49380,2,83.96,-0.41,84.00,0.04,0.10,0.00,-13.96,-8.51,0.00,0.00,3.94,3.51,-3.85,0.00,-8.00,240
49400,2,83.96,-0.31,84.00,0.04,0.10,0.00,-13.95,-8.51,0.07,0.02,3.94,3.51,-3.85,0.04,-8.00,240
49420,2,83.97,-0.16,84.00,0.03,0.08,0.00,-13.95,-8.51,0.05,0.09,3.94,3.51,-3.85,0.07,-8.00,240
49440,2,83.97,-0.04,84.00,0.03,0.06,0.00,-13.95,-8.51,0.07,0.09,3.94,3.51,-3.85,0.08,-8.00,240
49460,2,83.98,0.08,84.00,0.02,0.04,0.00,-13.95,-8.51,0.05,0.01,3.94,3.51,-3.85,0.03,-8.00,240
49480,2,83.99,0.22,84.00,0.01,-0.00,0.00,-13.95,-8.50,0.06,0.09,3.94,3.51,-3.84,0.07,-8.00,240
49500,2,84.00,0.32,84.00,-0.00,-0.03,0.00,-13.95,-8.50,0.08,0.10,3.94,3.51,-3.84,0.09,-8.00,240
49519,2,84.01,0.33,84.00,-0.01,-0.04,0.00,-13.95,-8.50,0.03,0.02,3.94,3.51,-3.84,0.03,-8.00,240
49540,2,84.01,0.25,84.00,-0.01,-0.04,0.00,-13.95,-8.50,0.01,0.03,3.94,3.51,-3.84,0.02,-8.00,240
49560,2,84.01,0.20,84.00,-0.01,-0.03,0.00,-13.94,-8.50,0.06,-0.03,3.94,3.51,-3.84,0.01,-8.00,240
49580,2,84.01,0.17,84.00,-0.01,-0.03,0.00,-13.95,-8.50,-0.00,0.00,3.94,3.51,-3.84,0.00,-8.00,240
49600,2,84.01,0.15,84.00,-0.01,-0.04,0.00,-13.95,-8.50,0.01,0.00,3.94,3.51,-3.84,0.01,-8.00,240
49620,2,84.01,0.15,84.00,-0.01,-0.04,0.00,-13.95,-8.50,-0.07,0.00,3.94,3.51,-3.84,-0.03,-8.00,240
49640,2,84.01,0.11,84.00,-0.01,-0.04,0.00,-13.95,-8.50,-0.02,-0.09,3.94,3.51,-3.84,-0.06,-8.00,240
49660,2,84.02,0.11,84.00,-0.02,-0.05,0.00,-13.95,-8.50,-0.02,-0.03,3.94,3.51,-3.84,-0.02,-8.00,240
49680,2,84.02,0.14,84.00,-0.02,-0.06,0.00,-13.95,-8.50,0.01,0.00,3.94,3.51,-3.84,0.00,-8.00,240
49700,2,84.03,0.15,84.00,-0.03,-0.07,0.00,-13.95,-8.50,-0.03,-0.03,3.94,3.51,-3.84,-0.03,-8.00,240
49720,2,84.03,0.07,84.00,-0.03,-0.06,0.00,-13.95,-8.50,0.00,-0.04,3.94,3.51,-3.84,-0.02,-8.00,240
49740,2,84.03,0.01,84.00,-0.03,-0.05,0.00,-13.95,-8.51,-0.01,-0.02,3.94,3.51,-3.85,-0.02,-8.00,240
49760,2,84.03,0.03,84.00,-0.03,-0.06,0.00,-13.95,-8.51,-0.04,-0.04,3.94,3.51,-3.85,-0.04,-8.00,240
49779,2,84.03,0.02,84.00,-0.03,-0.06,0.00,-13.95,-8.51,0.00,0.01,3.94,3.51,-3.85,0.00,-8.00,240
49800,2,84.02,-0.08,84.00,-0.02,-0.04,0.00,-13.95,-8.51,-0.03,-0.04,3.94,3.51,-3.85,-0.03,-8.00,240
49820,2,84.01,-0.25,84.00,-0.01,-0.01,0.00,-13.95,-8.51,-0.06,-0.07,3.94,3.51,-3.85,-0.06,-8.00,240
49841,2,84.00,-0.43,84.00,-0.00,0.03,0.00,-13.96,-8.51,-0.05,-0.02,3.94,3.51,-3.85,-0.04,-8.00,240
49859,2,83.99,-0.50,84.00,0.01,0.06,0.00,-13.96,-8.51,-0.03,-0.02,3.94,3.51,-3.85,-0.03,-8.00,240
49880,2,83.99,-0.47,84.00,0.01,0.07,0.00,-13.96,-8.51,0.02,-0.02,3.94,3.51,-3.85,0.00,-8.00,240
49899,2,83.98,-0.48,84.00,0.02,0.08,0.00,-13.96,-8.51,0.03,-0.03,3.94,3.51,-3.85,-0.00,-8.00,240
49920,2,83.97,-0.48,84.00,0.03,0.10,0.00,-13.96,-8.51,0.04,-0.02,3.94,3.51,-3.85,0.01,-8.00,240
49940,2,83.96,-0.55,84.00,0.04,0.13,0.00,-13.96,-8.51,0.03,-0.02,3.94,3.51,-3.85,0.01,-8.00,240
49960,2,83.95,-0.53,84.00,0.05,0.15,0.00,-13.96,-8.51,0.01,0.04,3.94,3.51,-3.85,0.02,-8.00,240
49980,2,83.95,-0.31,84.00,0.05,0.12,0.00,-13.95,-8.51,0.04,0.09,3.94,3.51,-3.85,0.07,-8.00,240
50000,2,83.97,-0.05,84.00,0.03,0.07,0.00,-13.95,-8.51,0.11,0.05,3.94,3.51,-3.85,0.08,-8.00,240
50020,2,83.98,0.22,84.00,0.02,0.02,0.00,-13.95,-8.50,0.09,0.06,3.94,3.51,-3.85,0.08,-8.00,240
50039,2,84.00,0.38,84.00,0.00,-0.02,0.00,-13.95,-8.50,0.04,0.12,3.94,3.51,-3.84,0.08,-8.00,240
50060,2,84.00,0.33,84.00,-0.00,-0.03,0.00,-13.95,-8.50,0.05,0.05,3.94,3.51,-3.84,0.05,-8.00,240
50080,2,84.00,0.25,84.00,-0.00,-0.02,0.00,-13.94,-8.50,0.05,0.03,3.94,3.51,-3.84,0.04,-8.00,240
50100,2,84.00,0.16,84.00,0.00,-0.01,0.00,-13.94,-8.50,0.00,0.04,3.94,3.51,-3.84,0.02,-8.00,240
50120,2,84.00,0.12,84.00,0.00,-0.00,0.00,-13.94,-8.50,-0.06,0.02,3.94,3.51,-3.84,-0.02,-8.00,240
50140,2,84.00,0.15,84.00,0.00,-0.01,0.00,-13.94,-8.50,0.01,-0.01,3.94,3.51,-3.84,0.00,-8.00,240
50159,2,84.01,0.25,84.00,-0.01,-0.04,0.00,-13.94,-8.50,-0.03,-0.04,3.94,3.51,-3.84,-0.03,-8.00,240
50180,2,84.02,0.36,84.00,-0.02,-0.07,0.00,-13.94,-8.50,0.01,0.04,3.94,3.51,-3.84,0.02,-8.00,240
50200,2,84.03,0.47,84.00,-0.03,-0.10,0.00,-13.94,-8.50,-0.01,-0.02,3.94,3.51,-3.84,-0.02,-8.00,240
50220,2,84.04,0.52,84.00,-0.04,-0.13,0.00,-13.94,-8.50,0.02,-0.05,3.94,3.51,-3.84,-0.01,-8.00,240
50240,2,84.05,0.42,84.00,-0.05,-0.13,0.00,-13.94,-8.50,-0.02,-0.04,3.94,3.51,-3.84,-0.03,-8.00,240
50260,2,84.04,0.20,84.00,-0.04,-0.10,0.00,-13.95,-8.50,-0.06,-0.06,3.94,3.51,-3.84,-0.06,-8.00,240
50279,2,84.04,0.03,84.00,-0.04,-0.07,0.00,-13.95,-8.50,-0.06,-0.08,3.94,3.51,-3.84,-0.07,-8.00,240
50300,2,84.05,0.11,84.00,-0.05,-0.10,0.00,-13.95,-8.51,-0.06,-0.09,3.94,3.51,-3.85,-0.07,-8.00,240
50320,2,84.05,0.10,84.00,-0.05,-0.11,0.00,-13.95,-8.51,-0.03,-0.01,3.94,3.51,-3.85,-0.02,-8.00,240
50340,2,84.04,-0.08,84.00,-0.04,-0.08,0.00,-13.95,-8.51,-0.04,-0.08,3.94,3.51,-3.85,-0.06,-8.00,240
50360,2,84.02,-0.33,84.00,-0.02,-0.02,0.00,-13.95,-8.51,-0.08,-0.03,3.94,3.51,-3.85,-0.06,-8.00,240
50380,2,84.01,-0.55,84.00,-0.01,0.03,0.00,-13.96,-8.51,-0.14,-0.05,3.94,3.51,-3.85,-0.10,-8.00,240
50400,2,84.00,-0.59,84.00,0.00,0.05,0.00,-13.96,-8.51,-0.07,-0.03,3.94,3.51,-3.85,-0.05,-8.00,240
50419,2,84.00,-0.51,84.00,0.00,0.05,0.00,-13.96,-8.51,-0.03,-0.03,3.94,3.51,-3.86,-0.03,-8.00,240
50440,2,83.99,-0.49,84.00,0.01,0.05,0.00,-13.96,-8.51,0.03,0.01,3.94,3.51,-3.86,0.02,-8.00,240
50460,2,83.98,-0.53,84.00,0.02,0.07,0.00,-13.96,-8.51,0.04,0.00,3.94,3.51,-3.86,0.02,-8.00,240
50480,2,83.97,-0.60,84.00,0.03,0.10,0.00,-13.96,-8.51,0.00,-0.00,3.94,3.51,-3.86,-0.00,-8.00,240
50500,2,83.96,-0.69,84.00,0.04,0.14,0.00,-13.96,-8.51,0.06,0.03,3.94,3.51,-3.85,0.05,-8.00,240
50520,2,83.95,-0.60,84.00,0.05,0.14,0.00,-13.96,-8.51,0.06,0.04,3.94,3.51,-3.85,0.05,-8.00,240
50539,2,83.96,-0.34,84.00,0.04,0.10,0.00,-13.96,-8.51,0.09,0.05,3.94,3.51,-3.85,0.07,-8.00,240
50560,2,83.96,-0.21,84.00,0.03,0.08,0.00,-13.95,-8.51,0.07,0.05,3.94,3.51,-3.85,0.06,-8.00,240
50580,2,83.96,-0.18,84.00,0.04,0.09,0.00,-13.95,-8.51,0.10,0.04,3.94,3.51,-3.85,0.07,-8.00,240
50600,2,83.96,-0.10,84.00,0.04,0.08,0.00,-13.95,-8.51,0.02,0.06,3.94,3.51,-3.85,0.04,-8.00,240
50620,2,83.97,0.04,84.00,0.03,0.06,0.00,-13.95,-8.51,0.04,0.05,3.94,3.51,-3.84,0.05,-8.00,240
50640,2,83.98,0.22,84.00,0.02,0.02,0.00,-13.95,-8.50,0.10,0.07,3.94,3.51,-3.84,0.09,-8.00,240
50659,2,83.99,0.38,84.00,0.01,-0.02,0.00,-13.95,-8.50,0.10,0.12,3.94,3.51,-3.84,0.11,-8.00,240
50679,2,84.01,0.46,84.00,-0.01,-0.05,0.00,-13.94,-8.50,0.05,0.01,3.94,3.51,-3.84,0.03,-8.00,240
50700,2,84.00,0.28,84.00,-0.00,-0.03,0.00,-13.94,-8.50,0.08,0.02,3.94,3.51,-3.84,0.05,-8.00,240
50720,2,84.00,0.17,84.00,0.00,-0.01,0.00,-13.94,-8.50,-0.00,-0.01,3.94,3.51,-3.84,-0.01,-8.00,240
50740,2,84.00,0.18,84.00,-0.00,-0.02,0.00,-13.94,-8.50,-0.02,0.05,3.94,3.51,-3.84,0.01,-8.00,240
50761,2,84.01,0.23,84.00,-0.01,-0.03,0.00,-13.94,-8.50,-0.06,-0.03,3.94,3.51,-3.84,-0.05,-8.00,240
50779,2,84.02,0.28,84.00,-0.02,-0.05,0.00,-13.94,-8.50,-0.00,-0.03,3.94,3.51,-3.84,-0.02,-8.00,240
50799,2,84.02,0.32,84.00,-0.02,-0.07,0.00,-13.94,-8.50,-0.03,0.01,3.94,3.51,-3.84,-0.01,-8.00,240
50820,2,84.03,0.36,84.00,-0.03,-0.09,0.00,-13.94,-8.50,-0.01,-0.05,3.94,3.51,-3.84,-0.03,-8.00,240
50840,2,84.04,0.32,84.00,-0.04,-0.11,0.00,-13.94,-8.50,-0.01,-0.03,3.94,3.51,-3.84,-0.02,-8.00,240
50860,2,84.04,0.16,84.00,-0.04,-0.09,0.00,-13.94,-8.50,-0.05,-0.07,3.94,3.51,-3.84,-0.06,-8.00,240
50881,2,84.03,0.03,84.00,-0.04,-0.07,0.00,-13.95,-8.50,-0.09,-0.06,3.94,3.51,-3.84,-0.07,-8.00,240
50899,2,84.04,-0.01,84.00,-0.04,-0.07,0.00,-13.95,-8.50,-0.04,-0.07,3.94,3.51,-3.84,-0.06,-8.00,240
50919,2,84.04,0.02,84.00,-0.04,-0.09,0.00,-13.95,-8.51,-0.03,0.03,3.94,3.51,-3.85,-0.00,-8.00,240
50940,2,84.05,0.06,84.00,-0.05,-0.10,0.00,-13.95,-8.51,0.00,-0.02,3.94,3.51,-3.85,-0.01,-8.00,240
50960,2,84.04,-0.06,84.00,-0.04,-0.08,0.00,-13.95,-8.51,-0.09,-0.02,3.94,3.51,-3.85,-0.05,-8.00,240
50980,2,84.03,-0.30,84.00,-0.03,-0.03,0.00,-13.95,-8.51,-0.07,-0.08,3.94,3.51,-3.85,-0.07,-8.00,240
51000,2,84.01,-0.53,84.00,-0.01,0.02,0.00,-13.96,-8.51,-0.09,0.01,3.94,3.51,-3.85,-0.04,-8.00,240
51020,2,83.99,-0.75,84.00,0.01,0.08,0.00,-13.96,-8.51,-0.14,-0.06,3.94,3.51,-3.85,-0.10,-8.00,240
51040,2,83.98,-0.75,84.00,0.02,0.10,0.00,-13.96,-8.51,-0.05,-0.08,3.94,3.51,-3.85,-0.07,-8.00,240
51059,2,83.97,-0.64,84.00,0.03,0.10,0.00,-13.96,-8.51,-0.03,0.01,3.94,3.51,-3.85,-0.01,-8.00,240
51080,2,83.96,-0.64,84.00,0.03,0.12,0.00,-13.96,-8.51,-0.01,-0.01,3.94,3.51,-3.85,-0.01,-8.00,240
51100,2,83.97,-0.47,84.00,0.03,0.10,0.00,-13.96,-8.51,0.07,0.00,3.94,3.51,-3.85,0.04,-8.00,240
51120,2,83.97,-0.27,84.00,0.03,0.08,0.00,-13.96,-8.51,0.03,0.10,3.94,3.51,-3.85,0.07,-8.00,240
51140,2,83.98,-0.13,84.00,0.02,0.06,0.00,-13.96,-8.51,0.04,0.08,3.94,3.51,-3.85,0.06,-8.00,240
51161,2,83.97,-0.13,84.00,0.03,0.07,0.00,-13.95,-8.51,0.09,0.07,3.94,3.51,-3.85,0.08,-8.00,240
51178,2,83.97,-0.13,84.00,0.03,0.07,0.00,-13.95,-8.51,-0.02,0.07,3.94,3.51,-3.85,0.02,-8.00,240
51201,2,83.97,-0.07,84.00,0.03,0.07,0.00,-13.95,-8.51,0.05,0.09,3.94,3.51,-3.85,0.07,-8.00,240
51219,2,83.98,0.04,84.00,0.02,0.04,0.00,-13.95,-8.50,0.01,0.05,3.94,3.51,-3.84,0.03,-8.00,240
51240,2,83.99,0.26,84.00,0.01,-0.01,0.00,-13.95,-8.50,0.00,0.09,3.94,3.51,-3.84,0.05,-8.00,240
51260,2,84.00,0.30,84.00,0.00,-0.02,0.00,-13.95,-8.50,0.05,0.08,3.94,3.51,-3.84,0.07,-8.00,240
51280,2,84.00,0.24,84.00,0.00,-0.01,0.00,-13.94,-8.50,0.04,0.05,3.94,3.51,-3.84,0.04,-8.00,240
51300,2,84.00,0.18,84.00,0.00,-0.01,0.00,-13.94,-8.50,-0.01,0.00,3.94,3.51,-3.84,-0.00,-8.00,240
51319,2,84.00,0.14,84.00,0.00,-0.00,0.00,-13.94,-8.50,0.00,-0.02,3.94,3.51,-3.84,-0.01,-8.00,240
51340,2,84.00,0.16,84.00,-0.00,-0.02,0.00,-13.94,-8.50,-0.01,0.04,3.94,3.51,-3.84,0.01,-8.00,240
51361,2,84.01,0.19,84.00,-0.01,-0.03,0.00,-13.94,-8.50,0.06,-0.03,3.94,3.51,-3.84,0.02,-8.00,240
51379,2,84.01,0.25,84.00,-0.01,-0.05,0.00,-13.94,-8.50,-0.01,-0.01,3.94,3.51,-3.84,-0.01,-8.00,240
51400,2,84.02,0.28,84.00,-0.02,-0.06,0.00,-13.94,-8.50,0.01,0.03,3.94,3.51,-3.84,0.02,-8.00,240
51420,2,84.03,0.30,84.00,-0.03,-0.08,0.00,-13.94,-8.50,-0.03,0.01,3.94,3.51,-3.84,-0.01,-8.00,240
51439,2,84.03,0.22,84.00,-0.03,-0.08,0.00,-13.94,-8.50,-0.03,-0.04,3.94,3.51,-3.84,-0.04,-8.00,240
51460,2,84.03,0.11,84.00,-0.03,-0.06,0.00,-13.95,-8.50,-0.01,-0.04,3.94,3.51,-3.84,-0.03,-8.00,240
51481,2,84.03,0.05,84.00,-0.03,-0.06,0.00,-13.95,-8.50,0.01,-0.06,3.94,3.51,-3.84,-0.02,-8.00,240
51499,2,84.03,0.06,84.00,-0.03,-0.07,0.00,-13.95,-8.50,-0.07,-0.03,3.94,3.51,-3.84,-0.05,-8.00,240
51520,2,84.04,0.09,84.00,-0.04,-0.08,0.00,-13.95,-8.51,0.00,-0.03,3.94,3.51,-3.84,-0.01,-8.00,240
51540,2,84.04,0.02,84.00,-0.04,-0.07,0.00,-13.95,-8.51,-0.09,-0.03,3.94,3.51,-3.85,-0.06,-8.00,240
51560,2,84.03,-0.11,84.00,-0.03,-0.05,0.00,-13.95,-8.51,-0.05,-0.03,3.94,3.51,-3.85,-0.04,-8.00,240
51580,2,84.02,-0.30,84.00,-0.02,-0.01,0.00,-13.95,-8.51,-0.03,-0.04,3.94,3.51,-3.85,-0.04,-8.00,240
51600,2,84.00,-0.43,84.00,-0.00,0.02,0.00,-13.95,-8.51,-0.06,-0.02,3.94,3.51,-3.85,-0.04,-8.00,240
51620,2,84.00,-0.44,84.00,0.00,0.04,0.00,-13.96,-8.51,-0.07,-0.04,3.94,3.51,-3.85,-0.05,-8.00,240
51640,2,84.00,-0.42,84.00,0.00,0.04,0.00,-13.96,-8.51,0.00,-0.02,3.94,3.51,-3.85,-0.01,-8.00,240
51660,2,83.99,-0.39,84.00,0.01,0.05,0.00,-13.96,-8.51,0.05,-0.00,3.94,3.51,-3.85,0.02,-8.00,240
51681,2,83.98,-0.42,84.00,0.02,0.07,0.00,-13.96,-8.51,-0.01,0.03,3.94,3.51,-3.85,0.01,-8.00,240
51698,2,83.97,-0.48,84.00,0.03,0.09,0.00,-13.96,-8.51,-0.00,-0.04,3.94,3.51,-3.85,-0.02,-8.00,240
51721,2,83.97,-0.53,84.00,0.03,0.11,0.00,-13.96,-8.51,0.05,0.00,3.94,3.51,-3.85,0.02,-8.00,240
51739,2,83.96,-0.48,84.00,0.04,0.12,0.00,-13.96,-8.51,-0.00,0.04,3.94,3.51,-3.85,0.02,-8.00,240
51760,2,83.96,-0.38,84.00,0.04,0.11,0.00,-13.95,-8.51,0.04,0.07,3.94,3.51,-3.85,0.05,-8.00,240
51780,2,83.96,-0.24,84.00,0.04,0.09,0.00,-13.95,-8.51,0.06,0.04,3.94,3.51,-3.85,0.05,-8.00,240
51800,2,83.97,-0.05,84.00,0.03,0.06,0.00,-13.95,-8.51,0.07,0.12,3.94,3.51,-3.85,0.09,-8.00,240
51819,2,83.99,0.17,84.00,0.01,0.01,0.00,-13.95,-8.50,0.06,0.05,3.94,3.51,-3.84,0.06,-8.00,240
51840,2,84.00,0.32,84.00,-0.00,-0.03,0.00,-13.95,-8.50,0.04,0.08,3.94,3.51,-3.84,0.06,-8.00,240
51860,2,84.01,0.26,84.00,-0.01,-0.03,0.00,-13.95,-8.50,0.01,0.07,3.94,3.51,-3.84,0.04,-8.00,240
51881,2,84.00,0.11,84.00,-0.00,-0.01,0.00,-13.94,-8.50,0.10,0.05,3.94,3.51,-3.84,0.08,-8.00,240
51899,2,84.00,0.02,84.00,-0.00,-0.00,0.00,-13.94,-8.50,-0.02,0.02,3.94,3.51,-3.84,0.00,-8.00,240
51920,2,84.00,0.00,84.00,0.00,0.00,0.00,-13.94,-8.50,-0.01,0.01,3.94,3.51,-3.84,0.00,-8.00,240
51940,2,84.00,0.08,84.00,-0.00,-0.01,0.00,-13.94,-8.50,0.02,-0.02,3.94,3.51,-3.84,-0.00,-8.00,240
51959,2,84.01,0.19,84.00,-0.01,-0.04,0.00,-13.94,-8.50,0.01,-0.10,3.94,3.51,-3.84,-0.04,-8.00,240
51980,2,84.02,0.27,84.00,-0.02,-0.06,0.00,-13.94,-8.50,0.08,0.05,3.94,3.51,-3.84,0.07,-8.00,240
52000,2,84.02,0.29,84.00,-0.02,-0.07,0.00,-13.94,-8.50,0.01,-0.03,3.94,3.51,-3.84,-0.01,-8.00,240
52020,2,84.03,0.31,84.00,-0.03,-0.09,0.00,-13.94,-8.50,0.01,-0.05,3.94,3.51,-3.84,-0.02,-8.00,240
52040,2,84.04,0.31,84.00,-0.04,-0.10,0.00,-13.94,-8.50,-0.06,-0.03,3.94,3.51,-3.84,-0.05,-8.00,240
52060,2,84.04,0.15,84.00,-0.04,-0.08,0.00,-13.94,-8.50,-0.01,0.00,3.94,3.51,-3.84,-0.00,-8.00,240
52080,2,84.03,-0.04,84.00,-0.03,-0.05,0.00,-13.95,-8.50,-0.01,-0.05,3.94,3.51,-3.84,-0.03,-8.00,240
52100,2,84.03,-0.07,84.00,-0.03,-0.05,0.00,-13.95,-8.51,-0.05,-0.05,3.94,3.51,-3.84,-0.05,-8.00,240
52120,2,84.04,0.04,84.00,-0.04,-0.08,0.00,-13.95,-8.51,-0.05,0.00,3.94,3.51,-3.85,-0.02,-8.00,240
52140,2,84.04,-0.02,84.00,-0.04,-0.07,0.00,-13.95,-8.51,-0.04,0.03,3.94,3.51,-3.85,-0.01,-8.00,240
52160,2,84.03,-0.15,84.00,-0.03,-0.05,0.00,-13.95,-8.51,0.03,-0.06,3.94,3.51,-3.85,-0.02,-8.00,240
52180,2,84.02,-0.25,84.00,-0.03,-0.03,0.00,-13.95,-8.51,-0.07,-0.05,3.94,3.51,-3.85,-0.06,-8.00,240
52200,2,84.01,-0.40,84.00,-0.01,0.01,0.00,-13.95,-8.51,-0.02,-0.03,3.94,3.51,-3.85,-0.03,-8.00,240
52220,2,84.00,-0.51,84.00,-0.00,0.04,0.00,-13.96,-8.51,-0.07,-0.07,3.94,3.51,-3.85,-0.07,-8.00,240
52240,2,83.99,-0.53,84.00,0.01,0.05,0.00,-13.96,-8.51,-0.02,-0.02,3.94,3.51,-3.85,-0.02,-8.00,240
52260,2,83.99,-0.50,84.00,0.01,0.06,0.00,-13.96,-8.51,-0.04,0.03,3.94,3.51,-3.85,-0.00,-8.00,240
52280,2,83.98,-0.56,84.00,0.02,0.08,0.00,-13.96,-8.51,0.01,0.00,3.94,3.51,-3.85,0.01,-8.00,240
52300,2,83.97,-0.60,84.00,0.03,0.11,0.00,-13.96,-8.51,0.05,0.02,3.94,3.51,-3.85,0.04,-8.00,240
52320,2,83.95,-0.63,84.00,0.05,0.14,0.00,-13.96,-8.51,0.02,0.01,3.94,3.51,-3.85,0.01,-8.00,240
52339,2,83.95,-0.55,84.00,0.05,0.15,0.00,-13.96,-8.51,0.04,0.05,3.94,3.51,-3.85,0.04,-8.00,240
52360,2,83.95,-0.37,84.00,0.05,0.13,0.00,-13.95,-8.51,0.09,0.08,3.94,3.51,-3.85,0.08,-8.00,240
52380,2,83.96,-0.20,84.00,0.04,0.10,0.00,-13.95,-8.51,0.07,0.12,3.94,3.51,-3.85,0.10,-8.00,240
52401,2,83.97,0.05,84.00,0.03,0.06,0.00,-13.95,-8.51,0.06,0.04,3.94,3.51,-3.85,0.05,-8.00,240
52419,2,83.99,0.30,84.00,0.01,-0.00,0.00,-13.95,-8.50,0.11,0.15,3.94,3.51,-3.84,0.13,-8.00,240
52440,2,84.00,0.45,84.00,-0.00,-0.04,0.00,-13.95,-8.50,0.09,0.11,3.94,3.51,-3.84,0.10,-8.00,240
52459,2,84.00,0.36,84.00,-0.00,-0.04,0.00,-13.94,-8.50,0.00,0.06,3.94,3.51,-3.84,0.03,-8.00,240
52480,2,84.00,0.26,84.00,-0.00,-0.03,0.00,-13.94,-8.50,-0.05,-0.03,3.94,3.51,-3.84,-0.04,-8.00,240
52500,2,84.00,0.14,84.00,0.00,-0.01,0.00,-13.94,-8.50,0.02,-0.02,3.94,3.51,-3.84,-0.00,-8.00,240
52520,2,84.00,0.09,84.00,0.00,-0.00,0.00,-13.94,-8.50,0.03,-0.05,3.94,3.51,-3.84,-0.01,-8.00,240
52540,2,84.00,0.13,84.00,-0.00,-0.01,0.00,-13.94,-8.50,0.03,0.02,3.94,3.51,-3.84,0.03,-8.00,240
52560,2,84.01,0.16,84.00,-0.01,-0.03,0.00,-13.94,-8.50,-0.01,0.02,3.94,3.51,-3.84,0.01,-8.00,240
52580,2,84.01,0.23,84.00,-0.01,-0.05,0.00,-13.94,-8.50,-0.06,0.00,3.94,3.51,-3.84,-0.03,-8.00,240
52599,2,84.02,0.30,84.00,-0.02,-0.07,0.00,-13.94,-8.50,-0.03,-0.03,3.94,3.51,-3.84,-0.03,-8.00,240
52620,2,84.03,0.32,84.00,-0.03,-0.08,0.00,-13.94,-8.50,0.03,0.01,3.94,3.51,-3.84,0.02,-8.00,240
52640,2,84.03,0.29,84.00,-0.03,-0.09,0.00,-13.94,-8.50,-0.07,-0.02,3.94,3.51,-3.84,-0.04,-8.00,240
52660,2,84.03,0.19,84.00,-0.03,-0.08,0.00,-13.94,-8.50,-0.04,-0.07,3.94,3.51,-3.84,-0.06,-8.00,240
52680,2,84.03,0.07,84.00,-0.03,-0.07,0.00,-13.95,-8.50,-0.06,-0.04,3.94,3.51,-3.84,-0.05,-8.00,240
52700,2,84.03,0.01,84.00,-0.03,-0.06,0.00,-13.95,-8.50,-0.01,-0.06,3.94,3.51,-3.84,-0.03,-8.00,240
52718,2,84.04,0.09,84.00,-0.04,-0.08,0.00,-13.95,-8.51,-0.03,-0.02,3.94,3.51,-3.84,-0.02,-8.00,240
52741,2,84.05,0.17,84.00,-0.05,-0.11,0.00,-13.95,-8.51,-0.02,0.04,3.94,3.51,-3.85,0.01,-8.00,240
52759,2,84.05,0.09,84.00,-0.05,-0.11,0.00,-13.95,-8.51,-0.06,-0.03,3.94,3.51,-3.85,-0.05,-8.00,240
52780,2,84.03,-0.21,84.00,-0.04,-0.05,0.00,-13.95,-8.51,-0.09,-0.02,3.94,3.51,-3.85,-0.05,-8.00,240
52800,2,84.02,-0.45,84.00,-0.02,0.00,0.00,-13.95,-8.51,-0.08,-0.05,3.94,3.51,-3.85,-0.07,-8.00,240
52820,2,84.00,-0.64,84.00,0.00,0.06,0.00,-13.96,-8.51,-0.07,0.01,3.94,3.51,-3.85,-0.03,-8.00,240
52839,2,83.99,-0.66,84.00,0.01,0.08,0.00,-13.96,-8.51,-0.03,-0.03,3.94,3.51,-3.85,-0.03,-8.00,240
52860,2,83.98,-0.57,84.00,0.02,0.08,0.00,-13.96,-8.51,-0.03,0.05,3.94,3.51,-3.85,0.01,-8.00,240
52880,2,83.98,-0.58,84.00,0.02,0.09,0.00,-13.96,-8.51,-0.02,0.01,3.94,3.51,-3.85,-0.01,-8.00,240
52900,2,83.96,-0.62,84.00,0.04,0.12,0.00,-13.96,-8.51,0.01,0.02,3.94,3.51,-3.85,0.02,-8.00,240
52920,2,83.95,-0.61,84.00,0.05,0.14,0.00,-13.96,-8.51,0.04,0.03,3.94,3.51,-3.85,0.04,-8.00,240
52940,2,83.95,-0.50,84.00,0.05,0.14,0.00,-13.96,-8.51,0.10,0.03,3.94,3.51,-3.85,0.07,-8.00,240
52960,2,83.95,-0.31,84.00,0.05,0.12,0.00,-13.95,-8.51,0.04,-0.03,3.94,3.51,-3.85,0.01,-8.00,240
52979,2,83.96,-0.17,84.00,0.04,0.10,0.00,-13.95,-8.51,0.05,0.08,3.94,3.51,-3.85,0.07,-8.00,240
53000,2,83.97,0.01,84.00,0.03,0.07,0.00,-13.95,-8.51,0.09,0.08,3.94,3.51,-3.85,0.08,-8.00,240
53020,2,83.98,0.23,84.00,0.02,0.02,0.00,-13.95,-8.50,0.04,0.10,3.94,3.51,-3.84,0.07,-8.00,240
53040,2,84.00,0.39,84.00,0.00,-0.02,0.00,-13.95,-8.50,0.11,0.11,3.94,3.51,-3.84,0.11,-8.00,240
53060,2,84.01,0.42,84.00,-0.01,-0.05,0.00,-13.94,-8.50,0.01,0.13,3.94,3.51,-3.84,0.07,-8.00,240
53080,2,84.00,0.29,84.00,-0.00,-0.03,0.00,-13.94,-8.50,0.05,0.02,3.94,3.51,-3.84,0.03,-8.00,240
53099,2,83.99,0.06,84.00,0.01,0.01,0.00,-13.94,-8.50,0.04,0.01,3.94,3.51,-3.84,0.03,-8.00,240
53120,2,83.99,-0.00,84.00,0.01,0.02,0.00,-13.94,-8.50,-0.04,-0.07,3.94,3.51,-3.84,-0.05,-8.00,240
53140,2,83.99,0.03,84.00,0.01,0.02,0.00,-13.94,-8.50,0.05,-0.09,3.94,3.51,-3.84,-0.02,-8.00,240
53160,2,83.99,0.08,84.00,0.01,0.01,0.00,-13.94,-8.50,-0.03,-0.02,3.94,3.51,-3.84,-0.02,-8.00,240
53180,2,84.01,0.25,84.00,-0.01,-0.03,0.00,-13.94,-8.50,0.02,-0.00,3.94,3.51,-3.84,0.01,-8.00,240
53201,2,84.02,0.39,84.00,-0.02,-0.07,0.00,-13.94,-8.50,-0.04,0.05,3.94,3.51,-3.84,0.00,-8.00,240
53219,2,84.04,0.50,84.00,-0.04,-0.11,0.00,-13.94,-8.50,-0.02,-0.02,3.94,3.51,-3.84,-0.02,-8.00,240
53239,2,84.05,0.55,84.00,-0.05,-0.14,0.00,-13.94,-8.50,0.04,-0.07,3.94,3.51,-3.84,-0.01,-8.00,240
53260,2,84.05,0.41,84.00,-0.05,-0.13,0.00,-13.94,-8.50,-0.02,-0.03,3.94,3.51,-3.84,-0.03,-8.00,240
53280,2,84.04,0.17,84.00,-0.04,-0.09,0.00,-13.94,-8.50,-0.08,-0.12,3.94,3.51,-3.84,-0.10,-8.00,240
53300,2,84.03,-0.04,84.00,-0.03,-0.06,0.00,-13.95,-8.50,-0.06,-0.06,3.94,3.51,-3.84,-0.06,-8.00,240
53320,2,84.04,0.03,84.00,-0.04,-0.08,0.00,-13.95,-8.51,-0.09,-0.09,3.94,3.51,-3.84,-0.09,-8.00,240
53340,2,84.05,0.17,84.00,-0.05,-0.11,0.00,-13.95,-8.51,-0.05,-0.01,3.94,3.51,-3.85,-0.03,-8.00,240
53359,2,84.05,0.08,84.00,-0.05,-0.11,0.00,-13.95,-8.51,-0.08,-0.01,3.94,3.51,-3.85,-0.04,-8.00,240
53380,2,84.04,-0.09,84.00,-0.04,-0.08,0.00,-13.95,-8.51,-0.07,-0.02,3.94,3.51,-3.85,-0.04,-8.00,240
53401,2,84.03,-0.26,84.00,-0.03,-0.05,0.00,-13.96,-8.51,-0.09,-0.06,3.94,3.51,-3.85,-0.07,-8.00,240
53419,2,84.01,-0.54,84.00,-0.01,0.02,0.00,-13.96,-8.51,-0.09,-0.08,3.94,3.51,-3.85,-0.08,-8.00,240
53440,2,84.00,-0.61,84.00,-0.00,0.04,0.00,-13.96,-8.51,-0.11,-0.06,3.94,3.51,-3.85,-0.09,-8.00,240
53460,2,84.00,-0.55,84.00,0.00,0.05,0.00,-13.96,-8.51,-0.02,-0.06,3.94,3.51,-3.86,-0.04,-8.00,240
53479,2,83.99,-0.53,84.00,0.01,0.06,0.00,-13.96,-8.51,-0.01,-0.01,3.94,3.51,-3.86,-0.01,-8.00,240
53500,2,83.98,-0.57,84.00,0.02,0.08,0.00,-13.96,-8.52,0.02,0.02,3.94,3.51,-3.86,0.02,-8.00,240
53520,2,83.97,-0.64,84.00,0.03,0.11,0.00,-13.96,-8.52,0.02,0.01,3.94,3.51,-3.86,0.01,-8.00,240
53540,2,83.95,-0.76,84.00,0.05,0.16,0.00,-13.96,-8.51,0.04,-0.03,3.94,3.51,-3.86,0.01,-8.00,240
53560,2,83.94,-0.77,84.00,0.06,0.18,0.00,-13.96,-8.51,0.08,0.01,3.94,3.51,-3.85,0.04,-8.00,240
53580,2,83.94,-0.50,84.00,0.06,0.15,0.00,-13.96,-8.51,0.03,0.08,3.94,3.51,-3.85,0.05,-8.00,240
53600,2,83.95,-0.22,84.00,0.05,0.11,0.00,-13.96,-8.51,0.19,0.06,3.94,3.51,-3.85,0.12,-8.00,240
53619,2,83.95,-0.20,84.00,0.05,0.12,0.00,-13.95,-8.51,0.13,0.05,3.94,3.51,-3.85,0.09,-8.00,240
53640,2,83.95,-0.07,84.00,0.05,0.10,0.00,-13.95,-8.51,0.07,0.13,3.94,3.51,-3.85,0.10,-8.00,240
53660,2,83.97,0.27,84.00,0.03,0.03,0.00,-13.95,-8.50,0.11,0.10,3.94,3.51,-3.84,0.11,-8.00,240
53680,2,84.00,0.51,84.00,0.00,-0.03,0.00,-13.95,-8.50,0.11,0.13,3.94,3.51,-3.84,0.12,-8.00,240
53700,2,84.00,0.50,84.00,-0.00,-0.05,0.00,-13.94,-8.50,0.09,0.11,3.94,3.51,-3.84,0.10,-8.00,240
53720,2,84.00,0.29,84.00,0.00,-0.02,0.00,-13.94,-8.50,0.09,0.05,3.94,3.51,-3.84,0.07,-8.00,240
53739,2,83.99,0.06,84.00,0.01,0.02,0.00,-13.94,-8.50,-0.02,0.05,3.94,3.51,-3.84,0.01,-8.00,240
53760,2,83.98,-0.03,84.00,0.02,0.04,0.00,-13.94,-8.50,0.02,-0.01,3.94,3.51,-3.84,0.00,-8.00,240
53780,2,83.98,-0.01,84.00,0.02,0.04,0.00,-13.94,-8.50,0.00,0.03,3.94,3.51,-3.84,0.02,-8.00,240
53800,2,83.99,0.12,84.00,0.01,0.02,0.00,-13.94,-8.50,0.03,-0.01,3.94,3.51,-3.84,0.01,-8.00,240
53820,2,84.00,0.32,84.00,-0.00,-0.03,0.00,-13.94,-8.50,0.05,-0.04,3.94,3.51,-3.84,0.01,-8.00,240
53840,2,84.02,0.51,84.00,-0.02,-0.08,0.00,-13.94,-8.49,0.06,0.05,3.94,3.51,-3.83,0.05,-8.00,240
53860,2,84.04,0.65,84.00,-0.04,-0.13,0.00,-13.94,-8.49,-0.02,0.03,3.94,3.51,-3.83,0.01,-8.00,240
53879,2,84.06,0.74,84.00,-0.06,-0.17,0.00,-13.94,-8.49,0.01,-0.00,3.94,3.51,-3.83,0.01,-8.00,240
53900,2,84.07,0.68,84.00,-0.07,-0.19,0.00,-13.94,-8.49,-0.00,0.00,3.94,3.51,-3.83,0.00,-8.00,240
53920,2,84.07,0.45,84.00,-0.07,-0.17,0.00,-13.94,-8.50,-0.10,-0.07,3.94,3.51,-3.84,-0.08,-8.00,240
53940,2,84.04,-0.04,84.00,-0.04,-0.09,0.00,-13.94,-8.50,-0.13,-0.09,3.94,3.51,-3.84,-0.11,-8.00,240
53960,2,84.03,-0.27,84.00,-0.03,-0.03,0.00,-13.95,-8.50,-0.07,-0.16,3.94,3.51,-3.84,-0.11,-8.00,240
53980,2,84.05,0.06,84.00,-0.05,-0.10,0.00,-13.95,-8.51,-0.05,-0.09,3.94,3.51,-3.85,-0.07,-8.00,240
53999,2,84.07,0.29,84.00,-0.07,-0.16,0.00,-13.95,-8.51,-0.09,0.02,3.94,3.51,-3.85,-0.04,-8.00,240
54020,2,84.06,0.07,84.00,-0.06,-0.13,0.00,-13.95,-8.51,-0.12,-0.10,3.94,3.51,-3.85,-0.11,-8.00,240
54040,2,84.05,-0.20,84.00,-0.05,-0.08,0.00,-13.96,-8.51,-0.05,-0.09,3.94,3.51,-3.85,-0.07,-8.00,240
54060,2,84.03,-0.49,84.00,-0.03,-0.02,0.00,-13.96,-8.51,-0.11,-0.09,3.94,3.51,-3.85,-0.10,-8.00,240
54080,2,84.01,-0.66,84.00,-0.01,0.03,0.00,-13.96,-8.51,-0.12,-0.05,3.94,3.51,-3.86,-0.08,-8.00,240
54100,2,84.00,-0.67,84.00,-0.01,0.04,0.00,-13.96,-8.52,-0.04,-0.10,3.94,3.51,-3.86,-0.07,-8.00,240
54120,2,84.00,-0.65,84.00,0.00,0.06,0.00,-13.97,-8.52,-0.06,0.00,3.94,3.51,-3.86,-0.03,-8.00,240
54140,2,83.99,-0.62,84.00,0.01,0.07,0.00,-13.97,-8.52,-0.02,-0.01,3.94,3.51,-3.86,-0.01,-8.00,240
54160,2,83.98,-0.63,84.00,0.02,0.09,0.00,-13.97,-8.52,0.02,0.01,3.94,3.51,-3.86,0.01,-8.00,240
54180,2,83.96,-0.72,84.00,0.04,0.13,0.00,-13.96,-8.52,-0.02,-0.03,3.94,3.51,-3.86,-0.03,-8.00,240
54200,2,83.94,-0.80,84.00,0.05,0.17,0.00,-13.96,-8.52,0.05,0.03,3.94,3.51,-3.86,0.04,-8.00,240
54220,2,83.94,-0.70,84.00,0.06,0.18,0.00,-13.96,-8.52,0.06,0.07,3.94,3.51,-3.86,0.07,-8.00,240
54240,2,83.94,-0.48,84.00,0.06,0.15,0.00,-13.96,-8.51,0.08,0.03,3.94,3.51,-3.86,0.05,-8.00,240
54259,2,83.95,-0.24,84.00,0.05,0.11,0.00,-13.96,-8.51,0.13,0.06,3.94,3.51,-3.85,0.10,-8.00,240
54280,2,83.95,-0.24,84.00,0.05,0.12,0.00,-13.95,-8.51,0.05,0.09,3.94,3.51,-3.85,0.07,-8.00,240
54300,2,83.95,-0.12,84.00,0.05,0.11,0.00,-13.95,-8.51,-0.01,0.06,3.94,3.51,-3.85,0.03,-8.00,240
54320,2,83.96,0.02,84.00,0.04,0.08,0.00,-13.95,-8.51,0.08,0.08,3.94,3.51,-3.85,0.08,-8.00,240
54340,2,83.97,0.29,84.00,0.03,0.03,0.00,-13.95,-8.50,0.06,0.16,3.94,3.51,-3.84,0.11,-8.00,240
54360,2,83.99,0.45,84.00,0.01,-0.01,0.00,-13.94,-8.50,0.09,0.15,3.94,3.51,-3.84,0.12,-8.00,240
54379,2,83.99,0.44,84.00,0.01,-0.02,0.00,-13.94,-8.50,0.12,0.07,3.94,3.51,-3.84,0.10,-8.00,240
54400,2,83.99,0.27,84.00,0.01,0.00,0.00,-13.94,-8.49,0.05,-0.03,3.94,3.51,-3.83,0.01,-8.00,240
54420,2,83.98,0.07,84.00,0.02,0.04,0.00,-13.94,-8.49,0.05,-0.03,3.94,3.51,-3.83,0.01,-8.00,240
54440,2,83.98,0.02,84.00,0.02,0.05,0.00,-13.94,-8.49,-0.06,-0.02,3.94,3.51,-3.83,-0.04,-8.00,240
54460,2,83.98,0.13,84.00,0.02,0.02,0.00,-13.94,-8.49,-0.02,0.01,3.94,3.51,-3.83,-0.00,-8.00,240
54480,2,84.00,0.38,84.00,-0.00,-0.03,0.00,-13.94,-8.49,0.04,0.02,3.94,3.51,-3.83,0.03,-8.00,240
54500,2,84.02,0.62,84.00,-0.02,-0.10,0.00,-13.94,-8.49,0.01,0.05,3.94,3.51,-3.83,0.03,-8.00,240
54519,2,84.04,0.69,84.00,-0.04,-0.13,0.00,-13.94,-8.49,0.03,0.03,3.94,3.51,-3.83,0.03,-8.00,240
54540,2,84.05,0.69,84.00,-0.05,-0.16,0.00,-13.94,-8.49,-0.03,0.02,3.94,3.51,-3.83,-0.01,-8.00,240
54560,2,84.06,0.58,84.00,-0.06,-0.16,0.00,-13.94,-8.49,-0.03,-0.06,3.94,3.51,-3.83,-0.04,-8.00,240
54580,2,84.05,0.25,84.00,-0.05,-0.12,0.00,-13.94,-8.49,-0.08,-0.11,3.94,3.51,-3.83,-0.09,-8.00,240
54600,2,84.03,-0.14,84.00,-0.03,-0.04,0.00,-13.94,-8.50,-0.09,-0.12,3.94,3.51,-3.84,-0.10,-8.00,240
54620,2,84.03,-0.12,84.00,-0.03,-0.05,0.00,-13.95,-8.50,-0.15,-0.14,3.94,3.51,-3.84,-0.15,-8.00,240
54639,2,84.05,0.20,84.00,-0.05,-0.12,0.00,-13.95,-8.51,-0.04,-0.01,3.94,3.51,-3.84,-0.03,-8.00,240
54660,2,84.07,0.37,84.00,-0.07,-0.17,0.00,-13.95,-8.51,-0.03,-0.06,3.94,3.51,-3.85,-0.04,-8.00,240
54680,2,84.08,0.28,84.00,-0.08,-0.17,0.00,-13.95,-8.51,-0.04,-0.00,3.94,3.51,-3.85,-0.02,-8.00,240
54700,2,84.06,-0.00,84.00,-0.06,-0.13,0.00,-13.95,-8.51,-0.02,-0.09,3.94,3.51,-3.85,-0.05,-8.00,240
54720,2,84.05,-0.30,84.00,-0.05,-0.07,0.00,-13.95,-8.51,-0.05,-0.10,3.94,3.51,-3.85,-0.08,-8.00,240
54739,2,84.02,-0.68,84.00,-0.02,0.02,0.00,-13.96,-8.51,-0.12,-0.05,3.94,3.51,-3.85,-0.08,-8.00,240
54759,2,84.00,-0.88,84.00,0.00,0.08,0.00,-13.96,-8.51,-0.08,-0.06,3.94,3.51,-3.86,-0.07,-8.00,240
54780,2,84.00,-0.70,84.00,0.00,0.06,0.00,-13.97,-8.52,-0.07,-0.10,3.94,3.51,-3.86,-0.09,-8.00,240
54800,2,83.99,-0.62,84.00,0.01,0.07,0.00,-13.97,-8.52,0.04,-0.01,3.94,3.51,-3.86,0.02,-8.00,240
54820,2,83.99,-0.59,84.00,0.01,0.08,0.00,-13.96,-8.52,0.04,0.04,3.94,3.51,-3.86,0.04,-8.00,240
54840,2,83.97,-0.63,84.00,0.03,0.10,0.00,-13.96,-8.52,0.02,0.02,3.94,3.51,-3.86,0.02,-8.00,240
54860,2,83.96,-0.71,84.00,0.04,0.14,0.00,-13.96,-8.52,0.04,-0.03,3.94,3.51,-3.86,0.01,-8.00,240
54880,2,83.95,-0.62,84.00,0.05,0.14,0.00,-13.96,-8.52,0.03,0.12,3.94,3.51,-3.86,0.07,-8.00,240
54899,2,83.96,-0.40,84.00,0.04,0.12,0.00,-13.96,-8.52,0.07,0.04,3.94,3.51,-3.86,0.06,-8.00,240
54920,2,83.96,-0.29,84.00,0.04,0.10,0.00,-13.96,-8.51,0.09,0.05,3.94,3.51,-3.85,0.07,-8.00,240
54940,2,83.95,-0.37,84.00,0.05,0.13,0.00,-13.95,-8.51,0.07,0.10,3.94,3.51,-3.85,0.08,-8.00,240
54960,2,83.94,-0.36,84.00,0.06,0.14,0.00,-13.95,-8.51,0.00,0.03,3.94,3.51,-3.85,0.02,-8.00,240
54980,2,83.95,-0.21,84.00,0.05,0.12,0.00,-13.95,-8.51,0.06,0.09,3.94,3.51,-3.85,0.07,-8.00,240
55000,2,83.96,-0.00,84.00,0.04,0.09,0.00,-13.95,-8.51,0.08,0.11,3.94,3.51,-3.84,0.10,-8.00,240
55019,2,83.97,0.29,84.00,0.03,0.03,0.00,-13.95,-8.50,0.09,0.10,3.94,3.51,-3.84,0.09,-8.00,240
55040,2,84.00,0.53,84.00,0.00,-0.04,0.00,-13.94,-8.50,0.12,0.09,3.94,3.51,-3.84,0.10,-8.00,240
55060,2,84.00,0.51,84.00,-0.00,-0.05,0.00,-13.94,-8.50,0.08,0.04,3.94,3.51,-3.84,0.06,-8.00,240
55080,2,83.99,0.27,84.00,0.01,-0.01,0.00,-13.94,-8.49,0.03,0.03,3.94,3.51,-3.83,0.03,-8.00,240
55100,2,83.99,0.11,84.00,0.01,0.02,0.00,-13.94,-8.49,0.05,0.03,3.94,3.51,-3.83,0.04,-8.00,240
55120,2,83.98,0.02,84.00,0.02,0.04,0.00,-13.94,-8.49,-0.03,-0.01,3.94,3.51,-3.83,-0.02,-8.00,240
55140,2,83.98,0.02,84.00,0.02,0.04,0.00,-13.94,-8.49,-0.04,0.01,3.94,3.51,-3.83,-0.01,-8.00,240
55159,2,83.98,0.09,84.00,0.02,0.03,0.00,-13.94,-8.49,-0.01,-0.03,3.94,3.51,-3.83,-0.02,-8.00,240
55180,2,83.99,0.26,84.00,0.01,-0.01,0.00,-13.94,-8.49,0.00,0.05,3.94,3.51,-3.83,0.03,-8.00,240
55200,2,84.01,0.46,84.00,-0.01,-0.06,0.00,-13.94,-8.49,0.00,-0.01,3.94,3.51,-3.83,-0.00,-8.00,240
55220,2,84.04,0.69,84.00,-0.04,-0.13,0.00,-13.94,-8.49,0.04,-0.00,3.94,3.51,-3.83,0.02,-8.00,240
55240,2,84.06,0.79,84.00,-0.06,-0.18,0.00,-13.94,-8.49,-0.03,0.01,3.94,3.51,-3.83,-0.01,-8.00,240
55260,2,84.07,0.74,84.00,-0.07,-0.20,0.00,-13.94,-8.49,-0.06,0.01,3.94,3.51,-3.83,-0.03,-8.00,240
55279,2,84.06,0.42,84.00,-0.06,-0.16,0.00,-13.94,-8.49,-0.03,-0.07,3.94,3.51,-3.83,-0.05,-8.00,240
55300,2,84.02,-0.32,84.00,-0.02,-0.01,0.00,-13.94,-8.50,-0.15,-0.15,3.94,3.51,-3.84,-0.15,-8.00,240
55320,2,84.00,-0.56,84.00,0.00,0.05,0.00,-13.95,-8.50,-0.16,-0.19,3.94,3.51,-3.84,-0.17,-8.00,240
55340,2,84.03,-0.05,84.00,-0.03,-0.05,0.00,-13.95,-8.51,-0.06,-0.01,3.94,3.51,-3.85,-0.03,-8.00,240
55360,2,84.05,0.24,84.00,-0.05,-0.12,0.00,-13.95,-8.51,-0.02,-0.02,3.94,3.51,-3.85,-0.02,-8.00,240
55380,2,84.06,0.32,84.00,-0.06,-0.15,0.00,-13.95,-8.51,-0.01,-0.02,3.94,3.51,-3.85,-0.01,-8.00,240
55401,2,84.08,0.37,84.00,-0.08,-0.18,0.00,-13.95,-8.51,-0.04,-0.03,3.94,3.51,-3.85,-0.03,-8.00,240
55419,2,84.06,0.03,84.00,-0.06,-0.13,0.00,-13.95,-8.51,-0.03,-0.07,3.94,3.51,-3.85,-0.05,-8.00,240
55440,2,84.03,-0.46,84.00,-0.03,-0.03,0.00,-13.95,-8.51,-0.09,-0.09,3.94,3.51,-3.85,-0.09,-8.00,240
55460,2,84.00,-0.85,84.00,0.00,0.07,0.00,-13.96,-8.51,-0.13,-0.09,3.94,3.51,-3.85,-0.11,-8.00,240
55480,2,83.98,-0.99,84.00,0.02,0.12,0.00,-13.96,-8.51,-0.11,-0.04,3.94,3.51,-3.86,-0.07,-8.00,240
55500,2,83.97,-0.89,84.00,0.03,0.13,0.00,-13.96,-8.51,-0.03,0.01,3.94,3.51,-3.86,-0.01,-8.00,240
55520,2,83.96,-0.78,84.00,0.04,0.14,0.00,-13.96,-8.52,0.03,-0.01,3.94,3.51,-3.86,0.01,-8.00,240
55539,2,83.95,-0.74,84.00,0.05,0.16,0.00,-13.96,-8.52,0.08,-0.02,3.94,3.51,-3.86,0.03,-8.00,240
55560,2,83.95,-0.56,84.00,0.05,0.14,0.00,-13.96,-8.51,0.01,0.05,3.94,3.51,-3.85,0.03,-8.00,240
55580,2,83.96,-0.22,84.00,0.04,0.09,0.00,-13.96,-8.51,0.11,0.02,3.94,3.51,-3.85,0.06,-8.00,240
55600,2,83.97,-0.14,84.00,0.03,0.08,0.00,-13.95,-8.51,0.12,0.06,3.94,3.51,-3.85,0.09,-8.00,240
55620,2,83.96,-0.25,84.00,0.04,0.10,0.00,-13.95,-8.51,0.02,0.05,3.94,3.51,-3.85,0.04,-8.00,240
55640,2,83.96,-0.17,84.00,0.04,0.09,0.00,-13.95,-8.51,0.05,0.06,3.94,3.51,-3.85,0.06,-8.00,240
55659,2,83.96,-0.08,84.00,0.04,0.08,0.00,-13.95,-8.51,0.04,0.03,3.94,3.51,-3.84,0.03,-8.00,240
55680,2,83.97,0.06,84.00,0.03,0.06,0.00,-13.95,-8.50,0.04,0.12,3.94,3.51,-3.84,0.08,-8.00,240
55700,2,83.98,0.24,84.00,0.02,0.02,0.00,-13.94,-8.50,0.03,0.09,3.94,3.51,-3.84,0.06,-8.00,240
55720,2,83.99,0.39,84.00,0.01,-0.02,0.00,-13.94,-8.50,0.07,0.03,3.94,3.51,-3.84,0.05,-8.00,240
55740,2,83.99,0.28,84.00,0.01,-0.01,0.00,-13.94,-8.49,0.04,0.02,3.94,3.51,-3.84,0.03,-8.00,240
55760,2,83.99,0.17,84.00,0.01,0.01,0.00,-13.94,-8.49,0.00,-0.03,3.94,3.51,-3.83,-0.01,-8.00,240
55780,2,83.99,0.11,84.00,0.01,0.01,0.00,-13.94,-8.49,0.04,-0.03,3.94,3.51,-3.83,0.01,-8.00,240
55799,2,83.99,0.15,84.00,0.01,0.00,0.00,-13.94,-8.49,0.00,-0.01,3.94,3.51,-3.83,-0.00,-8.00,240
55820,2,84.00,0.24,84.00,-0.00,-0.02,0.00,-13.94,-8.49,0.03,-0.00,3.94,3.51,-3.83,0.01,-8.00,240
55840,2,84.02,0.35,84.00,-0.02,-0.06,0.00,-13.94,-8.49,0.02,-0.01,3.94,3.51,-3.83,0.01,-8.00,240
55860,2,84.03,0.47,84.00,-0.03,-0.10,0.00,-13.94,-8.49,-0.01,0.03,3.94,3.51,-3.83,0.01,-8.00,240
55880,2,84.05,0.55,84.00,-0.05,-0.14,0.00,-13.94,-8.49,-0.00,0.02,3.94,3.51,-3.83,0.01,-8.00,240
55900,2,84.06,0.53,84.00,-0.06,-0.16,0.00,-13.94,-8.49,-0.05,-0.01,3.94,3.51,-3.83,-0.03,-8.00,240
55919,2,84.06,0.33,84.00,-0.06,-0.14,0.00,-13.94,-8.50,0.02,-0.01,3.94,3.51,-3.84,0.00,-8.00,240
55940,2,84.03,-0.13,84.00,-0.03,-0.06,0.00,-13.94,-8.50,-0.12,-0.13,3.94,3.51,-3.84,-0.12,-8.00,240
55960,2,84.02,-0.33,84.00,-0.02,-0.01,0.00,-13.95,-8.50,-0.15,-0.14,3.94,3.51,-3.84,-0.14,-8.00,240
55980,2,84.03,-0.11,84.00,-0.03,-0.05,0.00,-13.95,-8.51,-0.05,-0.05,3.94,3.51,-3.84,-0.05,-8.00,240
56000,2,84.05,0.13,84.00,-0.05,-0.10,0.00,-13.95,-8.51,-0.06,-0.02,3.94,3.51,-3.85,-0.04,-8.00,240
56020,2,84.05,0.18,84.00,-0.06,-0.12,0.00,-13.95,-8.51,-0.02,-0.05,3.94,3.51,-3.85,-0.04,-8.00,240
56039,2,84.06,0.07,84.00,-0.06,-0.12,0.00,-13.95,-8.51,-0.07,-0.02,3.94,3.51,-3.85,-0.05,-8.00,240
56060,2,84.04,-0.20,84.00,-0.04,-0.06,0.00,-13.95,-8.51,-0.05,-0.07,3.94,3.51,-3.85,-0.06,-8.00,240
56080,2,84.02,-0.45,84.00,-0.02,-0.01,0.00,-13.96,-8.51,-0.07,-0.04,3.94,3.51,-3.85,-0.05,-8.00,240
56100,2,84.01,-0.63,84.00,-0.01,0.04,0.00,-13.96,-8.51,-0.09,0.01,3.94,3.51,-3.85,-0.04,-8.00,240
56120,2,84.00,-0.66,84.00,0.00,0.06,0.00,-13.96,-8.51,-0.06,-0.00,3.94,3.51,-3.85,-0.03,-8.00,240
56140,2,83.99,-0.61,84.00,0.01,0.07,0.00,-13.96,-8.51,0.03,-0.02,3.94,3.51,-3.86,0.01,-8.00,240
56160,2,83.98,-0.62,84.00,0.02,0.08,0.00,-13.96,-8.51,-0.00,-0.03,3.94,3.51,-3.86,-0.01,-8.00,240
56179,2,83.97,-0.69,84.00,0.03,0.11,0.00,-13.96,-8.51,0.02,0.03,3.94,3.51,-3.86,0.02,-8.00,240
56200,2,83.96,-0.76,84.00,0.04,0.15,0.00,-13.96,-8.51,0.05,-0.01,3.94,3.51,-3.85,0.02,-8.00,240
56220,2,83.95,-0.72,84.00,0.05,0.16,0.00,-13.96,-8.51,0.07,0.02,3.94,3.51,-3.85,0.05,-8.00,240
56241,2,83.95,-0.48,84.00,0.05,0.13,0.00,-13.96,-8.51,0.08,0.06,3.94,3.51,-3.85,0.07,-8.00,240
56259,2,83.96,-0.32,84.00,0.04,0.11,0.00,-13.95,-8.51,0.08,0.05,3.94,3.51,-3.85,0.06,-8.00,240
56280,2,83.96,-0.22,84.00,0.04,0.10,0.00,-13.95,-8.51,0.06,0.08,3.94,3.51,-3.85,0.07,-8.00,240
56299,2,83.97,-0.04,84.00,0.03,0.06,0.00,-13.95,-8.51,0.04,0.14,3.94,3.51,-3.85,0.09,-8.00,240
56320,2,83.98,0.12,84.00,0.02,0.02,0.00,-13.95,-8.50,0.08,0.11,3.94,3.51,-3.84,0.10,-8.00,240
56340,2,83.99,0.20,84.00,0.01,0.01,0.00,-13.95,-8.50,0.08,0.08,3.94,3.51,-3.84,0.08,-8.00,240
56360,2,83.99,0.22,84.00,0.01,-0.00,0.00,-13.94,-8.50,0.05,0.06,3.94,3.51,-3.84,0.05,-8.00,240
56380,2,83.98,0.06,84.00,0.02,0.03,0.00,-13.94,-8.50,0.02,0.03,3.94,3.51,-3.84,0.02,-8.00,240
56400,2,83.97,-0.07,84.00,0.03,0.06,0.00,-13.94,-8.50,0.00,0.01,3.94,3.51,-3.84,0.01,-8.00,240
56420,2,83.97,-0.10,84.00,0.03,0.07,0.00,-13.94,-8.50,0.05,-0.01,3.94,3.51,-3.84,0.02,-8.00,240
56440,2,83.97,0.07,84.00,0.03,0.05,0.00,-13.94,-8.50,0.08,-0.01,3.94,3.51,-3.84,0.03,-8.00,240
56460,2,84.00,0.46,84.00,-0.00,-0.04,0.00,-13.94,-8.49,0.07,0.07,3.94,3.51,-3.83,0.07,-8.00,240
56480,2,84.03,0.71,84.00,-0.03,-0.11,0.00,-13.94,-8.49,0.06,0.01,3.94,3.51,-3.83,0.03,-8.00,240
56500,2,84.03,0.63,84.00,-0.03,-0.12,0.00,-13.94,-8.49,0.05,0.02,3.94,3.51,-3.83,0.03,-8.00,240
56520,2,84.04,0.54,84.00,-0.04,-0.12,0.00,-13.94,-8.49,0.05,0.00,3.94,3.51,-3.83,0.03,-8.00,240
56540,2,84.03,0.34,84.00,-0.03,-0.10,0.00,-13.94,-8.49,-0.01,-0.01,3.94,3.51,-3.83,-0.01,-8.00,240
56559,2,84.02,0.05,84.00,-0.02,-0.04,0.00,-13.94,-8.49,-0.11,-0.12,3.94,3.51,-3.83,-0.11,-8.00,240
56580,2,84.00,-0.20,84.00,-0.00,0.01,0.00,-13.94,-8.50,-0.09,-0.04,3.94,3.51,-3.84,-0.06,-8.00,240
56600,2,84.00,-0.17,84.00,-0.00,0.01,0.00,-13.94,-8.50,-0.04,-0.04,3.94,3.51,-3.84,-0.04,-8.00,240
56620,2,84.02,0.09,84.00,-0.02,-0.05,0.00,-13.95,-8.50,-0.04,-0.07,3.94,3.51,-3.84,-0.05,-8.00,240
56641,2,84.04,0.28,84.00,-0.04,-0.10,0.00,-13.95,-8.50,-0.02,0.01,3.94,3.51,-3.84,-0.01,-8.00,240
56659,2,84.05,0.33,84.00,-0.05,-0.12,0.00,-13.95,-8.50,0.01,0.03,3.94,3.51,-3.84,0.02,-8.00,240
56679,2,84.04,0.15,84.00,-0.04,-0.10,0.00,-13.95,-8.50,-0.01,-0.00,3.94,3.51,-3.84,-0.01,-8.00,240
56700,2,84.03,-0.08,84.00,-0.03,-0.06,0.00,-13.95,-8.50,-0.09,-0.08,3.94,3.51,-3.84,-0.08,-8.00,240
56720,2,84.03,-0.10,84.00,-0.03,-0.06,0.00,-13.95,-8.51,-0.05,-0.02,3.94,3.51,-3.85,-0.04,-8.00,240
56740,2,84.03,-0.08,84.00,-0.03,-0.06,0.00,-13.95,-8.51,0.01,-0.05,3.94,3.51,-3.85,-0.02,-8.00,240
56760,2,84.03,-0.23,84.00,-0.03,-0.03,0.00,-13.95,-8.51,-0.08,-0.07,3.94,3.51,-3.85,-0.08,-8.00,240
56780,2,84.02,-0.35,84.00,-0.02,-0.01,0.00,-13.95,-8.51,-0.05,-0.05,3.94,3.51,-3.85,-0.05,-8.00,240
56799,2,84.01,-0.49,84.00,-0.01,0.03,0.00,-13.95,-8.51,-0.05,-0.08,3.94,3.51,-3.85,-0.07,-8.00,240
56819,2,84.00,-0.56,84.00,0.00,0.05,0.00,-13.96,-8.51,-0.07,-0.03,3.94,3.51,-3.85,-0.05,-8.00,240
56840,2,83.99,-0.60,84.00,0.01,0.08,0.00,-13.96,-8.51,-0.00,-0.03,3.94,3.51,-3.85,-0.02,-8.00,240
56860,2,83.97,-0.68,84.00,0.03,0.11,0.00,-13.96,-8.51,0.01,0.01,3.94,3.51,-3.85,0.01,-8.00,240
56880,2,83.96,-0.77,84.00,0.04,0.15,0.00,-13.96,-8.51,-0.03,-0.01,3.94,3.51,-3.85,-0.02,-8.00,240
56900,2,83.94,-0.84,84.00,0.06,0.19,0.00,-13.96,-8.51,-0.01,0.01,3.94,3.51,-3.85,-0.00,-8.00,240
56920,2,83.92,-0.78,84.00,0.08,0.21,0.00,-13.95,-8.51,0.13,0.03,3.94,3.51,-3.85,0.08,-8.00,240
56939,2,83.93,-0.48,84.00,0.07,0.17,0.00,-13.95,-8.51,0.08,0.05,3.94,3.51,-3.85,0.07,-8.00,240
56960,2,83.95,-0.08,84.00,0.05,0.10,0.00,-13.95,-8.51,0.12,0.12,3.94,3.51,-3.85,0.12,-8.00,240
56980,2,83.99,0.45,84.00,0.01,-0.01,0.00,-13.95,-8.50,0.12,0.13,3.94,3.51,-3.84,0.12,-8.00,240
57000,2,84.01,0.71,84.00,-0.01,-0.09,0.00,-13.94,-8.50,0.13,0.18,3.94,3.51,-3.84,0.16,-8.00,240
57020,2,84.01,0.53,84.00,-0.01,-0.07,0.00,-13.94,-8.49,0.09,0.06,3.94,3.51,-3.83,0.07,-8.00,240
57041,2,83.99,0.17,84.00,0.01,-0.00,0.00,-13.94,-8.49,-0.02,-0.04,3.94,3.51,-3.83,-0.03,-8.00,240
57059,2,83.98,0.00,84.00,0.01,0.03,0.00,-13.94,-8.49,-0.01,-0.01,3.94,3.51,-3.83,-0.01,-8.00,240
57079,2,83.98,-0.09,84.00,0.02,0.06,0.00,-13.94,-8.49,-0.03,0.02,3.94,3.51,-3.83,-0.00,-8.00,240
57100,2,83.97,-0.12,84.00,0.03,0.07,0.00,-13.94,-8.49,-0.00,0.00,3.94,3.51,-3.83,-0.00,-8.00,240
57120,2,83.97,-0.05,84.00,0.03,0.06,0.00,-13.94,-8.49,-0.01,-0.02,3.94,3.51,-3.83,-0.01,-8.00,240
57140,2,83.98,0.13,84.00,0.02,0.03,0.00,-13.94,-8.49,-0.01,-0.03,3.94,3.51,-3.83,-0.02,-8.00,240
57160,2,84.00,0.40,84.00,-0.00,-0.03,0.00,-13.94,-8.49,0.00,-0.00,3.94,3.51,-3.83,0.00,-8.00,240
57180,2,84.03,0.72,84.00,-0.03,-0.11,0.00,-13.94,-8.49,0.06,0.04,3.94,3.51,-3.83,0.05,-8.00,240
57199,2,84.05,0.82,84.00,-0.05,-0.16,0.00,-13.94,-8.49,0.05,0.03,3.94,3.51,-3.83,0.04,-8.00,240
57220,2,84.06,0.82,84.00,-0.06,-0.19,0.00,-13.94,-8.49,0.03,-0.02,3.94,3.51,-3.83,0.00,-8.00,240
57241,2,84.07,0.70,84.00,-0.07,-0.19,0.00,-13.94,-8.49,-0.09,-0.05,3.94,3.51,-3.83,-0.07,-8.00,240
57259,2,84.05,0.21,84.00,-0.05,-0.12,0.00,-13.94,-8.49,-0.05,-0.10,3.94,3.51,-3.83,-0.07,-8.00,240
57280,2,84.01,-0.41,84.00,-0.01,0.00,0.00,-13.94,-8.50,-0.18,-0.15,3.94,3.51,-3.84,-0.17,-8.00,240
57300,2,84.00,-0.47,84.00,-0.00,0.03,0.00,-13.95,-8.50,-0.09,-0.15,3.94,3.51,-3.84,-0.12,-8.00,240
57319,2,84.02,-0.11,84.00,-0.02,-0.04,0.00,-13.95,-8.51,-0.02,-0.04,3.94,3.51,-3.84,-0.03,-8.00,240
57340,2,84.04,0.15,84.00,-0.04,-0.10,0.00,-13.95,-8.51,-0.02,-0.00,3.94,3.51,-3.84,-0.01,-8.00,240
57360,2,84.06,0.26,84.00,-0.06,-0.13,0.00,-13.95,-8.51,0.01,0.04,3.94,3.51,-3.84,0.02,-8.00,240
57380,2,84.07,0.29,84.00,-0.07,-0.15,0.00,-13.95,-8.51,-0.01,0.01,3.94,3.51,-3.85,0.00,-8.00,240
57401,2,84.06,0.05,84.00,-0.07,-0.15,0.00,-13.95,-8.51,0.00,-0.05,3.94,3.51,-3.85,-0.02,-8.00,240
57419,2,84.04,-0.26,84.00,-0.04,-0.06,0.00,-13.95,-8.51,-0.06,-0.08,3.94,3.51,-3.85,-0.07,-8.00,240
57440,2,84.01,-0.60,84.00,-0.01,0.02,0.00,-13.95,-8.51,-0.10,-0.07,3.94,3.51,-3.85,-0.09,-8.00,240
57459,2,83.99,-0.80,84.00,0.01,0.08,0.00,-13.96,-8.51,-0.15,-0.02,3.94,3.51,-3.85,-0.08,-8.00,240
57480,2,83.97,-0.88,84.00,0.03,0.13,0.00,-13.96,-8.51,-0.08,-0.09,3.94,3.51,-3.85,-0.09,-8.00,240
57500,2,83.96,-0.83,84.00,0.04,0.14,0.00,-13.96,-8.51,0.04,-0.00,3.94,3.51,-3.86,0.02,-8.00,240
57521,2,83.95,-0.85,84.00,0.05,0.16,0.00,-13.96,-8.51,0.06,-0.01,3.94,3.51,-3.86,0.03,-8.00,240
57539,2,83.94,-0.73,84.00,0.06,0.17,0.00,-13.96,-8.51,0.03,0.03,3.94,3.51,-3.85,0.03,-8.00,240
57560,2,83.95,-0.42,84.00,0.04,0.12,0.00,-13.96,-8.51,0.06,0.11,3.94,3.51,-3.85,0.08,-8.00,240
57579,2,83.96,-0.31,84.00,0.04,0.11,0.00,-13.95,-8.51,0.15,0.05,3.94,3.51,-3.85,0.10,-8.00,240
57600,2,83.96,-0.23,84.00,0.04,0.10,0.00,-13.95,-8.51,0.02,0.06,3.94,3.51,-3.85,0.04,-8.00,240
57620,2,83.97,-0.06,84.00,0.03,0.08,0.00,-13.95,-8.51,0.06,0.11,3.94,3.51,-3.85,0.08,-8.00,240
57641,2,83.97,0.06,84.00,0.03,0.05,0.00,-13.95,-8.50,0.04,0.12,3.94,3.51,-3.84,0.08,-8.00,240
57659,2,83.98,0.15,84.00,0.02,0.02,0.00,-13.95,-8.50,0.08,0.09,3.94,3.51,-3.84,0.08,-8.00,240
57680,2,83.99,0.20,84.00,0.01,0.01,0.00,-13.94,-8.50,0.08,0.02,3.94,3.51,-3.84,0.05,-8.00,240
57700,2,83.99,0.16,84.00,0.01,0.01,0.00,-13.94,-8.50,0.05,0.06,3.94,3.51,-3.84,0.05,-8.00,240
57720,2,83.98,0.03,84.00,0.02,0.03,0.00,-13.94,-8.49,0.00,0.02,3.94,3.51,-3.83,0.01,-8.00,240
57740,2,83.98,-0.02,84.00,0.02,0.05,0.00,-13.94,-8.49,0.07,-0.02,3.94,3.51,-3.83,0.02,-8.00,240
57760,2,83.98,0.03,84.00,0.02,0.04,0.00,-13.94,-8.49,-0.01,0.04,3.94,3.51,-3.83,0.02,-8.00,240
57780,2,83.98,0.15,84.00,0.02,0.02,0.00,-13.94,-8.49,0.02,-0.01,3.94,3.51,-3.83,0.00,-8.00,240
57800,2,84.00,0.32,84.00,0.00,-0.02,0.00,-13.94,-8.49,0.04,0.01,3.94,3.51,-3.83,0.03,-8.00,240
57820,2,84.01,0.44,84.00,-0.01,-0.06,0.00,-13.94,-8.49,0.02,0.02,3.94,3.51,-3.83,0.02,-8.00,240
57839,2,84.02,0.51,84.00,-0.02,-0.09,0.00,-13.94,-8.49,-0.03,0.03,3.94,3.51,-3.83,0.00,-8.00,240
57860,2,84.03,0.55,84.00,-0.03,-0.11,0.00,-13.94,-8.49,0.03,0.02,3.94,3.51,-3.83,0.02,-8.00,240
57880,2,84.05,0.59,84.00,-0.05,-0.14,0.00,-13.94,-8.49,0.00,-0.02,3.94,3.51,-3.83,-0.01,-8.00,240
57900,2,84.05,0.42,84.00,-0.05,-0.13,0.00,-13.94,-8.49,-0.01,-0.05,3.94,3.51,-3.83,-0.03,-8.00,240
57921,2,84.03,0.12,84.00,-0.03,-0.08,0.00,-13.94,-8.49,-0.11,-0.03,3.94,3.51,-3.83,-0.07,-8.00,240
57939,2,84.01,-0.23,84.00,-0.01,-0.01,0.00,-13.94,-8.50,-0.12,-0.09,3.94,3.51,-3.84,-0.10,-8.00,240
57959,2,84.00,-0.40,84.00,-0.00,0.03,0.00,-13.94,-8.50,-0.12,-0.08,3.94,3.51,-3.84,-0.10,-8.00,240
57980,2,84.02,0.03,84.00,-0.02,-0.05,0.00,-13.95,-8.50,-0.03,-0.05,3.94,3.51,-3.84,-0.04,-8.00,240
58000,2,84.05,0.32,84.00,-0.05,-0.12,0.00,-13.95,-8.50,0.02,0.05,3.94,3.51,-3.84,0.04,-8.00,240
58020,2,84.06,0.39,84.00,-0.06,-0.16,0.00,-13.95,-8.50,0.01,-0.04,3.94,3.51,-3.84,-0.01,-8.00,240
58041,2,84.06,0.25,84.00,-0.06,-0.15,0.00,-13.95,-8.50,-0.06,-0.03,3.94,3.51,-3.84,-0.04,-8.00,240
58059,2,84.06,0.04,84.00,-0.06,-0.12,0.00,-13.95,-8.51,-0.05,-0.06,3.94,3.51,-3.84,-0.06,-8.00,240
58080,2,84.05,-0.19,84.00,-0.05,-0.08,0.00,-13.95,-8.51,-0.05,-0.01,3.94,3.51,-3.85,-0.03,-8.00,240
58099,2,84.02,-0.55,84.00,-0.02,0.00,0.00,-13.95,-8.51,-0.11,-0.04,3.94,3.51,-3.85,-0.07,-8.00,240
58120,2,83.99,-0.87,84.00,0.01,0.08,0.00,-13.96,-8.51,-0.10,-0.01,3.94,3.51,-3.85,-0.06,-8.00,240
58140,2,83.98,-0.92,84.00,0.02,0.12,0.00,-13.96,-8.51,-0.04,-0.05,3.94,3.51,-3.85,-0.04,-8.00,240
58160,2,83.97,-0.85,84.00,0.03,0.13,0.00,-13.96,-8.51,0.02,0.02,3.94,3.51,-3.85,0.02,-8.00,240
58180,2,83.95,-0.86,84.00,0.05,0.16,0.00,-13.96,-8.51,0.10,-0.02,3.94,3.51,-3.85,0.04,-8.00,240
58200,2,83.94,-0.85,84.00,0.06,0.19,0.00,-13.96,-8.51,0.05,0.05,3.94,3.51,-3.85,0.05,-8.00,240
58219,2,83.94,-0.64,84.00,0.06,0.17,0.00,-13.96,-8.51,0.11,0.03,3.94,3.51,-3.85,0.07,-8.00,240
58239,2,83.94,-0.41,84.00,0.06,0.14,0.00,-13.95,-8.51,0.13,0.04,3.94,3.51,-3.85,0.09,-8.00,240
58260,2,83.95,-0.18,84.00,0.05,0.11,0.00,-13.95,-8.51,0.08,0.11,3.94,3.51,-3.85,0.10,-8.00,240
58280,2,83.97,0.08,84.00,0.03,0.06,0.00,-13.95,-8.50,0.12,0.10,3.94,3.51,-3.84,0.11,-8.00,240
58300,2,83.99,0.41,84.00,0.01,-0.02,0.00,-13.95,-8.50,0.10,0.10,3.94,3.51,-3.84,0.10,-8.00,240
58320,2,84.00,0.42,84.00,-0.00,-0.03,0.00,-13.94,-8.50,0.13,0.11,3.94,3.51,-3.84,0.12,-8.00,240
58340,2,83.99,0.15,84.00,0.01,0.01,0.00,-13.94,-8.49,0.04,0.03,3.94,3.51,-3.84,0.04,-8.00,240
58359,2,83.97,-0.12,84.00,0.03,0.07,0.00,-13.94,-8.49,-0.00,-0.02,3.94,3.51,-3.83,-0.01,-8.00,240
58380,2,83.96,-0.18,84.00,0.04,0.09,0.00,-13.94,-8.49,0.00,-0.01,3.94,3.51,-3.83,-0.00,-8.00,240
58400,2,83.96,-0.04,84.00,0.04,0.08,0.00,-13.94,-8.49,0.04,-0.01,3.94,3.51,-3.83,0.02,-8.00,240
58420,2,83.98,0.31,84.00,0.02,0.01,0.00,-13.94,-8.49,0.07,0.07,3.94,3.51,-3.83,0.07,-8.00,240
58441,2,84.01,0.58,84.00,-0.01,-0.06,0.00,-13.94,-8.49,0.09,0.08,3.94,3.51,-3.83,0.09,-8.00,240
58459,2,84.02,0.58,84.00,-0.02,-0.09,0.00,-13.93,-8.49,0.06,0.06,3.94,3.51,-3.83,0.06,-8.00,240
58479,2,84.02,0.52,84.00,-0.02,-0.09,0.00,-13.93,-8.49,-0.01,0.03,3.94,3.51,-3.83,0.01,-8.00,240
58500,2,84.03,0.48,84.00,-0.03,-0.10,0.00,-13.93,-8.49,-0.02,0.00,3.94,3.51,-3.83,-0.01,-8.00,240
58520,2,84.03,0.36,84.00,-0.03,-0.09,0.00,-13.93,-8.49,-0.01,0.00,3.94,3.51,-3.83,-0.00,-8.00,240
58540,2,84.02,0.16,84.00,-0.02,-0.06,0.00,-13.94,-8.49,0.01,0.01,3.94,3.51,-3.83,0.01,-8.00,240
58560,2,84.01,-0.09,84.00,-0.01,-0.01,0.00,-13.94,-8.49,-0.02,-0.09,3.94,3.51,-3.83,-0.06,-8.00,240
58580,2,84.00,-0.26,84.00,0.00,0.02,0.00,-13.94,-8.50,-0.11,-0.10,3.94,3.51,-3.84,-0.11,-8.00,240
58599,2,84.00,-0.13,84.00,-0.00,0.00,0.00,-13.94,-8.50,-0.06,-0.01,3.94,3.51,-3.84,-0.03,-8.00,240
58620,2,84.03,0.21,84.00,-0.03,-0.07,0.00,-13.94,-8.50,-0.01,0.07,3.94,3.51,-3.84,0.03,-8.00,240
58641,2,84.05,0.39,84.00,-0.05,-0.13,0.00,-13.94,-8.50,0.06,0.01,3.94,3.51,-3.84,0.03,-8.00,240
58659,2,84.06,0.41,84.00,-0.06,-0.15,0.00,-13.94,-8.50,0.06,0.06,3.94,3.51,-3.84,0.06,-8.00,240
58680,2,84.06,0.20,84.00,-0.06,-0.13,0.00,-13.94,-8.50,-0.05,-0.00,3.94,3.51,-3.84,-0.02,-8.00,240
58700,2,84.04,-0.14,84.00,-0.04,-0.07,0.00,-13.95,-8.50,-0.09,-0.10,3.94,3.51,-3.84,-0.10,-8.00,240
58720,2,84.03,-0.29,84.00,-0.03,-0.03,0.00,-13.95,-8.50,-0.08,-0.02,3.94,3.51,-3.84,-0.05,-8.00,240
58739,2,84.03,-0.26,84.00,-0.03,-0.03,0.00,-13.95,-8.51,-0.08,-0.02,3.94,3.51,-3.85,-0.05,-8.00,240
58760,2,84.02,-0.35,84.00,-0.02,-0.01,0.00,-13.95,-8.51,-0.10,-0.02,3.94,3.51,-3.85,-0.06,-8.00,240
58780,2,84.01,-0.41,84.00,-0.01,0.01,0.00,-13.95,-8.51,-0.05,-0.04,3.94,3.51,-3.85,-0.05,-8.00,240
58800,2,84.01,-0.44,84.00,-0.01,0.02,0.00,-13.95,-8.51,-0.02,0.04,3.94,3.51,-3.85,0.01,-8.00,240
58820,2,84.00,-0.50,84.00,0.00,0.05,0.00,-13.95,-8.51,0.02,-0.03,3.94,3.51,-3.85,-0.01,-8.00,240
58841,2,83.98,-0.57,84.00,0.02,0.08,0.00,-13.95,-8.51,-0.04,-0.04,3.94,3.51,-3.85,-0.04,-8.00,240
58858,2,83.97,-0.62,84.00,0.03,0.10,0.00,-13.95,-8.51,-0.01,0.03,3.94,3.51,-3.85,0.01,-8.00,240
58881,2,83.96,-0.70,84.00,0.04,0.14,0.00,-13.95,-8.51,0.02,0.03,3.94,3.51,-3.85,0.03,-8.00,240
58899,2,83.94,-0.79,84.00,0.06,0.18,0.00,-13.95,-8.51,0.00,-0.03,3.94,3.51,-3.85,-0.01,-8.00,240
58920,2,83.93,-0.78,84.00,0.07,0.20,0.00,-13.95,-8.51,0.07,0.07,3.94,3.51,-3.85,0.07,-8.00,240
58940,2,83.94,-0.46,84.00,0.06,0.16,0.00,-13.95,-8.51,0.03,0.05,3.94,3.51,-3.85,0.04,-8.00,240
58960,2,83.96,0.04,84.00,0.04,0.07,0.00,-13.95,-8.50,0.13,0.14,3.94,3.51,-3.84,0.13,-8.00,240
58980,2,84.00,0.51,84.00,0.00,-0.03,0.00,-13.95,-8.50,0.15,0.13,3.94,3.51,-3.84,0.14,-8.00,240
58999,2,84.01,0.61,84.00,-0.01,-0.07,0.00,-13.94,-8.49,0.13,0.11,3.94,3.51,-3.84,0.12,-8.00,240
59020,2,83.99,0.13,84.00,0.01,0.02,0.00,-13.94,-8.49,0.08,0.02,3.94,3.51,-3.83,0.05,-8.00,240
59041,2,83.97,-0.17,84.00,0.03,0.08,0.00,-13.94,-8.49,0.00,-0.02,3.94,3.51,-3.83,-0.01,-8.00,240
59059,2,83.95,-0.26,84.00,0.05,0.11,0.00,-13.94,-8.49,0.04,-0.02,3.94,3.51,-3.83,0.01,-8.00,240
59080,2,83.95,-0.26,84.00,0.05,0.13,0.00,-13.94,-8.49,0.01,-0.02,3.94,3.51,-3.83,-0.01,-8.00,240
59100,2,83.97,0.16,84.00,0.03,0.05,0.00,-13.94,-8.49,0.02,0.07,3.94,3.51,-3.83,0.04,-8.00,240
59119,2,84.00,0.66,84.00,-0.00,-0.06,0.00,-13.93,-8.49,0.10,0.13,3.94,3.51,-3.83,0.11,-8.00,240
59140,2,84.03,0.88,84.00,-0.03,-0.13,0.00,-13.93,-8.49,0.07,0.05,3.94,3.51,-3.83,0.06,-8.00,240
[Balance] --- End of log ---
