.01 Nm | tmp=26.0C | err=0x00
[Motor] ID= 2 ON  | pos=   3.48 (raw=  3.48 off=  0.00) | vel=   0.0 rad/s (    0 RPM) | trq=-0.01 Nm | tmp=27.0C | err=0x00
[VBUS] 24.1V  [Current] 0.65A
[Drive] --- Per-Motor Status ---
[Drive] M0 IDLE | cmd=   0.0 rad/s (    0 RPM) | act=   0.0 rad/s (    0 RPM) | spd_err=-0.0 | tgt_pos=   5.64 | act_pos=   5.64 | pos_err=+0.00
[Drive] M1 IDLE | cmd=   0.0 rad/s (    0 RPM) | act=  -0.0 rad/s (   -0 RPM) | spd_err=+0.0 | tgt_pos=   8.22 | act_pos=   8.60 | pos_err=-0.38
[Drive] M2 IDLE | cmd=   0.0 rad/s (    0 RPM) | act=   0.0 rad/s (    0 RPM) | spd_err=-0.0 | tgt_pos=  -2.01 | act_pos=  -1.62 | pos_err=-0.39
[Drive] M3 IDLE | cmd=   0.0 rad/s (    0 RPM) | act=  -0.0 rad/s (   -0 RPM) | spd_err=+0.0 | tgt_pos=   1.16 | act_pos=   1.16 | pos_err=+0.01
[CAN] state=1 tx_err=0 rx_err=0 hw_tx_fail=0 rx_miss=21640 arb_lost=28291 bus_err=0
[CAN] our_tx_ok=95996 our_tx_fail=0 our_rx=74343
==================================================
[Balance] --- Log dump (136145 bytes, 1465 samples) ---
t_ms,state,roll,roll_rate,setpoint,angle_err,motor_vel,vel_integ,bl_pos,br_pos,bl_vel,br_vel,arm_l,arm_r,meas_drift,meas_vel,pos_shift,flags
20,1,-2.29,-0.10,0.00,0.00,0.00,0.00,-3.39,6.85,-0.02,0.02,4.01,3.48,0.00,0.00,0.00,0
39,1,-2.29,-0.11,0.00,0.00,0.00,0.00,-3.39,6.85,-0.02,0.02,4.01,3.48,0.00,0.00,0.00,0
58,1,-2.29,-0.09,0.00,0.00,0.00,0.00,-3.39,6.85,-0.02,0.02,4.01,3.49,0.00,0.00,0.00,0
79,1,-2.29,-0.09,0.00,0.00,0.00,0.00,-3.39,6.85,-0.02,0.02,4.02,3.50,0.00,0.00,0.00,0
99,1,-2.29,-0.07,0.00,0.00,0.00,0.00,-3.39,6.85,-0.02,-0.05,4.03,3.51,0.00,0.00,0.00,0
120,1,-2.29,-0.10,0.00,0.00,0.00,0.00,-3.39,6.85,0.00,-0.05,4.05,3.52,0.00,0.00,0.00,0
139,1,-2.29,-0.03,0.00,0.00,0.00,0.00,-3.39,6.85,0.00,-0.05,4.06,3.54,0.00,0.00,0.00,0
159,1,-2.28,0.08,0.00,0.00,0.00,0.00,-3.39,6.85,0.00,-0.05,4.07,3.55,0.00,0.00,0.00,0
179,1,-2.26,0.31,0.00,0.00,0.00,0.00,-3.39,6.85,0.00,-0.05,4.09,3.56,0.00,0.00,0.00,0
199,1,-2.22,0.68,0.00,0.00,0.00,0.00,-3.39,6.85,0.00,-0.05,4.10,3.57,0.00,0.00,0.00,0
220,1,-2.16,1.40,0.00,0.00,0.00,0.00,-3.39,6.85,0.00,-0.05,4.11,3.58,0.00,0.00,0.00,0
239,1,-2.06,2.39,0.00,0.00,0.00,0.00,-3.39,6.85,0.00,-0.05,4.13,3.59,0.00,0.00,0.00,0
259,1,-1.96,3.10,0.00,0.00,0.00,0.00,-3.39,6.85,0.00,0.02,4.14,3.60,0.00,0.00,0.00,0
279,1,-1.83,3.86,0.00,0.00,0.00,0.00,-3.39,6.85,-0.02,0.02,4.15,3.61,0.00,0.00,0.00,0
299,1,-1.71,4.39,0.00,0.00,0.00,0.00,-3.39,6.85,-0.02,0.02,4.17,3.62,0.00,0.00,0.00,0
319,1,-1.56,5.23,0.00,0.00,0.00,0.00,-3.39,6.85,-0.02,0.02,4.18,3.63,0.00,0.00,0.00,0
339,1,-1.36,6.75,0.00,0.00,0.00,0.00,-3.39,6.85,-0.02,0.02,4.20,3.64,0.00,0.00,0.00,0
359,1,-1.02,9.80,0.00,0.00,0.00,0.00,-3.39,6.85,-0.02,0.02,4.21,3.65,0.00,0.00,0.00,0
379,1,-0.62,12.96,0.00,0.00,0.00,0.00,-3.39,6.85,-0.02,0.02,4.22,3.66,0.00,0.00,0.00,0
399,1,-0.15,16.02,0.00,0.00,0.00,0.00,-3.39,6.85,-0.02,0.02,4.24,3.67,0.00,0.00,0.00,0
420,1,0.29,17.87,0.00,0.00,0.00,0.00,-3.39,6.85,-0.02,-0.05,4.25,3.68,0.00,0.00,0.00,0
438,1,0.68,18.46,0.00,0.00,0.00,0.00,-3.39,6.85,-0.03,-0.05,4.27,3.70,0.00,0.00,0.00,0
460,1,1.06,18.84,0.00,0.00,0.00,0.00,-3.39,6.85,-0.03,-0.05,4.28,3.71,0.00,0.00,0.00,0
479,1,1.48,19.43,0.00,0.00,0.00,0.00,-3.39,6.85,-0.03,-0.05,4.29,3.72,0.00,0.00,0.00,0
499,1,1.92,20.16,0.00,0.00,0.00,0.00,-3.39,6.85,-0.03,-0.05,4.31,3.73,0.00,0.00,0.00,0
520,1,2.38,21.12,0.00,0.00,0.00,0.00,-3.39,6.85,-0.03,-0.05,4.32,3.74,0.00,0.00,0.00,0
539,1,2.85,21.85,0.00,0.00,0.00,0.00,-3.39,6.85,-0.03,-0.05,4.34,3.75,0.00,0.00,0.00,0
558,1,3.31,22.31,0.00,0.00,0.00,0.00,-3.39,6.85,-0.03,-0.05,4.35,3.77,0.00,0.00,0.00,0
580,1,3.79,22.78,0.00,0.00,0.00,0.00,-3.39,6.85,-0.03,0.00,4.36,3.78,0.00,0.00,0.00,0
599,1,4.27,23.17,0.00,0.00,0.00,0.00,-3.39,6.85,0.00,0.00,4.38,3.79,0.00,0.00,0.00,0
620,1,4.75,23.45,0.00,0.00,0.00,0.00,-3.39,6.85,0.00,0.00,4.39,3.80,0.00,0.00,0.00,0
639,1,5.23,23.64,0.00,0.00,0.00,0.00,-3.39,6.85,0.00,0.00,4.41,3.82,0.00,0.00,0.00,0
659,1,5.72,23.90,0.00,0.00,0.00,0.00,-3.39,6.85,0.00,0.00,4.42,3.83,0.00,0.00,0.00,0
679,1,6.22,24.27,0.00,0.00,0.00,0.00,-3.39,6.85,0.00,0.00,4.43,3.84,0.00,0.00,0.00,0
698,1,6.72,24.65,0.00,0.00,0.00,0.00,-3.39,6.85,0.00,0.00,4.45,3.86,0.00,0.00,0.00,0
720,1,7.24,25.01,0.00,0.00,0.00,0.00,-3.39,6.85,0.00,0.00,4.46,3.87,0.00,0.00,0.00,0
740,1,7.76,25.38,0.00,0.00,0.00,0.00,-3.39,6.85,0.00,-0.04,4.48,3.88,0.00,0.00,0.00,0
759,1,8.28,25.55,0.00,0.00,0.00,0.00,-3.39,6.85,0.02,-0.04,4.49,3.90,0.00,0.00,0.00,0
779,1,8.80,25.68,0.00,0.00,0.00,0.00,-3.39,6.85,0.02,-0.04,4.50,3.91,0.00,0.00,0.00,0
799,1,9.33,25.88,0.00,0.00,0.00,0.00,-3.39,6.85,0.02,-0.04,4.52,3.92,0.00,0.00,0.00,0
819,1,9.85,25.98,0.00,0.00,0.00,0.00,-3.39,6.85,0.02,-0.04,4.53,3.94,0.00,0.00,0.00,0
839,1,10.39,26.27,0.00,0.00,0.00,0.00,-3.39,6.85,0.02,-0.04,4.55,3.95,0.00,0.00,0.00,0
859,1,10.92,26.56,0.00,0.00,0.00,0.00,-3.39,6.85,0.02,-0.04,4.56,3.96,0.00,0.00,0.00,0
879,1,11.47,26.73,0.00,0.00,0.00,0.00,-3.39,6.85,0.02,-0.04,4.57,3.98,0.00,0.00,0.00,0
899,1,12.00,26.70,0.00,0.00,0.00,0.00,-3.39,6.85,0.02,0.04,4.59,3.99,0.00,0.00,0.00,0
920,1,12.53,26.80,0.00,0.00,0.00,0.00,-3.39,6.85,0.06,0.04,4.60,4.00,0.00,0.00,0.00,0
939,1,13.07,26.93,0.00,0.00,0.00,0.00,-3.39,6.85,0.06,0.04,4.62,4.02,0.00,0.00,0.00,0
958,1,13.62,27.16,0.00,0.00,0.00,0.00,-3.39,6.85,0.06,0.04,4.63,4.03,0.00,0.00,0.00,0
980,1,14.17,27.30,0.00,0.00,0.00,0.00,-3.39,6.85,0.06,0.04,4.64,4.04,0.00,0.00,0.00,0
999,1,14.73,27.55,0.00,0.00,0.00,0.00,-3.39,6.85,0.06,0.04,4.66,4.06,0.00,0.00,0.00,0
1020,1,15.29,27.76,0.00,0.00,0.00,0.00,-3.39,6.85,0.06,0.04,4.67,4.07,0.00,0.00,0.00,0
1039,1,15.86,27.86,0.00,0.00,0.00,0.00,-3.39,6.85,0.06,0.04,4.69,4.09,0.00,0.00,0.00,0
1059,1,16.42,27.91,0.00,0.00,0.00,0.00,-3.39,6.85,0.06,0.04,4.70,4.10,0.00,0.00,0.00,0
1078,1,16.97,27.78,0.00,0.00,0.00,0.00,-3.39,6.85,0.00,0.04,4.72,4.11,0.00,0.00,0.00,0
1100,1,17.53,27.84,0.00,0.00,0.00,0.00,-3.39,6.85,0.00,0.04,4.73,4.13,0.00,0.00,0.00,0
1120,1,18.10,28.10,0.00,0.00,0.00,0.00,-3.39,6.85,0.00,0.04,4.74,4.14,0.00,0.00,0.00,0
1139,1,18.67,28.34,0.00,0.00,0.00,0.00,-3.39,6.85,0.00,0.04,4.76,4.16,0.00,0.00,0.00,0
1159,1,19.24,28.36,0.00,0.00,0.00,0.00,-3.39,6.85,0.00,0.04,4.77,4.17,0.00,0.00,0.00,0
1179,1,19.81,28.41,0.00,0.00,0.00,0.00,-3.39,6.85,0.00,0.04,4.79,4.18,0.00,0.00,0.00,0
1198,1,20.38,28.45,0.00,0.00,0.00,0.00,-3.39,6.85,0.00,0.04,4.80,4.20,0.00,0.00,0.00,0
1220,1,20.96,28.62,0.00,0.00,0.00,0.00,-3.39,6.85,0.00,0.00,4.81,4.21,0.00,0.00,0.00,0
1239,1,21.54,28.69,0.00,0.00,0.00,0.00,-3.39,6.85,-0.00,0.00,4.83,4.23,0.00,0.00,0.00,0
1259,1,22.13,28.89,0.00,0.00,0.00,0.00,-3.39,6.85,-0.00,0.00,4.84,4.24,0.00,0.00,0.00,0
1279,1,22.71,28.99,0.00,0.00,0.00,0.00,-3.39,6.85,-0.00,0.00,4.86,4.25,0.00,0.00,0.00,0
1299,1,23.30,29.11,0.00,0.00,0.00,0.00,-3.39,6.85,-0.00,0.00,4.87,4.27,0.00,0.00,0.00,0
1320,1,23.88,29.17,0.00,0.00,0.00,0.00,-3.39,6.85,-0.00,0.00,4.89,4.28,0.00,0.00,0.00,0
1339,1,24.47,29.24,0.00,0.00,0.00,0.00,-3.39,6.85,-0.00,0.00,4.90,4.30,0.00,0.00,0.00,0
1359,1,25.06,29.24,0.00,0.00,0.00,0.00,-3.39,6.85,-0.00,0.00,4.91,4.31,0.00,0.00,0.00,0
1379,1,25.62,28.81,0.00,0.00,0.00,0.00,-3.39,6.85,-0.00,-0.00,4.93,4.32,0.00,0.00,0.00,0
1399,1,26.13,27.57,0.00,0.00,0.00,0.00,-3.39,6.85,0.01,-0.00,4.94,4.33,0.00,0.00,0.00,0
1420,1,26.60,25.97,0.00,0.00,0.00,0.00,-3.39,6.85,0.01,-0.00,4.96,4.34,0.00,0.00,0.00,0
1439,1,27.00,23.81,0.00,0.00,0.00,0.00,-3.39,6.85,0.01,-0.00,4.97,4.35,0.00,0.00,0.00,0
1458,1,27.36,21.97,0.00,0.00,0.00,0.00,-3.39,6.85,0.01,-0.00,4.98,4.36,0.00,0.00,0.00,0
1480,1,27.72,20.84,0.00,0.00,0.00,0.00,-3.39,6.85,0.01,-0.00,5.00,4.37,0.00,0.00,0.00,0
1500,1,28.09,20.23,0.00,0.00,0.00,0.00,-3.39,6.85,0.01,-0.00,5.01,4.38,0.00,0.00,0.00,0
1520,1,28.48,20.13,0.00,0.00,0.00,0.00,-3.39,6.85,0.01,-0.00,5.03,4.39,0.00,0.00,0.00,0
1539,1,28.87,20.06,0.00,0.00,0.00,0.00,-3.39,6.85,0.01,0.03,5.04,4.40,0.00,0.00,0.00,0
1559,1,29.27,20.10,0.00,0.00,0.00,0.00,-3.39,6.85,-0.00,0.03,5.05,4.41,0.00,0.00,0.00,0
1579,1,29.67,20.09,0.00,0.00,0.00,0.00,-3.39,6.85,-0.00,0.03,5.07,4.42,0.00,0.00,0.00,0
1598,1,30.07,19.92,0.00,0.00,0.00,0.00,-3.39,6.85,-0.00,0.03,5.08,4.43,0.00,0.00,0.00,0
1620,1,30.45,19.69,0.00,0.00,0.00,0.00,-3.39,6.85,-0.00,0.03,5.10,4.43,0.00,0.00,0.00,0
1639,1,30.84,19.46,0.00,0.00,0.00,0.00,-3.39,6.85,-0.00,0.03,5.11,4.44,0.00,0.00,0.00,0
1659,1,31.21,19.13,0.00,0.00,0.00,0.00,-3.39,6.85,-0.00,0.03,5.12,4.45,0.00,0.00,0.00,0
1679,1,31.58,18.77,0.00,0.00,0.00,0.00,-3.39,6.85,-0.00,0.03,5.14,4.46,0.00,0.00,0.00,0
1699,1,31.95,18.50,0.00,0.00,0.00,0.00,-3.39,6.86,-0.00,0.02,5.15,4.47,0.00,0.00,0.00,0
1718,1,32.32,18.41,0.00,0.00,0.00,0.00,-3.39,6.86,0.01,0.02,5.17,4.48,0.00,0.00,0.00,0
1740,1,32.69,18.40,0.00,0.00,0.00,0.00,-3.39,6.86,0.01,0.02,5.18,4.49,0.00,0.00,0.00,0
1759,1,33.06,18.49,0.00,0.00,0.00,0.00,-3.39,6.86,0.01,0.02,5.19,4.50,0.00,0.00,0.00,0
1779,1,33.43,18.35,0.00,0.00,0.00,0.00,-3.39,6.86,0.01,0.02,5.21,4.50,0.00,0.00,0.00,0
1799,1,33.78,18.05,0.00,0.00,0.00,0.00,-3.39,6.86,0.01,0.02,5.22,4.51,0.00,0.00,0.00,0
1819,1,34.13,17.79,0.00,0.00,0.00,0.00,-3.39,6.86,0.01,0.02,5.23,4.52,0.00,0.00,0.00,0
1839,1,34.49,17.66,0.00,0.00,0.00,0.00,-3.39,6.86,0.01,0.02,5.24,4.53,0.00,0.00,0.00,0
1859,1,34.83,17.54,0.00,0.00,0.00,0.00,-3.39,6.86,0.01,0.01,5.26,4.54,0.00,0.00,0.00,0
1879,1,35.19,17.47,0.00,0.00,0.00,0.00,-3.39,6.86,-0.02,0.01,5.27,4.54,0.00,0.00,0.00,0
1899,1,35.54,17.36,0.00,0.00,0.00,0.00,-3.39,6.86,-0.02,0.01,5.28,4.55,0.00,0.00,0.00,0
1919,1,35.88,17.10,0.00,0.00,0.00,0.00,-3.39,6.86,-0.02,0.01,5.30,4.56,0.00,0.00,0.00,0
1940,1,36.21,16.85,0.00,0.00,0.00,0.00,-3.39,6.86,-0.02,0.01,5.31,4.57,0.00,0.00,0.00,0
1959,1,36.55,16.69,0.00,0.00,0.00,0.00,-3.39,6.86,-0.02,0.01,5.32,4.57,0.00,0.00,0.00,0
1978,1,36.88,16.54,0.00,0.00,0.00,0.00,-3.39,6.86,-0.02,0.01,5.33,4.58,0.00,0.00,0.00,0
2000,1,37.22,16.52,0.00,0.00,0.00,0.00,-3.39,6.86,-0.02,0.01,5.34,4.59,0.00,0.00,0.00,0
2020,1,37.55,16.51,0.00,0.00,0.00,0.00,-3.39,6.86,-0.02,0.01,5.36,4.60,0.00,0.00,0.00,0
2040,1,37.89,16.59,0.00,0.00,0.00,0.00,-3.39,6.86,0.01,0.01,5.37,4.60,0.00,0.00,0.00,0
2060,1,38.23,16.46,0.00,0.00,0.00,0.00,-3.39,6.86,0.01,0.01,5.38,4.61,0.00,0.00,0.00,0
2079,1,38.56,16.30,0.00,0.00,0.00,0.00,-3.39,6.86,0.01,0.01,5.39,4.62,0.00,0.00,0.00,0
2098,1,38.88,16.09,0.00,0.00,0.00,0.00,-3.39,6.86,0.01,0.01,5.40,4.63,0.00,0.00,0.00,0
2120,1,39.19,15.94,0.00,0.00,0.00,0.00,-3.39,6.86,0.01,0.01,5.41,4.63,0.00,0.00,0.00,0
2140,1,39.51,15.74,0.00,0.00,0.00,0.00,-3.39,6.86,0.01,0.01,5.43,4.64,0.00,0.00,0.00,0
2159,1,39.82,15.63,0.00,0.00,0.00,0.00,-3.39,6.86,0.01,0.01,5.44,4.65,0.00,0.00,0.00,0
2179,1,40.13,15.52,0.00,0.00,0.00,0.00,-3.39,6.86,0.01,-0.01,5.45,4.65,0.00,0.00,0.00,0
2199,1,40.44,15.36,0.00,0.00,0.00,0.00,-3.39,6.86,-0.01,-0.01,5.46,4.66,0.00,0.00,0.00,0
2219,1,40.74,15.22,0.00,0.00,0.00,0.00,-3.39,6.86,-0.01,-0.01,5.47,4.67,0.00,0.00,0.00,0
2239,1,41.05,15.20,0.00,0.00,0.00,0.00,-3.39,6.86,-0.01,-0.01,5.48,4.67,0.00,0.00,0.00,0
2259,1,41.35,15.14,0.00,0.00,0.00,0.00,-3.39,6.86,-0.01,-0.01,5.49,4.68,0.00,0.00,0.00,0
2279,1,41.66,15.06,0.00,0.00,0.00,0.00,-3.39,6.86,-0.01,-0.01,5.50,4.69,0.00,0.00,0.00,0
2299,1,41.96,14.88,0.00,0.00,0.00,0.00,-3.39,6.86,-0.01,-0.01,5.51,4.69,0.00,0.00,0.00,0
2319,1,42.24,14.63,0.00,0.00,0.00,0.00,-3.39,6.86,-0.01,-0.01,5.52,4.70,0.00,0.00,0.00,0
2340,1,42.52,14.46,0.00,0.00,0.00,0.00,-3.39,6.86,-0.01,-0.02,5.53,4.70,0.00,0.00,0.00,0
2358,1,42.82,14.47,0.00,0.00,0.00,0.00,-3.39,6.86,-0.02,-0.02,5.54,4.71,0.00,0.00,0.00,0
2380,1,43.11,14.44,0.00,0.00,0.00,0.00,-3.39,6.86,-0.02,-0.02,5.55,4.72,0.00,0.00,0.00,0
2399,1,43.40,14.39,0.00,0.00,0.00,0.00,-3.39,6.86,-0.02,-0.02,5.56,4.72,0.00,0.00,0.00,0
2419,1,43.68,14.33,0.00,0.00,0.00,0.00,-3.39,6.86,-0.02,-0.02,5.57,4.73,0.00,0.00,0.00,0
2440,1,43.97,14.24,0.00,0.00,0.00,0.00,-3.39,6.86,-0.02,-0.02,5.58,4.74,0.00,0.00,0.00,0
2460,1,44.25,14.02,0.00,0.00,0.00,0.00,-3.39,6.86,-0.02,-0.02,5.59,4.74,0.00,0.00,0.00,0
2478,1,44.53,13.80,0.00,0.00,0.00,0.00,-3.39,6.86,-0.02,-0.02,5.60,4.75,0.00,0.00,0.00,0
2500,1,44.80,13.59,0.00,0.00,0.00,0.00,-3.39,6.86,-0.02,-0.03,5.61,4.75,0.00,0.00,0.00,0
2519,1,45.07,13.57,0.00,0.00,0.00,0.00,-3.39,6.86,0.02,-0.03,5.62,4.76,0.00,0.00,0.00,0
2540,1,45.34,13.57,0.00,0.00,0.00,0.00,-3.39,6.86,0.02,-0.03,5.63,4.77,0.00,0.00,0.00,0
2559,1,45.61,13.44,0.00,0.00,0.00,0.00,-3.39,6.86,0.02,-0.03,5.64,4.77,0.00,0.00,0.00,0
2579,1,45.89,13.38,0.00,0.00,0.00,0.00,-3.39,6.86,0.02,-0.03,5.65,4.78,0.00,0.00,0.00,0
2599,1,46.16,13.39,0.00,0.00,0.00,0.00,-3.39,6.86,0.02,-0.03,5.66,4.78,0.00,0.00,0.00,0
2618,1,46.43,13.34,0.00,0.00,0.00,0.00,-3.39,6.86,0.02,-0.03,5.67,4.79,0.00,0.00,0.00,0
2640,1,46.70,13.22,0.00,0.00,0.00,0.00,-3.39,6.86,0.02,-0.03,5.67,4.79,0.00,0.00,0.00,0
2660,1,46.96,13.04,0.00,0.00,0.00,0.00,-3.39,6.85,0.02,-0.02,5.68,4.80,0.00,0.00,0.00,0
2679,1,47.21,12.81,0.00,0.00,0.00,0.00,-3.39,6.85,-0.01,-0.02,5.69,4.80,0.00,0.00,0.00,0
2699,1,47.46,12.62,0.00,0.00,0.00,0.00,-3.39,6.85,-0.01,-0.02,5.70,4.81,0.00,0.00,0.00,0
2719,1,47.71,12.58,0.00,0.00,0.00,0.00,-3.39,6.85,-0.01,-0.02,5.71,4.81,0.00,0.00,0.00,0
2739,1,47.97,12.51,0.00,0.00,0.00,0.00,-3.39,6.85,-0.01,-0.02,5.72,4.82,0.00,0.00,0.00,0
2759,1,48.22,12.49,0.00,0.00,0.00,0.00,-3.39,6.85,-0.01,-0.02,5.73,4.82,0.00,0.00,0.00,0
2779,1,48.48,12.42,0.00,0.00,0.00,0.00,-3.39,6.85,-0.01,-0.02,5.73,4.83,0.00,0.00,0.00,0
2799,1,48.73,12.36,0.00,0.00,0.00,0.00,-3.39,6.85,-0.01,-0.02,5.74,4.83,0.00,0.00,0.00,0
2819,1,48.98,12.23,0.00,0.00,0.00,0.00,-3.39,6.85,-0.01,-0.01,5.75,4.84,0.00,0.00,0.00,0
2840,1,49.23,12.18,0.00,0.00,0.00,0.00,-3.39,6.85,0.00,-0.01,5.76,4.84,0.00,0.00,0.00,0
2860,1,49.47,12.04,0.00,0.00,0.00,0.00,-3.39,6.85,0.00,-0.01,5.77,4.85,0.00,0.00,0.00,0
2878,1,49.71,12.03,0.00,0.00,0.00,0.00,-3.39,6.85,0.00,-0.01,5.77,4.85,0.00,0.00,0.00,0
2900,1,49.95,11.98,0.00,0.00,0.00,0.00,-3.39,6.85,0.00,-0.01,5.78,4.86,0.00,0.00,0.00,0
2919,1,50.19,11.80,0.00,0.00,0.00,0.00,-3.39,6.85,0.00,-0.01,5.79,4.86,0.00,0.00,0.00,0
2940,1,50.42,11.68,0.00,0.00,0.00,0.00,-3.39,6.85,0.00,-0.01,5.80,4.87,0.00,0.00,0.00,0
2959,1,50.65,11.49,0.00,0.00,0.00,0.00,-3.39,6.85,0.00,-0.01,5.81,4.87,0.00,0.00,0.00,0
2979,1,50.88,11.39,0.00,0.00,0.00,0.00,-3.39,6.85,0.00,0.00,5.81,4.88,0.00,0.00,0.00,0
2998,1,51.11,11.24,0.00,0.00,0.00,0.00,-3.39,6.85,0.02,0.00,5.82,4.88,0.00,0.00,0.00,0
3020,1,51.33,11.20,0.00,0.00,0.00,0.00,-3.39,6.85,0.02,0.00,5.83,4.89,0.00,0.00,0.00,0
3040,1,51.57,11.32,0.00,0.00,0.00,0.00,-3.39,6.85,0.02,0.00,5.84,4.89,0.00,0.00,0.00,0
3060,1,51.80,11.31,0.00,0.00,0.00,0.00,-3.39,6.85,0.02,0.00,5.84,4.90,0.00,0.00,0.00,0
3079,1,52.03,11.20,0.00,0.00,0.00,0.00,-3.39,6.85,0.02,0.00,5.85,4.90,0.00,0.00,0.00,0
3099,1,52.26,11.05,0.00,0.00,0.00,0.00,-3.39,6.85,0.02,0.00,5.86,4.91,0.00,0.00,0.00,0
3118,1,52.47,10.85,0.00,0.00,0.00,0.00,-3.39,6.85,0.02,0.00,5.86,4.91,0.00,0.00,0.00,0
3140,1,52.69,10.68,0.00,0.00,0.00,0.00,-3.39,6.85,0.02,0.02,5.87,4.91,0.00,0.00,0.00,0
3159,1,52.89,10.52,0.00,0.00,0.00,0.00,-3.39,6.85,-0.01,0.02,5.88,4.92,0.00,0.00,0.00,0
3179,1,53.10,10.39,0.00,0.00,0.00,0.00,-3.39,6.85,-0.01,0.02,5.89,4.92,0.00,0.00,0.00,0
3199,1,53.31,10.35,0.00,0.00,0.00,0.00,-3.39,6.85,-0.01,0.02,5.89,4.93,0.00,0.00,0.00,0
3219,1,53.52,10.38,0.00,0.00,0.00,0.00,-3.39,6.85,-0.01,0.02,5.90,4.93,0.00,0.00,0.00,0
3240,1,53.74,10.46,0.00,0.00,0.00,0.00,-3.39,6.85,-0.01,0.02,5.91,4.94,0.00,0.00,0.00,0
3259,1,53.95,10.52,0.00,0.00,0.00,0.00,-3.39,6.85,-0.01,0.02,5.91,4.94,0.00,0.00,0.00,0
3279,1,54.18,10.57,0.00,0.00,0.00,0.00,-3.39,6.85,-0.01,0.02,5.92,4.94,0.00,0.00,0.00,0
3299,1,54.39,10.49,0.00,0.00,0.00,0.00,-3.39,6.85,-0.01,-0.01,5.93,4.95,0.00,0.00,0.00,0
3319,1,54.60,10.29,0.00,0.00,0.00,0.00,-3.39,6.85,0.01,-0.01,5.93,4.95,0.00,0.00,0.00,0
3340,1,54.80,10.09,0.00,0.00,0.00,0.00,-3.39,6.85,0.01,-0.01,5.94,4.95,0.00,0.00,0.00,0
3358,1,55.00,9.80,0.00,0.00,0.00,0.00,-3.39,6.85,0.01,-0.01,5.94,4.96,0.00,0.00,0.00,0
3379,1,55.18,9.53,0.00,0.00,0.00,0.00,-3.39,6.85,0.01,-0.01,5.95,4.96,0.00,0.00,0.00,0
3399,1,55.37,9.53,0.00,0.00,0.00,0.00,-3.39,6.85,0.01,-0.01,5.96,4.97,0.00,0.00,0.00,0
3419,1,55.57,9.53,0.00,0.00,0.00,0.00,-3.39,6.85,0.01,-0.01,5.96,4.97,0.00,0.00,0.00,0
3440,1,55.76,9.56,0.00,0.00,0.00,0.00,-3.39,6.85,0.01,-0.01,5.97,4.97,0.00,0.00,0.00,0
3460,1,55.95,9.46,0.00,0.00,0.00,0.00,-3.39,6.85,0.01,-0.02,5.97,4.98,0.00,0.00,0.00,0
3479,1,56.15,9.53,0.00,0.00,0.00,0.00,-3.39,6.85,-0.02,-0.02,5.98,4.98,0.00,0.00,0.00,0
3499,1,56.36,9.59,0.00,0.00,0.00,0.00,-3.39,6.85,-0.02,-0.02,5.99,4.99,0.00,0.00,0.00,0
3518,1,56.55,9.55,0.00,0.00,0.00,0.00,-3.39,6.85,-0.02,-0.02,5.99,4.99,0.00,0.00,0.00,0
3540,1,56.74,9.39,0.00,0.00,0.00,0.00,-3.39,6.85,-0.02,-0.02,6.00,4.99,0.00,0.00,0.00,0
3560,1,56.92,9.21,0.00,0.00,0.00,0.00,-3.39,6.85,-0.02,-0.02,6.00,5.00,0.00,0.00,0.00,0
3579,1,57.10,8.99,0.00,0.00,0.00,0.00,-3.39,6.85,-0.02,-0.02,6.01,5.00,0.00,0.00,0.00,0
3599,1,57.27,8.78,0.00,0.00,0.00,0.00,-3.39,6.85,-0.02,-0.02,6.02,5.00,0.00,0.00,0.00,0
3619,1,57.45,8.66,0.00,0.00,0.00,0.00,-3.39,6.85,-0.02,-0.00,6.02,5.01,0.00,0.00,0.00,0
3638,1,57.62,8.53,0.00,0.00,0.00,0.00,-3.39,6.85,-0.02,-0.00,6.03,5.01,0.00,0.00,0.00,0
3660,1,57.79,8.41,0.00,0.00,0.00,0.00,-3.39,6.85,-0.02,-0.00,6.03,5.01,0.00,0.00,0.00,0
3679,1,57.96,8.45,0.00,0.00,0.00,0.00,-3.39,6.85,-0.02,-0.00,6.04,5.02,0.00,0.00,0.00,0
3699,1,58.15,8.62,0.00,0.00,0.00,0.00,-3.39,6.85,-0.02,-0.00,6.04,5.02,0.00,0.00,0.00,0
3719,1,58.33,8.71,0.00,0.00,0.00,0.00,-3.39,6.85,-0.02,-0.00,6.05,5.02,0.00,0.00,0.00,0
3740,1,58.52,8.72,0.00,0.00,0.00,0.00,-3.39,6.85,-0.02,-0.00,6.05,5.03,0.00,0.00,0.00,0
3758,1,58.70,8.63,0.00,0.00,0.00,0.00,-3.39,6.85,-0.02,-0.00,6.06,5.03,0.00,0.00,0.00,0
3780,1,58.88,8.53,0.00,0.00,0.00,0.00,-3.39,6.85,-0.02,-0.01,6.06,5.03,0.00,0.00,0.00,0
3799,1,59.05,8.45,0.00,0.00,0.00,0.00,-3.39,6.85,0.00,-0.01,6.07,5.04,0.00,0.00,0.00,0
3819,1,59.22,8.34,0.00,0.00,0.00,0.00,-3.39,6.85,0.00,-0.01,6.07,5.04,0.00,0.00,0.00,0
3839,1,59.38,8.11,0.00,0.00,0.00,0.00,-3.39,6.85,0.00,-0.01,6.08,5.04,0.00,0.00,0.00,0
3860,1,59.53,7.95,0.00,0.00,0.00,0.00,-3.39,6.85,0.00,-0.01,6.08,5.05,0.00,0.00,0.00,0
3879,1,59.69,7.88,0.00,0.00,0.00,0.00,-3.39,6.85,0.00,-0.01,6.09,5.05,0.00,0.00,0.00,0
3898,1,59.85,7.80,0.00,0.00,0.00,0.00,-3.39,6.85,0.00,-0.01,6.09,5.05,0.00,0.00,0.00,0
3920,1,60.01,7.86,0.00,0.00,0.00,0.00,-3.39,6.85,0.00,-0.01,6.10,5.05,0.00,0.00,0.00,0
3940,1,60.18,7.98,0.00,0.00,0.00,0.00,-3.39,6.85,0.00,-0.02,6.10,5.06,0.00,0.00,0.00,0
3960,1,60.36,8.20,0.00,0.00,0.00,0.00,-3.39,6.85,-0.03,-0.02,6.11,5.06,0.00,0.00,0.00,0
3979,1,60.55,8.50,0.00,0.00,0.00,0.00,-3.39,6.85,-0.03,-0.02,6.11,5.06,0.00,0.00,0.00,0
3999,1,60.73,8.54,0.00,0.00,0.00,0.00,-3.39,6.85,-0.03,-0.02,6.12,5.07,0.00,0.00,0.00,0
4018,1,60.90,8.43,0.00,0.00,0.00,0.00,-3.39,6.85,-0.03,-0.02,6.12,5.07,0.00,0.00,0.00,0
4040,1,61.05,8.06,0.00,0.00,0.00,0.00,-3.39,6.85,-0.03,-0.02,6.13,5.07,0.00,0.00,0.00,0
4060,1,61.20,7.80,0.00,0.00,0.00,0.00,-3.39,6.85,-0.03,-0.02,6.13,5.08,0.00,0.00,0.00,0
4079,1,61.37,7.78,0.00,0.00,0.00,0.00,-3.39,6.85,-0.03,-0.02,6.13,5.08,0.00,0.00,0.00,0
4099,1,61.53,7.69,0.00,0.00,0.00,0.00,-3.39,6.85,-0.03,-0.03,6.14,5.08,0.00,0.00,0.00,0
4119,1,61.63,6.73,0.00,0.00,0.00,0.00,-3.39,6.85,0.01,-0.03,6.14,5.08,0.00,0.00,0.00,0
4139,1,61.74,6.28,0.00,0.00,0.00,0.00,-3.39,6.85,0.01,-0.03,6.15,5.09,0.00,0.00,0.00,0
4159,1,61.88,6.46,0.00,0.00,0.00,0.00,-3.39,6.85,0.01,-0.03,6.15,5.09,0.00,0.00,0.00,0
4179,1,62.01,6.36,0.00,0.00,0.00,0.00,-3.39,6.85,0.01,-0.03,6.16,5.09,0.00,0.00,0.00,0
4199,1,62.14,6.30,0.00,0.00,0.00,0.00,-3.39,6.85,0.01,-0.03,6.16,5.09,0.00,0.00,0.00,0
4219,1,62.28,6.43,0.00,0.00,0.00,0.00,-3.39,6.85,0.01,-0.03,6.17,5.10,0.00,0.00,0.00,0
4239,1,62.43,6.65,0.00,0.00,0.00,0.00,-3.39,6.85,0.01,-0.03,6.17,5.10,0.00,0.00,0.00,0
4260,1,62.58,6.78,0.00,0.00,0.00,0.00,-3.39,6.85,0.01,-0.00,6.17,5.10,0.00,0.00,0.00,0
4278,1,62.73,6.92,0.00,0.00,0.00,0.00,-3.39,6.85,-0.04,-0.00,6.18,5.10,0.00,0.00,0.00,0
4300,1,62.88,6.92,0.00,0.00,0.00,0.00,-3.39,6.85,-0.04,-0.00,6.18,5.11,0.00,0.00,0.00,0
4319,1,63.03,6.94,0.00,0.00,0.00,0.00,-3.39,6.85,-0.04,-0.00,6.19,5.11,0.00,0.00,0.00,0
4339,1,63.17,6.94,0.00,0.00,0.00,0.00,-3.39,6.85,-0.04,-0.00,6.19,5.11,0.00,0.00,0.00,0
4360,1,63.32,7.02,0.00,0.00,0.00,0.00,-3.39,6.85,-0.04,-0.00,6.19,5.12,0.00,0.00,0.00,0
4380,1,63.47,7.01,0.00,0.00,0.00,0.00,-3.39,6.85,-0.04,-0.00,6.20,5.12,0.00,0.00,0.00,0
4398,1,63.60,6.82,0.00,0.00,0.00,0.00,-3.39,6.85,-0.04,-0.00,6.20,5.12,0.00,0.00,0.00,0
4420,1,63.74,6.68,0.00,0.00,0.00,0.00,-3.39,6.85,-0.04,0.02,6.20,5.12,0.00,0.00,0.00,0
4439,1,63.87,6.53,0.00,0.00,0.00,0.00,-3.39,6.85,0.01,0.02,6.21,5.12,0.00,0.00,0.00,0
4460,1,64.00,6.37,0.00,0.00,0.00,0.00,-3.39,6.85,0.01,0.02,6.21,5.13,0.00,0.00,0.00,0
4479,1,64.13,6.18,0.00,0.00,0.00,0.00,-3.39,6.85,0.01,0.02,6.22,5.13,0.00,0.00,0.00,0
4499,1,64.25,6.04,0.00,0.00,0.00,0.00,-3.39,6.85,0.01,0.02,6.22,5.13,0.00,0.00,0.00,0
4519,1,64.37,5.88,0.00,0.00,0.00,0.00,-3.39,6.85,0.01,0.02,6.22,5.13,0.00,0.00,0.00,0
4538,1,64.48,5.72,0.00,0.00,0.00,0.00,-3.39,6.85,0.01,0.02,6.23,5.14,0.00,0.00,0.00,0
4560,1,64.59,5.63,0.00,0.00,0.00,0.00,-3.39,6.85,0.01,0.02,6.23,5.14,0.00,0.00,0.00,0
4580,1,64.71,5.66,0.00,0.00,0.00,0.00,-3.39,6.85,0.01,-0.01,6.23,5.14,0.00,0.00,0.00,0
4599,1,64.84,5.79,0.00,0.00,0.00,0.00,-3.39,6.85,-0.02,-0.01,6.24,5.14,0.00,0.00,0.00,0
4619,1,64.95,5.78,0.00,0.00,0.00,0.00,-3.39,6.85,-0.02,-0.01,6.24,5.14,0.00,0.00,0.00,0
4639,1,65.09,5.95,0.00,0.00,0.00,0.00,-3.39,6.85,-0.02,-0.01,6.25,5.15,0.00,0.00,0.00,0
4659,1,65.22,6.04,0.00,0.00,0.00,0.00,-3.39,6.85,-0.02,-0.01,6.25,5.15,0.00,0.00,0.00,0
4679,1,65.35,6.24,0.00,0.00,0.00,0.00,-3.39,6.85,-0.02,-0.01,6.25,5.15,0.00,0.00,0.00,0
4699,1,65.50,6.39,0.00,0.00,0.00,0.00,-3.39,6.85,-0.02,-0.01,6.26,5.15,0.00,0.00,0.00,0
4719,1,65.60,5.91,0.00,0.00,0.00,0.00,-3.39,6.85,-0.02,-0.01,6.26,5.16,0.00,0.00,0.00,0
4739,1,65.71,5.85,0.00,0.00,0.00,0.00,-3.39,6.85,-0.02,0.01,6.26,5.16,0.00,0.00,0.00,0
4760,1,65.84,5.84,0.00,0.00,0.00,0.00,-3.39,6.85,-0.06,0.01,6.26,5.16,0.00,0.00,0.00,0
4779,1,65.97,5.83,0.00,0.00,0.00,0.00,-3.39,6.85,-0.06,0.01,6.27,5.16,0.00,0.00,0.00,0
4798,1,66.09,5.74,0.00,0.00,0.00,0.00,-3.39,6.85,-0.06,0.01,6.27,5.16,0.00,0.00,0.00,0
4820,1,66.20,5.62,0.00,0.00,0.00,0.00,-3.39,6.85,-0.06,0.01,6.27,5.17,0.00,0.00,0.00,0
4839,1,66.31,5.44,0.00,0.00,0.00,0.00,-3.39,6.85,-0.06,0.01,6.28,5.17,0.00,0.00,0.00,0
4860,1,66.42,5.38,0.00,0.00,0.00,0.00,-3.39,6.85,-0.06,0.01,6.28,5.17,0.00,0.00,0.00,0
4879,1,66.54,5.39,0.00,0.00,0.00,0.00,-3.39,6.85,-0.06,0.01,6.28,5.17,0.00,0.00,0.00,0
4899,1,66.65,5.36,0.00,0.00,0.00,0.00,-3.39,6.85,-0.06,-0.02,6.29,5.17,0.00,0.00,0.00,0
4918,1,66.75,5.28,0.00,0.00,0.00,0.00,-3.39,6.85,-0.06,-0.02,6.29,5.17,0.00,0.00,0.00,0
4940,1,66.86,5.19,0.00,0.00,0.00,0.00,-3.39,6.85,-0.06,-0.02,6.29,5.18,0.00,0.00,0.00,0
4960,1,66.96,5.08,0.00,0.00,0.00,0.00,-3.39,6.85,-0.06,-0.02,6.30,5.18,0.00,0.00,0.00,0
4979,1,67.07,5.06,0.00,0.00,0.00,0.00,-3.39,6.85,-0.06,-0.02,6.30,5.18,0.00,0.00,0.00,0
4999,1,67.17,5.01,0.00,0.00,0.00,0.00,-3.39,6.85,-0.06,-0.02,6.30,5.18,0.00,0.00,0.00,0
5019,1,67.27,5.04,0.00,0.00,0.00,0.00,-3.39,6.85,-0.06,-0.02,6.30,5.18,0.00,0.00,0.00,0
5038,1,67.38,5.00,0.00,0.00,0.00,0.00,-3.39,6.85,-0.06,-0.02,6.31,5.19,0.00,0.00,0.00,0
5060,1,67.47,4.89,0.00,0.00,0.00,0.00,-3.39,6.85,-0.06,-0.08,6.31,5.19,0.00,0.00,0.00,0
5079,1,67.58,4.79,0.00,0.00,0.00,0.00,-3.39,6.85,0.03,-0.08,6.31,5.19,0.00,0.00,0.00,0
5098,1,67.66,4.60,0.00,0.00,0.00,0.00,-3.39,6.85,0.03,-0.08,6.31,5.19,0.00,0.00,0.00,0
5120,1,67.76,4.55,0.00,0.00,0.00,0.00,-3.39,6.85,0.03,-0.08,6.32,5.19,0.00,0.00,0.00,0
5140,1,67.85,4.52,0.00,0.00,0.00,0.00,-3.39,6.85,0.03,-0.08,6.32,5.19,0.00,0.00,0.00,0
5160,1,67.95,4.65,0.00,0.00,0.00,0.00,-3.39,6.85,0.03,-0.08,6.32,5.20,0.00,0.00,0.00,0
5178,1,68.06,4.74,0.00,0.00,0.00,0.00,-3.39,6.85,0.03,-0.08,6.33,5.20,0.00,0.00,0.00,0
5200,1,68.17,4.90,0.00,0.00,0.00,0.00,-3.39,6.85,0.03,-0.08,6.33,5.20,0.00,0.00,0.00,0
5220,1,68.27,4.92,0.00,0.00,0.00,0.00,-3.39,6.85,0.03,-0.01,6.33,5.20,0.00,0.00,0.00,0
5239,1,68.38,4.86,0.00,0.00,0.00,0.00,-3.39,6.85,0.02,-0.01,6.33,5.20,0.00,0.00,0.00,0
5260,1,68.48,4.80,0.00,0.00,0.00,0.00,-3.39,6.85,0.02,-0.01,6.34,5.20,0.00,0.00,0.00,0
5278,1,68.57,4.58,0.00,0.00,0.00,0.00,-3.39,6.85,0.02,-0.01,6.34,5.21,0.00,0.00,0.00,0
5299,1,68.66,4.45,0.00,0.00,0.00,0.00,-3.39,6.85,0.02,-0.01,6.34,5.21,0.00,0.00,0.00,0
5319,1,68.74,4.35,0.00,0.00,0.00,0.00,-3.39,6.85,0.02,-0.01,6.34,5.21,0.00,0.00,0.00,0
5339,1,68.83,4.24,0.00,0.00,0.00,0.00,-3.39,6.85,0.02,-0.01,6.35,5.21,0.00,0.00,0.00,0
5360,1,68.92,4.20,0.00,0.00,0.00,0.00,-3.39,6.85,0.02,-0.01,6.35,5.21,0.00,0.00,0.00,0
5379,1,69.01,4.10,0.00,0.00,0.00,0.00,-3.39,6.85,0.02,0.03,6.35,5.21,0.00,0.00,0.00,0
5399,1,69.10,4.12,0.00,0.00,0.00,0.00,-3.39,6.85,0.03,0.03,6.35,5.21,0.00,0.00,0.00,0
5419,1,69.18,4.12,0.00,0.00,0.00,0.00,-3.39,6.85,0.03,0.03,6.35,5.22,0.00,0.00,0.00,0
5438,1,69.27,4.20,0.00,0.00,0.00,0.00,-3.39,6.85,0.03,0.03,6.36,5.22,0.00,0.00,0.00,0
5460,1,69.37,4.32,0.00,0.00,0.00,0.00,-3.39,6.85,0.03,0.03,6.36,5.22,0.00,0.00,0.00,0
5479,1,69.47,4.37,0.00,0.00,0.00,0.00,-3.39,6.85,0.03,0.03,6.36,5.22,0.00,0.00,0.00,0
5499,1,69.56,4.36,0.00,0.00,0.00,0.00,-3.39,6.85,0.03,0.03,6.36,5.22,0.00,0.00,0.00,0
5518,1,69.66,4.31,0.00,0.00,0.00,0.00,-3.39,6.85,0.03,0.03,6.37,5.22,0.00,0.00,0.00,0
5540,1,69.75,4.21,0.00,0.00,0.00,0.00,-3.39,6.85,0.03,0.01,6.37,5.22,0.00,0.00,0.00,0
5559,1,69.83,4.15,0.00,0.00,0.00,0.00,-3.39,6.85,0.05,0.01,6.37,5.23,0.00,0.00,0.00,0
5579,1,69.91,4.10,0.00,0.00,0.00,0.00,-3.39,6.85,0.05,0.01,6.37,5.23,0.00,0.00,0.00,0
5599,1,70.00,4.11,0.00,0.00,0.00,0.00,-3.39,6.85,0.05,0.01,6.38,5.23,0.00,0.00,0.00,0
5618,1,70.08,4.07,0.00,0.00,0.00,0.00,-3.39,6.85,0.05,0.01,6.38,5.23,0.00,0.00,0.00,0
5640,1,70.17,4.05,0.00,0.00,0.00,0.00,-3.39,6.85,0.05,0.01,6.38,5.23,0.00,0.00,0.00,0
5660,1,70.26,4.08,0.00,0.00,0.00,0.00,-3.39,6.85,0.05,0.01,6.38,5.23,0.00,0.00,0.00,0
5678,1,70.34,4.04,0.00,0.00,0.00,0.00,-3.39,6.85,0.05,0.01,6.38,5.23,0.00,0.00,0.00,0
5700,1,70.42,3.90,0.00,0.00,0.00,0.00,-3.39,6.85,0.05,0.01,6.39,5.24,0.00,0.00,0.00,0
5719,1,70.50,3.85,0.00,0.00,0.00,0.00,-3.39,6.85,0.02,0.01,6.39,5.24,0.00,0.00,0.00,0
5739,1,70.58,3.77,0.00,0.00,0.00,0.00,-3.39,6.85,0.02,0.01,6.39,5.24,0.00,0.00,0.00,0
5760,1,70.65,3.78,0.00,0.00,0.00,0.00,-3.39,6.85,0.02,0.01,6.39,5.24,0.00,0.00,0.00,0
5779,1,70.73,3.80,0.00,0.00,0.00,0.00,-3.39,6.85,0.02,0.01,6.39,5.24,0.00,0.00,0.00,0
5799,1,70.80,3.68,0.00,0.00,0.00,0.00,-3.39,6.85,0.02,0.01,6.40,5.24,0.00,0.00,0.00,0
5818,1,70.87,3.69,0.00,0.00,0.00,0.00,-3.39,6.85,0.02,0.01,6.40,5.24,0.00,0.00,0.00,0
5840,1,70.96,3.75,0.00,0.00,0.00,0.00,-3.39,6.85,0.02,0.01,6.40,5.24,0.00,0.00,0.00,0
5860,1,71.04,3.75,0.00,0.00,0.00,0.00,-3.39,6.85,0.02,-0.01,6.40,5.25,0.00,0.00,0.00,0
5880,1,71.12,3.67,0.00,0.00,0.00,0.00,-3.39,6.85,0.02,-0.01,6.40,5.25,0.00,0.00,0.00,0
5899,1,71.19,3.62,0.00,0.00,0.00,0.00,-3.39,6.85,0.02,-0.01,6.41,5.25,0.00,0.00,0.00,0
5919,1,71.27,3.60,0.00,0.00,0.00,0.00,-3.39,6.85,0.02,-0.01,6.41,5.25,0.00,0.00,0.00,0
5938,1,71.34,3.56,0.00,0.00,0.00,0.00,-3.39,6.85,0.02,-0.01,6.41,5.25,0.00,0.00,0.00,0
5960,1,71.42,3.54,0.00,0.00,0.00,0.00,-3.39,6.85,0.02,-0.01,6.41,5.25,0.00,0.00,0.00,0
5980,1,71.49,3.55,0.00,0.00,0.00,0.00,-3.39,6.85,0.02,-0.01,6.41,5.25,0.00,0.00,0.00,0
5999,1,71.57,3.58,0.00,0.00,0.00,0.00,-3.39,6.85,0.02,-0.01,6.42,5.25,0.00,0.00,0.00,0
6019,1,71.65,3.59,0.00,0.00,0.00,0.00,-3.39,6.85,0.02,-0.02,6.42,5.26,0.00,0.00,0.00,0
6039,1,71.72,3.49,0.00,0.00,0.00,0.00,-3.39,6.85,0.02,-0.02,6.42,5.26,0.00,0.00,0.00,0
6059,1,71.79,3.41,0.00,0.00,0.00,0.00,-3.39,6.85,0.02,-0.02,6.42,5.26,0.00,0.00,0.00,0
6079,1,71.86,3.39,0.00,0.00,0.00,0.00,-3.39,6.85,0.02,-0.02,6.42,5.26,0.00,0.00,0.00,0
6099,1,71.94,3.45,0.00,0.00,0.00,0.00,-3.39,6.85,0.02,-0.02,6.43,5.26,0.00,0.00,0.00,0
6119,1,72.01,3.46,0.00,0.00,0.00,0.00,-3.39,6.85,0.02,-0.02,6.43,5.26,0.00,0.00,0.00,0
6139,1,72.09,3.57,0.00,0.00,0.00,0.00,-3.39,6.85,0.02,-0.02,6.43,5.26,0.00,0.00,0.00,0
6159,1,72.17,3.58,0.00,0.00,0.00,0.00,-3.39,6.85,0.02,-0.02,6.43,5.26,0.00,0.00,0.00,0
6180,1,72.25,3.46,0.00,0.00,0.00,0.00,-3.39,6.85,0.02,-0.02,6.43,5.26,0.00,0.00,0.00,0
6198,1,72.30,3.03,0.00,0.00,0.00,0.00,-3.39,6.85,-0.00,-0.02,6.43,5.26,0.00,0.00,0.00,0
6220,1,72.35,2.66,0.00,0.00,0.00,0.00,-3.39,6.85,-0.00,-0.02,6.44,5.27,0.00,0.00,0.00,0
6239,1,72.39,2.39,0.00,0.00,0.00,0.00,-3.39,6.85,-0.00,-0.02,6.44,5.27,0.00,0.00,0.00,0
6259,1,72.43,2.26,0.00,0.00,0.00,0.00,-3.39,6.85,-0.00,-0.02,6.44,5.27,0.00,0.00,0.00,0
6280,1,72.47,2.33,0.00,0.00,0.00,0.00,-3.39,6.85,-0.00,-0.02,6.44,5.27,0.00,0.00,0.00,0
6299,1,72.53,2.58,0.00,0.00,0.00,0.00,-3.39,6.85,-0.00,-0.02,6.44,5.27,0.00,0.00,0.00,0
6318,1,72.60,2.89,0.00,0.00,0.00,0.00,-3.39,6.85,-0.00,-0.02,6.44,5.27,0.00,0.00,0.00,0
6339,1,72.67,3.15,0.00,0.00,0.00,0.00,-3.39,6.85,-0.00,0.04,6.45,5.27,0.00,0.00,0.00,0
6359,1,72.77,3.57,0.00,0.00,0.00,0.00,-3.39,6.85,0.01,0.04,6.45,5.27,0.00,0.00,0.00,0
6380,1,72.86,3.81,0.00,0.00,0.00,0.00,-3.39,6.85,0.01,0.04,6.45,5.27,0.00,0.00,0.00,0
6399,1,72.95,3.80,0.00,0.00,0.00,0.00,-3.39,6.85,0.01,0.04,6.45,5.27,0.00,0.00,0.00,0
6419,1,73.03,3.60,0.00,0.00,0.00,0.00,-3.39,6.85,0.01,0.04,6.45,5.28,0.00,0.00,0.00,0
6439,1,73.10,3.32,0.00,0.00,0.00,0.00,-3.39,6.85,0.01,0.04,6.45,5.28,0.00,0.00,0.00,0
6458,1,73.15,3.06,0.00,0.00,0.00,0.00,-3.39,6.85,0.01,0.04,6.45,5.28,0.00,0.00,0.00,0
6480,1,73.20,2.78,0.00,0.00,0.00,0.00,-3.39,6.85,0.01,0.04,6.46,5.28,0.00,0.00,0.00,0
6500,1,73.24,2.60,0.00,0.00,0.00,0.00,-3.39,6.85,0.01,-0.01,6.46,5.28,0.00,0.00,0.00,0
6519,1,73.29,2.52,0.00,0.00,0.00,0.00,-3.39,6.85,-0.01,-0.01,6.46,5.28,0.00,0.00,0.00,0
6539,1,73.34,2.53,0.00,0.00,0.00,0.00,-3.39,6.85,-0.01,-0.01,6.46,5.28,0.00,0.00,0.00,0
6559,1,73.40,2.68,0.00,0.00,0.00,0.00,-3.39,6.85,-0.01,-0.01,6.46,5.28,0.00,0.00,0.00,0
6579,1,73.47,2.85,0.00,0.00,0.00,0.00,-3.39,6.85,-0.01,-0.01,6.46,5.28,0.00,0.00,0.00,0
6599,1,73.54,2.99,0.00,0.00,0.00,0.00,-3.39,6.85,-0.01,-0.01,6.46,5.28,0.00,0.00,0.00,0
6619,1,73.61,3.08,0.00,0.00,0.00,0.00,-3.39,6.85,-0.01,-0.01,6.46,5.28,0.00,0.00,0.00,0
6638,1,73.68,3.15,0.00,0.00,0.00,0.00,-3.39,6.85,-0.01,-0.01,6.47,5.29,0.00,0.00,0.00,0
6660,1,73.75,3.16,0.00,0.00,0.00,0.00,-3.39,6.85,-0.01,0.03,6.47,5.29,0.00,0.00,0.00,0
6680,1,73.80,2.92,0.00,0.00,0.00,0.00,-3.39,6.85,-0.03,0.03,6.47,5.29,0.00,0.00,0.00,0
6699,1,73.85,2.61,0.00,0.00,0.00,0.00,-3.39,6.85,-0.03,0.03,6.47,5.29,0.00,0.00,0.00,0
6718,1,73.89,2.30,0.00,0.00,0.00,0.00,-3.39,6.85,-0.03,0.03,6.47,5.29,0.00,0.00,0.00,0
6740,1,73.92,2.08,0.00,0.00,0.00,0.00,-3.39,6.85,-0.03,0.03,6.47,5.29,0.00,0.00,0.00,0
6759,1,73.96,2.00,0.00,0.00,0.00,0.00,-3.39,6.85,-0.03,0.03,6.47,5.29,0.00,0.00,0.00,0
6780,1,74.00,1.94,0.00,0.00,0.00,0.00,-3.39,6.85,-0.03,0.03,6.48,5.29,0.00,0.00,0.00,0
6799,1,74.04,1.91,0.00,0.00,0.00,0.00,-3.39,6.85,-0.03,0.03,6.48,5.29,0.00,0.00,0.00,0
6819,1,74.09,1.96,0.00,0.00,0.00,0.00,-3.39,6.85,-0.03,-0.00,6.48,5.29,0.00,0.00,0.00,0
6838,1,74.14,2.12,0.00,0.00,0.00,0.00,-3.39,6.85,0.03,-0.00,6.48,5.29,0.00,0.00,0.00,0
6860,1,74.19,2.28,0.00,0.00,0.00,0.00,-3.39,6.85,0.03,-0.00,6.48,5.29,0.00,0.00,0.00,0
6880,1,74.25,2.44,0.00,0.00,0.00,0.00,-3.39,6.85,0.03,-0.00,6.48,5.29,0.00,0.00,0.00,0
6899,1,74.31,2.58,0.00,0.00,0.00,0.00,-3.39,6.85,0.03,-0.00,6.48,5.30,0.00,0.00,0.00,0
6919,1,74.38,2.70,0.00,0.00,0.00,0.00,-3.39,6.85,0.03,-0.00,6.48,5.30,0.00,0.00,0.00,0
6939,1,74.45,2.78,0.00,0.00,0.00,0.00,-3.39,6.85,0.03,-0.00,6.48,5.30,0.00,0.00,0.00,0
6958,1,74.50,2.68,0.00,0.00,0.00,0.00,-3.39,6.85,0.03,-0.00,6.49,5.30,0.00,0.00,0.00,0
6980,1,74.56,2.55,0.00,0.00,0.00,0.00,-3.39,6.85,0.03,-0.04,6.49,5.30,0.00,0.00,0.00,0
6999,1,74.61,2.36,0.00,0.00,0.00,0.00,-3.39,6.85,0.02,-0.04,6.49,5.30,0.00,0.00,0.00,0
7019,1,74.64,2.06,0.00,0.00,0.00,0.00,-3.39,6.85,0.02,-0.04,6.49,5.30,0.00,0.00,0.00,0
7039,1,74.67,1.77,0.00,0.00,0.00,0.00,-3.39,6.85,0.02,-0.04,6.49,5.30,0.00,0.00,0.00,0
7059,1,74.69,1.61,0.00,0.00,0.00,0.00,-3.39,6.85,0.02,-0.04,6.49,5.30,0.00,0.00,0.00,0
7080,1,74.73,1.65,0.00,0.00,0.00,0.00,-3.39,6.85,0.02,-0.04,6.49,5.30,0.00,0.00,0.00,0
7098,1,74.77,1.74,0.00,0.00,0.00,0.00,-3.39,6.85,0.02,-0.04,6.49,5.30,0.00,0.00,0.00,0
7120,1,74.83,2.11,0.00,0.00,0.00,0.00,-3.39,6.85,0.02,-0.04,6.49,5.30,0.00,0.00,0.00,0
7140,1,74.89,2.43,0.00,0.00,0.00,0.00,-3.39,6.85,0.02,-0.05,6.50,5.30,0.00,0.00,0.00,0
7159,1,74.96,2.59,0.00,0.00,0.00,0.00,-3.39,6.85,-0.01,-0.05,6.50,5.30,0.00,0.00,0.00,0
7180,1,75.02,2.62,0.00,0.00,0.00,0.00,-3.39,6.85,-0.01,-0.05,6.50,5.31,0.00,0.00,0.00,0
7199,1,75.07,2.37,0.00,0.00,0.00,0.00,-3.39,6.85,-0.01,-0.05,6.50,5.31,0.00,0.00,0.00,0
7218,1,75.11,2.16,0.00,0.00,0.00,0.00,-3.39,6.85,-0.01,-0.05,6.50,5.31,0.00,0.00,0.00,0
7240,1,75.14,1.94,0.00,0.00,0.00,0.00,-3.39,6.85,-0.01,-0.05,6.50,5.31,0.00,0.00,0.00,0
7260,1,75.17,1.75,0.00,0.00,0.00,0.00,-3.39,6.85,-0.01,-0.05,6.50,5.31,0.00,0.00,0.00,0
7280,1,75.20,1.56,0.00,0.00,0.00,0.00,-3.39,6.85,-0.01,-0.05,6.50,5.31,0.00,0.00,0.00,0
7299,1,75.23,1.51,0.00,0.00,0.00,0.00,-3.39,6.85,-0.01,-0.02,6.50,5.31,0.00,0.00,0.00,0
7319,1,75.26,1.50,0.00,0.00,0.00,0.00,-3.39,6.85,0.00,-0.02,6.50,5.31,0.00,0.00,0.00,0
7339,1,75.30,1.63,0.00,0.00,0.00,0.00,-3.39,6.85,0.00,-0.02,6.50,5.31,0.00,0.00,0.00,0
7358,1,75.35,1.86,0.00,0.00,0.00,0.00,-3.39,6.85,0.00,-0.02,6.51,5.31,0.00,0.00,0.00,0
7380,1,75.31,0.81,0.00,0.00,0.00,0.00,-3.39,6.85,0.00,-0.02,6.51,5.31,0.00,0.00,0.00,0
7399,1,75.37,1.75,0.00,0.00,0.00,0.00,-3.39,6.85,0.00,-0.02,6.51,5.31,0.00,0.00,0.00,0
7419,1,75.50,3.09,0.00,0.00,0.00,0.00,-3.39,6.85,0.00,-0.02,6.51,5.31,0.00,0.00,0.00,0
7439,1,75.57,2.98,0.00,0.00,0.00,0.00,-3.39,6.85,0.00,-0.02,6.51,5.31,0.00,0.00,0.00,0
7458,1,75.61,2.66,0.00,0.00,0.00,0.00,-3.39,6.85,0.00,0.01,6.51,5.31,0.00,0.00,0.00,0
7480,1,75.63,2.07,0.00,0.00,0.00,0.00,-3.39,6.85,0.02,0.01,6.51,5.32,0.00,0.00,0.00,0
7499,1,75.65,1.61,0.00,0.00,0.00,0.00,-3.39,6.85,0.02,0.01,6.51,5.32,0.00,0.00,0.00,0
7519,1,75.70,1.89,0.00,0.00,0.00,0.00,-3.39,6.85,0.02,0.01,6.52,5.32,0.00,0.00,0.00,0
7539,1,75.77,2.25,0.00,0.00,0.00,0.00,-3.39,6.85,0.02,0.01,6.52,5.32,0.00,0.00,0.00,0
7559,1,75.84,2.49,0.00,0.00,0.00,0.00,-3.39,6.85,0.02,0.01,6.52,5.32,0.00,0.00,0.00,0
7580,1,75.89,2.38,0.00,0.00,0.00,0.00,-3.39,6.85,0.02,0.01,6.52,5.32,0.00,0.00,0.00,0
7598,1,75.93,2.33,0.00,0.00,0.00,0.00,-3.39,6.85,0.02,0.01,6.52,5.32,0.00,0.00,0.00,0
7620,1,75.99,2.53,0.00,0.00,0.00,0.00,-3.39,6.85,0.02,-0.02,6.52,5.32,0.00,0.00,0.00,0
7639,1,76.02,2.18,0.00,0.00,0.00,0.00,-3.39,6.85,-0.00,-0.02,6.52,5.32,0.00,0.00,0.00,0
7659,1,76.06,2.07,0.00,0.00,0.00,0.00,-3.39,6.85,-0.00,-0.02,6.52,5.32,0.00,0.00,0.00,0
7680,1,76.12,2.38,0.00,0.00,0.00,0.00,-3.39,6.85,-0.00,-0.02,6.52,5.32,0.00,0.00,0.00,0
7699,1,76.17,2.39,0.00,0.00,0.00,0.00,-3.39,6.85,-0.00,-0.02,6.52,5.32,0.00,0.00,0.00,0
7719,1,76.21,2.23,0.00,0.00,0.00,0.00,-3.39,6.85,-0.00,-0.02,6.52,5.32,0.00,0.00,0.00,0
7738,1,76.25,2.05,0.00,0.00,0.00,0.00,-3.39,6.85,-0.00,-0.02,6.52,5.32,0.00,0.00,0.00,0
7759,1,76.30,2.12,0.00,0.00,0.00,0.00,-3.39,6.85,-0.00,-0.02,6.53,5.33,0.00,0.00,0.00,0
7780,1,76.35,2.25,0.00,0.00,0.00,0.00,-3.39,6.85,-0.00,0.02,6.53,5.33,0.00,0.00,0.00,0
7799,1,76.40,2.26,0.00,0.00,0.00,0.00,-3.39,6.85,0.08,0.02,6.53,5.33,0.00,0.00,0.00,0
7819,1,76.46,2.27,0.00,0.00,0.00,0.00,-3.39,6.85,0.08,0.02,6.53,5.33,0.00,0.00,0.00,0
7839,1,76.51,2.30,0.00,0.00,0.00,0.00,-3.39,6.85,0.08,0.02,6.53,5.33,0.00,0.00,0.00,0
7859,1,76.56,2.35,0.00,0.00,0.00,0.00,-3.39,6.85,0.08,0.02,6.53,5.33,0.00,0.00,0.00,0
7879,1,76.62,2.42,0.00,0.00,0.00,0.00,-3.39,6.85,0.08,0.02,6.53,5.33,0.00,0.00,0.00,0
7900,1,76.67,2.40,0.00,0.00,0.00,0.00,-3.39,6.85,0.08,0.02,6.53,5.33,0.00,0.00,0.00,0
7919,1,76.71,2.32,0.00,0.00,0.00,0.00,-3.39,6.85,0.08,0.02,6.53,5.33,0.00,0.00,0.00,0
7939,1,76.76,2.29,0.00,0.00,0.00,0.00,-3.39,6.85,0.08,-0.03,6.53,5.33,0.00,0.00,0.00,0
7959,1,76.80,2.23,0.00,0.00,0.00,0.00,-3.39,6.85,0.02,-0.03,6.53,5.33,0.00,0.00,0.00,0
7979,1,76.85,2.20,0.00,0.00,0.00,0.00,-3.39,6.85,0.02,-0.03,6.53,5.33,0.00,0.00,0.00,0
7999,1,76.90,2.23,0.00,0.00,0.00,0.00,-3.39,6.85,0.02,-0.03,6.53,5.33,0.00,0.00,0.00,0
8019,1,76.95,2.24,0.00,0.00,0.00,0.00,-3.39,6.85,0.02,-0.03,6.53,5.33,0.00,0.00,0.00,0
8039,1,76.99,2.13,0.00,0.00,0.00,0.00,-3.39,6.85,0.02,-0.03,6.54,5.34,0.00,0.00,0.00,0
8059,1,77.03,2.07,0.00,0.00,0.00,0.00,-3.39,6.85,0.02,-0.03,6.54,5.34,0.00,0.00,0.00,0
8079,1,77.08,2.12,0.00,0.00,0.00,0.00,-3.39,6.85,0.02,-0.03,6.54,5.34,0.00,0.00,0.00,0
8100,1,77.12,2.12,0.00,0.00,0.00,0.00,-3.39,6.85,0.02,0.03,6.54,5.34,0.00,0.00,0.00,0
8118,1,77.16,2.08,0.00,0.00,0.00,0.00,-3.39,6.85,-0.01,0.03,6.54,5.34,0.00,0.00,0.00,0
8140,1,77.20,2.00,0.00,0.00,0.00,0.00,-3.39,6.85,-0.01,0.03,6.54,5.34,0.00,0.00,0.00,0
8159,1,77.25,1.99,0.00,0.00,0.00,0.00,-3.39,6.85,-0.01,0.03,6.54,5.34,0.00,0.00,0.00,0
8179,1,77.29,1.98,0.00,0.00,0.00,0.00,-3.39,6.85,-0.01,0.03,6.54,5.34,0.00,0.00,0.00,0
8200,1,77.33,1.90,0.00,0.00,0.00,0.00,-3.39,6.85,-0.01,0.03,6.54,5.34,0.00,0.00,0.00,0
8219,1,77.36,1.82,0.00,0.00,0.00,0.00,-3.39,6.85,-0.01,0.03,6.54,5.34,0.00,0.00,0.00,0
8238,1,77.41,1.90,0.00,0.00,0.00,0.00,-3.39,6.85,-0.01,0.03,6.54,5.34,0.00,0.00,0.00,0
8260,1,77.46,2.06,0.00,0.00,0.00,0.00,-3.39,6.85,-0.01,-0.02,6.54,5.34,0.00,0.00,0.00,0
8279,1,77.51,2.18,0.00,0.00,0.00,0.00,-3.39,6.85,-0.01,-0.02,6.55,5.34,0.00,0.00,0.00,0
8300,1,77.56,2.09,0.00,0.00,0.00,0.00,-3.39,6.85,-0.01,-0.02,6.55,5.34,0.00,0.00,0.00,0
8319,1,77.60,1.97,0.00,0.00,0.00,0.00,-3.39,6.85,-0.01,-0.02,6.55,5.34,0.00,0.00,0.00,0
8339,1,77.63,1.90,0.00,0.00,0.00,0.00,-3.39,6.85,-0.01,-0.02,6.55,5.35,0.00,0.00,0.00,0
8359,1,77.68,1.88,0.00,0.00,0.00,0.00,-3.39,6.85,-0.01,-0.02,6.55,5.35,0.00,0.00,0.00,0
8378,1,77.71,1.88,0.00,0.00,0.00,0.00,-3.39,6.85,-0.01,-0.02,6.55,5.35,0.00,0.00,0.00,0
8400,1,77.76,1.96,0.00,0.00,0.00,0.00,-3.39,6.85,-0.01,-0.02,6.55,5.35,0.00,0.00,0.00,0
8420,1,77.80,1.96,0.00,0.00,0.00,0.00,-3.39,6.85,-0.01,0.03,6.55,5.35,0.00,0.00,0.00,0
8439,1,77.85,2.06,0.00,0.00,0.00,0.00,-3.39,6.85,-0.01,0.03,6.55,5.35,0.00,0.00,0.00,0
8459,1,77.89,2.12,0.00,0.00,0.00,0.00,-3.39,6.85,-0.01,0.03,6.55,5.35,0.00,0.00,0.00,0
8479,1,77.94,2.15,0.00,0.00,0.00,0.00,-3.39,6.85,-0.01,0.03,6.55,5.35,0.00,0.00,0.00,0
8499,1,77.99,2.24,0.00,0.00,0.00,0.00,-3.39,6.85,-0.01,0.03,6.55,5.35,0.00,0.00,0.00,0
8519,1,78.04,2.25,0.00,0.00,0.00,0.00,-3.39,6.85,-0.01,0.03,6.55,5.35,0.00,0.00,0.00,0
8539,1,78.09,2.19,0.00,0.00,0.00,0.00,-3.39,6.85,-0.01,0.03,6.55,5.35,0.00,0.00,0.00,0
8559,1,78.14,2.08,0.00,0.00,0.00,0.00,-3.39,6.85,-0.01,0.03,6.55,5.35,0.00,0.00,0.00,0
8579,1,78.17,1.90,0.00,0.00,0.00,0.00,-3.39,6.85,-0.01,-0.00,6.56,5.35,0.00,0.00,0.00,0
8600,1,78.20,1.76,0.00,0.00,0.00,0.00,-3.39,6.85,0.03,-0.00,6.56,5.35,0.00,0.00,0.00,0
8620,1,78.23,1.80,0.00,0.00,0.00,0.00,-3.39,6.85,0.03,-0.00,6.56,5.36,0.00,0.00,0.00,0
8638,1,78.28,1.96,0.00,0.00,0.00,0.00,-3.39,6.85,0.03,-0.00,6.56,5.36,0.00,0.00,0.00,0
8660,1,78.33,2.12,0.00,0.00,0.00,0.00,-3.39,6.85,0.03,-0.00,6.56,5.36,0.00,0.00,0.00,0
8679,1,78.38,2.27,0.00,0.00,0.00,0.00,-3.39,6.85,0.03,-0.00,6.56,5.36,0.00,0.00,0.00,0
8700,2,78.43,2.28,78.43,0.00,0.00,0.00,-3.39,6.85,0.03,-0.00,6.56,5.36,0.00,0.00,0.00,0
8720,2,78.48,2.40,78.43,-0.06,-0.30,0.00,-3.39,6.85,0.02,-0.04,6.56,5.36,0.00,-0.01,0.00,16
8740,2,78.54,2.49,78.43,-0.12,-0.43,0.00,-3.39,6.85,-0.01,0.00,6.56,5.36,-0.00,-0.00,0.00,16
8759,2,78.55,1.77,78.42,-0.13,-0.39,0.00,-3.39,6.85,-0.01,-0.03,6.56,5.36,-0.00,-0.02,0.00,16
8780,2,78.53,0.88,78.42,-0.11,-0.28,0.00,-3.39,6.85,-0.21,-0.17,6.56,5.36,-0.00,-0.19,0.00,16
8800,2,78.51,0.45,78.42,-0.08,-0.20,0.00,-3.40,6.84,-0.29,-0.21,6.56,5.36,-0.01,-0.25,0.00,16
8820,2,78.49,0.22,78.42,-0.07,-0.15,0.00,-3.41,6.83,-0.14,-0.25,6.56,5.36,-0.02,-0.19,0.00,16
8840,2,78.48,-0.05,78.42,-0.05,-0.10,0.00,-3.41,6.82,-0.14,-0.31,6.56,5.36,-0.03,-0.22,0.00,16
8860,2,78.51,0.42,78.42,-0.09,-0.21,0.00,-3.42,6.81,-0.20,-0.17,6.56,5.36,-0.03,-0.18,0.00,16
8879,2,78.58,1.12,78.42,-0.16,-0.40,0.00,-3.42,6.81,-0.19,0.02,6.56,5.36,-0.04,-0.08,0.00,16
8900,2,78.63,1.24,78.42,-0.20,-0.50,0.00,-3.43,6.81,-0.15,-0.08,6.56,5.36,-0.04,-0.11,0.00,16
8920,2,78.61,0.37,78.42,-0.19,-0.40,0.00,-3.43,6.81,-0.16,-0.12,6.56,5.36,-0.04,-0.14,0.00,16
8940,2,78.55,-0.62,78.42,-0.13,-0.21,0.00,-3.44,6.81,-0.25,-0.17,6.56,5.36,-0.05,-0.21,0.00,16
8960,2,78.53,-0.72,78.42,-0.11,-0.16,0.00,-3.45,6.80,-0.21,-0.20,6.56,5.36,-0.05,-0.20,0.00,16
8980,2,78.50,-0.99,78.42,-0.07,-0.07,0.00,-3.45,6.79,-0.12,-0.31,6.56,5.36,-0.06,-0.21,0.00,16
9000,2,78.47,-1.07,78.42,-0.04,-0.00,0.00,-3.45,6.78,-0.21,-0.37,6.56,5.36,-0.07,-0.29,0.00,16
9019,2,78.49,-0.31,78.42,-0.06,-0.10,0.00,-3.46,6.77,-0.23,-0.13,6.56,5.36,-0.07,-0.18,0.00,16
9040,2,78.57,0.80,78.42,-0.15,-0.36,0.00,-3.47,6.77,-0.05,-0.05,6.56,5.36,-0.08,-0.05,0.00,16
9060,2,78.64,1.27,78.42,-0.22,-0.54,0.00,-3.47,6.77,-0.06,-0.02,6.56,5.36,-0.08,-0.04,0.00,16
9080,2,78.62,0.33,78.42,-0.20,-0.42,0.00,-3.47,6.77,-0.11,-0.15,6.56,5.36,-0.08,-0.13,0.00,16
9100,2,78.56,-0.69,78.42,-0.13,-0.21,0.00,-3.47,6.77,-0.27,-0.19,6.56,5.36,-0.08,-0.23,0.00,16
9120,2,78.52,-0.80,78.42,-0.10,-0.13,0.00,-3.48,6.76,-0.24,-0.20,6.56,5.36,-0.09,-0.22,0.00,48
9139,2,78.48,-1.17,78.42,-0.06,-0.03,0.00,-3.49,6.75,-0.13,-0.29,6.56,5.36,-0.10,-0.21,0.00,48
9160,2,78.31,-4.69,78.42,0.11,0.60,0.00,-3.49,6.74,-0.11,-0.38,6.56,5.36,-0.11,-0.24,0.00,32
9180,2,78.13,-6.98,78.52,0.29,1.14,0.00,-3.50,6.73,-0.33,-0.03,6.50,5.29,-0.12,-0.18,0.00,32
9200,2,77.98,-8.27,78.62,0.54,1.74,0.00,-3.50,6.73,-0.07,0.29,6.36,5.14,-0.12,0.11,0.00,32
9220,2,77.89,-7.25,78.72,0.73,2.04,0.00,-3.50,6.75,0.29,0.64,6.19,4.97,-0.11,0.46,0.00,32
9240,2,78.16,1.01,78.82,0.56,1.03,0.00,-3.48,6.77,0.77,0.86,6.01,4.79,-0.09,0.82,0.00,32
9260,2,79.05,19.64,78.92,-0.23,-2.04,0.00,-3.43,6.80,2.09,1.44,5.83,4.60,-0.05,1.77,0.00,32
9279,2,80.18,34.45,79.02,-1.26,-5.27,0.00,-3.39,6.84,0.63,1.00,5.65,4.42,-0.01,0.82,0.00,32
9299,2,81.05,37.36,79.12,-2.03,-7.05,0.00,-3.38,6.85,-0.07,-0.13,5.45,4.22,0.01,-0.10,0.00,32
9320,2,81.33,28.35,79.22,-2.21,-6.69,0.00,-3.41,6.83,-1.74,-1.27,5.25,4.04,-0.02,-1.51,0.00,32
9340,2,81.21,19.10,79.32,-1.99,-5.50,0.00,-3.49,6.77,-3.08,-2.56,5.04,3.84,-0.09,-2.82,0.00,32
9360,2,80.68,6.48,79.42,-1.36,-3.23,0.00,-3.59,6.67,-3.66,-4.04,4.85,3.67,-0.19,-3.85,0.00,32
9380,2,80.25,-1.71,79.52,-0.83,-1.53,0.00,-3.71,6.52,-4.01,-4.96,4.64,3.58,-0.33,-4.48,0.00,32
9399,2,80.43,0.44,79.62,-0.91,-1.85,0.00,-3.83,6.39,-3.64,-3.41,4.44,3.53,-0.45,-3.52,0.00,32
9420,2,81.09,7.03,79.72,-1.47,-3.51,0.00,-3.91,6.32,-2.10,-1.59,4.25,3.51,-0.53,-1.84,0.00,32
9440,2,81.64,11.46,79.82,-1.92,-4.76,0.00,-3.95,6.30,-0.64,-0.87,4.13,3.50,-0.56,-0.76,0.00,32
9460,2,81.67,7.08,79.92,-1.85,-4.27,0.00,-3.97,6.27,-1.09,-0.93,4.07,3.49,-0.58,-1.01,0.00,32
9480,2,80.91,-7.21,80.02,-0.99,-1.41,0.00,-4.03,6.22,-2.34,-2.36,4.04,3.49,-0.64,-2.35,0.00,32
9500,2,80.06,-18.83,80.12,-0.04,1.44,0.00,-4.12,6.12,-3.26,-3.25,4.02,3.49,-0.73,-3.26,0.00,32
9518,2,79.43,-23.58,80.22,0.69,3.28,0.00,-4.21,6.03,-2.91,-2.91,4.01,3.49,-0.82,-2.91,0.00,32
9540,2,79.61,-15.58,80.32,0.61,2.46,0.00,-4.26,5.98,-0.16,-0.29,4.01,3.49,-0.87,-0.22,0.00,32
9560,2,80.26,-3.01,80.42,0.06,0.36,0.00,-4.25,5.99,0.79,0.84,4.01,3.49,-0.86,0.81,0.00,48
9580,2,80.91,5.99,80.52,-0.49,-1.45,0.00,-4.20,6.04,1.45,1.81,4.01,3.49,-0.81,1.63,0.00,32
9600,2,81.19,7.39,80.62,-0.67,-1.93,0.00,-4.15,6.09,1.31,1.57,4.01,3.49,-0.76,1.44,0.00,32
9620,2,80.98,1.17,80.72,-0.36,-0.82,0.00,-4.13,6.12,-0.16,-0.07,4.01,3.49,-0.74,-0.12,0.00,48
9640,2,80.22,-11.48,80.82,0.50,1.92,0.00,-4.15,6.10,-0.76,-1.06,4.01,3.49,-0.76,-0.91,0.00,32
9659,2,79.44,-20.27,80.92,1.38,4.38,0.00,-4.18,6.06,-1.23,-1.14,4.01,3.49,-0.79,-1.18,0.00,32
9680,2,79.26,-18.48,81.02,1.66,4.80,0.00,-4.20,6.04,0.02,0.04,4.01,3.49,-0.81,0.03,0.00,32
9700,2,79.29,-13.70,81.12,1.73,4.56,0.00,-4.18,6.06,1.36,1.30,4.01,3.49,-0.79,1.33,0.00,32
9720,2,79.65,-6.02,81.22,1.47,3.43,0.00,-4.12,6.12,2.43,2.55,4.01,3.48,-0.73,2.49,0.00,32
9740,2,79.99,-0.49,81.32,1.23,2.49,0.00,-4.03,6.21,3.00,3.16,4.01,3.49,-0.64,3.08,0.00,32
9760,2,79.98,-1.68,81.42,1.34,2.81,0.00,-3.94,6.30,2.96,2.89,4.01,3.48,-0.55,2.93,0.00,32
9779,2,79.70,-6.48,81.52,1.72,3.95,0.00,-3.85,6.38,2.39,2.28,4.01,3.48,-0.47,2.33,0.00,32
9800,2,78.93,-16.66,81.62,2.59,6.50,0.00,-3.80,6.44,1.54,1.63,4.01,3.48,-0.41,1.59,0.00,32
9820,2,78.36,-21.19,81.72,3.26,8.22,0.00,-3.75,6.49,1.61,1.76,4.01,3.48,-0.36,1.68,0.00,32
9840,2,78.22,-18.55,81.82,3.50,8.49,0.00,-3.68,6.55,2.91,2.88,4.01,3.48,-0.29,2.90,0.00,32
9860,2,78.42,-11.68,81.92,3.40,7.74,0.00,-3.57,6.67,4.37,4.39,4.01,3.49,-0.18,4.38,0.00,32
9880,2,78.76,-4.67,82.02,3.16,6.69,0.00,-3.42,6.82,5.40,5.41,4.01,3.48,-0.03,5.41,0.00,32
9900,2,78.91,-2.44,82.12,3.11,6.41,0.00,-3.25,6.99,5.54,5.52,4.01,3.48,0.14,5.53,0.00,32
9919,2,78.63,-7.00,82.22,3.49,7.55,0.00,-3.09,7.15,5.04,5.05,4.01,3.48,0.30,5.04,0.00,32
9940,2,78.09,-14.06,82.32,4.13,9.39,0.00,-2.95,7.29,4.43,4.33,4.01,3.48,0.44,4.38,0.00,32
9960,2,77.42,-20.95,82.42,4.91,11.49,0.00,-2.82,7.41,4.21,4.31,4.01,3.48,0.56,4.26,0.00,32
9980,2,76.93,-23.14,82.52,5.49,12.83,0.00,-2.68,7.55,5.02,5.05,4.01,3.48,0.70,5.03,0.00,32
10000,2,76.97,-17.56,82.62,5.55,12.51,0.00,-2.51,7.73,6.35,6.29,4.01,3.48,0.88,6.32,0.00,32
10020,2,77.13,-11.69,82.72,5.49,11.91,0.00,-2.30,7.94,7.46,7.61,4.01,3.48,1.09,7.53,0.00,32
10039,2,77.31,-7.33,82.82,5.41,11.40,0.00,-2.05,8.18,8.33,8.23,4.01,3.48,1.33,8.28,0.00,32
10060,2,77.27,-7.29,82.92,5.55,11.69,0.00,-1.80,8.43,8.24,8.16,4.01,3.48,1.58,8.20,0.00,32
10080,2,76.72,-14.13,83.02,6.20,13.54,0.00,-1.56,8.67,7.73,7.79,4.01,3.48,1.82,7.76,0.00,32
10100,2,76.06,-20.69,83.12,6.96,15.58,0.00,-1.33,8.90,7.46,7.40,4.01,3.48,2.05,7.43,0.00,32
10120,2,75.54,-24.00,83.22,7.58,17.09,0.00,-1.10,9.13,7.70,7.85,4.01,3.48,2.28,7.77,0.00,32
10140,2,75.26,-22.79,83.32,7.96,17.74,0.00,-0.85,9.38,8.95,8.85,4.01,3.48,2.54,8.90,0.00,32
10159,2,75.25,-17.93,83.42,8.07,17.57,0.00,-0.56,9.68,10.29,10.20,4.01,3.48,2.83,10.25,0.00,32
10180,2,75.33,-12.93,83.52,8.09,17.22,0.00,-0.22,10.01,11.16,11.20,4.01,3.48,3.16,11.18,0.00,32
10200,2,75.28,-11.58,83.62,8.24,17.41,0.00,0.12,10.35,11.55,11.65,4.01,3.48,3.51,11.60,0.00,32
10220,2,74.97,-14.50,83.72,8.65,18.47,0.00,0.47,10.71,11.49,11.56,4.01,3.48,3.86,11.53,0.00,32
10240,2,74.30,-21.71,83.82,9.42,20.58,0.00,0.82,11.05,11.35,11.21,4.01,3.48,4.20,11.28,0.00,32
10260,2,73.45,-29.09,83.92,10.37,23.06,0.00,1.16,11.39,11.57,11.32,4.01,3.48,4.54,11.45,0.00,32
10280,2,72.75,-32.61,84.02,11.17,24.94,0.00,1.52,11.75,12.22,12.21,4.01,3.48,4.90,12.21,0.00,40
10299,2,72.28,-31.82,84.12,11.74,25.00,0.00,1.91,12.14,13.61,13.68,4.01,3.48,5.29,13.64,0.00,40
10320,2,72.22,-25.37,84.22,11.90,25.00,0.00,2.35,12.58,15.16,15.03,4.01,3.48,5.73,15.09,0.00,40
10340,2,72.23,-19.80,84.32,11.99,25.00,0.00,2.82,13.06,16.23,16.16,4.01,3.48,6.21,16.20,0.00,40
10360,2,72.09,-17.96,84.42,12.23,25.00,0.00,3.32,13.55,16.49,16.51,4.01,3.48,6.71,16.50,0.00,40
10380,2,71.65,-21.01,84.52,12.77,25.00,0.00,3.82,14.05,16.32,16.34,4.01,3.48,7.20,16.33,0.00,40
10400,2,70.71,-30.47,84.62,13.82,25.00,0.00,4.31,14.54,16.15,16.26,4.01,3.48,7.69,16.20,0.00,40
10419,2,70.55,-19.08,84.72,14.07,25.00,0.00,4.80,15.03,16.17,16.04,4.01,3.48,8.18,16.10,0.00,40
10440,2,76.08,80.14,84.82,8.65,10.88,0.00,5.30,15.52,17.74,16.30,4.01,3.47,8.68,17.02,0.00,32
10460,2,80.96,142.66,84.92,3.86,-3.69,0.00,5.84,16.01,17.15,16.03,4.01,3.48,9.20,16.59,0.00,32
10480,2,83.51,155.74,85.02,1.41,-9.65,0.00,6.26,16.51,12.41,15.46,4.01,3.48,9.65,13.94,0.00,32
10500,2,84.64,133.43,85.12,0.38,-9.92,0.00,6.57,16.85,7.56,7.34,4.01,3.48,9.98,7.45,0.00,32
10520,2,82.92,75.06,85.22,2.20,-1.60,0.00,6.65,16.91,-0.86,-1.18,4.01,3.48,10.05,-1.02,0.00,32
10540,2,81.19,28.88,85.32,4.03,5.74,0.00,6.54,16.80,-5.19,-5.35,4.01,3.48,9.94,-5.27,0.00,32
10559,2,80.05,3.91,85.42,5.27,10.22,0.00,6.38,16.63,-4.82,-4.92,4.01,3.48,9.78,-4.87,0.00,32
10580,2,80.86,13.86,85.52,4.56,8.02,0.00,6.31,16.56,0.21,0.05,4.01,3.49,9.70,0.13,0.00,32
10600,2,83.35,45.11,85.62,2.18,0.74,0.00,6.39,16.63,4.39,4.38,4.01,3.49,9.78,4.39,0.00,32
10621,2,85.96,69.21,85.72,-0.34,-6.22,0.00,6.57,16.81,6.43,6.45,4.01,3.49,9.96,6.44,0.00,32
10639,2,87.29,67.64,85.82,-1.56,-8.54,0.00,6.75,17.00,5.28,5.34,4.01,3.49,10.14,5.31,0.00,32
10660,2,86.74,40.21,85.92,-0.92,-5.06,0.00,6.83,17.08,-0.12,-0.04,4.01,3.48,10.22,-0.08,0.00,32
10679,2,84.99,2.89,86.02,0.93,1.63,0.00,6.76,17.01,-3.98,-3.76,4.01,3.49,10.15,-3.87,0.00,32
10700,2,83.18,-24.31,86.12,2.84,7.62,0.00,6.61,16.86,-4.95,-4.93,4.01,3.49,10.01,-4.94,0.00,32
10720,2,83.45,-14.79,86.22,2.67,6.53,0.00,6.49,16.74,-2.98,-3.20,4.01,3.49,9.88,-3.09,0.00,32
10740,2,84.50,4.06,86.32,1.72,3.11,0.00,6.48,16.72,1.65,1.56,4.01,3.49,9.87,1.60,0.00,32
10760,2,86.12,25.98,86.42,0.20,-1.67,0.00,6.58,16.83,4.38,4.30,4.01,3.49,9.97,4.34,0.00,32
10780,2,87.49,37.78,86.52,-1.07,-5.17,0.00,6.72,16.96,4.16,4.34,4.01,3.49,10.11,4.25,0.00,32
10799,2,86.86,19.07,86.62,-0.34,-2.21,0.00,6.82,17.06,1.98,2.00,4.01,3.49,10.21,1.99,0.00,32
10820,2,85.82,-1.06,86.72,0.80,1.69,0.00,6.81,17.06,-1.49,-1.43,4.01,3.48,10.20,-1.46,0.00,32
10840,2,84.61,-18.41,86.82,2.11,5.69,0.00,6.74,16.99,-2.55,-2.65,4.01,3.48,10.13,-2.60,0.00,32
10860,2,84.26,-18.30,86.92,2.56,6.58,0.00,6.67,16.92,-1.19,-1.48,4.01,3.49,10.07,-1.33,0.00,32
10880,2,84.96,-3.03,87.02,1.96,4.16,0.00,6.69,16.93,1.53,1.58,4.01,3.49,10.08,1.55,0.00,32
10900,2,86.01,12.96,87.12,1.01,0.99,0.00,6.77,17.01,3.51,3.43,4.01,3.49,10.16,3.47,0.00,32
10920,2,87.16,26.07,87.22,-0.04,-2.16,0.00,6.89,17.13,3.97,4.02,4.01,3.49,10.28,3.99,0.00,32
10940,2,87.60,26.05,87.32,-0.38,-2.84,0.00,7.00,17.25,3.07,3.09,4.01,3.48,10.39,3.08,0.00,32
10960,2,86.96,15.36,87.42,0.36,-0.52,0.00,7.04,17.29,0.11,-0.06,4.01,3.48,10.43,0.02,0.00,32
10980,2,86.38,5.86,87.52,1.04,1.61,0.00,7.02,17.26,-1.54,-1.18,4.01,3.48,10.41,-1.36,0.00,32
11000,2,86.21,1.91,87.62,1.31,2.46,0.00,6.97,17.22,-1.50,-1.29,4.01,3.48,10.36,-1.39,0.00,32
11020,2,86.53,6.02,87.72,1.10,1.71,0.00,6.94,17.20,-0.00,0.02,4.01,3.48,10.34,0.01,0.00,32
11039,2,87.32,15.63,87.82,0.40,-0.44,0.00,6.97,17.22,1.25,1.13,4.01,3.48,10.36,1.19,0.00,32
11059,2,88.16,23.24,87.92,-0.34,-2.54,0.00,7.01,17.26,1.75,1.41,4.01,3.48,10.40,1.58,0.00,32
11080,2,88.52,21.61,88.02,-0.60,-2.92,0.00,7.06,17.30,1.34,1.15,4.01,3.48,10.45,1.25,0.00,32
11100,2,88.47,14.69,88.12,-0.45,-2.07,0.00,7.06,17.31,-0.53,-0.41,4.01,3.48,10.45,-0.47,0.00,32
11120,2,88.13,5.88,88.22,-0.01,-0.50,0.00,7.03,17.28,-1.37,-1.42,4.01,3.48,10.42,-1.39,0.00,32
11140,2,87.85,0.22,88.32,0.37,0.72,0.00,6.98,17.23,-1.65,-1.82,4.01,3.48,10.37,-1.73,0.00,48
11160,2,87.87,0.56,88.42,0.45,0.86,0.00,6.94,17.18,-1.28,-1.28,4.01,3.48,10.33,-1.28,0.00,48
11180,2,88.34,7.15,88.52,0.08,-0.41,0.00,6.92,17.16,0.12,0.15,4.01,3.48,10.31,0.13,0.00,32
11199,2,88.97,13.97,88.62,-0.45,-2.01,0.00,6.93,17.18,0.38,0.53,4.01,3.48,10.32,0.45,0.00,32
11220,2,89.42,16.51,88.72,-0.80,-2.92,0.00,6.94,17.19,0.28,0.14,4.01,3.48,10.34,0.21,0.00,32
11240,2,89.65,15.09,88.82,-0.93,-3.06,0.00,6.94,17.19,-0.36,-0.38,4.01,3.48,10.33,-0.37,0.00,32
11260,2,89.64,10.73,88.92,-0.82,-2.49,0.00,6.92,17.16,-0.90,-1.14,4.01,3.48,10.31,-1.02,0.00,32
11280,2,89.37,3.89,89.02,-0.45,-1.21,0.00,6.87,17.12,-1.69,-1.84,4.01,3.48,10.26,-1.76,0.00,32
11300,2,89.18,0.21,89.12,-0.16,-0.33,0.00,6.81,17.06,-2.09,-1.94,4.01,3.48,10.21,-2.01,0.00,48
11319,2,89.28,1.77,89.22,-0.16,-0.47,0.00,6.76,17.01,-1.64,-1.47,4.01,3.48,10.15,-1.56,0.00,48
11340,2,89.77,8.38,89.32,-0.55,-1.76,0.00,6.72,16.97,-0.44,-0.45,4.01,3.48,10.12,-0.45,0.00,32
11360,2,90.41,15.69,89.42,-1.09,-3.43,0.00,6.72,16.97,-0.04,-0.03,4.01,3.48,10.11,-0.04,0.00,32
11380,2,90.83,17.64,89.52,-1.41,-4.23,0.00,6.72,16.96,-0.48,-0.52,4.01,3.48,10.11,-0.50,0.00,32
11400,2,90.86,13.36,89.62,-1.34,-3.75,0.00,6.69,16.93,-1.41,-1.18,4.01,3.48,10.08,-1.30,0.00,32
11420,2,90.76,8.31,89.72,-1.14,-2.94,0.00,6.63,16.88,-2.17,-2.03,4.01,3.48,10.02,-2.10,0.00,32
11439,2,90.63,4.38,89.82,-0.91,-2.17,0.00,6.56,16.81,-2.59,-2.55,4.01,3.48,9.95,-2.57,0.00,32
11460,2,90.69,4.23,89.92,-0.87,-2.07,0.00,6.48,16.73,-2.40,-2.41,4.01,3.48,9.87,-2.40,0.00,32
11480,2,91.12,9.66,90.02,-1.20,-3.18,0.00,6.42,16.66,-1.84,-2.01,4.01,3.48,9.81,-1.93,0.00,32
11500,2,91.72,15.98,90.12,-1.70,-4.68,0.00,6.37,16.62,-1.33,-1.41,4.01,3.48,9.76,-1.37,0.00,32
11520,2,92.28,19.91,90.22,-2.16,-5.90,0.00,6.33,16.58,-1.30,-1.24,4.01,3.48,9.73,-1.27,0.00,32
11540,2,92.58,18.94,90.32,-2.36,-6.23,0.00,6.28,16.53,-2.07,-2.13,4.01,3.48,9.68,-2.10,0.00,32
11560,2,92.52,13.26,90.42,-2.20,-5.46,0.00,6.20,16.45,-3.08,-3.22,4.01,3.48,9.60,-3.15,0.00,32
11579,2,92.38,8.13,90.52,-1.96,-4.57,0.00,6.10,16.34,-3.72,-3.82,4.01,3.48,9.49,-3.77,0.00,32
11600,2,92.38,6.39,90.62,-1.86,-4.23,0.00,5.98,16.23,-3.92,-3.95,4.01,3.48,9.37,-3.93,0.00,32
11620,2,92.63,8.94,90.72,-2.01,-4.74,0.00,5.86,16.11,-3.58,-3.64,4.01,3.48,9.26,-3.61,0.00,32
11640,2,93.25,15.96,90.82,-2.53,-6.34,0.00,5.77,16.01,-2.92,-2.89,4.01,3.48,9.16,-2.90,0.00,32
11660,2,93.99,22.64,90.92,-3.17,-8.15,0.00,5.68,15.93,-2.60,-2.57,4.01,3.48,9.08,-2.59,0.00,32
11680,2,94.50,24.19,91.02,-3.58,-9.09,0.00,5.60,15.85,-3.08,-3.14,4.01,3.48,8.99,-3.11,0.00,32
11699,2,94.75,21.67,91.12,-3.73,-9.19,0.00,5.49,15.74,-4.18,-4.29,4.01,3.48,8.88,-4.23,0.00,32
11720,2,94.70,15.70,91.22,-3.58,-8.42,0.00,5.34,15.59,-5.27,-5.26,4.01,3.48,8.73,-5.27,0.00,32
11740,2,94.68,11.72,91.32,-3.45,-7.85,0.00,5.17,15.42,-5.80,-5.78,4.01,3.48,8.56,-5.79,0.00,32
11760,2,94.89,12.48,91.42,-3.57,-8.15,0.00,4.99,15.24,-5.80,-5.88,4.01,3.48,8.39,-5.84,0.00,32
11780,2,95.43,17.66,91.52,-4.01,-9.43,0.00,4.82,15.07,-5.49,-5.37,4.01,3.48,8.21,-5.43,0.00,32
11800,2,96.26,25.56,91.62,-4.74,-11.52,0.00,4.66,14.92,-5.03,-5.00,4.01,3.48,8.06,-5.01,0.00,32
11820,2,97.01,30.22,91.72,-5.39,-13.20,0.00,4.51,14.76,-5.28,-5.27,4.01,3.48,7.90,-5.27,0.00,32
11839,2,97.43,28.78,91.82,-5.71,-13.73,0.00,4.33,14.59,-6.28,-6.19,4.01,3.48,7.73,-6.23,0.00,32
11860,2,97.65,24.89,91.84,-5.83,-13.65,0.00,4.12,14.37,-7.49,-7.50,4.01,3.48,0.00,-7.49,-0.08,224
11880,2,97.70,19.83,91.84,-5.86,-13.31,0.00,3.88,14.13,-8.50,-8.39,4.01,3.48,-0.24,-8.44,-0.16,224
11900,2,97.84,17.53,91.76,-6.00,-13.40,0.00,3.61,13.86,-8.94,-8.95,4.01,3.48,-0.51,-8.94,-0.24,224
11920,2,98.39,21.73,91.77,-6.63,-14.99,0.00,3.34,13.59,-8.80,-8.93,4.01,3.48,-0.78,-8.87,-0.23,224
11940,2,99.07,26.72,91.85,-7.30,-16.74,0.00,3.08,13.33,-8.65,-8.57,4.01,3.48,-1.05,-8.61,-0.15,224
11959,2,99.79,30.70,91.93,-7.94,-18.33,0.00,2.81,13.06,-8.94,-8.95,4.01,3.48,-1.31,-8.95,-0.07,224
11980,2,100.38,31.56,92.00,-8.45,-19.42,0.00,2.53,12.78,-9.74,-9.88,4.01,3.48,-1.59,-9.81,-0.00,32
12000,2,100.74,29.47,92.00,-8.74,-19.84,0.00,2.21,12.46,-10.99,-10.99,4.01,3.48,-1.91,-10.99,-0.00,32
12020,2,101.06,27.43,92.00,-9.06,-20.31,0.00,1.86,12.11,-12.09,-11.89,4.01,3.48,-2.26,-11.99,-0.00,32
12040,2,101.36,25.60,92.00,-9.36,-20.76,0.00,1.49,11.74,-12.79,-12.54,4.01,3.48,-2.63,-12.66,-0.00,32
12060,2,101.76,25.95,92.00,-9.76,-21.60,0.00,1.10,11.35,-12.99,-12.99,4.01,3.48,-3.02,-12.99,-0.00,32
12079,2,102.37,29.01,92.00,-10.37,-23.06,0.00,0.70,10.95,-13.28,-13.26,4.01,3.48,-3.42,-13.27,-0.00,32
12100,2,103.14,33.68,92.00,-11.14,-24.98,0.00,0.30,10.54,-13.48,-13.39,4.01,3.48,-3.83,-13.44,-0.00,40
12120,2,103.81,35.74,92.00,-11.81,-25.00,0.00,-0.12,10.13,-14.25,-13.95,4.01,3.48,-4.24,-14.10,-0.00,40
12140,2,104.41,36.31,92.00,-12.41,-25.00,0.00,-0.57,9.69,-15.36,-15.12,4.01,3.48,-4.69,-15.24,-0.00,40
12160,2,105.16,38.81,92.00,-13.16,-25.00,0.00,-1.04,9.21,-16.06,-16.22,4.01,3.48,-5.16,-16.14,-0.00,40
12180,2,106.24,45.73,92.00,-14.24,-25.00,0.00,-1.54,8.71,-16.20,-16.29,4.01,3.48,-5.66,-16.25,-0.00,40
12200,2,108.45,68.74,92.00,-16.45,-25.00,0.00,-2.03,8.22,-16.18,-16.22,4.01,3.48,-6.15,-16.20,-0.00,40
12219,2,111.17,89.41,92.00,-19.17,-25.00,0.00,-2.52,7.73,-16.31,-16.22,4.01,3.48,-6.64,-16.27,-0.00,40
12240,2,113.29,97.51,92.00,-21.30,-25.00,0.00,-3.01,7.24,-16.11,-16.13,4.01,3.48,-7.13,-16.12,-0.00,40
12260,2,115.44,99.14,92.00,-23.44,-25.00,0.00,-3.50,6.74,-16.42,-16.39,4.01,3.48,-7.63,-16.40,-0.00,40
12280,2,115.76,63.29,91.99,-23.76,-25.00,0.00,-4.00,6.25,-16.52,-16.76,4.01,3.49,-8.12,-16.64,-0.00,40
12300,2,113.96,8.30,91.98,-21.97,-25.00,0.00,-4.53,5.74,-18.07,-16.36,4.00,3.49,-8.64,-17.21,-0.00,40
12320,2,111.83,-30.56,92.00,-19.85,-25.00,0.00,-5.03,5.26,-15.50,-15.81,4.00,3.49,-9.13,-15.66,-0.00,40
12339,2,109.29,-62.71,92.00,-17.29,-25.00,0.00,-5.49,4.78,-15.03,-15.87,4.00,3.49,-9.60,-15.45,-0.00,40
12360,2,105.83,-95.46,92.00,-13.83,-20.03,0.00,-5.95,4.29,-16.04,-16.50,4.01,3.49,-10.08,-16.27,-0.00,32
12380,2,102.19,-122.14,92.00,-10.19,-10.61,0.00,-6.45,3.78,-16.59,-16.78,4.01,3.48,-10.58,-16.68,-0.00,32
12400,2,98.42,-143.98,91.92,-6.42,-1.32,0.00,-6.95,3.27,-16.80,-16.70,4.01,3.48,-11.09,-16.75,-0.08,224
12420,2,95.78,-144.53,91.84,-3.86,3.84,0.00,-7.43,2.80,-14.42,-13.99,4.01,3.48,-11.56,-14.21,-0.16,224
12440,2,95.46,-115.34,91.76,-3.62,1.98,0.00,-7.75,2.49,-7.16,-7.03,4.01,3.48,-11.88,-7.09,-0.24,224
12460,2,96.19,-79.73,91.68,-4.43,-2.49,0.00,-7.85,2.39,-0.69,-0.53,4.01,3.48,-11.98,-0.61,-0.32,224
12479,2,97.25,-48.34,91.60,-5.57,-7.27,0.00,-7.84,2.41,1.02,0.92,4.01,3.48,-11.96,0.97,-0.40,224
12500,2,97.02,-41.01,91.52,-5.42,-7.57,0.00,-7.80,2.44,0.80,0.23,4.01,3.48,-11.93,0.52,-0.48,224
12520,2,94.80,-60.35,91.44,-3.28,-1.73,0.00,-7.83,2.41,-2.36,-2.50,4.01,3.48,-11.96,-2.43,-0.56,224
12540,2,92.24,-79.20,91.36,-0.80,4.74,0.00,-7.95,2.28,-4.99,-4.93,4.01,3.48,-12.08,-4.96,-0.64,224
12560,2,90.17,-85.37,91.28,1.19,9.21,0.00,-8.11,2.13,-5.03,-5.06,4.01,3.48,-12.24,-5.04,-0.72,224
12580,2,89.78,-66.58,91.20,1.50,8.33,0.00,-8.21,2.03,-1.18,-1.21,4.01,3.48,-12.34,-1.19,-0.80,224
12599,2,91.29,-26.54,91.12,-0.09,1.94,0.00,-8.17,2.07,3.08,3.05,4.01,3.48,-12.30,3.07,-0.88,224
12620,2,92.95,4.09,91.04,-1.83,-3.99,0.00,-8.03,2.20,5.34,5.29,4.01,3.48,-12.16,5.32,-0.96,224
12640,2,93.79,15.21,90.96,-2.75,-6.72,0.00,-7.87,2.36,4.89,5.04,4.01,3.48,-12.00,4.97,-1.04,224
12660,2,93.27,3.76,90.88,-2.31,-4.92,0.00,-7.79,2.45,0.41,0.65,4.01,3.48,-11.92,0.53,-1.12,224
12680,2,91.56,-21.29,90.80,-0.68,0.34,0.00,-7.83,2.41,-2.79,-2.75,4.01,3.48,-11.96,-2.77,-1.20,224
12700,2,89.76,-40.64,90.72,1.04,5.33,0.00,-7.95,2.30,-4.09,-4.09,4.01,3.48,-12.07,-4.09,-1.28,224
12719,2,89.02,-39.35,90.64,1.70,6.55,0.00,-8.06,2.18,-2.96,-3.26,4.01,3.48,-12.18,-3.11,-1.36,224
12740,2,89.36,-22.61,90.56,1.28,4.37,0.00,-8.09,2.15,0.62,0.58,4.01,3.48,-12.22,0.60,-1.44,224
12760,2,90.66,2.78,90.48,-0.10,-0.43,0.00,-8.02,2.21,3.22,3.22,4.01,3.48,-12.15,3.22,-1.52,240
12779,2,92.04,21.84,90.40,-1.56,-4.86,0.00,-7.90,2.33,4.01,4.01,4.01,3.48,-12.03,4.01,-1.60,224
12800,2,92.37,20.71,90.32,-1.97,-5.59,0.00,-7.80,2.44,2.66,2.74,4.01,3.48,-11.93,2.70,-1.68,224
12820,2,91.85,7.51,90.24,-1.53,-3.67,0.00,-7.78,2.46,-0.89,-0.81,4.01,3.48,-11.91,-0.85,-1.76,224
12840,2,90.64,-11.65,90.16,-0.40,0.14,0.00,-7.85,2.40,-2.86,-2.91,4.01,3.48,-11.97,-2.89,-1.84,224
12860,2,89.53,-23.84,90.08,0.63,3.16,0.00,-7.95,2.29,-3.43,-3.43,4.01,3.48,-12.07,-3.43,-1.92,224
12880,2,89.64,-15.66,90.00,0.44,2.14,0.00,-8.03,2.21,-2.37,-2.42,4.01,3.48,-12.16,-2.39,-2.00,224
12900,2,90.26,-2.02,89.92,-0.26,-0.36,0.00,-8.06,2.18,0.44,0.55,4.01,3.48,-12.18,0.49,-2.08,240
12920,2,91.16,11.03,89.84,-1.24,-3.36,0.00,-8.02,2.22,1.64,1.68,4.01,3.48,-12.14,1.66,-2.16,224
12940,2,91.64,14.17,89.76,-1.80,-4.74,0.00,-7.97,2.27,1.44,1.37,4.01,3.48,-12.10,1.40,-2.24,224
12960,2,91.33,5.28,89.68,-1.57,-3.55,0.00,-7.96,2.27,-0.75,-0.80,4.01,3.48,-12.09,-0.78,-2.32,224
12979,2,90.57,-7.40,89.60,-0.89,-1.19,0.00,-8.01,2.23,-2.15,-2.01,4.01,3.48,-12.14,-2.08,-2.40,224
13000,2,89.58,-19.35,89.52,0.02,1.59,0.00,-8.09,2.15,-2.92,-2.80,4.01,3.48,-12.22,-2.86,-2.48,224
13020,2,89.05,-21.37,89.44,0.47,2.65,0.00,-8.17,2.07,-2.51,-2.57,4.01,3.48,-12.30,-2.54,-2.56,224
13040,2,89.60,-9.93,89.36,-0.16,0.48,0.00,-8.22,2.02,-0.19,-0.29,4.01,3.48,-12.34,-0.24,-2.64,224
13060,2,90.11,-2.16,89.28,-0.75,-1.32,0.00,-8.20,2.04,1.18,0.89,4.01,3.48,-12.33,1.03,-2.72,224
13080,2,90.36,0.54,89.20,-1.08,-2.21,0.00,-8.16,2.08,1.13,1.22,4.01,3.48,-12.29,1.17,-2.80,224
13100,2,90.06,-4.67,89.12,-0.86,-1.35,0.00,-8.14,2.10,-0.14,0.27,4.01,3.48,-12.27,0.06,-2.88,224
13119,2,89.15,-16.30,89.04,-0.03,1.24,0.00,-8.16,2.09,-0.84,-0.93,4.01,3.48,-12.28,-0.89,-2.96,224
13140,2,88.25,-24.43,88.96,0.79,3.54,0.00,-8.19,2.05,-1.35,-1.37,4.01,3.48,-12.32,-1.36,-3.04,224
13160,2,88.06,-20.30,88.88,0.90,3.43,0.00,-8.23,2.01,-0.75,-0.90,4.01,3.48,-12.36,-0.83,-3.12,224
13180,2,88.24,-12.01,88.80,0.64,2.25,0.00,-8.22,2.02,0.87,0.88,4.01,3.48,-12.35,0.87,-3.20,224
13199,2,88.69,-2.23,88.72,0.11,0.41,0.00,-8.17,2.06,1.80,1.91,4.01,3.48,-12.30,1.85,-3.28,240
13220,2,89.09,4.20,88.64,-0.37,-1.08,0.00,-8.11,2.13,2.14,2.16,4.01,3.48,-12.24,2.15,-3.36,224
13239,2,88.78,-1.24,88.56,-0.14,-0.19,0.00,-8.06,2.18,1.61,1.62,4.01,3.48,-12.18,1.61,-3.44,240
13260,2,88.19,-9.05,88.48,0.37,1.47,0.00,-8.04,2.20,-0.18,-0.27,4.01,3.48,-12.17,-0.23,-3.52,224
13280,2,87.76,-12.82,88.40,0.72,2.47,0.00,-8.05,2.18,-0.62,-0.38,4.01,3.48,-12.18,-0.50,-3.60,224
13300,2,87.49,-13.05,88.32,0.91,2.87,0.00,-8.06,2.18,0.18,0.21,4.01,3.48,-12.19,0.20,-3.68,224
13320,2,87.55,-8.65,88.24,0.77,2.23,0.00,-8.05,2.20,0.91,0.61,4.01,3.48,-12.17,0.76,-3.76,224
13340,2,87.75,-3.46,88.16,0.49,1.25,0.00,-8.01,2.23,1.59,1.44,4.01,3.48,-12.14,1.52,-3.84,224
13359,2,87.99,0.84,88.08,0.17,0.27,0.00,-7.95,2.28,1.85,1.78,4.01,3.48,-12.08,1.81,-3.92,240
13380,2,88.02,0.96,88.00,0.05,0.03,0.00,-7.90,2.33,1.52,1.51,4.01,3.48,-12.03,1.51,-4.00,240
13400,2,87.58,-5.47,87.92,0.42,1.27,0.00,-7.87,2.37,0.70,0.75,4.01,3.48,-12.00,0.73,-4.08,224
13420,2,87.15,-10.14,87.84,0.77,2.35,0.00,-7.87,2.37,-0.01,-0.10,4.01,3.48,-11.99,-0.05,-4.16,224
13440,2,86.90,-10.92,87.76,0.94,2.75,0.00,-7.86,2.37,0.37,0.23,4.01,3.48,-11.99,0.30,-4.24,224
13460,2,86.81,-9.16,87.68,0.95,2.64,0.00,-7.85,2.39,0.82,0.90,4.01,3.48,-11.98,0.86,-4.32,224
13480,2,86.97,-4.37,87.60,0.71,1.76,0.00,-7.81,2.43,1.50,1.54,4.01,3.48,-11.94,1.52,-4.40,224
13499,2,87.14,-0.80,87.52,0.46,0.99,0.00,-7.76,2.48,1.82,1.84,4.01,3.48,-11.89,1.83,-4.48,240
13520,2,87.16,-0.27,87.44,0.36,0.73,0.00,-7.71,2.53,1.66,1.59,4.01,3.48,-11.83,1.63,-4.56,240
13540,2,87.01,-2.61,87.36,0.43,1.07,0.00,-7.66,2.57,1.13,1.13,4.01,3.48,-11.79,1.13,-4.64,224
13560,2,86.49,-9.44,87.28,0.87,2.50,0.00,-7.64,2.60,0.43,0.48,4.01,3.48,-11.77,0.46,-4.72,224
13580,2,86.04,-13.36,87.20,1.24,3.55,0.00,-7.63,2.61,0.38,0.37,4.01,3.48,-11.76,0.38,-4.80,224
13600,2,85.93,-11.34,87.12,1.27,3.45,0.00,-7.61,2.63,0.72,0.96,4.01,3.48,-11.74,0.84,-4.88,224
13619,2,85.99,-7.36,87.04,1.13,2.84,0.00,-7.57,2.67,1.69,1.74,4.01,3.48,-11.70,1.71,-4.96,224
13640,2,86.18,-2.89,86.96,0.86,1.96,0.00,-7.51,2.73,2.23,2.20,4.01,3.48,-11.64,2.22,-5.04,224
13660,2,86.24,-1.39,86.88,0.72,1.54,0.00,-7.44,2.80,2.23,2.30,4.01,3.48,-11.57,2.27,-5.12,224
13680,2,86.08,-3.53,86.80,0.80,1.87,0.00,-7.38,2.86,1.84,1.79,4.01,3.48,-11.51,1.81,-5.20,224
13700,2,85.69,-8.49,86.72,1.11,2.90,0.00,-7.34,2.90,1.34,1.11,4.01,3.48,-11.46,1.23,-5.28,224
13720,2,85.17,-13.72,86.80,1.55,4.19,0.00,-7.31,2.93,0.78,0.68,4.01,3.48,-11.44,0.73,-5.20,224
13740,2,84.81,-15.29,86.88,1.99,5.20,0.00,-7.28,2.96,1.12,1.21,4.01,3.48,-11.41,1.17,-5.12,224
13758,2,84.63,-14.30,86.96,2.25,5.65,0.00,-7.23,3.01,2.07,2.08,4.01,3.48,-11.36,2.07,-5.04,224
13780,2,84.40,-14.08,87.04,2.56,6.25,0.00,-7.15,3.09,2.86,2.96,4.01,3.48,-11.28,2.91,-4.96,224
13800,2,84.19,-13.34,87.12,2.85,6.77,0.00,-7.08,3.16,3.31,3.31,4.01,3.48,-11.21,3.31,-4.88,224
13819,2,84.40,-6.65,87.20,2.72,5.98,0.00,-6.95,3.29,3.61,3.77,4.01,3.48,-11.07,3.69,-4.80,224
13840,2,84.98,3.31,87.28,2.22,4.18,0.00,-6.83,3.41,4.05,4.07,4.01,3.48,-10.96,4.06,-4.72,224
13860,2,85.55,10.32,87.35,1.73,2.64,0.00,-6.70,3.54,4.27,4.29,4.01,3.48,-10.83,4.28,-4.65,224
13879,2,85.82,11.07,87.27,1.53,2.17,0.00,-6.57,3.66,3.95,3.96,4.01,3.48,-10.70,3.95,-4.73,224
13900,2,85.61,4.56,87.19,1.66,2.96,0.00,-6.47,3.77,2.74,2.91,4.01,3.48,-10.60,2.82,-4.81,224
13920,2,84.87,-7.38,87.27,2.32,5.23,0.00,-6.41,3.83,1.56,1.53,4.01,3.48,-10.54,1.54,-4.73,224
13940,2,84.21,-14.85,87.35,3.06,7.32,0.00,-6.37,3.87,1.23,1.00,4.01,3.48,-10.50,1.12,-4.65,224
13960,2,84.31,-9.51,87.43,3.04,6.85,0.00,-6.32,3.92,2.32,2.20,4.01,3.48,-10.45,2.26,-4.57,224
13980,2,84.67,-1.75,87.51,2.76,5.66,0.00,-6.23,4.01,3.84,3.80,4.01,3.48,-10.35,3.82,-4.49,224
13999,2,85.24,6.64,87.59,2.27,4.01,0.00,-6.09,4.14,4.61,4.63,4.01,3.48,-10.22,4.62,-4.41,224
14020,2,85.71,11.18,87.58,1.88,2.86,0.00,-5.95,4.28,4.63,4.56,4.01,3.48,-10.08,4.60,-4.42,224
14040,2,85.51,4.99,87.66,2.07,3.75,0.00,-5.82,4.41,3.88,3.89,4.01,3.48,-9.95,3.89,-4.34,224
14060,2,84.93,-4.94,87.74,2.73,5.86,0.00,-5.73,4.51,2.40,2.41,4.01,3.48,-9.86,2.41,-4.26,224
14080,2,84.15,-14.71,87.82,3.59,8.36,0.00,-5.67,4.56,1.71,1.62,4.01,3.48,-9.80,1.66,-4.18,224
14100,2,83.93,-13.69,87.90,3.89,8.87,0.00,-5.61,4.63,2.61,2.64,4.01,3.48,-9.74,2.62,-4.10,224
14120,2,84.45,-2.70,87.98,3.45,7.12,0.00,-5.50,4.73,4.40,4.27,4.01,3.48,-9.63,4.34,-4.02,224
14139,2,85.12,7.37,88.06,2.86,5.14,0.00,-5.35,4.89,5.56,5.57,4.01,3.48,-9.48,5.56,-3.94,224
14160,2,85.73,13.82,88.13,2.33,3.56,0.00,-5.18,5.06,5.63,5.78,4.01,3.48,-9.31,5.70,-3.87,224
14180,2,85.87,11.51,88.05,2.26,3.60,0.00,-5.02,5.22,4.95,4.92,4.01,3.48,-9.15,4.93,-3.95,224
14200,2,85.22,-1.10,88.13,2.83,5.75,0.00,-4.90,5.34,3.21,3.16,4.01,3.48,-9.02,3.19,-3.87,224
14220,2,84.32,-13.56,88.21,3.81,8.71,0.00,-4.82,5.42,2.00,1.98,4.01,3.48,-8.95,1.99,-3.79,224
14240,2,84.09,-13.46,88.29,4.12,9.32,0.00,-4.76,5.48,2.38,2.38,4.01,3.48,-8.89,2.38,-3.71,224
14260,2,84.27,-7.28,88.37,4.02,8.63,0.00,-4.66,5.58,4.26,4.14,4.01,3.48,-8.79,4.20,-3.63,224
14280,2,84.97,4.46,88.45,3.40,6.44,0.00,-4.50,5.73,5.74,5.69,4.01,3.48,-8.63,5.72,-3.55,224
14300,2,85.63,12.27,88.53,2.82,4.66,0.00,-4.32,5.92,6.12,6.20,4.01,3.48,-8.45,6.16,-3.47,224
14319,2,85.76,10.49,88.61,2.77,4.71,0.00,-4.14,6.10,5.70,5.72,4.01,3.48,-8.27,5.71,-3.39,224
14340,2,85.42,2.52,88.69,3.19,6.18,0.00,-3.99,6.25,4.16,4.25,4.01,3.48,-8.12,4.20,-3.31,224
14360,2,84.51,-11.39,88.77,4.18,9.28,0.00,-3.88,6.35,2.96,2.86,4.01,3.48,-8.01,2.91,-3.23,224
14380,2,83.93,-16.54,88.85,4.84,11.01,0.00,-3.80,6.44,2.93,2.89,4.01,3.48,-7.93,2.91,-3.15,224
14399,2,84.04,-10.53,88.93,4.81,10.46,0.00,-3.69,6.55,4.58,4.48,4.01,3.48,-7.82,4.53,-3.07,224
14420,2,84.63,0.63,89.01,4.30,8.56,0.00,-3.52,6.72,6.29,6.28,4.01,3.48,-7.65,6.29,-2.99,224
14440,2,85.41,11.43,89.09,3.61,6.30,0.00,-3.31,6.93,7.31,7.25,4.01,3.48,-7.44,7.28,-2.91,224
14460,2,85.89,15.36,89.17,3.20,5.17,0.00,-3.09,7.14,6.88,6.91,4.01,3.48,-7.22,6.90,-2.83,224
14480,2,85.75,9.83,89.25,3.42,6.05,0.00,-2.90,7.33,5.67,5.64,4.01,3.48,-7.03,5.65,-2.75,224
14500,2,85.16,-0.66,89.33,4.10,8.25,0.00,-2.76,7.47,3.93,3.87,4.01,3.48,-6.89,3.90,-2.67,224
14519,2,84.50,-8.53,89.41,4.83,10.35,0.00,-2.66,7.58,3.26,3.14,4.01,3.48,-6.79,3.20,-2.59,224
14540,2,84.42,-5.64,89.49,5.00,10.45,0.00,-2.55,7.68,4.23,4.16,4.01,3.48,-6.68,4.20,-2.51,224
14560,2,85.27,9.50,89.57,4.22,7.68,0.00,-2.39,7.84,5.72,5.86,4.01,3.48,-6.52,5.79,-2.43,224
14580,2,86.38,23.76,89.49,3.19,4.49,0.00,-2.20,8.04,6.98,6.92,4.01,3.48,-6.33,6.95,-2.51,224
14600,2,87.41,32.35,89.41,2.09,1.59,0.00,-1.99,8.25,6.74,6.81,4.01,3.48,-6.12,6.77,-2.59,224
14621,2,87.91,31.07,89.33,1.50,0.52,0.00,-1.81,8.43,5.09,5.16,4.01,3.48,-5.94,5.13,-2.67,224
14638,2,87.23,13.60,89.25,2.10,3.11,0.00,-1.69,8.54,2.61,2.63,4.01,3.48,-5.82,2.62,-2.75,224
14661,2,86.21,-3.77,89.17,3.04,6.39,0.00,-1.65,8.59,0.68,0.85,4.01,3.48,-5.78,0.77,-2.83,224
14679,2,85.57,-10.89,89.25,3.60,8.07,0.00,-1.64,8.60,0.68,0.44,4.01,3.48,-5.76,0.56,-2.75,224
14700,2,85.74,-4.74,89.33,3.52,7.41,0.00,-1.58,8.65,2.49,2.41,4.01,3.48,-5.71,2.45,-2.67,224
14720,2,86.87,12.99,89.25,2.47,3.89,0.00,-1.48,8.76,4.35,4.42,4.01,3.48,-5.60,4.39,-2.75,224
14740,2,88.05,26.40,89.17,1.20,0.29,0.00,-1.32,8.92,5.43,5.31,4.01,3.48,-5.45,5.37,-2.83,224
14760,2,88.73,28.59,89.09,0.45,-1.39,0.00,-1.16,9.07,4.76,4.86,4.01,3.48,-5.29,4.81,-2.91,224
14779,2,88.33,14.99,89.01,0.76,0.33,0.00,-1.06,9.18,2.51,2.53,4.01,3.48,-5.18,2.52,-2.99,224
14800,2,87.09,-6.66,88.93,1.92,4.38,0.00,-1.03,9.20,-0.22,-0.36,4.01,3.48,-5.16,-0.29,-3.07,224
14820,2,86.24,-16.71,88.85,2.69,6.72,0.00,-1.05,9.19,-0.73,-0.51,4.01,3.48,-5.18,-0.62,-3.15,224
14840,2,86.15,-12.59,88.82,2.70,6.41,0.00,-1.05,9.19,0.77,0.83,4.01,3.48,-5.17,0.80,-3.18,224
14860,2,86.67,-0.88,88.74,2.14,4.36,0.00,-0.99,9.25,2.77,2.76,4.01,3.48,-5.12,2.76,-3.26,224
14880,2,87.77,15.14,88.66,0.97,0.73,0.00,-0.88,9.36,4.29,4.15,4.01,3.48,-5.01,4.22,-3.34,224
14899,2,88.71,24.23,88.58,-0.05,-2.04,0.00,-0.75,9.49,4.15,4.34,4.01,3.48,-4.87,4.24,-3.42,224
14920,2,88.62,16.32,88.50,-0.04,-1.39,0.00,-0.64,9.60,2.74,2.83,4.01,3.48,-4.77,2.79,-3.50,224
14940,2,87.94,1.75,88.42,0.56,0.98,0.00,-0.61,9.63,-0.22,-0.11,4.01,3.48,-4.73,-0.17,-3.58,240
14960,2,86.93,-13.11,88.34,1.48,4.02,0.00,-0.63,9.61,-0.96,-1.15,4.01,3.48,-4.75,-1.05,-3.66,224
14980,2,86.31,-18.25,88.34,2.02,5.50,0.00,-0.66,9.58,-0.45,-0.70,4.01,3.48,-4.78,-0.58,-3.66,224
15000,2,86.36,-12.28,88.42,1.98,4.94,0.00,-0.64,9.59,0.82,0.99,4.01,3.48,-4.77,0.90,-3.58,224
15020,2,86.91,-0.67,88.34,1.51,3.07,0.00,-0.59,9.65,2.47,2.52,4.01,3.48,-4.72,2.49,-3.66,224
15039,2,87.82,12.62,88.26,0.52,0.03,0.00,-0.50,9.74,3.46,3.45,4.01,3.48,-4.63,3.46,-3.74,224
15060,2,88.53,19.34,88.18,-0.28,-2.10,0.00,-0.39,9.85,3.33,3.45,4.01,3.48,-4.52,3.39,-3.82,224
15080,2,88.09,7.68,88.10,0.08,-0.45,0.00,-0.31,9.93,1.74,1.93,4.01,3.48,-4.44,1.84,-3.90,224
15100,2,87.26,-6.28,88.02,0.84,2.18,0.00,-0.30,9.94,-0.43,-0.38,4.01,3.48,-4.43,-0.40,-3.98,224
15120,2,86.50,-15.16,88.03,1.51,4.24,0.00,-0.33,9.91,-1.02,-0.81,4.01,3.48,-4.45,-0.92,-3.96,224
15139,2,86.18,-15.13,88.11,1.85,4.91,0.00,-0.34,9.90,0.16,0.10,4.01,3.48,-4.47,0.13,-3.88,224
15159,2,86.54,-5.52,88.19,1.57,3.59,0.00,-0.31,9.93,1.27,1.43,4.01,3.48,-4.44,1.35,-3.80,224
15180,2,87.24,6.22,88.11,0.96,1.42,0.00,-0.25,9.99,2.70,2.54,4.01,3.48,-4.38,2.62,-3.88,224
15200,2,88.08,16.32,88.03,0.04,-1.23,0.00,-0.16,10.08,3.27,3.19,4.01,3.48,-4.29,3.23,-3.96,224
15220,2,88.41,16.22,87.95,-0.38,-2.06,0.00,-0.07,10.17,2.53,2.61,4.01,3.48,-4.20,2.57,-4.04,224
15240,2,87.67,1.88,87.87,0.29,0.42,0.00,-0.03,10.21,0.14,0.22,4.01,3.48,-4.15,0.18,-4.12,240
15260,2,86.91,-9.08,87.79,0.96,2.65,0.00,-0.04,10.20,-0.87,-0.86,4.01,3.48,-4.17,-0.86,-4.20,224
15279,2,86.51,-12.12,87.87,1.29,3.54,0.00,-0.07,10.17,-0.87,-0.90,4.01,3.48,-4.20,-0.89,-4.12,224
15300,2,86.58,-7.84,87.96,1.29,3.21,0.00,-0.07,10.17,0.44,0.49,4.01,3.48,-4.20,0.47,-4.04,224
15320,2,87.17,2.54,87.88,0.79,1.37,0.00,-0.04,10.20,1.79,1.51,4.01,3.48,-4.17,1.65,-4.12,224
15340,2,87.84,11.46,87.80,0.04,-0.84,0.00,0.02,10.26,2.19,2.27,4.01,3.48,-4.11,2.23,-4.20,224
15360,2,88.26,14.21,87.77,-0.47,-2.08,0.00,0.09,10.33,2.16,2.14,4.01,3.48,-4.04,2.15,-4.22,224
15380,2,88.10,7.75,87.69,-0.33,-1.27,0.00,0.13,10.37,0.43,0.55,4.01,3.48,-3.99,0.49,-4.30,224
15400,2,87.54,-2.58,87.61,0.15,0.51,0.00,0.12,10.37,-0.89,-0.66,4.01,3.48,-4.00,-0.77,-4.38,240
15419,2,86.97,-10.11,87.53,0.65,2.10,0.00,0.10,10.34,-1.12,-1.19,4.01,3.48,-4.03,-1.16,-4.46,224
15439,2,86.86,-9.03,87.53,0.67,2.07,0.00,0.07,10.31,-0.55,-0.87,4.01,3.48,-4.06,-0.71,-4.47,224
15460,2,87.02,-4.43,87.55,0.51,1.37,0.00,0.07,10.30,0.45,0.48,4.01,3.48,-4.06,0.47,-4.45,224
15480,2,87.36,1.69,87.47,0.19,0.25,0.00,0.09,10.33,0.98,1.22,4.01,3.48,-4.03,1.10,-4.53,240
15500,2,87.70,6.16,87.48,-0.23,-0.96,0.00,0.13,10.37,1.22,1.35,4.01,3.48,-4.00,1.28,-4.52,224
15520,2,87.70,4.53,87.45,-0.22,-0.80,0.00,0.17,10.41,0.99,1.07,4.01,3.48,-3.96,1.03,-4.55,224
15539,2,87.50,0.41,87.37,-0.05,-0.14,0.00,0.17,10.41,-0.14,-0.21,4.01,3.48,-3.95,-0.18,-4.63,240
15560,2,87.29,-2.61,87.29,0.08,0.36,0.00,0.16,10.40,-0.47,-0.47,4.01,3.48,-3.96,-0.47,-4.71,240
15580,2,87.14,-3.91,87.21,0.14,0.60,0.00,0.15,10.39,-0.22,-0.34,4.01,3.48,-3.97,-0.28,-4.79,240
15600,2,87.11,-3.34,87.19,0.10,0.47,0.00,0.15,10.38,-0.16,-0.14,4.01,3.48,-3.98,-0.15,-4.81,240
15620,2,87.17,-1.57,87.16,0.02,0.16,0.00,0.15,10.39,0.12,0.17,4.01,3.48,-3.98,0.15,-4.84,240
15640,2,87.27,0.26,87.23,-0.11,-0.24,0.00,0.16,10.40,0.21,0.40,4.01,3.48,-3.97,0.30,-4.77,240
15660,2,87.31,0.78,87.19,-0.09,-0.24,0.00,0.16,10.41,0.13,0.24,4.01,3.48,-3.96,0.19,-4.81,240
15679,2,87.32,0.76,87.19,-0.13,-0.33,0.00,0.16,10.41,0.02,-0.03,4.01,3.48,-3.96,-0.01,-4.81,240
15700,2,87.34,0.83,87.19,-0.16,-0.38,0.00,0.17,10.41,-0.01,-0.03,4.01,3.48,-3.96,-0.02,-4.81,240
15720,2,87.33,0.39,87.16,-0.14,-0.32,0.00,0.16,10.41,-0.04,-0.12,4.01,3.48,-3.96,-0.08,-4.84,240
15740,2,87.32,0.10,87.15,-0.16,-0.33,0.00,0.16,10.40,-0.13,-0.23,4.01,3.48,-3.97,-0.18,-4.85,240
15758,2,87.31,-0.10,87.13,-0.17,-0.32,0.00,0.16,10.39,-0.20,-0.25,4.01,3.48,-3.97,-0.23,-4.87,240
15781,2,87.30,-0.24,87.12,-0.17,-0.33,0.00,0.15,10.38,-0.21,-0.26,4.01,3.48,-3.98,-0.24,-4.88,240
15798,2,87.34,0.21,87.13,-0.21,-0.44,0.00,0.14,10.38,-0.30,-0.15,4.01,3.48,-3.99,-0.22,-4.86,240
15820,2,87.37,0.51,87.14,-0.23,-0.51,0.00,0.13,10.37,-0.24,-0.07,4.01,3.48,-3.99,-0.16,-4.86,240
15840,2,87.39,0.52,87.13,-0.25,-0.53,0.00,0.13,10.37,-0.29,-0.20,4.01,3.48,-4.00,-0.25,-4.87,240
15860,2,87.40,0.43,87.13,-0.27,-0.58,0.00,0.12,10.36,-0.13,-0.36,4.01,3.48,-4.01,-0.24,-4.87,240
15880,2,87.37,-0.25,87.09,-0.24,-0.47,0.00,0.11,10.35,-0.23,-0.42,4.01,3.48,-4.02,-0.33,-4.91,240
15900,2,87.35,-0.60,87.07,-0.27,-0.49,0.00,0.10,10.33,-0.55,-0.39,4.01,3.48,-4.03,-0.47,-4.93,240
15919,2,87.33,-0.76,87.06,-0.26,-0.46,0.00,0.09,10.33,-0.59,-0.15,4.01,3.48,-4.04,-0.37,-4.94,240
15940,2,87.33,-0.51,87.07,-0.27,-0.50,0.00,0.08,10.32,-0.15,-0.29,4.01,3.48,-4.05,-0.22,-4.93,240
15960,2,87.33,-0.64,87.03,-0.26,-0.46,0.00,0.07,10.31,-0.27,-0.51,4.01,3.48,-4.06,-0.39,-4.97,240
15980,2,87.38,0.12,87.08,-0.35,-0.72,0.00,0.06,10.29,-0.29,-0.33,4.01,3.48,-4.07,-0.31,-4.92,240
16000,2,87.42,0.68,87.07,-0.34,-0.74,0.00,0.05,10.29,-0.43,-0.05,4.01,3.48,-4.08,-0.24,-4.93,240
16020,2,87.43,0.53,87.06,-0.36,-0.77,0.00,0.04,10.28,-0.32,-0.30,4.01,3.48,-4.09,-0.31,-4.94,240
16040,2,87.42,0.20,87.02,-0.36,-0.73,0.00,0.03,10.27,-0.44,-0.60,4.01,3.48,-4.10,-0.52,-4.98,240
16059,2,87.45,0.48,87.06,-0.43,-0.90,0.00,0.01,10.25,-0.38,-0.53,4.01,3.48,-4.12,-0.46,-4.94,240
16080,2,87.50,0.96,87.05,-0.44,-0.96,0.00,-0.00,10.24,-0.42,-0.43,4.01,3.48,-4.13,-0.42,-4.95,240
16100,2,87.52,0.94,87.04,-0.47,-1.02,0.00,-0.01,10.22,-0.58,-0.49,4.01,3.48,-4.14,-0.53,-4.96,224
16120,2,87.56,1.16,87.05,-0.52,-1.13,0.00,-0.03,10.21,-0.71,-0.45,4.01,3.48,-4.16,-0.58,-4.95,224
16140,2,87.58,1.00,87.05,-0.53,-1.14,0.00,-0.05,10.19,-0.46,-0.62,4.01,3.48,-4.18,-0.54,-4.95,224
16160,2,87.56,0.14,87.00,-0.51,-1.03,0.00,-0.07,10.17,-0.69,-0.74,4.01,3.48,-4.20,-0.71,-5.00,224
16179,2,87.51,-0.66,86.99,-0.52,-0.99,0.00,-0.09,10.15,-0.54,-0.84,4.01,3.48,-4.22,-0.69,-5.01,240
16200,2,87.52,-0.62,86.98,-0.54,-1.03,0.00,-0.11,10.12,-0.86,-0.58,4.01,3.48,-4.24,-0.72,-5.02,224
16220,2,87.50,-0.79,86.96,-0.53,-0.99,0.00,-0.14,10.10,-0.59,-0.70,4.01,3.48,-4.26,-0.65,-5.04,240
16240,2,87.55,-0.31,86.98,-0.59,-1.15,0.00,-0.16,10.08,-0.85,-0.46,4.01,3.48,-4.28,-0.65,-5.02,224
16260,2,87.53,-0.56,86.94,-0.55,-1.06,0.00,-0.18,10.06,-0.55,-0.71,4.01,3.48,-4.30,-0.63,-5.06,224
16280,2,87.51,-0.89,86.92,-0.57,-1.06,0.00,-0.20,10.04,-0.84,-0.60,4.01,3.48,-4.33,-0.72,-5.08,224
16300,2,87.48,-1.10,86.90,-0.56,-1.03,0.00,-0.22,10.02,-0.61,-0.85,4.01,3.48,-4.35,-0.73,-5.10,224
16319,2,87.48,-0.91,86.89,-0.58,-1.09,0.00,-0.24,10.00,-0.90,-0.61,4.01,3.48,-4.37,-0.75,-5.11,224
16340,2,87.46,-0.89,86.87,-0.58,-1.08,0.00,-0.26,9.98,-0.71,-0.80,4.01,3.48,-4.39,-0.76,-5.13,224
16360,2,87.51,-0.29,86.90,-0.64,-1.26,0.00,-0.29,9.96,-0.79,-0.62,4.01,3.48,-4.41,-0.70,-5.10,224
16380,2,87.52,-0.15,86.86,-0.62,-1.23,0.00,-0.31,9.93,-0.63,-0.80,4.01,3.48,-4.43,-0.72,-5.14,224
16400,2,87.51,-0.41,86.86,-0.65,-1.26,0.00,-0.33,9.91,-0.76,-0.75,4.01,3.48,-4.46,-0.76,-5.14,224
16420,2,87.48,-0.95,86.81,-0.62,-1.16,0.00,-0.35,9.89,-0.77,-0.88,4.01,3.48,-4.48,-0.82,-5.19,224
16439,2,87.43,-1.58,86.79,-0.62,-1.11,0.00,-0.38,9.86,-0.76,-0.87,4.01,3.48,-4.50,-0.82,-5.21,224
16460,2,87.40,-1.69,86.76,-0.61,-1.08,0.00,-0.40,9.84,-0.99,-0.68,4.01,3.48,-4.53,-0.83,-5.24,224
16480,2,87.39,-1.38,86.76,-0.63,-1.14,0.00,-0.43,9.81,-0.76,-0.86,4.01,3.48,-4.55,-0.81,-5.24,224
16500,2,87.38,-1.12,86.75,-0.62,-1.16,0.00,-0.45,9.79,-0.68,-0.70,4.01,3.48,-4.58,-0.69,-5.25,224
16520,2,87.37,-0.97,86.72,-0.62,-1.16,0.00,-0.47,9.77,-0.74,-0.82,4.01,3.48,-4.60,-0.78,-5.28,224
16540,2,87.34,-1.08,86.71,-0.63,-1.17,0.00,-0.49,9.75,-0.68,-0.75,4.01,3.48,-4.62,-0.72,-5.29,224
16559,2,87.34,-0.97,86.68,-0.63,-1.17,0.00,-0.52,9.72,-0.93,-0.70,4.01,3.48,-4.65,-0.81,-5.32,224
16580,2,87.32,-1.02,86.68,-0.65,-1.21,0.00,-0.54,9.70,-0.64,-0.84,4.01,3.48,-4.67,-0.74,-5.32,224
16600,2,87.36,-0.46,86.68,-0.68,-1.31,0.00,-0.57,9.68,-0.93,-0.64,4.01,3.48,-4.69,-0.78,-5.32,224
16620,2,87.40,-0.10,86.69,-0.72,-1.43,0.00,-0.59,9.65,-0.74,-0.93,4.01,3.48,-4.71,-0.84,-5.31,224
16640,2,87.39,-0.36,86.66,-0.71,-1.38,0.00,-0.61,9.63,-0.84,-0.75,4.01,3.48,-4.74,-0.79,-5.34,224
16660,2,87.37,-0.78,86.63,-0.71,-1.36,0.00,-0.64,9.60,-0.90,-0.82,4.01,3.48,-4.77,-0.86,-5.37,224
16679,2,87.32,-1.49,86.59,-0.68,-1.25,0.00,-0.66,9.57,-0.81,-0.98,4.01,3.48,-4.79,-0.89,-5.41,224
16699,2,87.26,-1.97,86.55,-0.68,-1.19,0.00,-0.70,9.55,-0.98,-0.89,4.01,3.48,-4.82,-0.94,-5.44,224
16720,2,87.23,-1.86,86.54,-0.68,-1.21,0.00,-0.72,9.52,-0.98,-0.73,4.01,3.48,-4.85,-0.85,-5.46,224
16740,2,87.22,-1.46,86.53,-0.68,-1.25,0.00,-0.75,9.49,-0.73,-0.90,4.01,3.48,-4.87,-0.82,-5.47,224
16760,2,87.26,-0.66,86.55,-0.73,-1.41,0.00,-0.77,9.47,-0.85,-0.77,4.01,3.48,-4.90,-0.81,-5.45,224
16780,2,87.29,-0.25,86.53,-0.74,-1.46,0.00,-0.79,9.44,-0.82,-0.83,4.01,3.48,-4.92,-0.83,-5.47,224
16800,2,87.26,-0.80,86.50,-0.73,-1.39,0.00,-0.82,9.42,-0.75,-0.87,4.01,3.48,-4.95,-0.81,-5.50,224
16819,2,87.19,-1.65,86.43,-0.69,-1.24,0.00,-0.85,9.39,-1.10,-0.87,4.01,3.48,-4.98,-0.99,-5.57,224
16840,2,87.12,-2.25,86.40,-0.69,-1.19,0.00,-0.88,9.36,-1.07,-1.02,4.01,3.48,-5.01,-1.05,-5.60,224
16860,2,87.08,-2.12,86.39,-0.68,-1.19,0.00,-0.91,9.33,-0.79,-1.04,4.01,3.48,-5.03,-0.92,-5.61,224
16880,2,87.12,-1.03,86.42,-0.74,-1.39,0.00,-0.93,9.31,-0.95,-0.75,4.01,3.48,-5.06,-0.85,-5.58,224
16900,2,87.17,-0.26,86.41,-0.75,-1.49,0.00,-0.96,9.28,-0.79,-0.85,4.01,3.48,-5.08,-0.82,-5.59,224
16920,2,87.19,-0.13,86.41,-0.77,-1.54,0.00,-0.98,9.26,-0.72,-0.80,4.01,3.48,-5.11,-0.76,-5.59,224
16940,2,87.14,-0.95,86.34,-0.72,-1.37,0.00,-1.01,9.23,-1.02,-0.82,4.01,3.48,-5.13,-0.92,-5.66,224
16959,2,87.04,-2.08,86.28,-0.71,-1.25,0.00,-1.04,9.20,-0.99,-1.19,4.01,3.48,-5.16,-1.09,-5.72,224
16980,2,86.96,-2.75,86.25,-0.68,-1.13,0.00,-1.07,9.17,-0.89,-0.98,4.01,3.48,-5.19,-0.93,-5.75,224
17000,2,86.94,-2.21,86.24,-0.70,-1.22,0.00,-1.10,9.14,-1.10,-0.80,4.01,3.48,-5.22,-0.95,-5.76,224
17020,2,86.98,-1.11,86.26,-0.74,-1.39,0.00,-1.12,9.11,-0.81,-0.88,4.01,3.48,-5.25,-0.84,-5.73,224
17040,2,87.04,-0.00,86.29,-0.78,-1.56,0.00,-1.15,9.09,-0.66,-0.71,4.01,3.48,-5.27,-0.69,-5.71,224
17060,2,87.08,0.37,86.26,-0.78,-1.59,0.00,-1.17,9.07,-0.91,-0.61,4.01,3.48,-5.30,-0.76,-5.74,224
17079,2,86.99,-0.97,86.18,-0.72,-1.37,0.00,-1.19,9.04,-0.85,-1.01,4.01,3.48,-5.32,-0.93,-5.82,224
17100,2,86.89,-2.16,86.13,-0.70,-1.23,0.00,-1.23,9.01,-1.00,-1.06,4.01,3.48,-5.35,-1.03,-5.87,224
17120,2,86.83,-2.59,86.10,-0.71,-1.21,0.00,-1.26,8.98,-1.13,-0.98,4.01,3.48,-5.39,-1.06,-5.90,224
17140,2,86.82,-2.27,86.10,-0.72,-1.26,0.00,-1.29,8.95,-1.03,-0.89,4.01,3.48,-5.42,-0.96,-5.90,224
17160,2,86.82,-1.56,86.09,-0.72,-1.32,0.00,-1.31,8.93,-0.71,-0.98,4.01,3.48,-5.44,-0.84,-5.91,224
17180,2,86.86,-0.62,86.11,-0.77,-1.48,0.00,-1.34,8.90,-0.88,-0.71,4.01,3.48,-5.47,-0.79,-5.89,224
17199,2,86.84,-0.79,86.05,-0.73,-1.39,0.00,-1.36,8.88,-0.80,-0.91,4.01,3.48,-5.49,-0.86,-5.95,224
17220,2,86.78,-1.40,86.03,-0.73,-1.35,0.00,-1.39,8.85,-0.76,-0.97,4.01,3.48,-5.52,-0.87,-5.97,224
17240,2,86.73,-2.12,86.00,-0.70,-1.23,0.00,-1.42,8.82,-1.10,-0.83,4.01,3.48,-5.55,-0.96,-6.00,224
17260,2,86.68,-2.54,86.00,-0.68,-1.16,0.00,-1.45,8.79,-1.00,-1.01,4.01,3.48,-5.57,-1.01,-6.00,224
17280,2,86.63,-2.73,86.00,-0.64,-1.05,0.00,-1.48,8.77,-0.76,-0.98,4.01,3.48,-5.60,-0.87,-6.00,224
17300,2,86.60,-2.63,86.00,-0.60,-0.99,0.00,-1.50,8.74,-0.98,-0.79,4.01,3.48,-5.63,-0.89,-6.00,240
17320,2,86.57,-2.39,86.00,-0.57,-0.96,0.00,-1.52,8.71,-0.78,-0.80,4.01,3.48,-5.65,-0.79,-6.00,240
17339,2,86.55,-2.14,86.00,-0.55,-0.93,0.00,-1.55,8.69,-0.58,-0.72,4.01,3.48,-5.67,-0.65,-6.00,240
17360,2,86.55,-1.53,86.00,-0.55,-0.98,0.00,-1.57,8.67,-0.74,-0.67,4.01,3.48,-5.70,-0.71,-6.00,240
17380,2,86.57,-0.85,86.00,-0.57,-1.07,0.00,-1.59,8.65,-0.49,-0.68,4.01,3.48,-5.72,-0.58,-6.00,224
17400,2,86.59,-0.51,86.00,-0.59,-1.14,0.00,-1.61,8.63,-0.66,-0.66,4.01,3.48,-5.73,-0.66,-6.00,224
17420,2,86.59,-0.54,86.00,-0.59,-1.14,0.00,-1.63,8.61,-0.57,-0.68,4.01,3.48,-5.75,-0.62,-6.00,224
17440,2,86.55,-0.99,86.00,-0.55,-1.03,0.00,-1.64,8.59,-0.76,-0.81,4.01,3.48,-5.77,-0.78,-6.00,224
17459,2,86.51,-1.54,86.00,-0.51,-0.89,0.00,-1.67,8.57,-0.61,-0.76,4.01,3.48,-5.80,-0.69,-6.00,240
17480,2,86.50,-1.48,86.00,-0.50,-0.89,0.00,-1.69,8.55,-0.91,-0.69,4.01,3.48,-5.82,-0.80,-6.00,240
17500,2,86.47,-1.83,86.00,-0.47,-0.79,0.00,-1.71,8.53,-0.55,-0.70,4.01,3.48,-5.84,-0.62,-6.00,240
17520,2,86.46,-1.63,86.00,-0.46,-0.79,0.00,-1.73,8.51,-0.75,-0.60,4.01,3.48,-5.86,-0.68,-6.00,240
17540,2,86.45,-1.55,86.00,-0.45,-0.78,0.00,-1.75,8.49,-0.30,-0.61,4.01,3.48,-5.88,-0.46,-6.00,240
17560,2,86.39,-2.11,86.00,-0.40,-0.62,0.00,-1.76,8.47,-0.64,-0.69,4.01,3.48,-5.89,-0.66,-6.00,240
17580,2,86.35,-2.49,86.00,-0.35,-0.50,0.00,-1.78,8.45,-0.58,-0.52,4.01,3.48,-5.91,-0.55,-6.00,240
17598,2,86.27,-3.03,86.00,-0.27,-0.31,0.00,-1.80,8.44,-0.39,-0.44,4.01,3.48,-5.93,-0.42,-6.00,240
17620,2,86.24,-2.84,86.00,-0.24,-0.25,0.00,-1.81,8.43,-0.61,-0.34,4.01,3.48,-5.94,-0.47,-6.00,240
17640,2,86.26,-1.91,86.00,-0.26,-0.37,0.00,-1.82,8.42,-0.26,-0.21,4.01,3.48,-5.95,-0.24,-6.00,240
17660,2,86.24,-1.92,86.00,-0.24,-0.33,0.00,-1.83,8.41,-0.17,-0.33,4.01,3.48,-5.96,-0.25,-6.00,240
17680,2,86.17,-2.58,86.00,-0.17,-0.14,0.00,-1.84,8.40,-0.33,-0.37,4.01,3.48,-5.97,-0.35,-6.00,240
17700,2,86.12,-2.74,86.00,-0.12,-0.03,0.00,-1.85,8.39,-0.28,-0.19,4.01,3.48,-5.97,-0.23,-6.00,240
17719,2,86.06,-2.98,86.00,-0.07,0.11,0.00,-1.85,8.39,-0.31,-0.05,4.01,3.48,-5.98,-0.18,-6.00,240
17740,2,86.02,-2.95,86.00,-0.02,0.19,0.00,-1.86,8.39,-0.07,-0.13,4.01,3.48,-5.98,-0.10,-6.00,240
17760,2,85.98,-2.84,86.00,0.02,0.26,0.00,-1.86,8.38,0.08,-0.11,4.01,3.48,-5.99,-0.02,-6.00,240
17780,2,85.96,-2.55,86.00,0.04,0.29,0.00,-1.86,8.38,0.04,-0.02,4.01,3.48,-5.99,0.01,-6.00,240
17800,2,85.93,-2.44,86.00,0.07,0.34,0.00,-1.86,8.38,0.11,0.10,4.01,3.48,-5.98,0.11,-6.00,240
17820,2,85.91,-2.12,86.00,0.09,0.35,0.00,-1.85,8.39,0.19,0.14,4.01,3.48,-5.98,0.16,-6.00,240
17839,2,85.86,-2.45,86.00,0.14,0.48,0.00,-1.85,8.39,0.25,0.12,4.01,3.48,-5.97,0.19,-6.00,240
17860,2,85.81,-2.56,86.00,0.19,0.58,0.00,-1.84,8.40,0.22,0.18,4.01,3.48,-5.97,0.20,-6.00,240
17880,2,85.79,-2.38,86.00,0.21,0.62,0.00,-1.83,8.40,0.30,0.31,4.01,3.48,-5.96,0.30,-6.00,240
17900,2,85.75,-2.39,86.00,0.25,0.68,0.00,-1.82,8.42,0.18,0.45,4.01,3.48,-5.95,0.31,-6.00,240
17920,2,85.68,-2.95,86.00,0.32,0.87,0.00,-1.82,8.43,0.23,0.29,4.01,3.48,-5.94,0.26,-6.00,240
17940,2,85.67,-2.47,86.00,0.33,0.87,0.00,-1.81,8.43,0.49,0.15,4.01,3.48,-5.93,0.32,-6.00,240
17960,2,85.74,-0.94,86.00,0.26,0.59,0.00,-1.79,8.44,0.84,0.49,4.01,3.48,-5.92,0.66,-6.00,240
17979,2,85.72,-1.22,86.00,0.28,0.66,0.00,-1.77,8.46,0.46,0.78,4.01,3.48,-5.90,0.62,-6.00,240
18000,2,85.63,-2.29,86.00,0.37,0.92,0.00,-1.76,8.48,0.35,0.45,4.01,3.48,-5.89,0.40,-6.00,240
18020,2,85.53,-3.29,86.00,0.47,1.20,0.00,-1.75,8.50,0.51,0.50,4.01,3.48,-5.87,0.50,-6.00,224
18040,2,85.37,-4.83,86.00,0.63,1.65,0.00,-1.73,8.51,0.41,0.38,4.01,3.48,-5.86,0.39,-6.00,224
18060,2,85.31,-4.33,86.00,0.69,1.72,0.00,-1.72,8.52,0.64,0.38,4.01,3.48,-5.85,0.51,-6.00,224
18080,2,85.38,-2.29,86.00,0.62,1.43,0.00,-1.69,8.54,0.80,0.99,4.01,3.48,-5.82,0.90,-6.00,224
18099,2,85.45,-0.67,86.00,0.55,1.16,0.00,-1.66,8.57,1.05,1.05,4.01,3.48,-5.79,1.05,-6.00,224
18120,2,85.50,0.09,86.00,0.50,0.99,0.00,-1.63,8.61,1.06,1.08,4.01,3.48,-5.76,1.07,-6.00,240
18140,2,85.47,-0.61,86.00,0.53,1.11,0.00,-1.60,8.64,0.91,0.90,4.01,3.48,-5.73,0.91,-6.00,224
18160,2,85.31,-2.85,86.00,0.69,1.61,0.00,-1.58,8.66,0.84,0.65,4.01,3.48,-5.70,0.74,-6.00,224
18180,2,85.16,-4.30,86.00,0.84,2.02,0.00,-1.56,8.68,0.77,0.46,4.01,3.48,-5.68,0.62,-6.00,224
18200,2,85.10,-4.03,86.00,0.90,2.12,0.00,-1.53,8.70,0.61,0.77,4.01,3.48,-5.66,0.69,-6.00,224
18220,2,85.13,-2.73,86.00,0.87,1.96,0.00,-1.51,8.73,1.05,1.11,4.01,3.48,-5.64,1.08,-6.00,224
18239,2,85.22,-0.85,86.00,0.78,1.63,0.00,-1.47,8.77,1.40,1.33,4.01,3.48,-5.60,1.36,-6.00,224
18260,2,85.27,-0.12,86.00,0.73,1.46,0.00,-1.43,8.81,1.47,1.24,4.01,3.48,-5.56,1.36,-6.00,224
18280,2,85.20,-1.34,86.00,0.80,1.70,0.00,-1.39,8.85,1.41,1.17,4.01,3.48,-5.52,1.29,-6.00,224
18300,2,85.06,-3.24,86.00,0.93,2.13,0.00,-1.35,8.88,1.04,0.94,4.01,3.48,-5.48,0.99,-6.00,224
18320,2,84.87,-5.31,86.00,1.13,2.68,0.00,-1.32,8.92,0.81,1.17,4.01,3.48,-5.45,0.99,-6.00,224
18340,2,84.74,-5.75,86.00,1.26,2.97,0.00,-1.29,8.95,1.05,1.19,4.01,3.48,-5.42,1.12,-6.00,224
18359,2,84.80,-3.56,86.00,1.20,2.68,0.00,-1.26,8.98,1.53,1.38,4.01,3.48,-5.38,1.45,-6.00,224
18380,2,84.90,-1.27,86.00,1.10,2.30,0.00,-1.20,9.03,1.82,1.88,4.01,3.48,-5.33,1.85,-6.00,224
18400,2,85.00,0.20,86.00,1.00,1.99,0.00,-1.15,9.09,1.89,1.90,4.01,3.48,-5.28,1.90,-6.00,224
18420,2,84.99,-0.18,86.00,1.01,2.03,0.00,-1.09,9.15,1.88,1.78,4.01,3.48,-5.22,1.83,-6.00,224
18440,2,84.82,-2.77,86.00,1.18,2.58,0.00,-1.04,9.20,1.40,1.56,4.01,3.48,-5.17,1.48,-6.00,224
18460,2,84.58,-5.50,86.08,1.42,3.28,0.00,-1.00,9.24,1.16,1.36,4.01,3.48,-5.13,1.26,-5.92,224
18479,2,84.44,-6.17,86.16,1.64,3.78,0.00,-0.96,9.27,1.26,1.38,4.01,3.48,-5.09,1.32,-5.84,224
18500,2,84.42,-4.90,86.24,1.74,3.88,0.00,-0.92,9.32,1.69,1.83,4.01,3.48,-5.04,1.76,-5.76,224
18520,2,84.55,-1.87,86.32,1.69,3.53,0.00,-0.86,9.38,2.21,2.14,4.01,3.48,-4.98,2.18,-5.68,224
18540,2,84.70,0.65,86.40,1.62,3.18,0.00,-0.78,9.46,2.50,2.53,4.01,3.48,-4.91,2.52,-5.60,224
18560,2,84.78,1.26,86.48,1.62,3.15,0.00,-0.71,9.53,2.49,2.56,4.01,3.48,-4.83,2.52,-5.52,224
18580,2,84.76,0.44,86.56,1.71,3.39,0.00,-0.63,9.61,2.34,2.33,4.01,3.48,-4.76,2.34,-5.44,224
18600,2,84.59,-2.40,86.64,1.96,4.12,0.00,-0.56,9.67,2.19,2.10,4.01,3.48,-4.69,2.15,-5.36,224
18619,2,84.43,-4.35,86.72,2.21,4.76,0.00,-0.50,9.74,2.03,2.13,4.01,3.48,-4.63,2.08,-5.28,224
18640,2,84.41,-3.68,86.80,2.30,4.90,0.00,-0.44,9.80,2.26,2.32,4.01,3.48,-4.56,2.29,-5.20,224
18660,2,84.50,-1.66,86.88,2.29,4.72,0.00,-0.36,9.88,2.78,2.80,4.01,3.48,-4.49,2.79,-5.12,224
18680,2,84.71,1.33,86.96,2.17,4.23,0.00,-0.27,9.97,3.20,3.18,4.01,3.48,-4.40,3.19,-5.04,224
18700,2,84.85,2.64,87.04,2.11,4.00,0.00,-0.17,10.07,3.32,3.24,4.01,3.48,-4.30,3.28,-4.96,224
18720,2,84.84,1.48,87.12,2.20,4.28,0.00,-0.07,10.16,3.09,3.04,4.01,3.48,-4.20,3.06,-4.88,224
18739,2,84.70,-1.28,87.20,2.42,4.94,0.00,0.02,10.25,2.70,2.88,4.01,3.48,-4.11,2.79,-4.80,224
18760,2,84.48,-4.31,87.28,2.72,5.79,0.00,0.10,10.34,2.56,2.69,4.01,3.48,-4.03,2.62,-4.72,224
18780,2,84.36,-5.00,87.36,2.92,6.24,0.00,0.18,10.42,2.82,2.85,4.01,3.48,-3.95,2.83,-4.64,224
18800,2,84.46,-2.44,87.44,2.89,5.98,0.00,0.27,10.51,3.43,3.32,4.01,3.48,-3.86,3.37,-4.56,224
18820,2,84.65,0.55,87.52,2.79,5.53,0.00,0.39,10.62,3.84,3.85,4.01,3.48,-3.74,3.85,-4.48,224
18840,2,84.84,2.82,87.60,2.68,5.14,0.00,0.51,10.74,3.99,4.11,4.01,3.48,-3.62,4.05,-4.40,224
18860,2,84.93,3.02,87.68,2.67,5.10,0.00,0.63,10.87,3.91,3.94,4.01,3.48,-3.50,3.92,-4.32,224
18878,2,84.81,0.25,87.76,2.86,5.71,0.00,0.74,10.98,3.71,3.65,4.01,3.48,-3.39,3.68,-4.24,224
18901,2,84.60,-3.07,87.84,3.16,6.56,0.00,0.85,11.09,3.36,3.39,4.01,3.48,-3.28,3.38,-4.16,224
18919,2,84.43,-4.96,87.92,3.41,7.22,0.00,0.92,11.16,3.25,3.30,4.01,3.48,-3.20,3.28,-4.08,224
18940,2,84.40,-4.16,88.00,3.52,7.37,0.00,1.06,11.30,3.89,3.76,4.01,3.48,-3.07,3.82,-4.00,224
18960,2,84.59,-0.43,88.08,3.41,6.86,0.00,1.19,11.42,4.43,4.39,4.01,3.48,-2.94,4.41,-3.92,224
18980,2,84.82,2.74,88.16,3.26,6.31,0.00,1.33,11.56,4.77,4.82,4.01,3.48,-2.80,4.79,-3.84,224
18999,2,84.94,3.60,88.24,3.22,6.15,0.00,1.47,11.71,4.84,4.80,4.01,3.48,-2.66,4.82,-3.76,224
19020,2,84.95,2.56,88.32,3.29,6.38,0.00,1.61,11.85,4.60,4.53,4.01,3.48,-2.52,4.57,-3.68,224
19040,2,84.77,-0.88,88.40,3.55,7.17,0.00,1.75,11.98,4.16,4.15,4.01,3.48,-2.38,4.15,-3.60,224
19060,2,84.59,-3.26,88.48,3.81,7.88,0.00,1.87,12.10,4.09,3.93,4.01,3.48,-2.26,4.01,-3.52,224
19080,2,84.57,-2.75,88.56,3.90,8.03,0.00,1.99,12.23,4.34,4.20,4.01,3.48,-2.14,4.27,-3.44,224
19100,2,84.69,-0.40,88.64,3.87,7.77,0.00,2.13,12.37,4.77,4.90,4.01,3.48,-2.00,4.83,-3.36,224
19119,2,84.94,3.28,88.72,3.69,7.12,0.00,2.28,12.52,5.28,5.25,4.01,3.48,-1.84,5.27,-3.28,224
19140,2,85.18,5.66,88.80,3.54,6.63,0.00,2.45,12.69,5.33,5.38,4.01,3.48,-1.68,5.36,-3.20,224
19160,2,85.26,5.28,88.88,3.54,6.66,0.00,2.60,12.85,5.13,5.09,4.01,3.48,-1.52,5.11,-3.12,224
19180,2,85.19,2.80,88.96,3.68,7.15,0.00,2.75,13.00,4.78,4.68,4.01,3.48,-1.37,4.73,-3.04,224
19200,2,84.97,-1.25,89.04,3.99,8.07,0.00,2.89,13.13,4.37,4.39,4.01,3.48,-1.24,4.38,-2.96,224
19220,2,84.82,-2.97,89.12,4.21,8.67,0.00,3.02,13.26,4.29,4.48,4.01,3.48,-1.10,4.38,-2.88,224
19240,2,84.92,-0.77,89.20,4.20,8.46,0.00,3.16,13.40,4.85,4.84,4.01,3.48,-0.97,4.84,-2.80,224
19259,2,85.19,3.23,89.28,4.01,7.77,0.00,3.32,13.56,5.36,5.38,4.01,3.48,-0.81,5.37,-2.72,224
19280,2,85.51,6.97,89.32,3.77,6.98,0.00,3.49,13.73,5.76,5.71,4.01,3.48,-0.64,5.74,-2.67,224
19300,2,85.75,8.34,89.24,3.58,6.49,0.00,3.66,13.90,5.68,5.63,4.01,3.48,-0.47,5.66,-2.75,224
19320,2,85.74,5.90,89.19,3.50,6.53,0.00,3.82,14.07,5.13,5.21,4.01,3.48,-0.30,5.17,-2.81,224
19340,2,85.50,0.76,89.27,3.70,7.33,0.00,3.97,14.21,4.53,4.57,4.01,3.48,-0.16,4.55,-2.73,224
19360,2,85.10,-4.97,89.35,4.17,8.74,0.00,4.10,14.34,4.10,4.11,4.01,3.48,-0.03,4.10,-2.65,224
19379,2,84.91,-6.12,89.43,4.44,9.37,0.00,4.22,14.47,4.32,4.33,4.01,3.48,0.10,4.33,-2.57,224
19400,2,85.10,-1.59,89.51,4.33,8.79,0.00,4.37,14.61,5.06,5.03,4.01,3.48,0.24,5.05,-2.49,224
19420,2,85.42,3.69,89.59,4.09,7.88,0.00,4.54,14.78,5.86,5.82,4.01,3.48,0.41,5.84,-2.41,224
19440,2,85.81,8.28,89.56,3.78,6.90,0.00,4.72,14.96,6.14,6.15,4.01,3.48,0.59,6.15,-2.44,224
19460,2,86.05,9.40,89.48,3.51,6.26,0.00,4.90,15.14,5.87,5.88,4.01,3.48,0.78,5.87,-2.52,224
19480,2,85.97,5.91,89.42,3.51,6.55,0.00,5.07,15.31,5.22,5.26,4.01,3.48,0.94,5.24,-2.58,224
19500,2,85.67,0.37,89.50,3.75,7.47,0.00,5.21,15.46,4.39,4.42,4.01,3.48,1.09,4.41,-2.50,224
19519,2,85.32,-4.58,89.58,4.18,8.73,0.00,5.34,15.58,3.96,3.99,4.01,3.48,1.21,3.97,-2.42,224
19540,2,85.21,-4.57,89.66,4.37,9.10,0.00,5.46,15.71,4.32,4.43,4.01,3.48,1.34,4.37,-2.34,224
19560,2,85.57,1.86,89.74,4.09,8.03,0.00,5.61,15.85,5.34,5.21,4.01,3.48,1.48,5.27,-2.26,224
19580,2,86.00,7.59,89.75,3.74,6.88,0.00,5.78,16.02,5.88,5.82,4.01,3.48,1.65,5.85,-2.25,224
19600,2,86.35,10.48,89.67,3.40,5.96,0.00,5.96,16.20,5.89,5.94,4.01,3.48,1.83,5.92,-2.33,224
19620,2,86.53,10.17,89.59,3.13,5.45,0.00,6.13,16.37,5.36,5.44,4.01,3.48,2.00,5.40,-2.41,224
19639,2,86.26,3.47,89.56,3.33,6.38,0.00,6.28,16.52,4.47,4.55,4.01,3.48,2.15,4.51,-2.44,224
19660,2,85.76,-4.79,89.64,3.80,7.98,0.00,6.40,16.64,3.67,3.53,4.01,3.48,2.27,3.60,-2.36,224
19680,2,85.77,2.98,89.72,3.86,7.49,0.00,6.50,16.75,3.48,3.50,4.01,3.48,2.38,3.49,-2.28,224
19700,2,86.53,19.98,89.64,3.18,4.77,0.00,6.62,16.87,4.67,4.75,4.01,3.48,2.50,4.71,-2.36,224
19720,2,88.00,39.17,89.56,1.64,0.15,0.00,6.80,17.01,5.37,5.01,4.01,3.48,2.66,5.19,-2.44,224
19740,2,89.41,50.30,89.48,0.15,-3.72,0.00,6.94,17.17,4.17,5.24,4.01,3.48,2.81,4.71,-2.52,224
19759,2,89.75,44.81,89.40,-0.27,-4.13,0.00,7.04,17.30,2.59,3.36,4.01,3.48,2.93,2.97,-2.60,224
19780,2,89.96,36.83,89.32,-0.56,-4.07,0.00,7.07,17.32,-0.34,0.00,4.01,3.48,2.95,-0.17,-2.68,224
19800,2,89.74,23.19,89.24,-0.42,-2.70,0.00,7.04,17.31,-1.40,-0.88,4.01,3.48,2.93,-1.14,-2.76,224
19820,2,89.36,11.57,89.16,-0.12,-1.17,0.00,6.98,17.25,-2.46,-2.41,4.01,3.48,2.87,-2.44,-2.84,224
19840,2,89.08,4.41,89.08,0.08,-0.20,0.00,6.90,17.17,-2.51,-2.64,4.01,3.48,2.79,-2.57,-2.92,224
19860,2,89.22,5.69,89.00,-0.15,-0.75,0.00,6.84,17.09,-1.47,-2.06,4.01,3.48,2.72,-1.76,-3.00,224
19880,2,90.03,15.90,88.92,-1.04,-3.34,0.00,6.82,17.06,-0.30,-0.33,4.01,3.48,2.69,-0.32,-3.08,224
19899,2,90.73,21.56,88.84,-1.81,-5.35,0.00,6.82,17.06,-0.17,0.12,4.01,3.48,2.69,-0.02,-3.16,224
19921,2,91.03,19.95,88.76,-2.19,-5.98,0.00,6.80,17.05,-1.02,-0.78,4.01,3.48,2.68,-0.90,-3.24,224
19939,2,91.00,14.08,88.68,-2.25,-5.62,0.00,6.75,17.02,-2.11,-1.79,4.01,3.48,2.64,-1.95,-3.32,224
19960,2,90.49,3.17,88.60,-1.81,-3.87,0.00,6.66,16.91,-3.29,-3.53,4.01,3.48,2.54,-3.41,-3.40,224
19980,2,90.03,-3.87,88.51,-1.43,-2.55,0.00,6.55,16.80,-3.90,-3.89,4.01,3.48,2.43,-3.89,-3.48,224
20000,2,89.88,-4.65,88.43,-1.37,-2.36,0.00,6.44,16.68,-3.61,-3.51,4.01,3.48,2.31,-3.56,-3.56,224
20019,2,90.09,0.07,88.36,-1.66,-3.32,0.00,6.34,16.59,-2.66,-2.67,4.01,3.48,2.22,-2.66,-3.64,224
20040,2,90.99,13.21,88.44,-2.63,-6.33,0.00,6.28,16.53,-1.58,-1.49,4.01,3.48,2.16,-1.53,-3.56,224
20060,2,91.67,19.36,88.52,-3.23,-8.01,0.00,6.24,16.49,-1.32,-1.08,4.01,3.48,2.12,-1.20,-3.48,224
20080,2,91.63,13.73,88.60,-3.11,-7.32,0.00,6.19,16.43,-2.57,-2.59,4.01,3.48,2.06,-2.58,-3.40,224
20100,2,91.24,4.58,88.52,-2.64,-5.65,0.00,6.08,16.33,-4.36,-4.26,4.01,3.48,1.95,-4.31,-3.48,224
20120,2,90.69,-4.13,88.44,-2.17,-4.01,0.00,5.93,16.18,-5.05,-5.07,4.01,3.48,1.81,-5.06,-3.56,224
20140,2,90.41,-6.38,88.36,-1.97,-3.43,0.00,5.78,16.03,-4.76,-4.93,4.01,3.48,1.66,-4.84,-3.64,224
20159,2,90.70,0.03,88.28,-2.33,-4.67,0.00,5.65,15.90,-3.75,-3.71,4.01,3.48,1.52,-3.73,-3.72,224
20180,2,91.52,12.44,88.36,-3.24,-7.47,0.00,5.56,15.81,-2.37,-2.41,4.01,3.48,1.43,-2.39,-3.64,224
20200,2,92.42,22.09,88.44,-4.06,-9.89,0.00,5.49,15.75,-1.97,-1.96,4.01,3.48,1.37,-1.97,-3.56,224
20220,2,92.86,22.38,88.52,-4.42,-10.63,0.00,5.42,15.66,-3.34,-3.38,4.01,3.48,1.29,-3.36,-3.48,224
20240,2,92.62,13.12,88.60,-4.10,-9.24,0.00,5.28,15.53,-5.15,-5.10,4.01,3.48,1.16,-5.13,-3.40,224
20260,2,92.12,2.85,88.68,-3.52,-7.26,0.00,5.10,15.35,-6.48,-6.50,4.01,3.48,0.98,-6.49,-3.32,224
20279,2,91.78,-2.22,88.60,-3.10,-6.02,0.00,4.90,15.15,-6.78,-6.79,4.01,3.48,0.78,-6.79,-3.40,224
20300,2,91.82,-0.38,88.52,-3.22,-6.40,0.00,4.70,14.95,-6.08,-6.15,4.01,3.48,0.58,-6.12,-3.48,224
20320,2,92.80,14.30,88.60,-4.28,-9.70,0.00,4.54,14.79,-4.68,-4.65,4.01,3.48,0.42,-4.66,-3.40,224
20340,2,93.90,26.79,88.68,-5.30,-12.75,0.00,4.42,14.67,-3.57,-3.55,4.01,3.48,0.30,-3.56,-3.32,224
20360,2,94.56,29.29,88.76,-5.88,-14.09,0.00,4.31,14.56,-4.46,-4.44,4.01,3.48,0.18,-4.45,-3.24,224
20380,2,94.59,22.12,88.84,-5.83,-13.42,0.00,4.13,14.38,-6.65,-6.71,4.01,3.48,0.01,-6.68,-3.16,224
20399,2,93.98,8.07,88.92,-5.13,-10.91,0.00,3.90,14.15,-8.49,-8.42,4.01,3.48,-0.22,-8.45,-3.08,224
20420,2,93.41,-1.38,89.00,-4.49,-8.87,0.00,3.63,13.88,-9.14,-9.22,4.01,3.48,-0.49,-9.18,-3.00,224
20440,2,93.38,-0.66,88.98,-4.38,-8.70,0.00,3.36,13.61,-8.60,-8.74,4.01,3.48,-0.76,-8.67,-3.02,224
20459,2,94.01,9.43,89.06,-5.02,-10.80,0.00,3.12,13.37,-7.07,-7.06,4.01,3.48,-1.00,-7.06,-2.94,224
20480,2,95.50,28.96,89.14,-6.44,-15.20,0.00,2.94,13.19,-5.57,-5.52,4.01,3.48,-1.18,-5.55,-2.86,224
20500,2,96.76,39.53,89.22,-7.62,-18.40,0.00,2.78,13.03,-5.54,-5.40,4.01,3.48,-1.35,-5.47,-2.78,224
20520,2,97.18,35.33,89.30,-7.95,-18.73,0.00,2.58,12.83,-7.47,-7.46,4.01,3.48,-1.54,-7.47,-2.70,224
20539,2,97.04,24.17,89.38,-7.74,-17.41,0.00,2.31,12.55,-10.09,-9.99,4.01,3.48,-1.82,-10.04,-2.62,224
20560,2,96.33,8.30,89.46,-6.95,-14.56,0.00,1.97,12.21,-11.95,-11.84,4.01,3.48,-2.16,-11.90,-2.54,224
20580,2,95.81,-0.34,89.54,-6.34,-12.66,0.00,1.60,11.84,-12.19,-12.32,4.01,3.48,-2.53,-12.26,-2.46,224
20600,2,96.26,7.47,89.62,-6.72,-14.03,0.00,1.24,11.49,-11.19,-11.40,4.01,3.48,-2.88,-11.29,-2.38,224
20621,2,97.12,19.16,89.70,-7.50,-16.53,0.00,0.93,11.17,-9.22,-9.47,4.01,3.48,-3.20,-9.35,-2.30,224
20639,2,98.80,38.81,89.78,-9.10,-21.31,0.00,0.67,10.91,-8.20,-8.06,4.01,3.48,-3.46,-8.13,-2.22,224
20659,2,100.18,48.55,89.86,-10.40,-24.68,0.00,0.42,10.66,-8.97,-8.80,4.01,3.48,-3.71,-8.88,-2.14,232
20680,2,100.49,40.64,89.94,-10.62,-24.50,0.00,0.11,10.36,-11.46,-11.25,4.01,3.48,-4.02,-11.36,-2.06,232
20700,2,100.26,27.31,90.02,-10.32,-22.82,0.00,-0.29,9.97,-14.23,-14.19,4.01,3.48,-4.41,-14.21,-1.98,224
20720,2,99.58,11.49,90.10,-9.56,-20.04,0.00,-0.75,9.50,-15.92,-16.10,4.01,3.48,-4.87,-16.01,-1.90,224
20740,2,99.32,6.18,90.18,-9.22,-18.93,0.00,-1.24,9.01,-15.92,-16.30,4.01,3.48,-5.36,-16.11,-1.82,224
20760,2,100.19,18.35,90.26,-10.01,-21.48,0.00,-1.70,8.54,-14.80,-14.74,4.01,3.48,-5.83,-14.77,-1.74,224
20780,2,101.69,35.44,90.34,-11.43,-25.00,0.00,-2.12,8.13,-13.03,-12.72,4.01,3.48,-6.24,-12.88,-1.66,232
20799,2,102.98,36.44,90.42,-12.63,-25.00,0.00,-2.49,7.76,-12.33,-12.25,4.01,3.48,-6.61,-12.29,-1.58,232
20820,2,102.78,14.92,90.48,-12.36,-25.00,0.00,-2.90,7.35,-14.65,-14.10,4.01,3.49,-7.02,-14.38,-1.50,232
20840,2,100.73,-26.38,90.55,-10.24,-18.38,0.00,-3.37,6.90,-16.41,-15.75,4.01,3.49,-7.48,-16.08,-1.42,224
20860,2,98.17,-61.62,90.64,-7.61,-10.29,0.00,-3.87,6.40,-16.40,-16.90,4.01,3.49,-7.98,-16.65,-1.34,224
20879,2,95.72,-81.51,90.56,-5.08,-3.64,0.00,-4.35,5.90,-15.06,-16.08,4.01,3.49,-8.47,-15.57,-1.42,224
20900,2,94.54,-77.76,90.49,-3.97,-1.73,0.00,-4.75,5.47,-11.51,-12.11,4.01,3.49,-8.89,-11.81,-1.50,224
20919,2,95.57,-46.20,90.42,-5.07,-6.45,0.00,-5.03,5.20,-6.96,-6.57,4.01,3.49,-9.16,-6.76,-1.58,224
20940,2,96.99,-19.20,90.33,-6.57,-11.61,0.00,-5.17,5.07,-3.19,-2.56,4.01,3.49,-9.30,-2.87,-1.66,224
20960,2,97.03,-18.93,90.41,-6.70,-11.88,0.00,-5.25,5.02,-2.43,-1.78,4.01,3.49,-9.36,-2.10,-1.58,224
20979,2,95.77,-36.33,90.33,-5.36,-7.82,0.00,-5.34,4.92,-4.24,-4.66,4.01,3.49,-9.46,-4.45,-1.66,224
21000,2,92.71,-68.49,90.25,-2.38,0.72,0.00,-5.53,4.71,-7.27,-7.95,4.01,3.49,-9.65,-7.61,-1.74,224
21020,2,89.98,-86.41,90.18,0.27,7.45,0.00,-5.77,4.46,-7.97,-8.43,4.01,3.48,-9.90,-8.20,-1.82,224
21039,2,89.29,-71.23,90.10,0.89,7.48,0.00,-5.97,4.25,-5.37,-5.15,4.01,3.48,-10.11,-5.26,-1.90,224
21060,2,90.55,-35.24,90.02,-0.45,1.92,0.00,-6.04,4.20,0.44,0.73,4.01,3.48,-10.17,0.59,-1.98,224
21080,2,92.57,-1.91,89.94,-2.54,-4.94,0.00,-5.96,4.29,3.92,4.22,4.01,3.48,-10.08,4.07,-2.06,224
21100,2,93.88,13.03,89.86,-3.93,-8.91,0.00,-5.83,4.43,4.20,4.46,4.01,3.49,-9.95,4.33,-2.14,224
21120,2,92.23,-12.50,89.78,-2.37,-3.74,0.00,-5.74,4.50,0.81,0.31,4.01,3.48,-9.87,0.56,-2.22,224
21140,2,89.91,-41.32,89.70,-0.12,3.06,0.00,-5.79,4.44,-3.28,-3.76,4.01,3.48,-9.92,-3.52,-2.30,224
21160,2,87.42,-64.91,89.62,2.28,9.75,0.00,-5.93,4.30,-4.98,-5.00,4.01,3.48,-10.06,-4.99,-2.38,224
21179,2,86.56,-58.08,89.54,3.07,10.78,0.00,-6.06,4.17,-3.01,-2.54,4.01,3.48,-10.19,-2.78,-2.46,224
21200,2,87.91,-21.83,89.46,1.64,5.02,0.00,-6.06,4.19,2.21,2.35,4.01,3.48,-10.18,2.28,-2.54,224
21220,2,89.90,13.52,89.38,-0.43,-1.95,0.00,-5.92,4.33,6.10,5.77,4.01,3.48,-10.04,5.93,-2.62,224
21240,2,91.90,38.49,89.30,-2.52,-8.12,0.00,-5.72,4.52,6.57,6.35,4.01,3.48,-9.85,6.46,-2.70,224
21260,2,92.26,32.75,89.22,-2.96,-8.54,0.00,-5.57,4.67,3.05,3.17,4.01,3.48,-9.70,3.11,-2.78,224
21280,2,90.40,-2.89,89.14,-1.18,-2.12,0.00,-5.57,4.67,-1.82,-1.86,4.01,3.48,-9.69,-1.84,-2.86,224
21299,2,88.14,-34.27,89.06,1.00,4.74,0.00,-5.68,4.56,-5.11,-4.93,4.01,3.48,-9.81,-5.02,-2.94,224
21320,2,86.36,-49.52,88.98,2.70,9.37,0.00,-5.84,4.40,-5.02,-5.02,4.01,3.48,-9.97,-5.02,-3.02,224
21340,2,86.11,-38.47,88.90,2.87,8.82,0.00,-5.94,4.30,-0.90,-1.05,4.01,3.48,-10.07,-0.98,-3.10,224
21360,2,87.82,-2.65,88.82,1.09,2.39,0.00,-5.89,4.35,3.24,3.25,4.01,3.48,-10.02,3.24,-3.18,224
21380,2,90.10,31.36,88.74,-1.28,-5.07,0.00,-5.74,4.49,5.67,5.67,4.01,3.48,-9.87,5.67,-3.26,224
21400,2,91.66,44.22,88.66,-2.91,-9.36,0.00,-5.57,4.67,5.35,5.58,4.01,3.48,-9.70,5.47,-3.34,224
21420,2,91.65,31.90,88.58,-2.99,-8.53,0.00,-5.47,4.77,0.94,0.88,4.01,3.48,-9.60,0.91,-3.42,224
21439,2,89.94,-1.24,88.50,-1.36,-2.62,0.00,-5.52,4.72,-3.53,-3.44,4.01,3.48,-9.65,-3.49,-3.50,224
21460,2,87.86,-30.55,88.42,0.64,3.73,0.00,-5.67,4.57,-5.78,-5.78,4.01,3.48,-9.80,-5.78,-3.58,224
21480,2,86.69,-38.20,88.34,1.74,6.53,0.00,-5.85,4.40,-5.28,-5.34,4.01,3.48,-9.97,-5.31,-3.66,224
21500,2,86.94,-22.93,88.26,1.41,4.65,0.00,-5.94,4.29,-1.12,-1.23,4.01,3.48,-10.07,-1.18,-3.74,224
21520,2,88.74,10.00,88.18,-0.48,-1.75,0.00,-5.91,4.33,2.58,2.51,4.01,3.48,-10.04,2.54,-3.82,224
21540,2,90.60,34.19,88.10,-2.42,-7.58,0.00,-5.81,4.43,3.93,3.93,4.01,3.48,-9.93,3.93,-3.90,224
21559,2,91.56,37.79,88.02,-3.45,-9.93,0.00,-5.70,4.54,2.62,2.79,4.01,3.48,-9.83,2.71,-3.98,224
21580,2,90.97,18.50,87.94,-2.95,-7.38,0.00,-5.69,4.54,-1.56,-1.65,4.01,3.48,-9.82,-1.61,-4.06,224
21600,2,89.25,-11.08,87.86,-1.31,-1.73,0.00,-5.80,4.44,-4.92,-4.79,4.01,3.48,-9.93,-4.85,-4.14,224
21620,2,87.56,-31.83,87.78,0.31,3.16,0.00,-5.98,4.27,-5.93,-6.00,4.01,3.48,-10.10,-5.97,-4.22,224
21640,2,87.01,-30.46,87.70,0.78,3.99,0.00,-6.14,4.10,-4.78,-4.97,4.01,3.48,-10.27,-4.88,-4.30,224
21660,2,87.93,-8.61,87.62,-0.23,0.23,0.00,-6.22,4.02,-0.50,-0.58,4.01,3.48,-10.35,-0.54,-4.38,224
21679,2,89.67,18.97,87.54,-2.05,-5.62,0.00,-6.19,4.05,2.08,2.23,4.01,3.48,-10.32,2.15,-4.46,224
21700,2,91.06,33.05,87.46,-3.52,-9.69,0.00,-6.12,4.12,2.36,2.28,4.01,3.48,-10.24,2.32,-4.54,224
21720,2,90.80,20.61,87.38,-3.34,-8.33,0.00,-6.09,4.15,-0.58,-0.43,4.01,3.48,-10.22,-0.51,-4.62,224
21740,2,89.96,2.55,87.30,-2.58,-5.36,0.00,-6.16,4.08,-3.84,-3.76,4.01,3.48,-10.29,-3.80,-4.70,224
21760,2,88.59,-17.56,87.22,-1.28,-1.16,0.00,-6.32,3.93,-5.67,-5.59,4.01,3.48,-10.44,-5.63,-4.78,224
21780,2,87.49,-27.99,87.14,-0.27,1.70,0.00,-6.49,3.75,-5.52,-5.58,4.01,3.48,-10.62,-5.55,-4.86,224
21800,2,88.05,-12.41,87.06,-0.91,-0.83,0.00,-6.63,3.61,-3.52,-3.56,4.01,3.48,-10.76,-3.54,-4.94,224
21819,2,89.21,7.99,86.98,-2.15,-4.94,0.00,-6.68,3.56,-0.09,0.05,4.01,3.48,-10.80,-0.02,-5.02,224
21840,2,90.23,20.42,86.90,-3.24,-8.12,0.00,-6.66,3.58,0.87,0.59,4.01,3.48,-10.79,0.73,-5.10,224
21860,2,90.63,20.40,86.82,-3.73,-9.09,0.00,-6.67,3.57,-0.97,-1.07,4.01,3.48,-10.80,-1.02,-5.18,224
21880,2,90.07,6.48,86.74,-3.25,-7.02,0.00,-6.74,3.50,-3.39,-3.14,4.01,3.48,-10.86,-3.27,-5.26,224
21900,2,89.11,-9.61,86.66,-2.37,-3.96,0.00,-6.87,3.37,-5.31,-5.24,4.01,3.48,-11.00,-5.27,-5.34,224
21920,2,88.07,-22.47,86.58,-1.41,-1.02,0.00,-7.05,3.20,-5.94,-5.88,4.01,3.48,-11.17,-5.91,-5.42,224
21939,2,87.59,-24.38,86.50,-1.01,-0.06,0.00,-7.21,3.03,-4.64,-4.91,4.01,3.48,-11.34,-4.78,-5.50,224
21960,2,88.17,-13.05,86.42,-1.67,-2.29,0.00,-7.32,2.92,-2.33,-2.46,4.01,3.49,-11.44,-2.39,-5.58,224
21980,2,88.73,-6.03,86.34,-2.31,-4.14,0.00,-7.35,2.89,-0.31,-0.18,4.01,3.49,-11.47,-0.24,-5.66,224
22000,2,88.32,-12.46,86.25,-1.98,-2.96,0.00,-7.36,2.89,-0.67,-0.46,4.01,3.49,-11.48,-0.56,-5.74,224
22020,2,87.49,-21.71,86.18,-1.24,-0.73,0.00,-7.39,2.85,-1.46,-1.77,4.01,3.49,-11.52,-1.62,-5.82,224
22040,2,86.31,-32.08,86.10,-0.13,2.30,0.00,-7.45,2.78,-2.32,-2.67,4.01,3.49,-11.58,-2.50,-5.90,224
22060,2,85.42,-35.52,86.02,0.68,4.20,0.00,-7.52,2.70,-2.11,-2.45,4.01,3.48,-11.66,-2.28,-5.98,224
22079,2,85.79,-20.77,86.00,0.23,2.13,0.00,-7.57,2.66,-0.67,0.04,4.01,3.48,-11.70,-0.32,-6.00,224
22100,2,86.37,-6.82,86.00,-0.37,-0.20,0.00,-7.55,2.69,1.38,1.53,4.01,3.48,-11.68,1.46,-6.00,224
22120,2,87.00,4.02,86.00,-1.00,-2.31,0.00,-7.50,2.75,2.22,2.04,4.01,3.48,-11.62,2.13,-6.00,224
22140,2,87.16,4.92,86.00,-1.16,-2.71,0.00,-7.44,2.80,1.59,1.29,4.01,3.48,-11.57,1.44,-6.00,224
22160,2,86.66,-3.32,86.00,-0.66,-1.05,0.00,-7.43,2.80,-0.45,-0.53,4.01,3.48,-11.56,-0.49,-6.00,224
22180,2,86.03,-11.74,86.00,-0.03,0.89,0.00,-7.46,2.77,-1.51,-1.20,4.01,3.48,-11.59,-1.36,-6.00,224
22199,2,85.44,-17.05,86.00,0.56,2.49,0.00,-7.51,2.73,-1.56,-1.33,4.01,3.48,-11.64,-1.45,-6.00,224
22220,2,85.30,-14.32,86.00,0.70,2.55,0.00,-7.55,2.70,-0.33,-0.68,4.01,3.48,-11.67,-0.50,-6.00,224
22240,2,85.62,-5.43,86.00,0.38,1.19,0.00,-7.54,2.70,0.77,0.64,4.01,3.48,-11.66,0.70,-6.00,224
22260,2,86.06,2.53,86.00,-0.06,-0.32,0.00,-7.50,2.73,1.50,1.22,4.01,3.48,-11.63,1.36,-6.00,240
22280,2,86.52,8.59,86.00,-0.52,-1.74,0.00,-7.46,2.78,1.61,1.52,4.01,3.48,-11.59,1.56,-6.00,224
22300,2,86.57,6.70,86.00,-0.57,-1.68,0.00,-7.42,2.82,0.88,0.84,4.01,3.48,-11.55,0.86,-6.00,224
22319,2,86.21,-0.52,86.00,-0.21,-0.38,0.00,-7.42,2.82,-0.39,-0.42,4.01,3.48,-11.55,-0.40,-6.00,240
22340,2,85.80,-6.50,86.00,0.20,0.92,0.00,-7.44,2.79,-1.04,-1.04,4.01,3.48,-11.57,-1.04,-6.00,224
22360,2,85.62,-7.42,86.00,0.38,1.36,0.00,-7.48,2.76,-0.81,-1.10,4.01,3.48,-11.60,-0.95,-6.00,224
22380,2,85.68,-4.63,86.00,0.32,1.01,0.00,-7.49,2.75,0.02,0.14,4.01,3.48,-11.62,0.08,-6.00,224
22400,2,85.91,-0.13,86.00,0.09,0.19,0.00,-7.48,2.76,0.55,0.36,4.01,3.48,-11.61,0.46,-6.00,240
22420,2,86.19,3.78,86.00,-0.19,-0.68,0.00,-7.46,2.78,0.91,0.71,4.01,3.48,-11.59,0.81,-6.00,240
22440,2,86.21,2.97,86.00,-0.21,-0.65,0.00,-7.44,2.80,0.63,0.57,4.01,3.48,-11.57,0.60,-6.00,240
22460,2,86.10,0.63,86.00,-0.10,-0.25,0.00,-7.43,2.81,-0.10,-0.02,4.01,3.48,-11.56,-0.06,-6.00,240
22480,2,85.93,-1.92,86.00,0.07,0.29,0.00,-7.44,2.80,-0.38,-0.32,4.01,3.48,-11.57,-0.35,-6.00,240
22500,2,85.84,-2.73,86.00,0.16,0.54,0.00,-7.45,2.79,-0.32,-0.12,4.01,3.48,-11.57,-0.22,-6.00,240
22520,2,85.85,-1.87,86.00,0.15,0.44,0.00,-7.45,2.79,0.07,-0.07,4.01,3.48,-11.58,0.00,-6.00,240
22540,2,85.90,-0.75,86.00,0.10,0.26,0.00,-7.45,2.79,0.18,0.03,4.01,3.48,-11.58,0.10,-6.00,240
22560,2,86.02,1.11,86.00,-0.02,-0.12,0.00,-7.44,2.79,0.28,0.13,4.01,3.48,-11.57,0.21,-6.00,240
22579,2,86.12,2.23,86.00,-0.12,-0.41,0.00,-7.43,2.80,0.34,0.13,4.01,3.48,-11.56,0.23,-6.00,240
22600,2,86.16,2.12,86.00,-0.16,-0.48,0.00,-7.43,2.81,0.15,0.18,4.01,3.48,-11.56,0.16,-6.00,240
22621,2,86.16,1.32,86.00,-0.17,-0.46,0.00,-7.43,2.81,-0.08,-0.00,4.01,3.48,-11.56,-0.04,-6.00,240
22639,2,86.08,-0.03,86.00,-0.08,-0.16,0.00,-7.43,2.81,-0.23,-0.15,4.01,3.48,-11.56,-0.19,-6.00,240
22660,2,86.03,-0.80,86.00,-0.03,0.00,0.00,-7.44,2.80,-0.42,-0.29,4.01,3.48,-11.57,-0.36,-6.00,240
22680,2,86.06,-0.22,86.00,-0.06,-0.10,0.00,-7.45,2.79,-0.17,-0.09,4.01,3.48,-11.58,-0.13,-6.00,240
22700,2,86.09,0.20,86.00,-0.09,-0.20,0.00,-7.45,2.79,-0.05,-0.15,4.01,3.48,-11.58,-0.10,-6.00,240
22719,2,86.11,0.36,86.00,-0.11,-0.24,0.00,-7.45,2.79,-0.08,-0.17,4.01,3.48,-11.58,-0.12,-6.00,240
22740,2,86.13,0.52,86.00,-0.13,-0.30,0.00,-7.46,2.78,-0.10,-0.17,4.01,3.48,-11.59,-0.13,-6.00,240
22760,2,86.16,0.70,86.00,-0.16,-0.38,0.00,-7.46,2.78,-0.08,-0.09,4.01,3.48,-11.59,-0.08,-6.00,240
22780,2,86.16,0.38,86.00,-0.16,-0.35,0.00,-7.46,2.77,-0.17,-0.13,4.01,3.48,-11.59,-0.15,-6.00,240
22800,2,86.13,-0.27,86.00,-0.13,-0.24,0.00,-7.47,2.77,-0.26,-0.23,4.01,3.48,-11.60,-0.24,-6.00,240
22820,2,86.14,-0.22,86.00,-0.14,-0.26,0.00,-7.48,2.76,-0.28,-0.20,4.01,3.48,-11.61,-0.24,-6.00,240
22839,2,86.18,0.30,86.00,-0.18,-0.38,0.00,-7.49,2.76,-0.17,-0.04,4.01,3.48,-11.61,-0.11,-6.00,240
22860,2,86.19,0.26,86.00,-0.19,-0.41,0.00,-7.49,2.75,-0.16,-0.14,4.01,3.48,-11.62,-0.15,-6.00,240
22880,2,86.18,-0.23,86.00,-0.18,-0.34,0.00,-7.50,2.75,-0.19,-0.29,4.01,3.48,-11.62,-0.24,-6.00,240
22900,2,86.16,-0.64,86.00,-0.16,-0.26,0.00,-7.50,2.74,-0.11,-0.36,4.01,3.48,-11.63,-0.24,-6.00,240
22920,2,86.10,-1.50,86.00,-0.10,-0.08,0.00,-7.51,2.73,-0.29,-0.34,4.01,3.48,-11.64,-0.32,-6.00,240
22940,2,86.06,-1.87,86.00,-0.06,0.03,0.00,-7.52,2.72,-0.34,-0.21,4.01,3.48,-11.65,-0.27,-6.00,240
22959,2,86.08,-1.26,86.00,-0.08,-0.06,0.00,-7.52,2.72,-0.20,-0.09,4.01,3.48,-11.65,-0.14,-6.00,240
22980,2,86.09,-0.95,86.00,-0.09,-0.11,0.00,-7.53,2.72,-0.00,-0.06,4.01,3.48,-11.65,-0.03,-6.00,240
23000,2,86.11,-0.72,86.00,-0.11,-0.16,0.00,-7.53,2.71,-0.03,-0.09,4.01,3.48,-11.65,-0.06,-6.00,240
23020,2,86.10,-0.80,86.00,-0.10,-0.14,0.00,-7.53,2.71,-0.05,-0.01,4.01,3.48,-11.65,-0.03,-6.00,240
23040,2,86.05,-1.50,86.00,-0.05,0.02,0.00,-7.53,2.71,-0.07,-0.03,4.01,3.48,-11.66,-0.05,-6.00,240
23060,2,85.99,-2.08,86.00,0.01,0.18,0.00,-7.53,2.71,-0.11,-0.13,4.01,3.48,-11.66,-0.12,-6.00,240
23080,2,85.95,-2.41,86.00,0.05,0.30,0.00,-7.54,2.70,0.02,-0.13,4.01,3.48,-11.66,-0.05,-6.00,240
23099,2,85.91,-2.49,86.00,0.09,0.38,0.00,-7.54,2.70,0.03,-0.00,4.01,3.48,-11.66,0.01,-6.00,240
23119,2,85.88,-2.27,86.00,0.12,0.42,0.00,-7.53,2.70,0.08,0.05,4.01,3.48,-11.66,0.06,-6.00,240
23140,2,85.88,-1.76,86.00,0.12,0.37,0.00,-7.53,2.71,0.20,0.19,4.01,3.48,-11.66,0.19,-6.00,240
23160,2,85.90,-1.12,86.00,0.10,0.28,0.00,-7.52,2.72,0.31,0.18,4.01,3.48,-11.65,0.25,-6.00,240
23180,2,85.91,-0.77,86.00,0.09,0.24,0.00,-7.51,2.72,0.34,0.23,4.01,3.48,-11.64,0.29,-6.00,240
23200,2,85.92,-0.56,86.00,0.08,0.21,0.00,-7.50,2.73,0.33,0.24,4.01,3.48,-11.64,0.29,-6.00,240
23219,2,85.88,-0.95,86.00,0.12,0.31,0.00,-7.50,2.74,0.04,0.27,4.01,3.48,-11.63,0.16,-6.00,240
23240,2,85.82,-1.69,86.00,0.18,0.50,0.00,-7.50,2.74,0.15,0.22,4.01,3.48,-11.62,0.18,-6.00,240
23260,2,85.77,-1.91,86.00,0.23,0.61,0.00,-7.50,2.75,0.11,0.11,4.01,3.48,-11.62,0.11,-6.00,240
23280,2,85.77,-1.48,86.00,0.23,0.58,0.00,-7.49,2.75,0.27,0.12,4.01,3.48,-11.62,0.19,-6.00,240
23300,2,85.81,-0.48,86.00,0.19,0.42,0.00,-7.48,2.76,0.41,0.25,4.01,3.48,-11.61,0.33,-6.00,240
23320,2,85.89,0.75,86.00,0.11,0.16,0.00,-7.46,2.77,0.46,0.39,4.01,3.48,-11.60,0.42,-6.00,240
23340,2,85.93,1.05,86.00,0.07,0.06,0.00,-7.45,2.78,0.06,0.50,4.01,3.48,-11.58,0.28,-6.00,240
23359,2,85.88,0.06,86.00,0.12,0.23,0.00,-7.45,2.80,0.19,0.31,4.01,3.48,-11.57,0.25,-6.00,240
23380,2,85.83,-0.65,86.00,0.17,0.39,0.00,-7.45,2.80,0.07,0.01,4.01,3.48,-11.57,0.04,-6.00,240
23400,2,85.85,-0.25,86.00,0.15,0.33,0.00,-7.44,2.80,0.28,-0.02,4.01,3.48,-11.57,0.13,-6.00,240
23420,2,85.86,0.07,86.00,0.14,0.27,0.00,-7.43,2.80,0.24,0.18,4.01,3.48,-11.56,0.21,-6.00,240
23439,2,85.90,0.63,86.00,0.10,0.14,0.00,-7.42,2.81,0.23,0.24,4.01,3.48,-11.56,0.23,-6.00,240
23460,2,85.92,0.75,86.00,0.08,0.09,0.00,-7.42,2.82,0.12,0.38,4.01,3.48,-11.55,0.25,-6.00,240
23479,2,85.90,0.14,86.00,0.10,0.19,0.00,-7.42,2.83,0.09,0.19,4.01,3.48,-11.54,0.14,-6.00,240
23500,2,85.87,-0.23,86.00,0.13,0.27,0.00,-7.41,2.83,0.10,0.04,4.01,3.48,-11.54,0.07,-6.00,240
23520,2,85.89,-0.02,86.00,0.11,0.22,0.00,-7.41,2.83,0.13,0.09,4.01,3.48,-11.54,0.11,-6.00,240
23540,2,85.91,0.25,86.00,0.09,0.16,0.00,-7.41,2.83,0.17,0.10,4.01,3.48,-11.53,0.13,-6.00,240
23560,2,85.93,0.37,86.00,0.07,0.11,0.00,-7.40,2.84,0.18,0.10,4.01,3.48,-11.53,0.14,-6.00,240
23580,2,85.94,0.37,86.00,0.06,0.09,0.00,-7.40,2.84,0.12,0.05,4.01,3.48,-11.53,0.09,-6.00,240
23599,2,85.95,0.40,86.00,0.05,0.06,0.00,-7.39,2.84,0.06,0.06,4.01,3.48,-11.52,0.06,-6.00,240
23620,2,85.96,0.38,86.00,0.04,0.05,0.00,-7.39,2.85,0.06,0.12,4.01,3.48,-11.52,0.09,-6.00,240
23640,2,85.97,0.41,86.00,0.03,0.02,0.00,-7.39,2.85,0.06,0.12,4.01,3.48,-11.52,0.09,-6.00,240
23660,2,85.97,0.25,86.00,0.03,0.03,0.00,-7.39,2.85,0.04,0.07,4.01,3.48,-11.51,0.06,-6.00,240
23680,2,85.96,-0.07,86.00,0.04,0.09,0.00,-7.39,2.85,0.01,0.03,4.01,3.48,-11.51,0.02,-6.00,240
23700,2,85.95,-0.22,86.00,0.05,0.11,0.00,-7.39,2.85,0.02,0.02,4.01,3.48,-11.51,0.02,-6.00,240
23720,2,85.96,-0.14,86.00,0.04,0.10,0.00,-7.38,2.85,0.01,0.07,4.01,3.48,-11.51,0.04,-6.00,240
23739,2,85.97,0.04,86.00,0.03,0.05,0.00,-7.38,2.86,0.06,0.07,4.01,3.48,-11.51,0.07,-6.00,240
23760,2,85.98,0.13,86.00,0.02,0.02,0.00,-7.38,2.86,0.07,0.13,4.01,3.48,-11.51,0.10,-6.00,240
23780,2,85.99,0.13,86.00,0.01,0.01,0.00,-7.38,2.86,0.05,0.08,4.01,3.48,-11.51,0.06,-6.00,240
23800,2,85.99,0.04,86.00,0.01,0.02,0.00,-7.38,2.86,0.03,0.01,4.01,3.48,-11.51,0.02,-6.00,240
23820,2,85.99,-0.03,86.00,0.01,0.02,0.00,-7.38,2.86,0.05,0.01,4.01,3.48,-11.51,0.03,-6.00,240
23840,2,85.99,-0.06,86.00,0.01,0.03,0.00,-7.38,2.86,-0.02,0.00,4.01,3.48,-11.50,-0.01,-6.00,240
23860,2,85.99,-0.05,86.00,0.01,0.03,0.00,-7.38,2.86,0.04,0.01,4.01,3.48,-11.50,0.03,-6.00,240
23880,2,86.00,0.04,86.00,-0.00,-0.00,0.00,-7.38,2.86,0.01,0.06,4.01,3.48,-11.50,0.04,-6.00,240
23900,2,86.01,0.10,86.00,-0.01,-0.02,0.00,-7.38,2.86,-0.06,-0.05,4.01,3.48,-11.50,-0.05,-6.00,240
23920,2,86.01,0.10,86.00,-0.01,-0.03,0.00,-7.38,2.86,0.05,0.03,4.01,3.48,-11.50,0.04,-6.00,240
23940,2,86.02,0.08,86.00,-0.02,-0.04,0.00,-7.38,2.86,0.01,0.04,4.01,3.48,-11.50,0.02,-6.00,240
23960,2,86.02,0.09,86.00,-0.02,-0.05,0.00,-7.38,2.86,0.03,0.03,4.01,3.48,-11.50,0.03,-6.00,240
23980,2,86.03,0.06,86.00,-0.03,-0.06,0.00,-7.38,2.86,0.03,-0.05,4.01,3.48,-11.50,-0.01,-6.00,240
23998,2,86.02,-0.05,86.00,-0.02,-0.04,0.00,-7.38,2.86,-0.04,-0.07,4.01,3.48,-11.50,-0.06,-6.00,240
24020,2,86.02,-0.14,86.00,-0.02,-0.03,0.00,-7.38,2.86,-0.04,-0.05,4.01,3.48,-11.50,-0.04,-6.00,240
24040,2,86.02,-0.21,86.00,-0.02,-0.02,0.00,-7.38,2.86,0.01,-0.02,4.01,3.48,-11.50,-0.01,-6.00,240
24060,2,86.01,-0.26,86.00,-0.01,-0.01,0.00,-7.38,2.86,-0.01,-0.01,4.01,3.48,-11.51,-0.01,-6.00,240
24080,2,86.01,-0.30,86.00,-0.01,0.00,0.00,-7.38,2.86,-0.05,-0.03,4.01,3.48,-11.51,-0.04,-6.00,240
24100,2,86.01,-0.25,86.00,-0.01,-0.00,0.00,-7.38,2.86,-0.05,0.01,4.01,3.48,-11.51,-0.02,-6.00,240
24119,2,86.01,-0.26,86.00,-0.01,-0.01,0.00,-7.38,2.86,-0.01,0.01,4.01,3.48,-11.51,0.00,-6.00,240
24140,2,86.02,-0.22,86.00,-0.02,-0.02,0.00,-7.38,2.86,0.04,-0.03,4.01,3.48,-11.51,0.01,-6.00,240
24160,2,86.01,-0.23,86.00,-0.02,-0.01,0.00,-7.38,2.86,0.02,0.01,4.01,3.48,-11.51,0.02,-6.00,240
24180,2,86.01,-0.25,86.00,-0.02,-0.01,0.00,-7.38,2.86,-0.01,0.00,4.01,3.48,-11.51,-0.01,-6.00,240
24200,2,86.02,-0.21,86.00,-0.02,-0.02,0.00,-7.38,2.86,0.02,0.02,4.01,3.48,-11.51,0.02,-6.00,240
24220,2,86.01,-0.29,86.00,-0.01,-0.00,0.00,-7.38,2.86,-0.01,-0.01,4.01,3.48,-11.51,-0.01,-6.00,240
24239,2,86.01,-0.31,86.00,-0.01,0.00,0.00,-7.38,2.86,-0.04,0.03,4.01,3.48,-11.51,-0.00,-6.00,240
24260,2,86.01,-0.30,86.00,-0.01,0.00,0.00,-7.38,2.86,-0.02,-0.04,4.01,3.48,-11.51,-0.03,-6.00,240
24280,2,86.00,-0.33,86.00,-0.01,0.01,0.00,-7.38,2.86,0.01,0.00,4.01,3.48,-11.51,0.01,-6.00,240
24300,2,86.00,-0.33,86.00,-0.00,0.02,0.00,-7.38,2.86,0.01,0.01,4.01,3.48,-11.51,0.01,-6.00,240
24320,2,86.00,-0.35,86.00,-0.00,0.02,0.00,-7.38,2.86,0.01,0.01,4.01,3.48,-11.51,0.01,-6.00,240
24340,2,86.00,-0.38,86.00,0.00,0.03,0.00,-7.38,2.86,0.02,-0.05,4.01,3.48,-11.51,-0.01,-6.00,240
24359,2,86.00,-0.37,86.00,0.00,0.03,0.00,-7.38,2.86,0.03,0.01,4.01,3.48,-11.51,0.02,-6.00,240
24379,2,85.99,-0.38,86.00,0.00,0.04,0.00,-7.38,2.86,-0.01,0.01,4.01,3.48,-11.51,0.00,-6.00,240
24400,2,86.00,-0.32,86.00,0.00,0.03,0.00,-7.38,2.86,-0.01,0.02,4.01,3.48,-11.51,0.00,-6.00,240
24420,2,86.00,-0.29,86.00,0.00,0.03,0.00,-7.38,2.86,0.02,0.02,4.01,3.48,-11.51,0.02,-6.00,240
24440,2,86.00,-0.19,86.00,-0.00,0.01,0.00,-7.38,2.86,0.02,0.05,4.01,3.48,-11.51,0.04,-6.00,240
24460,2,86.00,-0.16,86.00,-0.01,-0.00,0.00,-7.38,2.86,0.01,0.01,4.01,3.48,-11.51,0.01,-6.00,240
24480,2,86.00,-0.21,86.00,-0.00,0.01,0.00,-7.38,2.86,0.03,-0.01,4.01,3.48,-11.51,0.01,-6.00,240
24499,2,86.00,-0.27,86.00,0.00,0.03,0.00,-7.38,2.86,0.07,-0.01,4.01,3.48,-11.51,0.03,-6.00,240
24520,2,85.99,-0.26,86.00,0.00,0.03,0.00,-7.38,2.86,-0.03,-0.02,4.01,3.48,-11.51,-0.02,-6.00,240
24540,2,86.00,-0.23,86.00,0.00,0.03,0.00,-7.38,2.86,0.06,-0.01,4.01,3.48,-11.51,0.03,-6.00,240
24560,2,85.99,-0.24,86.00,0.01,0.03,0.00,-7.38,2.86,-0.02,0.05,4.01,3.48,-11.51,0.02,-6.00,240
24580,2,86.00,-0.20,86.00,0.00,0.02,0.00,-7.38,2.86,0.02,0.00,4.01,3.48,-11.50,0.01,-6.00,240
24600,2,86.00,-0.11,86.00,-0.00,0.01,0.00,-7.38,2.86,0.01,0.02,4.01,3.48,-11.50,0.02,-6.00,240
24620,2,86.01,-0.02,86.00,-0.01,-0.01,0.00,-7.38,2.86,0.00,0.05,4.01,3.48,-11.50,0.03,-6.00,240
24639,2,86.01,-0.04,86.00,-0.01,-0.02,0.00,-7.38,2.86,0.05,0.01,4.01,3.48,-11.50,0.03,-6.00,240
24660,2,86.01,-0.11,86.00,-0.01,-0.01,0.00,-7.38,2.86,0.07,0.05,4.01,3.48,-11.50,0.06,-6.00,240
24680,2,86.00,-0.18,86.00,-0.01,0.00,0.00,-7.38,2.86,-0.02,0.00,4.01,3.48,-11.50,-0.01,-6.00,240
24700,2,86.00,-0.20,86.00,-0.00,0.01,0.00,-7.38,2.86,0.00,0.01,4.01,3.48,-11.50,0.00,-6.00,240
24720,2,86.00,-0.24,86.00,-0.00,0.01,0.00,-7.38,2.86,0.01,-0.02,4.01,3.48,-11.50,-0.00,-6.00,240
24740,2,86.00,-0.27,86.00,0.00,0.02,0.00,-7.38,2.86,-0.03,0.01,4.01,3.48,-11.50,-0.01,-6.00,240
24759,2,86.00,-0.26,86.00,0.00,0.02,0.00,-7.38,2.86,0.04,0.00,4.01,3.48,-11.50,0.02,-6.00,240
24780,2,86.00,-0.27,86.00,-0.00,0.02,0.00,-7.37,2.86,-0.03,-0.02,4.01,3.48,-11.50,-0.02,-6.00,240
24800,2,86.00,-0.24,86.00,-0.00,0.02,0.00,-7.37,2.86,0.03,0.01,4.01,3.48,-11.50,0.02,-6.00,240
24820,2,86.00,-0.22,86.00,-0.00,0.01,0.00,-7.37,2.86,-0.05,0.06,4.01,3.48,-11.50,0.01,-6.00,240
24840,2,86.00,-0.19,86.00,-0.00,0.01,0.00,-7.37,2.87,-0.00,0.02,4.01,3.48,-11.50,0.01,-6.00,240
24860,2,86.01,-0.09,86.00,-0.01,-0.01,0.00,-7.37,2.87,-0.00,0.03,4.01,3.48,-11.50,0.02,-6.00,240
24879,2,86.01,-0.14,86.00,-0.01,-0.01,0.00,-7.37,2.87,0.07,-0.03,4.01,3.48,-11.50,0.02,-6.00,240
24900,2,86.01,-0.22,86.00,-0.01,0.00,0.00,-7.37,2.87,-0.00,0.05,4.01,3.48,-11.50,0.02,-6.00,240
24920,2,86.00,-0.34,86.00,-0.00,0.02,0.00,-7.37,2.87,-0.02,-0.01,4.01,3.48,-11.50,-0.01,-6.00,240
24940,2,86.00,-0.41,86.00,0.00,0.04,0.00,-7.37,2.87,0.02,-0.02,4.01,3.48,-11.50,-0.00,-6.00,240
24960,2,85.99,-0.41,86.00,0.01,0.05,0.00,-7.37,2.87,0.05,-0.01,4.01,3.48,-11.50,0.02,-6.00,240
24980,2,85.98,-0.46,86.00,0.02,0.07,0.00,-7.37,2.87,-0.02,-0.05,4.01,3.48,-11.50,-0.03,-6.00,240
25000,2,85.98,-0.40,86.00,0.02,0.07,0.00,-7.37,2.87,0.07,-0.00,4.01,3.48,-11.50,0.03,-6.00,240
25019,2,85.99,-0.25,86.00,0.01,0.04,0.00,-7.37,2.87,0.04,0.07,4.01,3.48,-11.50,0.05,-6.00,240
25040,2,85.99,-0.15,86.00,0.01,0.03,0.00,-7.37,2.87,0.04,0.04,4.01,3.48,-11.50,0.04,-6.00,240
25060,2,85.99,-0.20,86.00,0.01,0.04,0.00,-7.37,2.87,0.07,0.06,4.01,3.48,-11.50,0.07,-6.00,240
25080,2,85.98,-0.33,86.00,0.02,0.07,0.00,-7.37,2.87,0.04,0.05,4.01,3.48,-11.50,0.04,-6.00,240
25100,2,85.97,-0.37,86.00,0.03,0.09,0.00,-7.37,2.87,0.03,0.04,4.01,3.48,-11.49,0.04,-6.00,240
25120,2,85.98,-0.27,86.00,0.02,0.06,0.00,-7.37,2.87,0.04,0.03,4.01,3.48,-11.49,0.04,-6.00,240
25139,2,85.98,-0.23,86.00,0.02,0.05,0.00,-7.36,2.87,0.02,0.03,4.01,3.48,-11.49,0.03,-6.00,240
25160,2,85.97,-0.36,86.00,0.03,0.08,0.00,-7.36,2.88,0.02,0.04,4.01,3.48,-11.49,0.03,-6.00,240
25180,2,85.96,-0.48,86.00,0.04,0.11,0.00,-7.36,2.88,0.10,-0.01,4.01,3.48,-11.49,0.05,-6.00,240
25200,2,85.96,-0.43,86.00,0.04,0.11,0.00,-7.36,2.88,0.05,0.07,4.01,3.48,-11.49,0.06,-6.00,240
25220,2,85.96,-0.30,86.00,0.03,0.09,0.00,-7.36,2.88,0.09,0.08,4.01,3.48,-11.49,0.08,-6.00,240
25240,2,85.95,-0.43,86.00,0.04,0.12,0.00,-7.36,2.88,0.06,-0.01,4.01,3.48,-11.49,0.03,-6.00,240
25260,2,85.95,-0.45,86.00,0.05,0.14,0.00,-7.35,2.88,0.09,0.07,4.01,3.48,-11.48,0.08,-6.00,240
25279,2,85.95,-0.34,86.00,0.05,0.12,0.00,-7.35,2.88,0.07,0.07,4.01,3.48,-11.48,0.07,-6.00,240
25300,2,85.96,-0.19,86.00,0.04,0.09,0.00,-7.35,2.89,0.06,0.12,4.01,3.48,-11.48,0.09,-6.00,240
25320,2,85.97,-0.08,86.00,0.03,0.06,0.00,-7.35,2.89,0.15,0.10,4.01,3.48,-11.48,0.12,-6.00,240
25340,2,85.97,-0.14,86.00,0.03,0.07,0.00,-7.34,2.89,0.11,0.12,4.01,3.48,-11.47,0.11,-6.00,240
25360,2,85.94,-0.59,86.00,0.06,0.16,0.00,-7.34,2.90,0.05,0.07,4.01,3.48,-11.47,0.06,-6.00,240
25380,2,85.91,-0.91,86.00,0.09,0.25,0.00,-7.34,2.90,-0.02,0.08,4.01,3.48,-11.47,0.03,-6.00,240
25399,2,85.90,-0.83,86.00,0.10,0.26,0.00,-7.34,2.90,0.03,0.09,4.01,3.48,-11.47,0.06,-6.00,240
25420,2,85.90,-0.65,86.00,0.10,0.24,0.00,-7.34,2.90,0.13,0.13,4.01,3.48,-11.47,0.13,-6.00,240
25440,2,85.91,-0.49,86.00,0.09,0.22,0.00,-7.33,2.91,0.05,0.16,4.01,3.48,-11.46,0.11,-6.00,240
25460,2,85.91,-0.31,86.00,0.09,0.20,0.00,-7.33,2.91,0.08,0.16,4.01,3.48,-11.46,0.12,-6.00,240
25480,2,85.92,-0.16,86.00,0.08,0.17,0.00,-7.33,2.92,0.15,0.16,4.01,3.48,-11.45,0.16,-6.00,240
25500,2,85.92,-0.14,86.00,0.08,0.17,0.00,-7.32,2.92,0.18,0.08,4.01,3.48,-11.45,0.13,-6.00,240
25519,2,85.90,-0.41,86.00,0.09,0.22,0.00,-7.31,2.92,0.12,0.14,4.01,3.48,-11.44,0.13,-6.00,240
25540,2,85.89,-0.58,86.00,0.11,0.26,0.00,-7.31,2.92,0.05,0.11,4.01,3.48,-11.44,0.08,-6.00,240
25560,2,85.90,-0.31,86.00,0.10,0.22,0.00,-7.31,2.93,0.12,0.19,4.01,3.48,-11.44,0.16,-6.00,240
25580,2,85.91,-0.12,86.00,0.09,0.18,0.00,-7.30,2.93,0.18,0.16,4.01,3.48,-11.43,0.17,-6.00,240
25600,2,85.90,-0.32,86.00,0.10,0.22,0.00,-7.30,2.94,0.18,0.15,4.01,3.48,-11.43,0.16,-6.00,240
25620,2,85.88,-0.54,86.00,0.12,0.28,0.00,-7.30,2.94,0.10,0.11,4.01,3.48,-11.42,0.11,-6.00,240
25640,2,85.89,-0.37,86.00,0.11,0.24,0.00,-7.29,2.95,0.12,0.27,4.01,3.48,-11.42,0.19,-6.00,240
25660,2,85.89,-0.40,86.00,0.11,0.25,0.00,-7.29,2.95,0.14,0.20,4.01,3.48,-11.41,0.17,-6.00,240
25680,2,85.90,-0.20,86.00,0.10,0.21,0.00,-7.28,2.96,0.16,0.14,4.01,3.48,-11.41,0.15,-6.00,240
25700,2,85.91,-0.01,86.00,0.09,0.17,0.00,-7.28,2.96,0.33,0.15,4.01,3.48,-11.41,0.24,-6.00,240
25720,2,85.89,-0.36,86.00,0.11,0.24,0.00,-7.27,2.96,0.16,0.15,4.01,3.48,-11.40,0.15,-6.00,240
25740,2,85.89,-0.42,86.00,0.11,0.26,0.00,-7.27,2.97,0.10,0.19,4.01,3.48,-11.40,0.15,-6.00,240
25760,2,85.88,-0.51,86.00,0.12,0.28,0.00,-7.26,2.98,0.15,0.27,4.01,3.48,-11.39,0.21,-6.00,240
25780,2,85.86,-0.75,86.00,0.14,0.34,0.00,-7.26,2.98,0.17,0.12,4.01,3.48,-11.39,0.15,-6.00,240
25800,2,85.86,-0.63,86.00,0.14,0.34,0.00,-7.25,2.98,0.15,0.13,4.01,3.48,-11.38,0.14,-6.00,240
25820,2,85.87,-0.24,86.00,0.13,0.27,0.00,-7.25,2.99,0.14,0.23,4.01,3.48,-11.38,0.19,-6.00,240
25840,2,85.86,-0.44,86.00,0.14,0.32,0.00,-7.24,3.00,0.24,0.18,4.01,3.48,-11.37,0.21,-6.00,240
25860,2,85.85,-0.48,86.00,0.15,0.34,0.00,-7.24,3.00,0.26,0.08,4.01,3.48,-11.37,0.17,-6.00,240
25880,2,85.87,-0.02,86.00,0.13,0.26,0.00,-7.23,3.00,0.25,0.20,4.01,3.48,-11.36,0.22,-6.00,240
25900,2,85.92,0.58,86.00,0.08,0.12,0.00,-7.22,3.01,0.21,0.35,4.01,3.48,-11.35,0.28,-6.00,240
25919,2,85.90,0.16,86.00,0.10,0.19,0.00,-7.22,3.02,0.07,0.32,4.01,3.48,-11.34,0.20,-6.00,240
25940,2,85.88,-0.21,86.00,0.12,0.26,0.00,-7.22,3.03,0.06,0.08,4.01,3.48,-11.34,0.07,-6.00,240
25960,2,85.89,-0.06,86.00,0.11,0.23,0.00,-7.21,3.03,0.18,0.09,4.01,3.48,-11.34,0.13,-6.00,240
25980,2,85.91,0.22,86.00,0.09,0.16,0.00,-7.21,3.03,0.21,0.15,4.01,3.48,-11.33,0.18,-6.00,240
26000,2,85.92,0.19,86.00,0.08,0.14,0.00,-7.20,3.04,0.20,0.20,4.01,3.48,-11.33,0.20,-6.00,240
26020,2,85.90,-0.20,86.00,0.10,0.21,0.00,-7.19,3.04,0.11,0.11,4.01,3.48,-11.32,0.11,-6.00,240
26039,2,85.91,-0.16,86.00,0.09,0.20,0.00,-7.19,3.04,0.16,0.10,4.01,3.48,-11.32,0.13,-6.00,240
26060,2,85.91,-0.19,86.00,0.09,0.20,0.00,-7.19,3.05,0.17,0.14,4.01,3.48,-11.32,0.15,-6.00,240
26080,2,85.90,-0.34,86.00,0.10,0.23,0.00,-7.18,3.05,0.03,0.18,4.01,3.48,-11.31,0.11,-6.00,240
26100,2,85.88,-0.70,86.00,0.12,0.30,0.00,-7.18,3.06,0.13,0.18,4.01,3.48,-11.31,0.16,-6.00,240
26120,2,85.85,-0.98,86.00,0.15,0.38,0.00,-7.18,3.06,0.09,0.11,4.01,3.48,-11.30,0.10,-6.00,240
26140,2,85.84,-0.88,86.00,0.16,0.39,0.00,-7.17,3.07,0.07,0.14,4.01,3.48,-11.30,0.11,-6.00,240
26159,2,85.86,-0.51,86.00,0.14,0.32,0.00,-7.17,3.07,0.17,0.28,4.01,3.48,-11.30,0.22,-6.00,240
26180,2,85.86,-0.48,86.00,0.14,0.32,0.00,-7.16,3.08,0.29,0.09,4.01,3.48,-11.29,0.19,-6.00,240
26200,2,85.84,-0.62,86.00,0.16,0.37,0.00,-7.15,3.08,0.32,0.10,4.01,3.48,-11.28,0.21,-6.00,240
26220,2,85.84,-0.49,86.00,0.16,0.36,0.00,-7.14,3.09,0.26,0.21,4.01,3.48,-11.27,0.24,-6.00,240
26240,2,85.84,-0.35,86.00,0.16,0.34,0.00,-7.14,3.10,0.18,0.37,4.01,3.48,-11.27,0.28,-6.00,240
26260,2,85.84,-0.49,86.00,0.16,0.36,0.00,-7.13,3.11,0.11,0.31,4.01,3.48,-11.26,0.21,-6.00,240
26280,2,85.79,-1.06,86.00,0.20,0.49,0.00,-7.13,3.12,0.15,0.18,4.01,3.48,-11.25,0.16,-6.00,240
26300,2,85.78,-1.12,86.00,0.22,0.53,0.00,-7.12,3.12,0.28,0.09,4.01,3.48,-11.25,0.18,-6.00,240
26320,2,85.80,-0.58,86.00,0.20,0.45,0.00,-7.11,3.12,0.47,0.20,4.01,3.48,-11.24,0.33,-6.00,240
26340,2,85.79,-0.53,86.00,0.21,0.47,0.00,-7.10,3.13,0.38,0.39,4.01,3.48,-11.23,0.39,-6.00,240
26360,2,85.80,-0.32,86.00,0.20,0.43,0.00,-7.09,3.15,0.15,0.50,4.01,3.48,-11.22,0.32,-6.00,240
26380,2,85.77,-0.73,86.00,0.23,0.52,0.00,-7.09,3.16,0.23,0.38,4.01,3.48,-11.21,0.30,-6.00,240
26400,2,85.75,-0.83,86.00,0.25,0.56,0.00,-7.08,3.17,0.36,0.09,4.01,3.48,-11.20,0.22,-6.00,240
26419,2,85.79,-0.04,86.00,0.21,0.41,0.00,-7.06,3.17,0.57,0.16,4.01,3.48,-11.19,0.37,-6.00,240
26440,2,85.74,-0.57,86.00,0.26,0.56,0.00,-7.05,3.18,0.19,0.46,4.01,3.48,-11.18,0.33,-6.00,240
26460,2,85.72,-0.59,86.00,0.28,0.61,0.00,-7.05,3.20,0.10,0.51,4.01,3.48,-11.17,0.30,-6.00,240
26480,2,85.68,-0.85,86.00,0.32,0.70,0.00,-7.04,3.21,0.26,0.15,4.01,3.48,-11.16,0.21,-6.00,240
26500,2,85.75,0.44,86.00,0.25,0.47,0.00,-7.03,3.21,0.54,0.27,4.01,3.48,-11.15,0.40,-6.00,240
26520,2,85.85,1.79,86.00,0.14,0.15,0.00,-7.01,3.22,0.68,0.43,4.01,3.48,-11.14,0.56,-6.00,240
26540,2,85.83,0.89,86.00,0.17,0.27,0.00,-6.99,3.24,0.28,0.67,4.01,3.48,-11.12,0.48,-6.00,240
26559,2,85.72,-0.84,86.00,0.28,0.63,0.00,-6.99,3.25,0.13,0.12,4.01,3.48,-11.12,0.12,-6.00,240
26580,2,85.68,-1.10,86.00,0.32,0.73,0.00,-6.99,3.25,0.15,0.18,4.01,3.48,-11.11,0.17,-6.00,240
26600,2,85.71,-0.28,86.00,0.29,0.59,0.00,-6.98,3.26,0.55,0.27,4.01,3.48,-11.10,0.41,-6.00,240
26620,2,85.74,0.20,86.00,0.26,0.50,0.00,-6.97,3.27,0.20,0.47,4.01,3.48,-11.09,0.34,-6.00,240
26640,2,85.78,0.51,86.00,0.22,0.40,0.00,-6.96,3.29,0.39,0.46,4.01,3.48,-11.08,0.42,-6.00,240
26660,2,85.81,0.71,86.00,0.19,0.33,0.00,-6.94,3.30,0.37,0.41,4.01,3.48,-11.07,0.39,-6.00,240
26679,2,85.80,0.42,86.00,0.20,0.37,0.00,-6.93,3.31,0.49,0.39,4.01,3.48,-11.06,0.44,-6.00,240
26700,2,85.74,-0.56,86.00,0.26,0.57,0.00,-6.92,3.32,0.24,0.28,4.01,3.48,-11.05,0.26,-6.00,240
26720,2,85.72,-0.70,86.00,0.28,0.61,0.00,-6.92,3.33,0.18,0.19,4.01,3.48,-11.04,0.19,-6.00,240
26740,2,85.72,-0.58,86.00,0.28,0.60,0.00,-6.91,3.33,0.33,0.28,4.01,3.48,-11.04,0.30,-6.00,240
26760,2,85.78,0.32,86.00,0.22,0.41,0.00,-6.90,3.34,0.49,0.30,4.01,3.48,-11.03,0.40,-6.00,240
26780,2,85.83,0.70,86.00,0.17,0.29,0.00,-6.89,3.35,0.17,0.41,4.01,3.48,-11.01,0.29,-6.00,240
26799,2,85.83,0.42,86.00,0.17,0.31,0.00,-6.88,3.37,0.34,0.36,4.01,3.48,-11.00,0.35,-6.00,240
26820,2,85.81,-0.08,86.00,0.19,0.39,0.00,-6.87,3.37,0.29,0.23,4.01,3.48,-10.99,0.26,-6.00,240
26840,2,85.81,-0.14,86.00,0.19,0.39,0.00,-6.86,3.38,0.37,0.22,4.01,3.48,-10.99,0.29,-6.00,240
26860,2,85.78,-0.50,86.00,0.21,0.47,0.00,-6.85,3.39,0.17,0.31,4.01,3.48,-10.98,0.24,-6.00,240
26880,2,85.78,-0.60,86.00,0.22,0.49,0.00,-6.85,3.40,0.14,0.34,4.01,3.48,-10.97,0.24,-6.00,240
26900,2,85.76,-0.66,86.00,0.24,0.53,0.00,-6.84,3.41,0.24,0.20,4.01,3.48,-10.96,0.22,-6.00,240
26920,2,85.77,-0.42,86.00,0.23,0.49,0.00,-6.83,3.41,0.46,0.18,4.01,3.48,-10.96,0.32,-6.00,240
26939,2,85.80,0.09,86.00,0.20,0.39,0.00,-6.81,3.42,0.51,0.28,4.01,3.48,-10.95,0.39,-6.00,240
26960,2,85.75,-0.53,86.00,0.25,0.53,0.00,-6.81,3.43,0.16,0.41,4.01,3.48,-10.94,0.28,-6.00,240
26980,2,85.75,-0.58,86.00,0.24,0.54,0.00,-6.80,3.44,0.14,0.48,4.01,3.48,-10.93,0.31,-6.00,240
27000,2,85.77,-0.27,86.00,0.23,0.48,0.00,-6.79,3.45,0.39,0.22,4.01,3.48,-10.92,0.31,-6.00,240
27020,2,85.88,1.07,86.00,0.12,0.16,0.00,-6.78,3.46,0.64,0.22,4.01,3.48,-10.91,0.43,-6.00,240
27040,2,85.81,0.03,86.00,0.19,0.38,0.00,-6.76,3.47,0.19,0.50,4.01,3.48,-10.90,0.35,-6.00,240
27059,2,85.74,-0.71,86.00,0.25,0.57,0.00,-6.76,3.48,-0.01,0.41,4.01,3.48,-10.89,0.20,-6.00,240
27080,2,85.70,-1.25,86.00,0.30,0.70,0.00,-6.76,3.49,0.17,0.15,4.01,3.48,-10.88,0.16,-6.00,240
27100,2,85.73,-0.45,86.00,0.27,0.58,0.00,-6.75,3.49,0.44,0.10,4.01,3.48,-10.87,0.27,-6.00,240
27120,2,85.80,0.57,86.00,0.20,0.35,0.00,-6.73,3.50,0.60,0.37,4.01,3.48,-10.86,0.48,-6.00,240
27140,2,85.81,0.35,86.00,0.19,0.36,0.00,-6.72,3.52,0.18,0.59,4.01,3.48,-10.85,0.38,-6.00,240
27160,2,85.78,-0.19,86.00,0.22,0.46,0.00,-6.72,3.53,0.27,0.31,4.01,3.48,-10.84,0.29,-6.00,240
27180,2,85.77,-0.18,86.00,0.23,0.47,0.00,-6.71,3.54,0.34,0.18,4.01,3.48,-10.83,0.26,-6.00,240
27199,2,85.81,0.23,86.00,0.19,0.36,0.00,-6.69,3.54,0.60,0.31,4.01,3.48,-10.82,0.46,-6.00,240
27220,2,85.78,-0.46,86.00,0.22,0.47,0.00,-6.68,3.55,0.11,0.33,4.01,3.48,-10.81,0.22,-6.00,240
27240,2,85.74,-1.11,86.00,0.26,0.61,0.00,-6.68,3.56,0.22,0.35,4.01,3.48,-10.80,0.28,-6.00,240
27260,2,85.71,-1.29,86.00,0.29,0.68,0.00,-6.67,3.57,0.32,0.16,4.01,3.48,-10.80,0.24,-6.00,240
27280,2,85.80,0.19,86.00,0.20,0.39,0.00,-6.66,3.58,0.59,0.27,4.01,3.48,-10.79,0.43,-6.00,240
27300,2,85.84,0.65,86.00,0.16,0.27,0.00,-6.64,3.59,0.22,0.44,4.01,3.48,-10.77,0.33,-6.00,240
27319,2,85.81,-0.09,86.00,0.19,0.39,0.00,-6.64,3.60,0.15,0.52,4.01,3.48,-10.76,0.33,-6.00,240
27340,2,85.74,-1.00,86.00,0.26,0.60,0.00,-6.63,3.61,0.20,0.17,4.01,3.48,-10.76,0.19,-6.00,240
27360,2,85.80,0.12,86.00,0.20,0.38,0.00,-6.62,3.62,0.37,0.12,4.01,3.48,-10.75,0.24,-6.00,240
27380,2,85.83,0.42,86.00,0.17,0.31,0.00,-6.61,3.62,0.45,0.34,4.01,3.48,-10.74,0.40,-6.00,240
27400,2,85.79,-0.26,86.00,0.21,0.44,0.00,-6.60,3.64,0.13,0.50,4.01,3.48,-10.73,0.31,-6.00,240
27420,2,85.73,-1.18,86.00,0.27,0.64,0.00,-6.60,3.65,0.20,0.20,4.01,3.48,-10.72,0.20,-6.00,240
27439,2,85.73,-0.82,86.00,0.27,0.60,0.00,-6.59,3.65,0.31,0.04,4.01,3.48,-10.72,0.17,-6.00,240
27460,2,85.81,0.47,86.00,0.19,0.34,0.00,-6.58,3.66,0.62,0.16,4.01,3.48,-10.71,0.39,-6.00,240
27480,2,85.79,0.22,86.00,0.21,0.40,0.00,-6.56,3.67,0.17,0.58,4.01,3.48,-10.69,0.37,-6.00,240
27500,2,85.75,-0.44,86.00,0.25,0.53,0.00,-6.56,3.69,0.15,0.63,4.01,3.48,-10.68,0.39,-6.00,240
27520,2,85.69,-1.29,86.00,0.31,0.73,0.00,-6.55,3.70,0.21,0.15,4.01,3.48,-10.68,0.18,-6.00,240
27540,2,85.74,-0.33,86.00,0.26,0.55,0.00,-6.54,3.70,0.48,0.16,4.01,3.48,-10.67,0.32,-6.00,240
27560,2,85.75,0.01,86.00,0.25,0.49,0.00,-6.52,3.71,0.59,0.42,4.01,3.48,-10.66,0.50,-6.00,240
27579,2,85.72,-0.37,86.00,0.27,0.58,0.00,-6.51,3.72,0.21,0.70,4.01,3.48,-10.64,0.45,-6.00,240
27600,2,85.66,-1.29,86.00,0.34,0.79,0.00,-6.51,3.74,0.31,0.34,4.01,3.48,-10.63,0.33,-6.00,240
27620,2,85.65,-1.20,86.00,0.35,0.80,0.00,-6.50,3.75,0.42,0.22,4.01,3.48,-10.62,0.32,-6.00,240
27640,2,85.65,-0.79,86.00,0.34,0.75,0.00,-6.48,3.75,0.44,0.39,4.01,3.48,-10.61,0.41,-6.00,240
27660,2,85.64,-0.86,86.00,0.36,0.80,0.00,-6.47,3.77,0.52,0.52,4.01,3.48,-10.60,0.52,-6.00,240
27680,2,85.66,-0.53,86.00,0.34,0.72,0.00,-6.45,3.79,0.47,0.55,4.01,3.48,-10.58,0.51,-6.00,240
27699,2,85.66,-0.68,86.00,0.34,0.73,0.00,-6.44,3.80,0.45,0.69,4.01,3.48,-10.56,0.57,-6.00,240
27720,2,85.65,-0.79,86.00,0.35,0.75,0.00,-6.42,3.82,0.62,0.27,4.01,3.48,-10.55,0.44,-6.00,240
27740,2,85.65,-0.79,86.00,0.35,0.76,0.00,-6.41,3.83,0.62,0.51,4.01,3.48,-10.54,0.56,-6.00,240
27760,2,85.62,-1.30,86.00,0.38,0.87,0.00,-6.39,3.85,0.42,0.59,4.01,3.48,-10.52,0.50,-6.00,240
27780,2,85.60,-1.27,86.00,0.40,0.89,0.00,-6.38,3.86,0.45,0.39,4.01,3.48,-10.51,0.42,-6.00,240
27800,2,85.62,-0.68,86.00,0.38,0.81,0.00,-6.36,3.88,0.61,0.62,4.01,3.48,-10.49,0.62,-6.00,240
27820,2,85.62,-0.46,86.00,0.38,0.79,0.00,-6.35,3.89,0.58,0.53,4.01,3.48,-10.47,0.55,-6.00,240
27839,2,85.68,0.39,86.00,0.32,0.60,0.00,-6.33,3.91,0.71,0.57,4.01,3.48,-10.46,0.64,-6.00,240
27860,2,85.68,0.06,86.00,0.32,0.64,0.00,-6.31,3.93,0.37,0.65,4.01,3.48,-10.44,0.51,-6.00,240
27880,2,85.66,-0.27,86.00,0.34,0.69,0.00,-6.30,3.94,0.42,0.38,4.01,3.48,-10.43,0.40,-6.00,240
27900,2,85.64,-0.58,86.00,0.36,0.76,0.00,-6.28,3.95,0.58,0.54,4.01,3.48,-10.41,0.56,-6.00,240
27920,2,85.55,-1.75,86.00,0.45,1.03,0.00,-6.27,3.97,0.39,0.43,4.01,3.48,-10.40,0.41,-6.00,224
27940,2,85.52,-1.86,86.00,0.48,1.12,0.00,-6.26,3.98,0.40,0.30,4.01,3.48,-10.39,0.35,-6.00,224
27959,2,85.59,-0.43,86.00,0.41,0.85,0.00,-6.24,3.99,0.66,0.63,4.01,3.48,-10.37,0.64,-6.00,240
27980,2,85.64,0.24,86.00,0.36,0.70,0.00,-6.22,4.02,0.68,0.75,4.01,3.48,-10.35,0.71,-6.00,240
28000,2,85.72,0.96,86.00,0.28,0.49,0.00,-6.20,4.04,0.77,0.77,4.01,3.48,-10.33,0.77,-6.00,240
28020,2,85.69,-0.05,86.00,0.31,0.63,0.00,-6.19,4.06,0.65,0.57,4.01,3.48,-10.31,0.61,-6.00,240
28040,2,85.60,-1.43,86.00,0.40,0.91,0.00,-6.17,4.07,0.45,0.24,4.01,3.48,-10.30,0.35,-6.00,240
28060,2,85.50,-2.44,86.00,0.50,1.19,0.00,-6.16,4.08,0.21,0.45,4.01,3.48,-10.29,0.33,-6.00,224
28079,2,85.43,-2.83,86.00,0.56,1.36,0.00,-6.15,4.09,0.40,0.54,4.01,3.48,-10.28,0.47,-6.00,224
28100,2,85.45,-1.89,86.00,0.55,1.26,0.00,-6.13,4.11,0.59,0.48,4.01,3.48,-10.26,0.54,-6.00,224
28120,2,85.54,-0.14,86.00,0.46,0.93,0.00,-6.11,4.13,0.82,0.87,4.01,3.48,-10.24,0.84,-6.00,240
28139,2,85.61,0.87,86.00,0.39,0.70,0.00,-6.08,4.15,1.09,0.85,4.01,3.48,-10.21,0.97,-6.00,240
28160,2,85.56,-0.19,86.00,0.44,0.90,0.00,-6.06,4.18,0.68,0.86,4.01,3.48,-10.18,0.77,-6.00,240
28180,2,85.47,-1.43,86.00,0.53,1.17,0.00,-6.04,4.20,0.49,0.67,4.01,3.48,-10.16,0.58,-6.00,224
28200,2,85.33,-3.12,86.00,0.67,1.58,0.00,-6.03,4.22,0.47,0.35,4.01,3.48,-10.15,0.41,-6.00,224
28219,2,85.30,-2.84,86.00,0.70,1.63,0.00,-6.01,4.23,0.71,0.54,4.01,3.48,-10.13,0.62,-6.00,224
28240,2,85.34,-1.48,86.00,0.66,1.43,0.00,-5.98,4.25,0.85,0.93,4.01,3.48,-10.11,0.89,-6.00,224
28260,2,85.40,-0.28,86.00,0.60,1.22,0.00,-5.95,4.28,0.99,1.04,4.01,3.48,-10.08,1.01,-6.00,224
28280,2,85.46,0.48,86.00,0.54,1.05,0.00,-5.92,4.32,1.12,1.02,4.01,3.48,-10.05,1.07,-6.00,224
28300,2,85.47,0.35,86.00,0.53,1.04,0.00,-5.89,4.35,0.88,0.81,4.01,3.48,-10.02,0.85,-6.00,224
28320,2,85.42,-0.72,86.00,0.58,1.22,0.00,-5.87,4.37,0.63,0.89,4.01,3.48,-9.99,0.76,-6.00,224
28339,2,85.32,-2.17,86.00,0.68,1.54,0.00,-5.85,4.39,0.87,0.56,4.01,3.48,-9.97,0.71,-6.00,224
28360,2,85.20,-3.33,86.00,0.80,1.88,0.00,-5.82,4.41,0.46,0.74,4.01,3.48,-9.95,0.60,-6.00,224
28380,2,85.14,-3.33,86.00,0.86,1.98,0.00,-5.80,4.43,1.02,0.83,4.01,3.48,-9.93,0.92,-6.00,224
28400,2,85.17,-2.06,86.00,0.83,1.83,0.00,-5.77,4.47,0.97,1.08,4.01,3.48,-9.90,1.02,-6.00,224
28420,2,85.22,-0.76,86.00,0.78,1.62,0.00,-5.74,4.50,1.14,1.36,4.01,3.48,-9.87,1.25,-6.00,224
28440,2,85.25,-0.11,86.00,0.75,1.50,0.00,-5.70,4.54,1.19,1.35,4.01,3.48,-9.83,1.27,-6.00,224
28460,2,85.23,-0.40,86.00,0.77,1.57,0.00,-5.66,4.58,1.13,1.21,4.01,3.48,-9.79,1.17,-6.00,224
28479,2,85.14,-1.72,86.00,0.86,1.85,0.00,-5.63,4.61,1.07,1.01,4.01,3.48,-9.76,1.04,-6.00,224
28500,2,85.02,-3.09,86.00,0.97,2.20,0.00,-5.60,4.64,1.07,0.98,4.01,3.48,-9.73,1.03,-6.00,224
28520,2,84.96,-3.31,86.00,1.03,2.33,0.00,-5.57,4.67,0.97,0.88,4.01,3.48,-9.70,0.93,-6.00,224
28540,2,84.96,-2.56,86.00,1.04,2.28,0.00,-5.53,4.71,1.20,1.29,4.01,3.48,-9.66,1.24,-6.00,224
28559,2,85.00,-1.34,86.00,1.00,2.11,0.00,-5.49,4.75,1.39,1.46,4.01,3.48,-9.62,1.42,-6.00,224
28580,2,85.02,-0.69,86.00,0.98,2.01,0.00,-5.45,4.79,1.52,1.53,4.01,3.48,-9.57,1.52,-6.00,224
28599,2,84.96,-1.55,86.00,1.04,2.20,0.00,-5.40,4.84,1.48,1.44,4.01,3.48,-9.53,1.46,-6.00,224
28620,2,84.86,-2.67,86.00,1.13,2.48,0.00,-5.36,4.88,1.39,1.28,4.01,3.48,-9.49,1.33,-6.00,224
28640,2,84.73,-4.08,86.00,1.27,2.87,0.00,-5.32,4.92,1.24,1.23,4.01,3.48,-9.45,1.23,-6.00,224
28658,2,84.63,-4.50,86.00,1.37,3.09,0.00,-5.28,4.96,1.48,1.44,4.01,3.48,-9.40,1.46,-6.00,224
28680,2,84.64,-3.47,86.00,1.36,3.01,0.00,-5.23,5.01,1.70,1.63,4.01,3.48,-9.36,1.66,-6.00,224
28699,2,84.67,-2.27,86.00,1.33,2.84,0.00,-5.19,5.05,2.01,1.85,4.01,3.48,-9.32,1.93,-6.00,224
28719,2,84.69,-1.55,86.00,1.31,2.75,0.00,-5.11,5.12,2.02,2.02,4.01,3.48,-9.24,2.02,-6.00,224
28740,2,84.66,-1.81,86.00,1.34,2.83,0.00,-5.05,5.18,1.95,2.09,4.01,3.48,-9.18,2.02,-6.00,224
28760,2,84.52,-3.53,86.00,1.48,3.24,0.00,-5.00,5.24,1.90,1.80,4.01,3.48,-9.12,1.85,-6.00,224
28780,2,84.36,-5.17,86.00,1.64,3.70,0.00,-4.94,5.30,1.89,1.75,4.01,3.48,-9.07,1.82,-6.00,224
28800,2,84.25,-5.40,86.00,1.75,3.93,0.00,-4.89,5.35,1.83,1.93,4.01,3.48,-9.02,1.88,-6.00,224
28820,2,84.21,-4.60,86.00,1.79,3.95,0.00,-4.83,5.41,2.10,2.13,4.01,3.48,-8.96,2.12,-6.00,224
28840,2,84.26,-2.81,86.00,1.74,3.71,0.00,-4.76,5.48,2.40,2.40,4.01,3.48,-8.89,2.40,-6.00,224
28859,2,84.30,-1.66,86.00,1.70,3.52,0.00,-4.68,5.56,2.56,2.61,4.01,3.48,-8.81,2.58,-6.00,224
28880,2,84.24,-2.28,86.00,1.76,3.70,0.00,-4.60,5.64,2.51,2.62,4.01,3.48,-8.73,2.56,-6.00,224
28900,2,84.12,-3.68,86.00,1.88,4.06,0.00,-4.53,5.71,2.35,2.48,4.01,3.48,-8.65,2.41,-6.00,224
28920,2,83.94,-5.46,86.00,2.06,4.56,0.00,-4.45,5.78,2.38,2.35,4.01,3.48,-8.58,2.36,-6.00,224
28940,2,83.80,-6.11,86.00,2.20,4.88,0.00,-4.38,5.85,2.41,2.34,4.01,3.48,-8.51,2.37,-6.00,224
28960,2,83.79,-4.96,86.00,2.21,4.82,0.00,-4.31,5.93,2.74,2.65,4.01,3.48,-8.43,2.69,-6.00,224
28979,2,83.79,-3.77,86.00,2.21,4.71,0.00,-4.22,6.02,3.13,2.97,4.01,3.48,-8.35,3.05,-6.00,224
29000,2,83.77,-3.32,86.00,2.23,4.72,0.00,-4.12,6.11,3.18,3.18,4.01,3.48,-8.25,3.18,-6.00,224
29020,2,83.70,-3.64,86.00,2.29,4.88,0.00,-4.03,6.21,3.09,3.15,4.01,3.48,-8.16,3.12,-6.00,224
29040,2,83.58,-4.77,86.00,2.42,5.23,0.00,-3.94,6.30,3.04,3.07,4.01,3.48,-8.06,3.06,-6.00,224
29060,2,83.42,-6.04,86.00,2.58,5.64,0.00,-3.84,6.40,3.23,3.02,4.01,3.48,-7.97,3.13,-6.00,224
29080,2,83.25,-7.14,86.00,2.75,6.06,0.00,-3.74,6.49,3.18,3.23,4.01,3.48,-7.87,3.20,-6.00,224
29100,2,83.12,-7.32,86.00,2.87,6.33,0.00,-3.64,6.59,3.39,3.43,4.01,3.48,-7.77,3.41,-6.00,224
29118,2,83.08,-6.28,86.00,2.92,6.33,0.00,-3.54,6.70,3.66,3.76,4.01,3.48,-7.66,3.71,-6.00,224
29140,2,83.07,-5.25,86.00,2.93,6.28,0.00,-3.42,6.82,4.09,4.05,4.01,3.48,-7.55,4.07,-6.00,224
29160,2,83.00,-5.25,86.00,3.00,6.43,0.00,-3.32,6.91,4.18,4.15,4.01,3.48,-7.45,4.17,-6.00,224
29180,2,82.87,-6.01,86.00,3.13,6.75,0.00,-3.17,7.07,4.08,4.16,4.01,3.48,-7.30,4.12,-6.00,224
29200,2,82.66,-7.75,86.00,3.34,7.30,0.00,-3.04,7.19,4.18,4.05,4.01,3.48,-7.17,4.12,-6.00,224
29220,2,82.45,-9.07,86.00,3.55,7.82,0.00,-2.92,7.32,4.29,4.13,4.01,3.48,-7.05,4.21,-6.00,224
29239,2,82.29,-9.21,86.00,3.70,8.15,0.00,-2.79,7.45,4.40,4.46,4.01,3.48,-6.92,4.43,-6.00,224
29260,2,82.21,-8.34,86.00,3.79,8.25,0.00,-2.65,7.59,4.81,4.88,4.01,3.48,-6.78,4.85,-6.00,224
29280,2,82.17,-7.07,86.00,3.82,8.21,0.00,-2.50,7.74,5.15,5.10,4.01,3.48,-6.62,5.13,-6.00,224
29300,2,82.11,-6.62,86.00,3.89,8.31,0.00,-2.34,7.90,5.31,5.32,4.01,3.48,-6.47,5.32,-6.00,224
[Balance] --- End of log ---
