Nm | tmp=25.0C | err=0x00
[Motor] ID= 2 ON  | pos=   3.55 (raw=  3.55 off=  0.00) | vel=   0.1 rad/s (    1 RPM) | trq=-0.00 Nm | tmp=26.0C | err=0x00
[VBUS] 22.9V  [Current] 0.00A
[CAN] state=1 tx_err=0 rx_err=0 hw_tx_fail=0 rx_miss=24097 arb_lost=16577 bus_err=0
[CAN] our_tx_ok=53858 our_tx_fail=0 our_rx=29760
==================================================
[Balance] --- Log dump (147278 bytes, 1582 samples) ---
t_ms,state,roll,roll_rate,setpoint,angle_err,motor_vel,vel_integ,bl_pos,br_pos,bl_vel,br_vel,arm_l,arm_r,meas_drift,meas_vel,pos_shift,flags
20,1,-1.98,-0.13,0.00,0.00,0.00,0.00,0.08,4.66,0.03,0.02,3.91,3.55,0.00,0.00,0.00,0
39,1,-1.98,-0.15,0.00,0.00,0.00,0.00,0.08,4.66,0.03,0.02,3.91,3.55,0.00,0.00,0.00,0
59,1,-1.98,-0.14,0.00,0.00,0.00,0.00,0.08,4.66,0.03,-0.03,3.92,3.55,0.00,0.00,0.00,0
80,1,-1.98,-0.07,0.00,0.00,0.00,0.00,0.08,4.66,0.05,-0.03,3.93,3.56,0.00,0.00,0.00,0
100,1,-1.96,0.18,0.00,0.00,0.00,0.00,0.08,4.66,0.05,-0.03,3.94,3.57,0.00,0.00,0.00,0
118,1,-1.90,1.00,0.00,0.00,0.00,0.00,0.08,4.66,0.05,-0.03,3.95,3.58,0.00,0.00,0.00,0
140,1,-1.81,2.17,0.00,0.00,0.00,0.00,0.08,4.66,0.05,-0.03,3.96,3.59,0.00,0.00,0.00,0
159,1,-1.70,2.92,0.00,0.00,0.00,0.00,0.08,4.66,0.05,-0.03,3.98,3.60,0.00,0.00,0.00,0
180,1,-1.59,3.57,0.00,0.00,0.00,0.00,0.08,4.66,0.05,-0.03,3.99,3.61,0.00,0.00,0.00,0
199,1,-1.47,4.17,0.00,0.00,0.00,0.00,0.08,4.66,0.05,-0.03,4.01,3.62,0.00,0.00,0.00,0
220,1,-1.36,4.74,0.00,0.00,0.00,0.00,0.08,4.66,0.05,0.00,4.02,3.63,0.00,0.00,0.00,0
238,1,-1.18,6.06,0.00,0.00,0.00,0.00,0.08,4.66,0.03,0.00,4.03,3.64,0.00,0.00,0.00,0
260,1,-0.91,8.32,0.00,0.00,0.00,0.00,0.08,4.66,0.03,0.00,4.05,3.65,0.00,0.00,0.00,0
279,1,-0.52,11.78,0.00,0.00,0.00,0.00,0.08,4.66,0.03,0.00,4.06,3.66,0.00,0.00,0.00,0
300,1,-0.07,15.05,0.00,0.00,0.00,0.00,0.08,4.66,0.03,0.00,4.07,3.67,0.00,0.00,0.00,0
319,1,0.39,17.45,0.00,0.00,0.00,0.00,0.08,4.66,0.03,0.00,4.09,3.68,0.00,0.00,0.00,0
340,1,0.84,18.73,0.00,0.00,0.00,0.00,0.08,4.66,0.03,0.00,4.10,3.70,0.00,0.00,0.00,0
359,1,1.25,19.21,0.00,0.00,0.00,0.00,0.08,4.66,0.03,0.00,4.12,3.71,0.00,0.00,0.00,0
380,1,1.66,19.62,0.00,0.00,0.00,0.00,0.08,4.66,0.03,0.01,4.13,3.72,0.00,0.00,0.00,0
399,1,2.09,20.12,0.00,0.00,0.00,0.00,0.09,4.66,0.01,0.01,4.14,3.73,0.00,0.00,0.00,0
420,1,2.54,20.89,0.00,0.00,0.00,0.00,0.09,4.66,0.01,0.01,4.16,3.74,0.00,0.00,0.00,0
439,1,3.01,21.62,0.00,0.00,0.00,0.00,0.09,4.66,0.01,0.01,4.17,3.76,0.00,0.00,0.00,0
460,1,3.49,22.34,0.00,0.00,0.00,0.00,0.09,4.66,0.01,0.01,4.18,3.77,0.00,0.00,0.00,0
479,1,3.98,22.98,0.00,0.00,0.00,0.00,0.09,4.66,0.01,0.01,4.20,3.78,0.00,0.00,0.00,0
499,1,4.47,23.52,0.00,0.00,0.00,0.00,0.09,4.66,0.01,0.01,4.21,3.79,0.00,0.00,0.00,0
520,1,4.97,23.82,0.00,0.00,0.00,0.00,0.09,4.66,0.01,0.01,4.23,3.80,0.00,0.00,0.00,0
540,1,5.45,23.96,0.00,0.00,0.00,0.00,0.09,4.66,0.01,-0.02,4.24,3.82,0.00,0.00,0.00,0
559,1,5.95,24.13,0.00,0.00,0.00,0.00,0.09,4.66,0.00,-0.02,4.25,3.83,0.00,0.00,0.00,0
580,1,6.46,24.51,0.00,0.00,0.00,0.00,0.09,4.66,0.00,-0.02,4.27,3.84,0.00,0.00,0.00,0
599,1,6.98,24.91,0.00,0.00,0.00,0.00,0.09,4.66,0.00,-0.02,4.28,3.86,0.00,0.00,0.00,0
619,1,7.50,25.29,0.00,0.00,0.00,0.00,0.09,4.66,0.00,-0.02,4.29,3.87,0.00,0.00,0.00,0
640,1,8.03,25.55,0.00,0.00,0.00,0.00,0.09,4.66,0.00,-0.02,4.31,3.88,0.00,0.00,0.00,0
660,1,8.57,25.82,0.00,0.00,0.00,0.00,0.09,4.66,0.00,-0.02,4.32,3.90,0.00,0.00,0.00,0
679,1,9.10,26.03,0.00,0.00,0.00,0.00,0.09,4.66,0.00,-0.02,4.34,3.91,0.00,0.00,0.00,0
700,1,9.63,26.16,0.00,0.00,0.00,0.00,0.09,4.66,0.00,-0.00,4.35,3.92,0.00,0.00,0.00,0
719,1,10.15,26.07,0.00,0.00,0.00,0.00,0.09,4.66,0.02,-0.00,4.37,3.94,0.00,0.00,0.00,0
740,1,10.66,26.05,0.00,0.00,0.00,0.00,0.09,4.66,0.02,-0.00,4.38,3.95,0.00,0.00,0.00,0
758,1,11.20,26.34,0.00,0.00,0.00,0.00,0.09,4.66,0.02,-0.00,4.40,3.96,0.00,0.00,0.00,0
780,1,11.73,26.46,0.00,0.00,0.00,0.00,0.09,4.66,0.02,-0.00,4.41,3.98,0.00,0.00,0.00,0
799,1,12.28,26.72,0.00,0.00,0.00,0.00,0.09,4.66,0.02,-0.00,4.42,3.99,0.00,0.00,0.00,0
820,1,12.83,26.82,0.00,0.00,0.00,0.00,0.09,4.66,0.02,-0.00,4.44,4.00,0.00,0.00,0.00,0
839,1,13.37,26.95,0.00,0.00,0.00,0.00,0.09,4.66,0.02,-0.00,4.45,4.02,0.00,0.00,0.00,0
860,1,13.92,27.12,0.00,0.00,0.00,0.00,0.09,4.66,0.02,-0.01,4.47,4.03,0.00,0.00,0.00,0
879,1,14.47,27.16,0.00,0.00,0.00,0.00,0.09,4.66,-0.03,-0.01,4.48,4.05,0.00,0.00,0.00,0
900,1,15.03,27.28,0.00,0.00,0.00,0.00,0.09,4.66,-0.03,-0.01,4.49,4.06,0.00,0.00,0.00,0
919,1,15.59,27.54,0.00,0.00,0.00,0.00,0.09,4.66,-0.03,-0.01,4.51,4.07,0.00,0.00,0.00,0
940,1,16.16,27.76,0.00,0.00,0.00,0.00,0.09,4.66,-0.03,-0.01,4.52,4.09,0.00,0.00,0.00,0
959,1,16.72,27.89,0.00,0.00,0.00,0.00,0.09,4.66,-0.03,-0.01,4.54,4.10,0.00,0.00,0.00,0
980,1,17.29,27.96,0.00,0.00,0.00,0.00,0.09,4.66,-0.03,-0.01,4.55,4.11,0.00,0.00,0.00,0
999,1,17.86,28.05,0.00,0.00,0.00,0.00,0.09,4.66,-0.03,-0.01,4.56,4.13,0.00,0.00,0.00,0
1019,1,18.42,28.12,0.00,0.00,0.00,0.00,0.09,4.66,-0.03,0.05,4.58,4.14,0.00,0.00,0.00,0
1040,1,18.99,28.22,0.00,0.00,0.00,0.00,0.09,4.66,0.00,0.05,4.59,4.16,0.00,0.00,0.00,0
1060,1,19.56,28.27,0.00,0.00,0.00,0.00,0.09,4.66,0.00,0.05,4.61,4.17,0.00,0.00,0.00,0
1079,1,20.13,28.28,0.00,0.00,0.00,0.00,0.09,4.66,0.00,0.05,4.62,4.18,0.00,0.00,0.00,0
1100,1,20.70,28.37,0.00,0.00,0.00,0.00,0.09,4.66,0.00,0.05,4.64,4.20,0.00,0.00,0.00,0
1119,1,21.28,28.48,0.00,0.00,0.00,0.00,0.09,4.66,0.00,0.05,4.65,4.21,0.00,0.00,0.00,0
1139,1,21.86,28.50,0.00,0.00,0.00,0.00,0.09,4.66,0.00,0.05,4.66,4.23,0.00,0.00,0.00,0
1160,1,22.44,28.66,0.00,0.00,0.00,0.00,0.09,4.66,0.00,0.05,4.68,4.24,0.00,0.00,0.00,0
1180,1,23.02,28.87,0.00,0.00,0.00,0.00,0.09,4.66,0.00,-0.01,4.69,4.25,0.00,0.00,0.00,0
1199,1,23.62,29.13,0.00,0.00,0.00,0.00,0.09,4.66,0.01,-0.01,4.71,4.27,0.00,0.00,0.00,0
1220,1,24.21,29.24,0.00,0.00,0.00,0.00,0.09,4.66,0.01,-0.01,4.72,4.28,0.00,0.00,0.00,0
1239,1,24.81,29.39,0.00,0.00,0.00,0.00,0.09,4.66,0.01,-0.01,4.73,4.30,0.00,0.00,0.00,0
1259,1,25.41,29.52,0.00,0.00,0.00,0.00,0.09,4.66,0.01,-0.01,4.75,4.31,0.00,0.00,0.00,0
1279,1,26.00,29.46,0.00,0.00,0.00,0.00,0.09,4.66,0.01,-0.01,4.76,4.32,0.00,0.00,0.00,0
1300,1,26.59,29.35,0.00,0.00,0.00,0.00,0.09,4.66,0.01,-0.01,4.78,4.34,0.00,0.00,0.00,0
1319,1,27.17,29.20,0.00,0.00,0.00,0.00,0.09,4.66,0.01,-0.01,4.79,4.35,0.00,0.00,0.00,0
1340,1,27.74,28.79,0.00,0.00,0.00,0.00,0.09,4.67,0.01,0.01,4.80,4.36,0.00,0.00,0.00,0
1359,1,28.28,28.14,0.00,0.00,0.00,0.00,0.08,4.67,0.00,0.01,4.82,4.38,0.00,0.00,0.00,0
1380,1,28.78,26.81,0.00,0.00,0.00,0.00,0.08,4.67,0.00,0.01,4.83,4.39,0.00,0.00,0.00,0
1398,1,29.23,25.18,0.00,0.00,0.00,0.00,0.08,4.67,0.00,0.01,4.85,4.40,0.00,0.00,0.00,0
1420,1,29.63,23.33,0.00,0.00,0.00,0.00,0.08,4.67,0.00,0.01,4.86,4.41,0.00,0.00,0.00,0
1439,1,30.01,22.01,0.00,0.00,0.00,0.00,0.08,4.67,0.00,0.01,4.88,4.42,0.00,0.00,0.00,0
1459,1,30.39,21.16,0.00,0.00,0.00,0.00,0.08,4.67,0.00,0.01,4.89,4.42,0.00,0.00,0.00,0
1480,1,30.80,20.85,0.00,0.00,0.00,0.00,0.08,4.67,0.00,0.01,4.90,4.43,0.00,0.00,0.00,0
1500,1,31.20,20.73,0.00,0.00,0.00,0.00,0.08,4.67,0.00,0.04,4.92,4.44,0.00,0.00,0.00,0
1518,1,31.60,20.59,0.00,0.00,0.00,0.00,0.08,4.67,-0.01,0.04,4.93,4.45,0.00,0.00,0.00,0
1540,1,32.00,20.39,0.00,0.00,0.00,0.00,0.08,4.67,-0.01,0.04,4.94,4.46,0.00,0.00,0.00,0
1559,1,32.41,20.24,0.00,0.00,0.00,0.00,0.08,4.67,-0.01,0.04,4.96,4.47,0.00,0.00,0.00,0
1580,1,32.80,20.05,0.00,0.00,0.00,0.00,0.08,4.67,-0.01,0.04,4.97,4.48,0.00,0.00,0.00,0
1599,1,33.20,19.85,0.00,0.00,0.00,0.00,0.08,4.67,-0.01,0.04,4.99,4.49,0.00,0.00,0.00,0
1620,1,33.58,19.66,0.00,0.00,0.00,0.00,0.08,4.67,-0.01,0.04,5.00,4.50,0.00,0.00,0.00,0
1639,1,33.97,19.53,0.00,0.00,0.00,0.00,0.08,4.67,-0.01,0.04,5.02,4.51,0.00,0.00,0.00,0
1659,1,34.35,19.23,0.00,0.00,0.00,0.00,0.08,4.67,-0.01,-0.05,5.03,4.52,0.00,0.00,0.00,0
1680,1,34.72,19.04,0.00,0.00,0.00,0.00,0.08,4.67,0.02,-0.05,5.04,4.52,0.00,0.00,0.00,0
1699,1,35.09,18.79,0.00,0.00,0.00,0.00,0.08,4.67,0.02,-0.05,5.06,4.53,0.00,0.00,0.00,0
1720,1,35.47,18.78,0.00,0.00,0.00,0.00,0.08,4.67,0.02,-0.05,5.07,4.54,0.00,0.00,0.00,0
1740,1,35.85,18.73,0.00,0.00,0.00,0.00,0.08,4.67,0.02,-0.05,5.09,4.55,0.00,0.00,0.00,0
1759,1,36.23,18.66,0.00,0.00,0.00,0.00,0.08,4.67,0.02,-0.05,5.10,4.56,0.00,0.00,0.00,0
1780,1,36.60,18.49,0.00,0.00,0.00,0.00,0.08,4.67,0.02,-0.05,5.11,4.57,0.00,0.00,0.00,0
1799,1,36.97,18.37,0.00,0.00,0.00,0.00,0.08,4.67,0.02,-0.05,5.13,4.58,0.00,0.00,0.00,0
1820,1,37.33,18.14,0.00,0.00,0.00,0.00,0.08,4.67,0.02,-0.02,5.14,4.58,0.00,0.00,0.00,0
1839,1,37.69,17.94,0.00,0.00,0.00,0.00,0.08,4.67,0.01,-0.02,5.15,4.59,0.00,0.00,0.00,0
1860,1,38.06,17.82,0.00,0.00,0.00,0.00,0.08,4.67,0.01,-0.02,5.16,4.60,0.00,0.00,0.00,0
1880,1,38.41,17.68,0.00,0.00,0.00,0.00,0.08,4.67,0.01,-0.02,5.18,4.61,0.00,0.00,0.00,0
1898,1,38.76,17.44,0.00,0.00,0.00,0.00,0.08,4.67,0.01,-0.02,5.19,4.61,0.00,0.00,0.00,0
1920,1,39.10,17.21,0.00,0.00,0.00,0.00,0.08,4.67,0.01,-0.02,5.20,4.62,0.00,0.00,0.00,0
1940,1,39.44,16.99,0.00,0.00,0.00,0.00,0.08,4.67,0.01,-0.02,5.22,4.63,0.00,0.00,0.00,0
1959,1,39.78,16.90,0.00,0.00,0.00,0.00,0.08,4.67,0.01,-0.02,5.23,4.64,0.00,0.00,0.00,0
1980,1,40.12,16.85,0.00,0.00,0.00,0.00,0.08,4.67,0.01,0.01,5.24,4.64,0.00,0.00,0.00,0
1999,1,40.47,16.84,0.00,0.00,0.00,0.00,0.08,4.67,0.01,0.01,5.25,4.65,0.00,0.00,0.00,0
2020,1,40.81,16.80,0.00,0.00,0.00,0.00,0.08,4.67,0.01,0.01,5.26,4.66,0.00,0.00,0.00,0
2038,1,41.16,16.78,0.00,0.00,0.00,0.00,0.08,4.67,0.01,0.01,5.28,4.67,0.00,0.00,0.00,0
2060,1,41.50,16.72,0.00,0.00,0.00,0.00,0.08,4.67,0.01,0.01,5.29,4.67,0.00,0.00,0.00,0
2079,1,41.84,16.62,0.00,0.00,0.00,0.00,0.08,4.67,0.01,0.01,5.30,4.68,0.00,0.00,0.00,0
2100,1,42.17,16.40,0.00,0.00,0.00,0.00,0.08,4.67,0.01,0.01,5.31,4.69,0.00,0.00,0.00,0
2119,1,42.50,16.18,0.00,0.00,0.00,0.00,0.08,4.67,0.01,0.01,5.32,4.70,0.00,0.00,0.00,0
2140,1,42.81,15.85,0.00,0.00,0.00,0.00,0.08,4.67,0.01,0.03,5.33,4.70,0.00,0.00,0.00,0
2158,1,43.13,15.75,0.00,0.00,0.00,0.00,0.08,4.67,-0.04,0.03,5.34,4.71,0.00,0.00,0.00,0
2180,1,43.44,15.65,0.00,0.00,0.00,0.00,0.08,4.67,-0.04,0.03,5.35,4.72,0.00,0.00,0.00,0
2199,1,43.75,15.58,0.00,0.00,0.00,0.00,0.08,4.67,-0.04,0.03,5.37,4.72,0.00,0.00,0.00,0
2220,1,44.07,15.51,0.00,0.00,0.00,0.00,0.08,4.67,-0.04,0.03,5.38,4.73,0.00,0.00,0.00,0
2239,1,44.38,15.54,0.00,0.00,0.00,0.00,0.08,4.67,-0.04,0.03,5.39,4.74,0.00,0.00,0.00,0
2260,1,44.70,15.37,0.00,0.00,0.00,0.00,0.08,4.67,-0.04,0.03,5.40,4.74,0.00,0.00,0.00,0
2279,1,45.00,15.07,0.00,0.00,0.00,0.00,0.08,4.67,-0.04,0.03,5.41,4.75,0.00,0.00,0.00,0
2300,1,45.29,14.83,0.00,0.00,0.00,0.00,0.08,4.67,-0.04,-0.07,5.42,4.75,0.00,0.00,0.00,0
2319,1,45.58,14.69,0.00,0.00,0.00,0.00,0.09,4.67,-0.01,-0.07,5.43,4.76,0.00,0.00,0.00,0
2340,1,45.88,14.70,0.00,0.00,0.00,0.00,0.09,4.67,-0.01,-0.07,5.44,4.77,0.00,0.00,0.00,0
2359,1,46.19,14.86,0.00,0.00,0.00,0.00,0.09,4.67,-0.01,-0.07,5.45,4.77,0.00,0.00,0.00,0
2380,1,46.50,14.96,0.00,0.00,0.00,0.00,0.09,4.67,-0.01,-0.07,5.46,4.78,0.00,0.00,0.00,0
2399,1,46.81,14.90,0.00,0.00,0.00,0.00,0.09,4.67,-0.01,-0.07,5.47,4.79,0.00,0.00,0.00,0
2419,1,47.10,14.67,0.00,0.00,0.00,0.00,0.09,4.67,-0.01,-0.07,5.48,4.79,0.00,0.00,0.00,0
2440,1,47.39,14.36,0.00,0.00,0.00,0.00,0.09,4.67,-0.01,-0.07,5.49,4.80,0.00,0.00,0.00,0
2460,1,47.66,14.04,0.00,0.00,0.00,0.00,0.09,4.67,-0.01,-0.01,5.50,4.80,0.00,0.00,0.00,0
2478,1,47.94,13.79,0.00,0.00,0.00,0.00,0.08,4.67,-0.06,-0.01,5.51,4.81,0.00,0.00,0.00,0
2500,1,48.20,13.61,0.00,0.00,0.00,0.00,0.08,4.67,-0.06,-0.01,5.52,4.82,0.00,0.00,0.00,0
2519,1,48.47,13.61,0.00,0.00,0.00,0.00,0.08,4.67,-0.06,-0.01,5.53,4.82,0.00,0.00,0.00,0
2539,1,48.76,13.75,0.00,0.00,0.00,0.00,0.08,4.67,-0.06,-0.01,5.54,4.83,0.00,0.00,0.00,0
2560,1,49.05,13.93,0.00,0.00,0.00,0.00,0.08,4.67,-0.06,-0.01,5.55,4.83,0.00,0.00,0.00,0
2580,1,49.34,13.94,0.00,0.00,0.00,0.00,0.08,4.67,-0.06,-0.01,5.55,4.84,0.00,0.00,0.00,0
2600,1,49.63,13.80,0.00,0.00,0.00,0.00,0.08,4.67,-0.06,-0.01,5.56,4.85,0.00,0.00,0.00,0
2619,1,49.90,13.51,0.00,0.00,0.00,0.00,0.08,4.67,-0.06,0.01,5.57,4.85,0.00,0.00,0.00,0
2640,1,50.16,13.16,0.00,0.00,0.00,0.00,0.09,4.67,0.02,0.01,5.58,4.86,0.00,0.00,0.00,0
2660,1,50.42,12.83,0.00,0.00,0.00,0.00,0.09,4.67,0.02,0.01,5.59,4.86,0.00,0.00,0.00,0
2678,1,50.67,12.69,0.00,0.00,0.00,0.00,0.09,4.67,0.02,0.01,5.60,4.87,0.00,0.00,0.00,0
2700,1,50.93,12.59,0.00,0.00,0.00,0.00,0.09,4.67,0.02,0.01,5.61,4.87,0.00,0.00,0.00,0
2719,1,51.19,12.61,0.00,0.00,0.00,0.00,0.09,4.67,0.02,0.01,5.62,4.88,0.00,0.00,0.00,0
2740,1,51.45,12.71,0.00,0.00,0.00,0.00,0.09,4.67,0.02,0.01,5.62,4.88,0.00,0.00,0.00,0
2759,1,51.72,12.89,0.00,0.00,0.00,0.00,0.09,4.67,0.02,0.01,5.63,4.89,0.00,0.00,0.00,0
2780,1,52.00,12.99,0.00,0.00,0.00,0.00,0.09,4.66,0.02,0.01,5.64,4.89,0.00,0.00,0.00,0
2799,1,52.27,13.06,0.00,0.00,0.00,0.00,0.09,4.66,0.01,0.01,5.65,4.90,0.00,0.00,0.00,0
2820,1,52.53,12.90,0.00,0.00,0.00,0.00,0.09,4.66,0.01,0.01,5.66,4.90,0.00,0.00,0.00,0
2839,1,52.79,12.72,0.00,0.00,0.00,0.00,0.09,4.66,0.01,0.01,5.67,4.91,0.00,0.00,0.00,0
2860,1,53.05,12.51,0.00,0.00,0.00,0.00,0.09,4.66,0.01,0.01,5.67,4.91,0.00,0.00,0.00,0
2879,1,53.29,12.28,0.00,0.00,0.00,0.00,0.09,4.66,0.01,0.01,5.68,4.92,0.00,0.00,0.00,0
2900,1,53.53,12.00,0.00,0.00,0.00,0.00,0.09,4.66,0.01,0.01,5.69,4.92,0.00,0.00,0.00,0
2919,1,53.76,11.72,0.00,0.00,0.00,0.00,0.09,4.66,0.01,0.01,5.70,4.93,0.00,0.00,0.00,0
2939,1,53.99,11.61,0.00,0.00,0.00,0.00,0.09,4.66,0.01,-0.02,5.70,4.93,0.00,0.00,0.00,0
2960,1,54.23,11.58,0.00,0.00,0.00,0.00,0.09,4.66,-0.03,-0.02,5.71,4.94,0.00,0.00,0.00,0
2980,1,54.47,11.63,0.00,0.00,0.00,0.00,0.09,4.66,-0.03,-0.02,5.72,4.94,0.00,0.00,0.00,0
3000,1,54.72,11.74,0.00,0.00,0.00,0.00,0.09,4.66,-0.03,-0.02,5.73,4.95,0.00,0.00,0.00,0
3019,1,54.96,11.80,0.00,0.00,0.00,0.00,0.09,4.66,-0.03,-0.02,5.73,4.95,0.00,0.00,0.00,0
3040,1,55.22,11.74,0.00,0.00,0.00,0.00,0.09,4.66,-0.03,-0.02,5.74,4.95,0.00,0.00,0.00,0
3058,1,55.45,11.51,0.00,0.00,0.00,0.00,0.09,4.66,-0.03,-0.02,5.75,4.96,0.00,0.00,0.00,0
3080,1,55.68,11.25,0.00,0.00,0.00,0.00,0.09,4.66,-0.03,-0.02,5.76,4.96,0.00,0.00,0.00,0
3100,1,55.90,10.94,0.00,0.00,0.00,0.00,0.09,4.66,-0.03,-0.05,5.76,4.97,0.00,0.00,0.00,0
3119,1,56.11,10.75,0.00,0.00,0.00,0.00,0.09,4.66,0.01,-0.05,5.77,4.97,0.00,0.00,0.00,0
3140,1,56.32,10.60,0.00,0.00,0.00,0.00,0.09,4.66,0.01,-0.05,5.78,4.98,0.00,0.00,0.00,0
3159,1,56.53,10.49,0.00,0.00,0.00,0.00,0.09,4.66,0.01,-0.05,5.78,4.98,0.00,0.00,0.00,0
3179,1,56.75,10.46,0.00,0.00,0.00,0.00,0.09,4.66,0.01,-0.05,5.79,4.99,0.00,0.00,0.00,0
3200,1,56.98,10.75,0.00,0.00,0.00,0.00,0.09,4.66,0.01,-0.05,5.80,4.99,0.00,0.00,0.00,0
3220,1,57.21,10.96,0.00,0.00,0.00,0.00,0.09,4.66,0.01,-0.05,5.81,4.99,0.00,0.00,0.00,0
3239,1,57.45,11.11,0.00,0.00,0.00,0.00,0.09,4.66,0.01,-0.05,5.81,5.00,0.00,0.00,0.00,0
3260,1,57.68,11.07,0.00,0.00,0.00,0.00,0.09,4.66,0.01,0.05,5.82,5.00,0.00,0.00,0.00,0
3279,1,57.91,10.94,0.00,0.00,0.00,0.00,0.09,4.66,-0.05,0.05,5.83,5.01,0.00,0.00,0.00,0
3300,1,58.13,10.73,0.00,0.00,0.00,0.00,0.09,4.66,-0.05,0.05,5.83,5.01,0.00,0.00,0.00,0
3318,1,58.34,10.45,0.00,0.00,0.00,0.00,0.09,4.66,-0.05,0.05,5.84,5.01,0.00,0.00,0.00,0
3340,1,58.54,10.20,0.00,0.00,0.00,0.00,0.09,4.66,-0.05,0.05,5.84,5.02,0.00,0.00,0.00,0
3359,1,58.73,10.01,0.00,0.00,0.00,0.00,0.09,4.66,-0.05,0.05,5.85,5.02,0.00,0.00,0.00,0
3380,1,58.93,9.88,0.00,0.00,0.00,0.00,0.09,4.66,-0.05,0.05,5.86,5.03,0.00,0.00,0.00,0
3400,1,59.13,9.85,0.00,0.00,0.00,0.00,0.09,4.66,-0.05,0.05,5.86,5.03,0.00,0.00,0.00,0
3419,1,59.34,9.87,0.00,0.00,0.00,0.00,0.09,4.66,-0.05,0.03,5.87,5.03,0.00,0.00,0.00,0
3439,1,59.55,9.85,0.00,0.00,0.00,0.00,0.09,4.66,-0.02,0.03,5.87,5.04,0.00,0.00,0.00,0
3460,1,59.75,9.79,0.00,0.00,0.00,0.00,0.09,4.66,-0.02,0.03,5.88,5.04,0.00,0.00,0.00,0
3479,1,59.95,9.76,0.00,0.00,0.00,0.00,0.09,4.66,-0.02,0.03,5.89,5.04,0.00,0.00,0.00,0
3500,1,60.15,9.67,0.00,0.00,0.00,0.00,0.09,4.66,-0.02,0.03,5.89,5.05,0.00,0.00,0.00,0
3519,1,60.34,9.61,0.00,0.00,0.00,0.00,0.09,4.66,-0.02,0.03,5.90,5.05,0.00,0.00,0.00,0
3540,1,60.54,9.48,0.00,0.00,0.00,0.00,0.09,4.66,-0.02,0.03,5.90,5.06,0.00,0.00,0.00,0
3559,1,60.73,9.39,0.00,0.00,0.00,0.00,0.09,4.66,-0.02,0.03,5.91,5.06,0.00,0.00,0.00,0
3579,1,60.92,9.30,0.00,0.00,0.00,0.00,0.09,4.66,-0.02,-0.00,5.92,5.06,0.00,0.00,0.00,0
3600,1,61.11,9.28,0.00,0.00,0.00,0.00,0.09,4.66,0.00,-0.00,5.92,5.07,0.00,0.00,0.00,0
3620,1,61.30,9.32,0.00,0.00,0.00,0.00,0.09,4.66,0.00,-0.00,5.93,5.07,0.00,0.00,0.00,0
3639,1,61.50,9.32,0.00,0.00,0.00,0.00,0.09,4.66,0.00,-0.00,5.93,5.07,0.00,0.00,0.00,0
3660,1,61.69,9.33,0.00,0.00,0.00,0.00,0.09,4.66,0.00,-0.00,5.94,5.08,0.00,0.00,0.00,0
3679,1,61.88,9.28,0.00,0.00,0.00,0.00,0.09,4.66,0.00,-0.00,5.94,5.08,0.00,0.00,0.00,0
3700,1,62.07,9.09,0.00,0.00,0.00,0.00,0.09,4.66,0.00,-0.00,5.95,5.08,0.00,0.00,0.00,0
3719,1,62.25,8.94,0.00,0.00,0.00,0.00,0.09,4.66,0.00,-0.00,5.95,5.09,0.00,0.00,0.00,0
3740,1,62.42,8.71,0.00,0.00,0.00,0.00,0.09,4.66,0.00,0.00,5.96,5.09,0.00,0.00,0.00,0
3759,1,62.60,8.61,0.00,0.00,0.00,0.00,0.09,4.66,0.05,0.00,5.97,5.09,0.00,0.00,0.00,0
3780,1,62.77,8.50,0.00,0.00,0.00,0.00,0.09,4.66,0.05,0.00,5.97,5.10,0.00,0.00,0.00,0
3800,1,62.94,8.47,0.00,0.00,0.00,0.00,0.09,4.66,0.05,0.00,5.98,5.10,0.00,0.00,0.00,0
3818,1,63.11,8.47,0.00,0.00,0.00,0.00,0.09,4.66,0.05,0.00,5.98,5.10,0.00,0.00,0.00,0
3840,1,63.29,8.47,0.00,0.00,0.00,0.00,0.09,4.66,0.05,0.00,5.99,5.11,0.00,0.00,0.00,0
3860,1,63.47,8.46,0.00,0.00,0.00,0.00,0.09,4.66,0.05,0.00,5.99,5.11,0.00,0.00,0.00,0
3879,1,63.65,8.48,0.00,0.00,0.00,0.00,0.09,4.66,0.05,0.00,6.00,5.11,0.00,0.00,0.00,0
3900,1,63.82,8.41,0.00,0.00,0.00,0.00,0.09,4.66,0.05,0.01,6.00,5.12,0.00,0.00,0.00,0
3919,1,63.99,8.41,0.00,0.00,0.00,0.00,0.09,4.66,-0.01,0.01,6.01,5.12,0.00,0.00,0.00,0
3940,1,64.17,8.41,0.00,0.00,0.00,0.00,0.09,4.66,-0.01,0.01,6.01,5.12,0.00,0.00,0.00,0
3958,1,64.35,8.35,0.00,0.00,0.00,0.00,0.09,4.66,-0.01,0.01,6.02,5.12,0.00,0.00,0.00,0
3980,1,64.52,8.25,0.00,0.00,0.00,0.00,0.09,4.66,-0.01,0.01,6.02,5.13,0.00,0.00,0.00,0
4000,1,64.69,8.19,0.00,0.00,0.00,0.00,0.09,4.66,-0.01,0.01,6.03,5.13,0.00,0.00,0.00,0
4020,1,64.85,8.08,0.00,0.00,0.00,0.00,0.09,4.66,-0.01,0.01,6.03,5.13,0.00,0.00,0.00,0
4039,1,65.01,7.88,0.00,0.00,0.00,0.00,0.09,4.66,-0.01,0.01,6.03,5.14,0.00,0.00,0.00,0
4060,1,65.17,7.66,0.00,0.00,0.00,0.00,0.09,4.66,-0.01,0.01,6.04,5.14,0.00,0.00,0.00,0
4078,1,65.31,7.45,0.00,0.00,0.00,0.00,0.09,4.66,0.01,0.01,6.04,5.14,0.00,0.00,0.00,0
4099,1,65.46,7.25,0.00,0.00,0.00,0.00,0.09,4.66,0.01,0.01,6.05,5.14,0.00,0.00,0.00,0
4120,1,65.60,7.15,0.00,0.00,0.00,0.00,0.09,4.66,0.01,0.01,6.05,5.15,0.00,0.00,0.00,0
4140,1,65.74,7.10,0.00,0.00,0.00,0.00,0.09,4.66,0.01,0.01,6.06,5.15,0.00,0.00,0.00,0
4159,1,65.89,7.18,0.00,0.00,0.00,0.00,0.09,4.66,0.01,0.01,6.06,5.15,0.00,0.00,0.00,0
4180,1,66.05,7.33,0.00,0.00,0.00,0.00,0.09,4.66,0.01,0.01,6.07,5.15,0.00,0.00,0.00,0
4199,1,66.22,7.53,0.00,0.00,0.00,0.00,0.09,4.66,0.01,0.01,6.07,5.16,0.00,0.00,0.00,0
4220,1,66.39,7.62,0.00,0.00,0.00,0.00,0.09,4.66,0.01,0.00,6.07,5.16,0.00,0.00,0.00,0
4239,1,66.55,7.60,0.00,0.00,0.00,0.00,0.09,4.66,0.02,0.00,6.08,5.16,0.00,0.00,0.00,0
4260,1,66.70,7.50,0.00,0.00,0.00,0.00,0.09,4.66,0.02,0.00,6.08,5.16,0.00,0.00,0.00,0
4279,1,66.85,7.36,0.00,0.00,0.00,0.00,0.09,4.66,0.02,0.00,6.09,5.17,0.00,0.00,0.00,0
4300,1,66.99,7.19,0.00,0.00,0.00,0.00,0.09,4.66,0.02,0.00,6.09,5.17,0.00,0.00,0.00,0
4320,1,67.13,7.05,0.00,0.00,0.00,0.00,0.09,4.66,0.02,0.00,6.09,5.17,0.00,0.00,0.00,0
4338,1,67.27,6.91,0.00,0.00,0.00,0.00,0.09,4.66,0.02,0.00,6.10,5.18,0.00,0.00,0.00,0
4360,1,67.41,6.88,0.00,0.00,0.00,0.00,0.09,4.66,0.02,0.00,6.10,5.18,0.00,0.00,0.00,0
4380,1,67.55,6.80,0.00,0.00,0.00,0.00,0.09,4.66,0.02,0.03,6.11,5.18,0.00,0.00,0.00,0
4399,1,67.69,6.74,0.00,0.00,0.00,0.00,0.09,4.66,-0.02,0.03,6.11,5.18,0.00,0.00,0.00,0
4420,1,67.83,6.71,0.00,0.00,0.00,0.00,0.09,4.66,-0.02,0.03,6.11,5.18,0.00,0.00,0.00,0
4438,1,67.97,6.62,0.00,0.00,0.00,0.00,0.09,4.66,-0.02,0.03,6.12,5.19,0.00,0.00,0.00,0
4459,1,68.10,6.54,0.00,0.00,0.00,0.00,0.09,4.66,-0.02,0.03,6.12,5.19,0.00,0.00,0.00,0
4480,1,68.24,6.49,0.00,0.00,0.00,0.00,0.09,4.66,-0.02,0.03,6.13,5.19,0.00,0.00,0.00,0
4500,1,68.37,6.43,0.00,0.00,0.00,0.00,0.09,4.66,-0.02,0.03,6.13,5.19,0.00,0.00,0.00,0
4520,1,68.51,6.44,0.00,0.00,0.00,0.00,0.09,4.66,-0.02,0.03,6.13,5.20,0.00,0.00,0.00,0
4539,1,68.65,6.46,0.00,0.00,0.00,0.00,0.09,4.66,-0.02,-0.01,6.14,5.20,0.00,0.00,0.00,0
4560,1,68.78,6.47,0.00,0.00,0.00,0.00,0.09,4.66,-0.03,-0.01,6.14,5.20,0.00,0.00,0.00,0
4580,1,68.92,6.50,0.00,0.00,0.00,0.00,0.09,4.66,-0.03,-0.01,6.15,5.20,0.00,0.00,0.00,0
4598,1,69.06,6.48,0.00,0.00,0.00,0.00,0.09,4.66,-0.03,-0.01,6.15,5.21,0.00,0.00,0.00,0
4620,1,69.19,6.41,0.00,0.00,0.00,0.00,0.09,4.66,-0.03,-0.01,6.15,5.21,0.00,0.00,0.00,0
4639,1,69.32,6.28,0.00,0.00,0.00,0.00,0.09,4.66,-0.03,-0.01,6.15,5.21,0.00,0.00,0.00,0
4660,1,69.45,6.09,0.00,0.00,0.00,0.00,0.09,4.66,-0.03,-0.01,6.16,5.21,0.00,0.00,0.00,0
4679,1,69.56,5.83,0.00,0.00,0.00,0.00,0.09,4.66,-0.03,-0.01,6.16,5.21,0.00,0.00,0.00,0
4700,1,69.67,5.63,0.00,0.00,0.00,0.00,0.09,4.66,-0.03,-0.01,6.16,5.22,0.00,0.00,0.00,0
4719,1,69.78,5.54,0.00,0.00,0.00,0.00,0.09,4.66,-0.00,-0.01,6.17,5.22,0.00,0.00,0.00,0
4740,1,69.90,5.55,0.00,0.00,0.00,0.00,0.09,4.66,-0.00,-0.01,6.17,5.22,0.00,0.00,0.00,0
4759,1,70.02,5.63,0.00,0.00,0.00,0.00,0.09,4.66,-0.00,-0.01,6.18,5.22,0.00,0.00,0.00,0
4780,1,70.14,5.70,0.00,0.00,0.00,0.00,0.09,4.66,-0.00,-0.01,6.18,5.22,0.00,0.00,0.00,0
4799,1,70.27,5.87,0.00,0.00,0.00,0.00,0.09,4.66,-0.00,-0.01,6.18,5.23,0.00,0.00,0.00,0
4820,1,70.40,6.01,0.00,0.00,0.00,0.00,0.09,4.66,-0.00,-0.01,6.18,5.23,0.00,0.00,0.00,0
4839,1,70.54,6.11,0.00,0.00,0.00,0.00,0.09,4.66,-0.00,-0.01,6.19,5.23,0.00,0.00,0.00,0
4859,1,70.67,6.09,0.00,0.00,0.00,0.00,0.09,4.66,-0.00,-0.01,6.19,5.23,0.00,0.00,0.00,0
4880,1,70.80,5.97,0.00,0.00,0.00,0.00,0.09,4.66,-0.02,-0.01,6.19,5.23,0.00,0.00,0.00,0
4900,1,70.92,5.81,0.00,0.00,0.00,0.00,0.09,4.66,-0.02,-0.01,6.20,5.24,0.00,0.00,0.00,0
4919,1,71.03,5.64,0.00,0.00,0.00,0.00,0.09,4.66,-0.02,-0.01,6.20,5.24,0.00,0.00,0.00,0
4940,1,71.14,5.50,0.00,0.00,0.00,0.00,0.09,4.66,-0.02,-0.01,6.20,5.24,0.00,0.00,0.00,0
4959,1,71.25,5.34,0.00,0.00,0.00,0.00,0.09,4.66,-0.02,-0.01,6.21,5.24,0.00,0.00,0.00,0
4979,1,71.35,5.16,0.00,0.00,0.00,0.00,0.09,4.66,-0.02,-0.01,6.21,5.24,0.00,0.00,0.00,0
5000,1,71.45,5.17,0.00,0.00,0.00,0.00,0.09,4.66,-0.02,-0.01,6.21,5.25,0.00,0.00,0.00,0
5020,1,71.56,5.15,0.00,0.00,0.00,0.00,0.09,4.66,-0.02,0.03,6.21,5.25,0.00,0.00,0.00,0
5039,1,71.67,5.13,0.00,0.00,0.00,0.00,0.09,4.66,-0.02,0.03,6.22,5.25,0.00,0.00,0.00,0
5060,1,71.78,5.14,0.00,0.00,0.00,0.00,0.09,4.66,-0.02,0.03,6.22,5.25,0.00,0.00,0.00,0
5079,1,71.89,5.06,0.00,0.00,0.00,0.00,0.09,4.66,-0.02,0.03,6.22,5.25,0.00,0.00,0.00,0
5099,1,71.99,4.99,0.00,0.00,0.00,0.00,0.09,4.66,-0.02,0.03,6.22,5.25,0.00,0.00,0.00,0
5120,1,72.10,5.00,0.00,0.00,0.00,0.00,0.09,4.66,-0.02,0.03,6.23,5.26,0.00,0.00,0.00,0
5140,1,72.20,5.01,0.00,0.00,0.00,0.00,0.09,4.66,-0.02,0.03,6.23,5.26,0.00,0.00,0.00,0
5159,1,72.31,5.00,0.00,0.00,0.00,0.00,0.09,4.66,-0.02,0.03,6.23,5.26,0.00,0.00,0.00,0
5180,1,72.41,4.98,0.00,0.00,0.00,0.00,0.09,4.66,-0.02,-0.00,6.24,5.26,0.00,0.00,0.00,0
5199,1,72.52,4.92,0.00,0.00,0.00,0.00,0.09,4.66,-0.02,-0.00,6.24,5.26,0.00,0.00,0.00,0
5220,1,72.62,4.76,0.00,0.00,0.00,0.00,0.09,4.66,-0.02,-0.00,6.24,5.26,0.00,0.00,0.00,0
5238,1,72.71,4.63,0.00,0.00,0.00,0.00,0.09,4.66,-0.02,-0.00,6.24,5.26,0.00,0.00,0.00,0
5260,1,72.80,4.45,0.00,0.00,0.00,0.00,0.09,4.66,-0.02,-0.00,6.25,5.27,0.00,0.00,0.00,0
5279,1,72.89,4.31,0.00,0.00,0.00,0.00,0.09,4.66,-0.02,-0.00,6.25,5.27,0.00,0.00,0.00,0
5300,1,72.97,4.24,0.00,0.00,0.00,0.00,0.09,4.66,-0.02,-0.00,6.25,5.27,0.00,0.00,0.00,0
5319,1,73.06,4.36,0.00,0.00,0.00,0.00,0.09,4.66,-0.02,-0.00,6.25,5.27,0.00,0.00,0.00,0
5340,1,73.17,4.61,0.00,0.00,0.00,0.00,0.09,4.66,-0.02,0.01,6.26,5.27,0.00,0.00,0.00,0
5358,1,73.28,4.77,0.00,0.00,0.00,0.00,0.09,4.66,-0.04,0.01,6.26,5.27,0.00,0.00,0.00,0
5380,1,73.39,4.90,0.00,0.00,0.00,0.00,0.09,4.66,-0.04,0.01,6.26,5.28,0.00,0.00,0.00,0
5399,1,73.50,4.93,0.00,0.00,0.00,0.00,0.09,4.66,-0.04,0.01,6.26,5.28,0.00,0.00,0.00,0
5420,1,73.60,4.91,0.00,0.00,0.00,0.00,0.09,4.66,-0.04,0.01,6.27,5.28,0.00,0.00,0.00,0
5439,1,73.71,4.96,0.00,0.00,0.00,0.00,0.09,4.66,-0.04,0.01,6.27,5.28,0.00,0.00,0.00,0
5460,1,73.82,4.93,0.00,0.00,0.00,0.00,0.09,4.66,-0.04,0.01,6.27,5.28,0.00,0.00,0.00,0
5479,1,73.92,4.76,0.00,0.00,0.00,0.00,0.09,4.66,-0.04,0.01,6.27,5.28,0.00,0.00,0.00,0
5499,1,74.01,4.54,0.00,0.00,0.00,0.00,0.09,4.66,-0.04,0.01,6.27,5.29,0.00,0.00,0.00,0
5520,1,74.09,4.29,0.00,0.00,0.00,0.00,0.09,4.66,-0.01,0.01,6.28,5.29,0.00,0.00,0.00,0
5540,1,74.17,4.08,0.00,0.00,0.00,0.00,0.09,4.66,-0.01,0.01,6.28,5.29,0.00,0.00,0.00,0
5559,1,74.25,4.05,0.00,0.00,0.00,0.00,0.09,4.66,-0.01,0.01,6.28,5.29,0.00,0.00,0.00,0
5580,1,74.34,4.05,0.00,0.00,0.00,0.00,0.09,4.66,-0.01,0.01,6.28,5.29,0.00,0.00,0.00,0
5599,1,74.42,3.96,0.00,0.00,0.00,0.00,0.09,4.66,-0.01,0.01,6.29,5.29,0.00,0.00,0.00,0
5620,1,74.50,3.94,0.00,0.00,0.00,0.00,0.09,4.66,-0.01,0.01,6.29,5.29,0.00,0.00,0.00,0
5639,1,74.59,3.92,0.00,0.00,0.00,0.00,0.09,4.66,-0.01,0.01,6.29,5.29,0.00,0.00,0.00,0
5660,1,74.66,3.90,0.00,0.00,0.00,0.00,0.09,4.66,-0.01,-0.02,6.29,5.30,0.00,0.00,0.00,0
5679,1,74.75,3.98,0.00,0.00,0.00,0.00,0.09,4.66,-0.01,-0.02,6.29,5.30,0.00,0.00,0.00,0
5700,1,74.84,4.06,0.00,0.00,0.00,0.00,0.09,4.66,-0.01,-0.02,6.30,5.30,0.00,0.00,0.00,0
5720,1,74.93,4.05,0.00,0.00,0.00,0.00,0.09,4.66,-0.01,-0.02,6.30,5.30,0.00,0.00,0.00,0
5738,1,75.02,4.03,0.00,0.00,0.00,0.00,0.09,4.66,-0.01,-0.02,6.30,5.30,0.00,0.00,0.00,0
5760,1,75.11,4.10,0.00,0.00,0.00,0.00,0.09,4.66,-0.01,-0.02,6.30,5.30,0.00,0.00,0.00,0
5780,1,75.19,4.06,0.00,0.00,0.00,0.00,0.09,4.66,-0.01,-0.02,6.30,5.30,0.00,0.00,0.00,0
5799,1,75.27,3.99,0.00,0.00,0.00,0.00,0.09,4.66,-0.01,-0.02,6.31,5.30,0.00,0.00,0.00,0
5820,1,75.35,3.89,0.00,0.00,0.00,0.00,0.09,4.66,-0.01,0.01,6.31,5.31,0.00,0.00,0.00,0
5839,1,75.43,3.92,0.00,0.00,0.00,0.00,0.09,4.66,-0.03,0.01,6.31,5.31,0.00,0.00,0.00,0
5860,1,75.52,3.90,0.00,0.00,0.00,0.00,0.09,4.66,-0.03,0.01,6.31,5.31,0.00,0.00,0.00,0
5878,1,75.60,3.83,0.00,0.00,0.00,0.00,0.09,4.66,-0.03,0.01,6.31,5.31,0.00,0.00,0.00,0
5900,1,75.68,3.73,0.00,0.00,0.00,0.00,0.09,4.66,-0.03,0.01,6.31,5.31,0.00,0.00,0.00,0
5920,1,75.75,3.58,0.00,0.00,0.00,0.00,0.09,4.66,-0.03,0.01,6.32,5.31,0.00,0.00,0.00,0
5939,1,75.82,3.41,0.00,0.00,0.00,0.00,0.09,4.66,-0.03,0.01,6.32,5.31,0.00,0.00,0.00,0
5960,1,75.88,3.29,0.00,0.00,0.00,0.00,0.09,4.66,-0.03,0.01,6.32,5.31,0.00,0.00,0.00,0
5980,1,75.95,3.26,0.00,0.00,0.00,0.00,0.09,4.66,-0.03,-0.03,6.32,5.32,0.00,0.00,0.00,0
5998,1,76.01,3.23,0.00,0.00,0.00,0.00,0.09,4.66,-0.04,-0.03,6.32,5.32,0.00,0.00,0.00,0
6020,1,76.08,3.28,0.00,0.00,0.00,0.00,0.09,4.66,-0.04,-0.03,6.33,5.32,0.00,0.00,0.00,0
6039,1,76.16,3.34,0.00,0.00,0.00,0.00,0.09,4.66,-0.04,-0.03,6.33,5.32,0.00,0.00,0.00,0
6060,1,76.23,3.43,0.00,0.00,0.00,0.00,0.09,4.66,-0.04,-0.03,6.33,5.32,0.00,0.00,0.00,0
6079,1,76.32,3.52,0.00,0.00,0.00,0.00,0.09,4.66,-0.04,-0.03,6.33,5.32,0.00,0.00,0.00,0
6100,1,76.40,3.61,0.00,0.00,0.00,0.00,0.09,4.66,-0.04,-0.03,6.33,5.32,0.00,0.00,0.00,0
6119,1,76.48,3.65,0.00,0.00,0.00,0.00,0.09,4.66,-0.04,-0.03,6.34,5.32,0.00,0.00,0.00,0
6140,1,76.56,3.63,0.00,0.00,0.00,0.00,0.09,4.66,-0.04,0.01,6.34,5.32,0.00,0.00,0.00,0
6159,1,76.64,3.60,0.00,0.00,0.00,0.00,0.09,4.66,-0.07,0.01,6.34,5.33,0.00,0.00,0.00,0
6180,1,76.71,3.56,0.00,0.00,0.00,0.00,0.09,4.66,-0.07,0.01,6.34,5.33,0.00,0.00,0.00,0
6199,1,76.79,3.44,0.00,0.00,0.00,0.00,0.09,4.66,-0.07,0.01,6.34,5.33,0.00,0.00,0.00,0
6220,1,76.86,3.30,0.00,0.00,0.00,0.00,0.09,4.66,-0.07,0.01,6.34,5.33,0.00,0.00,0.00,0
6239,1,76.92,3.12,0.00,0.00,0.00,0.00,0.09,4.66,-0.07,0.01,6.35,5.33,0.00,0.00,0.00,0
6259,1,76.97,2.95,0.00,0.00,0.00,0.00,0.09,4.66,-0.07,0.01,6.35,5.33,0.00,0.00,0.00,0
6280,1,77.03,3.04,0.00,0.00,0.00,0.00,0.09,4.66,-0.07,0.01,6.35,5.33,0.00,0.00,0.00,0
6300,1,77.11,3.16,0.00,0.00,0.00,0.00,0.09,4.66,-0.07,0.00,6.35,5.33,0.00,0.00,0.00,0
6319,1,77.18,3.29,0.00,0.00,0.00,0.00,0.09,4.66,-0.00,0.00,6.35,5.33,0.00,0.00,0.00,0
6340,1,77.25,3.34,0.00,0.00,0.00,0.00,0.09,4.66,-0.00,0.00,6.35,5.33,0.00,0.00,0.00,0
6359,1,77.33,3.44,0.00,0.00,0.00,0.00,0.09,4.66,-0.00,0.00,6.35,5.34,0.00,0.00,0.00,0
6379,1,77.41,3.44,0.00,0.00,0.00,0.00,0.09,4.66,-0.00,0.00,6.36,5.34,0.00,0.00,0.00,0
6399,1,77.48,3.30,0.00,0.00,0.00,0.00,0.09,4.66,-0.00,0.00,6.36,5.34,0.00,0.00,0.00,0
6420,1,77.54,3.14,0.00,0.00,0.00,0.00,0.09,4.66,-0.00,0.00,6.36,5.34,0.00,0.00,0.00,0
6440,1,77.60,3.01,0.00,0.00,0.00,0.00,0.09,4.66,-0.00,0.00,6.36,5.34,0.00,0.00,0.00,0
6459,1,77.65,2.88,0.00,0.00,0.00,0.00,0.09,4.66,-0.00,-0.03,6.36,5.34,0.00,0.00,0.00,0
6480,1,77.71,2.80,0.00,0.00,0.00,0.00,0.09,4.66,-0.05,-0.03,6.36,5.34,0.00,0.00,0.00,0
6500,1,77.76,2.73,0.00,0.00,0.00,0.00,0.09,4.66,-0.05,-0.03,6.37,5.34,0.00,0.00,0.00,0
6518,1,77.82,2.66,0.00,0.00,0.00,0.00,0.09,4.66,-0.05,-0.03,6.37,5.34,0.00,0.00,0.00,0
6540,1,77.87,2.60,0.00,0.00,0.00,0.00,0.09,4.66,-0.05,-0.03,6.37,5.34,0.00,0.00,0.00,0
6559,1,77.93,2.56,0.00,0.00,0.00,0.00,0.09,4.66,-0.05,-0.03,6.37,5.34,0.00,0.00,0.00,0
6580,1,77.98,2.51,0.00,0.00,0.00,0.00,0.09,4.66,-0.05,-0.03,6.37,5.35,0.00,0.00,0.00,0
6599,1,78.03,2.48,0.00,0.00,0.00,0.00,0.09,4.66,-0.05,-0.03,6.37,5.35,0.00,0.00,0.00,0
6620,1,78.09,2.52,0.00,0.00,0.00,0.00,0.09,4.66,-0.05,-0.01,6.37,5.35,0.00,0.00,0.00,0
6639,1,78.14,2.57,0.00,0.00,0.00,0.00,0.09,4.66,0.03,-0.01,6.38,5.35,0.00,0.00,0.00,0
6660,1,78.20,2.66,0.00,0.00,0.00,0.00,0.09,4.66,0.03,-0.01,6.38,5.35,0.00,0.00,0.00,0
6679,1,78.27,2.83,0.00,0.00,0.00,0.00,0.09,4.66,0.03,-0.01,6.38,5.35,0.00,0.00,0.00,0
6699,1,78.33,2.92,0.00,0.00,0.00,0.00,0.09,4.66,0.03,-0.01,6.38,5.35,0.00,0.00,0.00,0
6720,1,78.40,2.99,0.00,0.00,0.00,0.00,0.09,4.66,0.03,-0.01,6.38,5.35,0.00,0.00,0.00,0
6740,1,78.46,2.96,0.00,0.00,0.00,0.00,0.09,4.66,0.03,-0.01,6.38,5.35,0.00,0.00,0.00,0
6759,1,78.53,2.91,0.00,0.00,0.00,0.00,0.09,4.66,0.03,-0.01,6.38,5.35,0.00,0.00,0.00,0
6779,1,78.58,2.83,0.00,0.00,0.00,0.00,0.09,4.66,0.03,0.01,6.39,5.35,0.00,0.00,0.00,0
6799,1,78.64,2.72,0.00,0.00,0.00,0.00,0.09,4.66,0.02,0.01,6.39,5.35,0.00,0.00,0.00,0
6820,1,78.69,2.62,0.00,0.00,0.00,0.00,0.09,4.66,0.02,0.01,6.39,5.36,0.00,0.00,0.00,0
6840,1,78.75,2.56,0.00,0.00,0.00,0.00,0.09,4.66,0.02,0.01,6.39,5.36,0.00,0.00,0.00,0
6859,1,78.80,2.52,0.00,0.00,0.00,0.00,0.09,4.66,0.02,0.01,6.39,5.36,0.00,0.00,0.00,0
6880,1,78.85,2.43,0.00,0.00,0.00,0.00,0.09,4.66,0.02,0.01,6.39,5.36,0.00,0.00,0.00,0
6899,1,78.90,2.38,0.00,0.00,0.00,0.00,0.09,4.66,0.02,0.01,6.39,5.36,0.00,0.00,0.00,0
6920,1,78.95,2.37,0.00,0.00,0.00,0.00,0.09,4.66,0.02,0.01,6.39,5.36,0.00,0.00,0.00,0
6940,1,79.00,2.34,0.00,0.00,0.00,0.00,0.09,4.66,0.02,0.02,6.39,5.36,0.00,0.00,0.00,0
6959,1,79.05,2.33,0.00,0.00,0.00,0.00,0.09,4.66,-0.03,0.02,6.39,5.36,0.00,0.00,0.00,0
6980,1,79.10,2.34,0.00,0.00,0.00,0.00,0.09,4.66,-0.03,0.02,6.40,5.36,0.00,0.00,0.00,0
6999,1,79.15,2.31,0.00,0.00,0.00,0.00,0.09,4.66,-0.03,0.02,6.40,5.36,0.00,0.00,0.00,0
7019,1,79.20,2.32,0.00,0.00,0.00,0.00,0.09,4.66,-0.03,0.02,6.40,5.36,0.00,0.00,0.00,0
7040,1,79.25,2.33,0.00,0.00,0.00,0.00,0.09,4.66,-0.03,0.02,6.40,5.36,0.00,0.00,0.00,0
7060,1,79.30,2.38,0.00,0.00,0.00,0.00,0.09,4.66,-0.03,0.02,6.40,5.36,0.00,0.00,0.00,0
7079,1,79.36,2.39,0.00,0.00,0.00,0.00,0.09,4.66,-0.03,0.02,6.40,5.36,0.00,0.00,0.00,0
7100,1,79.41,2.34,0.00,0.00,0.00,0.00,0.09,4.66,-0.03,-0.01,6.40,5.37,0.00,0.00,0.00,0
7119,1,79.46,2.31,0.00,0.00,0.00,0.00,0.09,4.66,-0.01,-0.01,6.41,5.37,0.00,0.00,0.00,0
7140,1,79.51,2.20,0.00,0.00,0.00,0.00,0.09,4.66,-0.01,-0.01,6.41,5.37,0.00,0.00,0.00,0
7158,1,79.55,2.08,0.00,0.00,0.00,0.00,0.09,4.66,-0.01,-0.01,6.41,5.37,0.00,0.00,0.00,0
7180,1,79.59,2.00,0.00,0.00,0.00,0.00,0.09,4.66,-0.01,-0.01,6.41,5.37,0.00,0.00,0.00,0
7199,1,79.63,1.95,0.00,0.00,0.00,0.00,0.09,4.66,-0.01,-0.01,6.41,5.37,0.00,0.00,0.00,0
7220,1,79.67,1.90,0.00,0.00,0.00,0.00,0.09,4.66,-0.01,-0.01,6.41,5.37,0.00,0.00,0.00,0
7240,1,79.71,1.86,0.00,0.00,0.00,0.00,0.09,4.66,-0.01,-0.01,6.41,5.37,0.00,0.00,0.00,0
7259,1,79.75,1.85,0.00,0.00,0.00,0.00,0.09,4.66,-0.01,0.04,6.41,5.37,0.00,0.00,0.00,0
7279,1,79.79,1.87,0.00,0.00,0.00,0.00,0.09,4.66,0.01,0.04,6.41,5.37,0.00,0.00,0.00,0
7300,1,79.84,1.94,0.00,0.00,0.00,0.00,0.09,4.66,0.01,0.04,6.41,5.37,0.00,0.00,0.00,0
7319,1,79.89,2.10,0.00,0.00,0.00,0.00,0.09,4.66,0.01,0.04,6.42,5.37,0.00,0.00,0.00,0
7340,1,79.94,2.20,0.00,0.00,0.00,0.00,0.09,4.66,0.01,0.04,6.42,5.37,0.00,0.00,0.00,0
7359,1,80.00,2.31,0.00,0.00,0.00,0.00,0.09,4.66,0.01,0.04,6.42,5.37,0.00,0.00,0.00,0
7380,1,80.05,2.37,0.00,0.00,0.00,0.00,0.09,4.66,0.01,0.04,6.42,5.38,0.00,0.00,0.00,0
7399,1,80.11,2.53,0.00,0.00,0.00,0.00,0.09,4.66,0.01,0.04,6.42,5.38,0.00,0.00,0.00,0
7419,1,80.17,2.67,0.00,0.00,0.00,0.00,0.09,4.66,0.01,-0.05,6.42,5.38,0.00,0.00,0.00,0
7440,1,80.23,2.61,0.00,0.00,0.00,0.00,0.09,4.66,0.01,-0.05,6.42,5.38,0.00,0.00,0.00,0
7460,1,80.28,2.50,0.00,0.00,0.00,0.00,0.09,4.66,0.01,-0.05,6.42,5.38,0.00,0.00,0.00,0
7479,1,80.33,2.42,0.00,0.00,0.00,0.00,0.09,4.66,0.01,-0.05,6.42,5.38,0.00,0.00,0.00,0
7500,1,80.38,2.34,0.00,0.00,0.00,0.00,0.09,4.66,0.01,-0.05,6.43,5.38,0.00,0.00,0.00,0
7519,1,80.43,2.31,0.00,0.00,0.00,0.00,0.09,4.66,0.01,-0.05,6.43,5.38,0.00,0.00,0.00,0
7540,1,80.48,2.27,0.00,0.00,0.00,0.00,0.09,4.66,0.01,-0.05,6.43,5.38,0.00,0.00,0.00,0
7559,1,80.53,2.28,0.00,0.00,0.00,0.00,0.09,4.66,0.01,-0.05,6.43,5.38,0.00,0.00,0.00,0
7580,1,80.58,2.29,0.00,0.00,0.00,0.00,0.09,4.66,0.01,-0.01,6.43,5.38,0.00,0.00,0.00,0
7599,1,80.63,2.32,0.00,0.00,0.00,0.00,0.09,4.66,-0.00,-0.01,6.43,5.38,0.00,0.00,0.00,0
7620,1,80.68,2.31,0.00,0.00,0.00,0.00,0.09,4.66,-0.00,-0.01,6.43,5.38,0.00,0.00,0.00,0
7640,1,80.73,2.34,0.00,0.00,0.00,0.00,0.09,4.66,-0.00,-0.01,6.43,5.38,0.00,0.00,0.00,0
7658,1,80.79,2.35,0.00,0.00,0.00,0.00,0.09,4.66,-0.00,-0.01,6.43,5.39,0.00,0.00,0.00,0
7680,1,80.84,2.31,0.00,0.00,0.00,0.00,0.09,4.66,-0.00,-0.01,6.43,5.39,0.00,0.00,0.00,0
7700,1,80.88,2.23,0.00,0.00,0.00,0.00,0.09,4.66,-0.00,-0.01,6.43,5.39,0.00,0.00,0.00,0
7719,1,80.93,2.18,0.00,0.00,0.00,0.00,0.09,4.66,-0.00,-0.01,6.43,5.39,0.00,0.00,0.00,0
7740,1,80.97,2.15,0.00,0.00,0.00,0.00,0.09,4.66,-0.00,-0.01,6.44,5.39,0.00,0.00,0.00,0
7759,1,81.02,2.09,0.00,0.00,0.00,0.00,0.09,4.66,-0.05,-0.01,6.44,5.39,0.00,0.00,0.00,0
7780,1,81.05,2.00,0.00,0.00,0.00,0.00,0.09,4.66,-0.05,-0.01,6.44,5.39,0.00,0.00,0.00,0
7798,1,81.09,1.97,0.00,0.00,0.00,0.00,0.09,4.66,-0.05,-0.01,6.44,5.39,0.00,0.00,0.00,0
7820,1,81.14,2.03,0.00,0.00,0.00,0.00,0.09,4.66,-0.05,-0.01,6.44,5.39,0.00,0.00,0.00,0
7840,1,81.19,2.16,0.00,0.00,0.00,0.00,0.09,4.66,-0.05,-0.01,6.44,5.39,0.00,0.00,0.00,0
7859,1,81.24,2.28,0.00,0.00,0.00,0.00,0.09,4.66,-0.05,-0.01,6.44,5.39,0.00,0.00,0.00,0
7880,1,81.29,2.37,0.00,0.00,0.00,0.00,0.09,4.66,-0.05,-0.01,6.44,5.39,0.00,0.00,0.00,0
7900,1,81.35,2.43,0.00,0.00,0.00,0.00,0.09,4.66,-0.05,0.06,6.44,5.39,0.00,0.00,0.00,0
7918,1,81.41,2.49,0.00,0.00,0.00,0.00,0.09,4.66,0.02,0.06,6.44,5.39,0.00,0.00,0.00,0
7940,1,81.47,2.52,0.00,0.00,0.00,0.00,0.09,4.66,0.02,0.06,6.44,5.39,0.00,0.00,0.00,0
7959,1,81.52,2.44,0.00,0.00,0.00,0.00,0.09,4.66,0.02,0.06,6.44,5.40,0.00,0.00,0.00,0
7980,1,81.56,2.35,0.00,0.00,0.00,0.00,0.09,4.66,0.02,0.06,6.44,5.40,0.00,0.00,0.00,0
7999,1,81.61,2.29,0.00,0.00,0.00,0.00,0.09,4.66,0.02,0.06,6.44,5.40,0.00,0.00,0.00,0
8020,1,81.66,2.24,0.00,0.00,0.00,0.00,0.09,4.66,0.02,0.06,6.44,5.40,0.00,0.00,0.00,0
8040,1,81.71,2.22,0.00,0.00,0.00,0.00,0.09,4.66,0.02,0.06,6.44,5.40,0.00,0.00,0.00,0
8058,1,81.75,2.22,0.00,0.00,0.00,0.00,0.09,4.66,0.02,-0.02,6.44,5.40,0.00,0.00,0.00,0
8080,1,81.80,2.23,0.00,0.00,0.00,0.00,0.09,4.66,0.00,-0.02,6.45,5.40,0.00,0.00,0.00,0
8100,1,81.84,2.23,0.00,0.00,0.00,0.00,0.09,4.66,0.00,-0.02,6.45,5.40,0.00,0.00,0.00,0
8119,1,81.90,2.34,0.00,0.00,0.00,0.00,0.09,4.66,0.00,-0.02,6.45,5.40,0.00,0.00,0.00,0
8139,1,81.95,2.46,0.00,0.00,0.00,0.00,0.09,4.66,0.00,-0.02,6.45,5.40,0.00,0.00,0.00,0
8160,1,82.01,2.56,0.00,0.00,0.00,0.00,0.09,4.66,0.00,-0.02,6.45,5.40,0.00,0.00,0.00,0
8179,1,82.07,2.63,0.00,0.00,0.00,0.00,0.09,4.66,0.00,-0.02,6.45,5.40,0.00,0.00,0.00,0
8200,1,82.13,2.70,0.00,0.00,0.00,0.00,0.09,4.66,0.00,-0.02,6.45,5.40,0.00,0.00,0.00,0
8220,1,82.19,2.64,0.00,0.00,0.00,0.00,0.09,4.66,0.00,-0.00,6.45,5.40,0.00,0.00,0.00,0
8239,1,82.25,2.60,0.00,0.00,0.00,0.00,0.09,4.66,0.02,-0.00,6.45,5.41,0.00,0.00,0.00,0
8260,1,82.30,2.52,0.00,0.00,0.00,0.00,0.09,4.66,0.02,-0.00,6.45,5.41,0.00,0.00,0.00,0
8279,1,82.35,2.40,0.00,0.00,0.00,0.00,0.09,4.66,0.02,-0.00,6.45,5.41,0.00,0.00,0.00,0
8299,1,82.39,2.31,0.00,0.00,0.00,0.00,0.09,4.66,0.02,-0.00,6.45,5.41,0.00,0.00,0.00,0
8320,1,82.44,2.29,0.00,0.00,0.00,0.00,0.09,4.66,0.02,-0.00,6.45,5.41,0.00,0.00,0.00,0
8340,1,82.48,2.28,0.00,0.00,0.00,0.00,0.09,4.66,0.02,-0.00,6.46,5.41,0.00,0.00,0.00,0
8360,1,82.54,2.37,0.00,0.00,0.00,0.00,0.09,4.66,0.02,-0.00,6.46,5.41,0.00,0.00,0.00,0
8379,1,82.59,2.48,0.00,0.00,0.00,0.00,0.09,4.66,0.02,0.01,6.46,5.41,0.00,0.00,0.00,0
8400,1,82.64,2.44,0.00,0.00,0.00,0.00,0.09,4.66,0.01,0.01,6.46,5.41,0.00,0.00,0.00,0
8420,1,82.69,2.39,0.00,0.00,0.00,0.00,0.09,4.66,0.01,0.01,6.46,5.41,0.00,0.00,0.00,0
8438,1,82.74,2.35,0.00,0.00,0.00,0.00,0.09,4.66,0.01,0.01,6.46,5.41,0.00,0.00,0.00,0
8460,1,82.79,2.30,0.00,0.00,0.00,0.00,0.09,4.66,0.01,0.01,6.46,5.41,0.00,0.00,0.00,0
8479,1,82.84,2.29,0.00,0.00,0.00,0.00,0.09,4.66,0.01,0.01,6.46,5.41,0.00,0.00,0.00,0
8500,1,82.89,2.26,0.00,0.00,0.00,0.00,0.09,4.66,0.01,0.01,6.46,5.41,0.00,0.00,0.00,0
8519,1,82.93,2.28,0.00,0.00,0.00,0.00,0.09,4.66,0.01,0.01,6.46,5.42,0.00,0.00,0.00,0
8540,1,82.98,2.30,0.00,0.00,0.00,0.00,0.09,4.66,0.01,-0.02,6.46,5.42,0.00,0.00,0.00,0
8559,1,83.03,2.32,0.00,0.00,0.00,0.00,0.09,4.66,0.02,-0.02,6.46,5.42,0.00,0.00,0.00,0
8580,1,83.08,2.37,0.00,0.00,0.00,0.00,0.09,4.66,0.02,-0.02,6.47,5.42,0.00,0.00,0.00,0
8599,1,83.14,2.47,0.00,0.00,0.00,0.00,0.09,4.66,0.02,-0.02,6.47,5.42,0.00,0.00,0.00,0
8620,1,83.19,2.49,0.00,0.00,0.00,0.00,0.09,4.66,0.02,-0.02,6.47,5.42,0.00,0.00,0.00,0
8639,1,83.25,2.48,0.00,0.00,0.00,0.00,0.09,4.66,0.02,-0.02,6.47,5.42,0.00,0.00,0.00,0
8660,1,83.30,2.42,0.00,0.00,0.00,0.00,0.09,4.66,0.02,-0.02,6.47,5.42,0.00,0.00,0.00,0
8679,1,83.35,2.40,0.00,0.00,0.00,0.00,0.09,4.66,0.02,-0.02,6.47,5.42,0.00,0.00,0.00,0
8699,2,83.41,2.40,83.41,0.00,0.00,-3.18,0.09,4.66,0.02,0.03,6.47,5.42,0.00,0.00,0.00,0
8720,2,83.45,2.29,83.41,-0.05,-0.27,-3.18,0.09,4.66,-0.02,0.03,6.47,5.42,0.00,0.01,0.00,16
8740,2,83.49,2.08,83.41,-0.08,-0.33,-3.18,0.09,4.66,0.01,-0.04,6.47,5.42,-0.00,-0.01,0.00,16
8760,2,83.49,1.45,83.40,-0.08,-0.28,-3.18,0.08,4.66,-0.05,-0.07,6.47,5.42,-0.00,-0.06,0.00,16
8780,2,83.47,0.68,83.40,-0.06,-0.18,-3.18,0.08,4.66,-0.11,-0.11,6.47,5.42,-0.00,-0.11,0.00,16
8799,2,83.43,0.00,83.40,-0.03,-0.05,-3.18,0.08,4.65,-0.16,-0.17,6.47,5.42,-0.01,-0.17,0.00,16
8819,2,83.39,-0.37,83.40,0.01,0.05,-3.18,0.07,4.65,-0.19,-0.22,6.47,5.42,-0.01,-0.21,0.00,16
8840,2,83.43,0.37,83.40,-0.02,-0.08,-3.18,0.07,4.64,-0.18,-0.17,6.47,5.42,-0.02,-0.17,0.00,16
8861,2,83.52,1.43,83.40,-0.09,-0.28,-3.18,0.06,4.64,-0.08,0.01,6.47,5.42,-0.02,-0.03,0.00,16
8879,2,83.56,1.53,83.40,-0.15,-0.43,-3.18,0.06,4.64,-0.04,0.02,6.47,5.42,-0.02,-0.01,0.00,16
8900,2,83.57,0.94,83.40,-0.16,-0.40,-3.18,0.06,4.64,-0.04,-0.09,6.47,5.42,-0.02,-0.06,0.00,16
8919,2,83.49,-0.48,83.41,-0.09,-0.14,-3.18,0.06,4.63,-0.18,-0.24,6.47,5.42,-0.03,-0.21,0.00,16
8939,2,83.44,-0.99,83.41,-0.03,0.02,-3.18,0.05,4.62,-0.32,-0.35,6.47,5.42,-0.04,-0.33,0.00,16
8960,2,83.50,0.20,83.41,-0.09,-0.20,-3.18,0.04,4.62,-0.13,-0.09,6.47,5.42,-0.04,-0.11,0.00,16
8979,2,83.54,0.66,83.41,-0.13,-0.32,-3.18,0.04,4.62,-0.08,-0.06,6.47,5.42,-0.04,-0.07,0.00,16
9000,2,83.54,0.35,83.41,-0.14,-0.30,-3.18,0.04,4.62,-0.14,-0.13,6.47,5.42,-0.05,-0.13,0.00,16
9020,2,83.52,-0.23,83.41,-0.11,-0.20,-3.18,0.03,4.61,-0.19,-0.21,6.47,5.42,-0.05,-0.20,0.00,16
9039,2,83.47,-0.73,83.41,-0.06,-0.07,-3.17,0.03,4.60,-0.18,-0.24,6.47,5.42,-0.06,-0.21,0.00,16
9060,2,83.46,-0.62,83.41,-0.05,-0.05,-3.17,0.02,4.60,-0.18,-0.21,6.47,5.42,-0.06,-0.20,0.00,16
9078,2,83.49,0.11,83.41,-0.09,-0.18,-3.17,0.02,4.59,-0.15,-0.09,6.47,5.42,-0.07,-0.12,0.00,16
9100,2,83.54,0.57,83.41,-0.13,-0.31,-3.17,0.01,4.59,-0.07,-0.08,6.47,5.42,-0.07,-0.07,0.00,16
9119,2,83.56,0.50,83.41,-0.15,-0.34,-3.17,0.01,4.59,-0.07,-0.11,6.47,5.42,-0.07,-0.09,0.00,16
9140,2,83.55,0.10,83.41,-0.14,-0.30,-3.17,0.01,4.59,-0.12,-0.13,6.47,5.42,-0.08,-0.12,0.00,48
9160,2,83.54,-0.21,83.41,-0.13,-0.24,-3.17,0.00,4.58,-0.14,-0.09,6.47,5.42,-0.08,-0.11,0.00,48
9180,2,83.42,-2.04,83.41,-0.01,0.14,-3.17,0.00,4.58,-0.06,-0.18,6.47,5.42,-0.08,-0.12,0.00,48
9198,2,83.33,-3.34,83.58,0.08,0.43,-3.17,-0.00,4.57,-0.35,-0.27,6.41,5.35,-0.09,-0.31,0.00,48
9220,2,83.25,-3.66,83.92,0.33,0.95,-3.17,-0.01,4.56,-0.18,0.12,6.27,5.20,-0.10,-0.03,0.00,48
9239,2,83.20,-3.83,84.31,0.72,1.75,-3.17,-0.01,4.57,0.01,0.19,6.11,5.04,-0.10,0.10,0.00,32
9260,2,83.20,-3.27,84.80,1.11,2.48,-3.17,-0.01,4.58,0.22,0.54,5.91,4.84,-0.09,0.38,0.00,32
9279,2,83.35,-0.53,85.23,1.46,2.96,-3.17,0.01,4.59,0.56,0.52,5.73,4.67,-0.07,0.54,0.00,32
9300,2,83.70,4.31,85.74,1.53,2.71,-3.17,0.04,4.62,1.36,1.44,5.52,4.46,-0.04,1.40,0.00,32
9319,2,84.20,9.83,86.16,1.54,2.30,-3.18,0.09,4.67,1.89,1.79,5.35,4.29,0.01,1.84,0.00,32
9339,2,84.69,13.50,86.67,1.47,1.87,-3.18,0.15,4.73,1.94,2.23,5.14,4.08,0.07,2.08,0.00,32
9360,2,85.05,17.15,87.11,1.61,1.86,-3.18,0.22,4.79,1.87,1.97,4.95,3.90,0.13,1.92,0.00,32
9380,2,85.41,19.12,87.56,1.70,1.87,-3.18,0.27,4.85,1.79,1.65,4.75,3.73,0.19,1.72,0.00,32
9399,2,85.75,19.11,87.92,1.81,2.09,-3.19,0.33,4.89,1.55,0.95,4.55,3.64,0.24,1.25,0.00,32
9420,2,86.21,20.42,88.22,1.71,1.79,-3.19,0.36,4.92,1.13,1.33,4.35,3.60,0.27,1.23,0.00,32
9439,2,86.74,19.09,88.47,1.48,1.43,-3.19,0.39,4.97,1.26,1.67,4.16,3.57,0.31,1.46,0.00,32
9460,2,87.18,17.96,88.64,1.29,1.14,-3.20,0.44,5.02,1.80,1.59,4.03,3.56,0.36,1.69,0.00,32
9479,2,87.31,14.06,88.71,1.33,1.53,-3.20,0.49,5.07,1.83,1.69,3.98,3.56,0.41,1.76,0.00,32
9500,2,87.15,7.15,88.75,1.56,2.55,-3.21,0.54,5.11,1.09,1.08,3.95,3.55,0.45,1.08,0.00,32
9519,2,86.84,0.48,88.76,1.90,3.77,-3.21,0.56,5.14,0.61,0.77,3.93,3.55,0.47,0.69,0.00,32
9540,2,86.79,-0.76,88.77,1.98,4.01,-3.22,0.58,5.16,0.87,0.81,3.92,3.55,0.50,0.84,0.00,32
9560,2,87.07,3.18,88.77,1.70,3.15,-3.22,0.62,5.20,1.76,1.71,3.92,3.55,0.54,1.74,0.00,32
9579,2,87.48,7.99,88.76,1.29,1.94,-3.23,0.70,5.27,2.66,2.62,3.92,3.55,0.61,2.64,0.00,32
9600,2,87.79,10.11,88.76,0.97,1.13,-3.24,0.78,5.35,2.61,2.65,3.92,3.55,0.69,2.63,0.00,32
9620,2,87.83,7.53,88.76,0.93,1.26,-3.24,0.85,5.42,2.08,2.24,3.91,3.55,0.76,2.16,0.00,32
9639,2,87.34,-1.73,88.75,1.42,2.98,-3.25,0.90,5.47,1.20,1.19,3.91,3.55,0.81,1.20,0.00,32
9660,2,86.85,-8.00,88.74,1.90,4.43,-3.26,0.92,5.49,0.53,0.46,3.91,3.55,0.83,0.49,0.00,32
9679,2,86.76,-7.05,88.73,1.98,4.51,-3.27,0.94,5.51,0.98,1.03,3.91,3.55,0.85,1.00,0.00,32
9700,2,87.04,-1.21,88.72,1.69,3.48,-3.28,0.99,5.56,2.07,2.12,3.91,3.55,0.90,2.09,0.00,32
9718,2,87.50,5.59,88.71,1.22,2.00,-3.29,1.07,5.64,2.89,2.93,3.91,3.55,0.98,2.91,0.00,32
9740,2,87.88,9.22,88.70,0.83,0.93,-3.30,1.16,5.73,2.95,2.93,3.91,3.55,1.07,2.94,0.00,32
9760,2,87.82,5.53,88.69,0.89,1.33,-3.31,1.24,5.81,2.31,2.42,3.91,3.55,1.15,2.37,0.00,32
9780,2,87.24,-4.35,88.68,1.45,3.24,-3.32,1.29,5.87,1.12,1.11,3.91,3.55,1.20,1.11,0.00,32
9799,2,86.57,-12.61,88.67,2.11,5.23,-3.33,1.30,5.88,0.31,0.27,3.91,3.55,1.22,0.29,0.00,32
9820,2,86.36,-12.19,88.66,2.31,5.59,-3.34,1.32,5.90,1.11,1.12,3.91,3.55,1.24,1.11,0.00,32
9838,2,86.67,-4.47,88.64,1.99,4.34,-3.36,1.38,5.96,2.54,2.45,3.91,3.55,1.30,2.49,0.00,32
9859,2,87.19,4.07,88.63,1.45,2.58,-3.37,1.47,6.05,3.40,3.32,3.91,3.55,1.39,3.36,0.00,32
9879,2,87.68,9.59,88.62,0.95,1.14,-3.38,1.58,6.15,3.68,3.44,3.91,3.55,1.49,3.56,0.00,32
9900,2,87.72,7.32,88.60,0.89,1.20,-3.40,1.68,6.25,2.90,2.99,3.91,3.55,1.59,2.95,0.00,32
9919,2,87.12,-3.38,88.59,1.48,3.23,-3.41,1.75,6.32,1.55,1.63,3.91,3.55,1.66,1.59,0.00,32
9940,2,86.39,-12.71,88.57,2.19,5.40,-3.43,1.77,6.35,0.45,0.43,3.91,3.55,1.68,0.44,0.00,32
9960,2,86.10,-13.24,88.55,2.47,5.99,-3.45,1.79,6.37,1.04,0.85,3.91,3.55,1.70,0.95,0.00,32
9979,2,86.29,-6.84,88.54,2.27,5.08,-3.46,1.84,6.42,2.35,2.22,3.91,3.55,1.76,2.28,0.00,32
10000,2,86.83,2.67,88.52,1.71,3.21,-3.48,1.94,6.51,3.51,3.47,3.91,3.55,1.85,3.49,0.00,32
10022,2,87.43,9.76,88.50,1.09,1.40,-3.50,2.05,6.62,3.89,3.94,3.91,3.55,1.96,3.92,0.00,32
10038,2,87.38,6.82,88.48,1.12,1.70,-3.52,2.16,6.74,3.30,3.53,3.91,3.55,2.08,3.42,0.00,32
10060,2,86.89,-2.27,88.46,1.59,3.36,-3.54,2.24,6.82,2.02,1.93,3.91,3.55,2.16,1.97,0.00,32
10079,2,86.02,-14.09,88.44,2.45,6.02,-3.56,2.28,6.86,0.78,0.65,3.91,3.55,2.20,0.72,0.00,32
10099,2,85.46,-17.92,88.42,2.98,7.40,-3.58,2.31,6.88,1.09,1.03,3.91,3.55,2.22,1.06,0.00,32
10120,2,85.75,-8.86,88.40,2.67,6.04,-3.60,2.36,6.93,2.53,2.56,3.91,3.55,2.27,2.55,0.00,32
10140,2,86.28,1.01,88.38,2.12,4.16,-3.62,2.47,7.04,4.10,4.14,3.91,3.55,2.38,4.12,0.00,32
10158,2,86.85,8.69,88.35,1.52,2.35,-3.65,2.60,7.18,4.56,4.69,3.91,3.55,2.52,4.62,0.00,32
10180,2,87.10,9.47,88.33,1.25,1.74,-3.67,2.73,7.31,4.10,4.07,3.91,3.55,2.65,4.08,0.00,32
10199,2,86.59,-0.74,88.31,1.74,3.55,-3.69,2.84,7.41,2.68,2.66,3.91,3.55,2.75,2.67,0.00,32
10219,2,85.69,-13.37,88.28,2.61,6.30,-3.72,2.89,7.47,1.12,1.16,3.91,3.55,2.81,1.14,0.00,32
10240,2,85.04,-19.14,88.25,3.24,8.01,-3.75,2.92,7.50,1.08,1.08,3.91,3.55,2.83,1.08,0.00,32
10261,2,84.99,-13.20,88.22,3.34,7.93,-3.78,2.98,7.55,2.54,2.53,3.91,3.55,2.89,2.54,0.00,32
10279,2,85.44,-3.93,88.19,2.79,5.88,-3.81,3.08,7.66,4.32,4.22,3.91,3.55,3.00,4.27,0.00,32
10300,2,86.07,5.89,88.16,2.12,3.77,-3.84,3.23,7.81,5.24,5.20,3.91,3.55,3.15,5.22,0.00,32
10319,2,86.41,8.56,88.13,1.76,2.83,-3.87,3.39,7.96,5.16,5.19,3.91,3.55,3.31,5.18,0.00,32
10340,2,86.09,1.26,88.10,2.04,3.98,-3.90,3.53,8.11,3.84,3.92,3.91,3.55,3.44,3.88,0.00,32
10359,2,85.11,-13.45,88.07,3.00,7.07,-3.93,3.62,8.19,2.20,2.23,3.91,3.55,3.53,2.22,0.00,32
10380,2,84.17,-23.09,88.04,3.90,9.65,-3.96,3.67,8.25,1.53,1.44,3.91,3.55,3.58,1.49,0.00,32
10399,2,84.00,-19.38,88.00,4.03,9.62,-4.00,3.74,8.31,2.96,2.95,3.91,3.55,3.65,2.95,0.00,32
10420,2,84.37,-8.85,87.96,3.62,7.96,-4.04,3.86,8.43,4.89,4.90,3.91,3.55,3.77,4.90,0.00,32
10439,2,85.09,3.34,87.92,2.87,5.47,-4.08,4.03,8.60,6.35,6.15,3.91,3.55,3.94,6.25,0.00,32
10460,2,85.61,9.25,87.88,2.31,3.88,-4.12,4.23,8.80,6.34,6.34,3.91,3.55,4.14,6.34,0.00,32
10479,2,85.37,2.70,87.84,2.52,4.81,-4.16,4.40,8.97,5.21,5.27,3.91,3.55,4.31,5.24,0.00,32
10500,2,84.47,-11.26,87.80,3.37,7.64,-4.20,4.53,9.10,3.26,3.41,3.91,3.55,4.44,3.34,0.00,32
10519,2,83.28,-25.41,87.76,4.52,11.08,-4.24,4.60,9.18,2.18,2.25,3.91,3.55,4.52,2.22,0.00,32
10540,2,82.58,-28.53,87.72,5.18,12.64,-4.28,4.68,9.26,3.20,3.16,3.91,3.55,4.60,3.18,0.00,32
10559,2,82.76,-18.26,87.68,4.96,11.38,-4.32,4.82,9.39,5.45,5.23,3.91,3.55,4.73,5.34,0.00,32
10580,2,83.48,-3.74,87.64,4.20,8.71,-4.36,5.02,9.59,7.40,7.33,3.91,3.55,4.93,7.37,0.00,32
10599,2,84.26,7.84,87.60,3.39,6.14,-4.40,5.26,9.83,8.06,8.06,3.91,3.55,5.17,8.06,0.00,32
10619,2,84.51,8.28,87.56,3.10,5.53,-4.44,5.50,10.07,7.34,7.64,3.91,3.55,5.41,7.49,0.00,32
10640,2,83.62,-7.08,87.52,3.94,8.45,-4.48,5.69,10.26,5.61,5.56,3.91,3.55,5.61,5.58,0.00,32
10660,2,82.32,-24.28,87.48,5.20,12.35,-4.52,5.83,10.40,3.69,3.75,3.91,3.55,5.74,3.72,0.00,32
10680,2,81.28,-32.80,87.44,6.20,15.02,-4.56,5.93,10.51,3.53,3.54,3.91,3.55,5.85,3.54,0.00,32
10700,2,81.09,-27.07,87.40,6.36,14.88,-4.60,6.07,10.65,5.80,5.62,3.91,3.55,5.99,5.71,0.00,32
10719,2,81.69,-11.43,87.36,5.71,12.33,-4.64,6.30,10.86,8.37,8.47,3.91,3.55,6.21,8.42,0.00,32
10739,2,82.46,2.07,87.32,4.91,9.64,-4.68,6.58,11.15,9.85,9.68,3.91,3.55,6.49,9.77,0.00,32
10760,2,82.80,7.00,87.28,4.53,8.49,-4.72,6.87,11.44,9.63,9.62,3.91,3.55,6.78,9.63,0.00,32
10781,2,82.58,3.75,87.24,4.70,9.10,-4.76,7.14,11.71,8.12,8.29,3.91,3.55,7.05,8.21,0.00,32
10799,2,81.67,-7.72,87.20,5.57,11.76,-4.80,7.36,11.92,6.29,6.02,3.91,3.55,7.27,6.15,0.00,32
10820,2,80.88,-13.87,87.16,6.33,13.76,-4.84,7.53,12.08,5.25,5.03,3.91,3.55,7.43,5.14,0.00,32
10839,2,80.98,-5.29,87.12,6.18,12.79,-4.88,7.69,12.26,5.94,6.35,3.91,3.55,7.60,6.14,0.00,32
10859,2,81.92,12.91,87.08,5.20,9.37,-4.92,7.90,12.48,7.76,8.03,3.91,3.55,7.82,7.90,0.00,32
10880,2,83.61,35.11,87.04,3.47,4.13,-4.96,8.16,12.74,9.17,8.88,3.91,3.55,8.08,9.03,0.00,32
10899,2,84.99,46.22,87.00,2.05,0.40,-5.00,8.44,13.01,8.46,8.45,3.91,3.55,8.35,8.45,0.00,32
10920,2,84.94,33.78,87.00,2.06,1.42,-5.00,8.65,13.24,5.76,6.17,3.91,3.55,8.57,5.96,0.00,32
10940,2,84.08,13.25,87.00,2.92,4.78,-5.00,8.77,13.36,2.53,2.62,3.91,3.55,8.69,2.57,0.00,32
10959,2,82.81,-6.63,87.00,4.19,8.91,-5.00,8.81,13.40,0.68,0.35,3.91,3.55,8.73,0.51,0.00,32
10980,2,82.45,-8.03,87.00,4.55,9.75,-5.00,8.83,13.42,1.50,1.12,3.91,3.55,8.75,1.31,0.00,32
10998,2,83.31,7.71,87.00,3.69,6.76,-5.00,8.91,13.49,3.74,3.64,3.91,3.55,8.83,3.69,0.00,32
11020,2,84.84,28.02,87.00,2.16,2.08,-5.00,9.07,13.64,5.79,6.04,3.91,3.55,8.98,5.92,0.00,32
11039,2,86.38,41.59,87.00,0.62,-2.08,-5.00,9.25,13.84,6.26,6.39,3.91,3.55,9.17,6.33,0.00,32
11060,2,86.86,36.12,87.00,0.14,-2.61,-5.00,9.42,14.01,4.57,4.52,3.91,3.55,9.34,4.55,0.00,32
11080,2,85.72,10.61,87.00,1.28,1.72,-5.00,9.50,14.09,0.59,0.54,3.91,3.55,9.42,0.56,0.00,32
11099,2,84.46,-9.28,87.00,2.54,5.82,-5.00,9.48,14.07,-1.30,-1.32,3.91,3.55,9.40,-1.31,0.00,32
11119,2,84.31,-7.73,87.00,2.69,6.01,-5.00,9.45,14.03,-0.90,-1.01,3.91,3.55,9.36,-0.96,0.00,32
11140,2,84.84,2.87,87.00,2.16,4.08,-5.00,9.46,14.04,1.33,1.28,3.91,3.55,9.37,1.30,0.00,32
11159,2,86.12,20.32,87.00,0.88,0.14,-5.00,9.54,14.12,3.28,3.58,3.91,3.55,9.45,3.43,0.00,32
11181,2,87.40,32.54,87.00,-0.40,-3.41,-5.00,9.65,14.24,3.91,4.00,3.91,3.55,9.57,3.95,0.00,32
11199,2,87.74,27.55,87.00,-0.74,-3.69,-5.00,9.76,14.34,2.89,2.72,3.91,3.55,9.68,2.80,0.00,32
11220,2,87.04,9.83,87.00,-0.04,-0.87,-5.00,9.79,14.37,-0.27,-0.31,3.91,3.55,9.71,-0.29,0.00,32
11239,2,85.94,-8.33,87.00,1.06,2.78,-5.00,9.75,14.33,-1.93,-1.87,3.91,3.55,9.66,-1.90,0.00,32
11259,2,85.20,-15.54,87.00,1.80,4.85,-5.00,9.68,14.27,-2.11,-2.12,3.91,3.55,9.60,-2.12,0.00,32
11280,2,85.70,-4.54,87.00,1.30,2.97,-5.00,9.65,14.23,-0.05,0.05,3.91,3.55,9.56,0.00,0.00,32
11299,2,86.49,8.04,87.00,0.51,0.37,-5.00,9.68,14.26,1.94,1.90,3.91,3.55,9.60,1.92,0.00,32
11320,2,87.42,18.78,87.00,-0.42,-2.33,-5.00,9.75,14.34,2.61,2.68,3.91,3.55,9.67,2.64,0.00,32
11340,2,87.77,18.00,87.00,-0.77,-2.98,-5.00,9.83,14.41,2.14,2.08,3.91,3.55,9.75,2.11,0.00,32
11359,2,87.19,5.06,87.00,-0.19,-0.78,-5.00,9.85,14.44,-0.22,-0.23,3.91,3.55,9.77,-0.23,0.00,32
11380,2,86.49,-6.72,87.00,0.51,1.56,-5.00,9.82,14.41,-1.47,-1.43,3.91,3.55,9.74,-1.45,0.00,32
11399,2,85.92,-12.98,87.00,1.08,3.20,-5.00,9.77,14.36,-1.61,-1.57,3.91,3.55,9.69,-1.59,0.00,32
11420,2,85.91,-9.61,87.00,1.09,2.95,-5.00,9.74,14.33,-0.15,-0.27,3.91,3.55,9.66,-0.21,0.00,32
11439,2,86.38,-0.40,87.00,0.62,1.28,-5.00,9.76,14.34,1.27,1.06,3.91,3.55,9.68,1.17,0.00,32
11460,2,86.97,8.04,87.00,0.03,-0.58,-5.00,9.81,14.39,1.82,1.89,3.91,3.55,9.73,1.86,0.00,32
11480,2,87.43,12.17,87.00,-0.43,-1.84,-5.00,9.87,14.45,1.74,1.83,3.91,3.55,9.79,1.78,0.00,32
11500,2,87.33,7.21,87.00,-0.33,-1.25,-5.00,9.91,14.49,0.76,0.61,3.91,3.55,9.83,0.68,0.00,32
11518,2,86.79,-2.61,87.00,0.21,0.62,-5.00,9.91,14.49,-0.63,-0.65,3.91,3.55,9.82,-0.64,0.00,48
11540,2,86.26,-9.77,87.00,0.74,2.25,-5.00,9.88,14.46,-0.88,-0.84,3.91,3.55,9.80,-0.86,0.00,32
11559,2,86.11,-9.41,87.00,0.88,2.52,-5.00,9.85,14.44,-0.60,-0.68,3.91,3.55,9.77,-0.64,0.00,32
11580,2,86.29,-4.45,87.00,0.71,1.77,-5.00,9.85,14.44,0.51,0.47,3.91,3.55,9.77,0.49,0.00,32
11599,2,86.70,2.44,87.00,0.29,0.39,-5.00,9.89,14.47,1.42,1.34,3.91,3.55,9.80,1.38,0.00,48
11620,2,87.08,6.70,87.00,-0.08,-0.70,-5.00,9.93,14.51,1.62,1.70,3.91,3.55,9.85,1.66,0.00,32
11638,2,87.20,6.04,87.00,-0.20,-0.88,-5.00,9.97,14.56,1.22,1.33,3.91,3.55,9.89,1.27,0.00,32
11660,2,86.93,0.50,87.00,0.07,0.10,-5.00,9.99,14.57,-0.01,-0.03,3.91,3.55,9.91,-0.02,0.00,48
11680,2,86.56,-4.00,87.00,0.44,1.19,-5.00,9.98,14.56,-0.57,-0.56,3.91,3.55,9.90,-0.57,0.00,32
11700,2,86.47,-3.29,87.00,0.53,1.32,-5.00,9.97,14.55,-0.03,-0.12,3.91,3.55,9.89,-0.08,0.00,32
11719,2,86.58,0.14,87.00,0.42,0.83,-5.00,9.97,14.55,0.18,0.18,3.91,3.55,9.89,0.18,0.00,48
11740,2,86.94,6.16,87.00,0.06,-0.37,-5.00,9.98,14.56,0.43,0.35,3.91,3.55,9.90,0.39,0.00,32
11758,2,87.52,13.21,87.00,-0.52,-2.10,-5.00,10.00,14.58,0.94,0.86,3.91,3.55,9.92,0.90,0.00,32
11780,2,87.82,14.12,87.00,-0.82,-2.77,-5.00,10.03,14.61,0.49,0.59,3.91,3.55,9.94,0.54,0.00,32
11799,2,87.84,10.24,87.00,-0.84,-2.49,-5.00,10.02,14.61,-0.44,-0.43,3.91,3.55,9.94,-0.44,0.00,32
11819,2,87.67,4.81,87.00,-0.67,-1.72,-5.00,10.00,14.58,-0.98,-1.01,3.91,3.55,9.92,-0.99,0.00,32
11840,2,87.35,-1.38,87.00,-0.35,-0.59,-5.00,9.95,14.54,-1.51,-1.54,3.91,3.55,9.87,-1.53,0.00,48
11860,2,87.09,-4.85,87.00,-0.09,0.21,-5.00,9.90,14.49,-1.62,-1.67,3.91,3.55,9.82,-1.64,0.00,32
11880,2,87.23,-1.61,87.00,-0.23,-0.32,-5.00,9.86,14.44,-1.27,-1.22,3.91,3.55,9.78,-1.24,0.00,48
11899,2,87.66,4.62,87.00,-0.66,-1.68,-5.00,9.84,14.43,0.07,0.06,3.91,3.55,9.76,0.07,0.00,32
11920,2,87.90,6.59,87.00,-0.90,-2.33,-5.00,9.85,14.43,-0.03,-0.08,3.91,3.55,9.77,-0.06,0.00,32
11940,2,87.98,5.52,87.00,-0.98,-2.41,-5.00,9.84,14.42,-0.44,-0.45,3.91,3.55,9.76,-0.45,0.00,32
11959,2,87.81,1.38,87.00,-0.81,-1.73,-5.00,9.82,14.40,-1.08,-1.04,3.91,3.55,9.74,-1.06,0.00,32
11980,2,87.60,-2.40,87.00,-0.60,-1.01,-5.00,9.77,14.36,-1.60,-1.53,3.91,3.55,9.69,-1.56,0.00,32
11999,2,87.39,-4.96,87.00,-0.39,-0.38,-5.00,9.73,14.31,-1.62,-1.64,3.91,3.55,9.65,-1.63,0.00,32
12020,2,87.34,-4.61,87.00,-0.34,-0.31,-5.00,9.69,14.27,-1.25,-1.29,3.91,3.55,9.60,-1.27,0.00,32
12039,2,87.63,0.52,87.00,-0.63,-1.30,-5.00,9.66,14.24,-0.49,-0.52,3.91,3.55,9.58,-0.51,0.00,32
12060,2,87.89,3.86,87.00,-0.89,-2.08,-5.00,9.66,14.24,-0.21,-0.14,3.91,3.55,9.57,-0.18,0.00,32
12080,2,88.02,4.48,87.00,-1.02,-2.40,-5.00,9.64,14.23,-0.52,-0.38,3.91,3.55,9.56,-0.45,0.00,32
12100,2,87.93,1.70,87.00,-0.93,-2.00,-5.00,9.63,14.21,-0.80,-0.82,3.91,3.55,9.55,-0.81,0.00,32
12119,2,87.65,-2.98,87.00,-0.65,-1.07,-5.00,9.59,14.18,-1.24,-1.39,3.91,3.55,9.51,-1.32,0.00,32
12139,2,87.40,-5.99,87.00,-0.40,-0.32,-5.00,9.54,14.13,-1.55,-1.53,3.91,3.55,9.46,-1.54,0.00,32
12160,2,87.41,-4.25,87.00,-0.41,-0.48,-5.00,9.50,14.08,-1.32,-1.34,3.91,3.55,9.42,-1.33,0.00,32
12181,2,87.65,0.28,87.00,-0.65,-1.32,-5.00,9.47,14.05,-0.56,-0.49,3.91,3.55,9.39,-0.53,0.00,32
12199,2,87.93,3.86,87.00,-0.93,-2.16,-5.00,9.46,14.05,-0.10,-0.14,3.91,3.55,9.38,-0.12,0.00,32
12220,2,87.98,3.43,87.00,-0.98,-2.24,-5.00,9.45,14.04,-0.43,-0.60,3.91,3.55,9.37,-0.52,0.00,32
12239,2,87.87,0.52,87.00,-0.87,-1.78,-5.00,9.43,14.01,-0.84,-0.91,3.91,3.55,9.35,-0.88,0.00,32
12260,2,87.63,-3.44,87.00,-0.63,-0.99,-5.00,9.40,13.98,-1.35,-1.25,3.91,3.55,9.31,-1.30,0.00,48
12278,2,87.40,-6.07,87.00,-0.40,-0.32,-5.00,9.35,13.94,-1.47,-1.35,3.91,3.55,9.27,-1.41,0.00,32
12300,2,87.33,-5.74,87.00,-0.33,-0.21,-5.00,9.31,13.90,-1.14,-1.13,3.91,3.55,9.23,-1.14,0.00,32
12319,2,87.62,-0.29,87.00,-0.62,-1.21,-5.00,9.28,13.87,-0.45,-0.70,3.91,3.55,9.20,-0.57,0.00,32
12340,2,87.93,3.89,87.00,-0.93,-2.17,-5.00,9.28,13.86,0.02,0.04,3.91,3.55,9.20,0.03,0.00,32
12359,2,88.03,3.81,87.00,-1.03,-2.36,-5.00,9.27,13.86,-0.33,-0.38,3.91,3.55,9.19,-0.35,0.00,32
12380,2,87.92,0.83,87.00,-0.92,-1.91,-5.00,9.25,13.84,-1.08,-1.00,3.91,3.55,9.17,-1.04,0.00,32
12399,2,87.64,-3.73,87.00,-0.64,-0.98,-5.00,9.21,13.80,-1.43,-1.45,3.91,3.55,9.13,-1.44,0.00,48
12420,2,87.40,-6.22,87.00,-0.40,-0.30,-5.00,9.17,13.75,-1.45,-1.57,3.91,3.55,9.09,-1.51,0.00,32
12439,2,87.32,-5.61,87.00,-0.32,-0.19,-5.00,9.13,13.71,-1.28,-1.32,3.91,3.55,9.05,-1.30,0.00,32
12460,2,87.57,-0.80,87.00,-0.57,-1.08,-5.00,9.10,13.68,-0.57,-0.59,3.91,3.55,9.02,-0.58,0.00,32
12479,2,87.80,2.44,87.00,-0.80,-1.79,-5.00,9.10,13.68,-0.00,-0.07,3.91,3.55,9.01,-0.04,0.00,32
12500,2,87.86,2.52,87.00,-0.86,-1.93,-5.00,9.09,13.67,-0.40,-0.43,3.91,3.55,9.01,-0.42,0.00,32
12519,2,87.80,0.62,87.00,-0.80,-1.66,-5.00,9.07,13.66,-0.69,-0.62,3.91,3.55,8.99,-0.66,0.00,32
12539,2,87.60,-2.54,87.00,-0.60,-1.00,-5.00,9.04,13.63,-1.14,-1.20,3.91,3.55,8.96,-1.17,0.00,48
12560,2,87.41,-4.68,87.00,-0.41,-0.44,-5.00,9.00,13.59,-1.32,-1.44,3.91,3.55,8.92,-1.38,0.00,32
12580,2,87.33,-4.70,87.00,-0.33,-0.28,-5.00,8.97,13.55,-1.11,-1.18,3.91,3.55,8.89,-1.15,0.00,32
12600,2,87.51,-1.03,87.00,-0.51,-0.94,-5.00,8.94,13.52,-0.51,-0.55,3.91,3.55,8.86,-0.53,0.00,48
12619,2,87.66,1.20,87.00,-0.66,-1.43,-5.00,8.93,13.52,-0.21,-0.10,3.91,3.55,8.85,-0.16,0.00,32
12640,2,87.68,0.97,87.00,-0.68,-1.44,-5.00,8.92,13.51,-0.54,-0.38,3.91,3.55,8.84,-0.46,0.00,32
12660,2,87.62,-0.29,87.00,-0.62,-1.22,-5.00,8.91,13.49,-0.43,-0.52,3.91,3.55,8.83,-0.48,0.00,32
12679,2,87.41,-3.22,87.00,-0.41,-0.56,-5.00,8.89,13.47,-0.81,-1.01,3.91,3.55,8.81,-0.91,0.00,48
12700,2,87.23,-4.99,87.00,-0.23,-0.05,-5.00,8.86,13.44,-1.00,-1.11,3.91,3.55,8.77,-1.05,0.00,32
12719,2,87.24,-3.50,87.00,-0.24,-0.21,-5.00,8.83,13.41,-0.81,-0.65,3.91,3.55,8.75,-0.73,0.00,48
12740,2,87.41,-0.42,87.00,-0.41,-0.78,-5.00,8.81,13.40,-0.23,-0.16,3.91,3.55,8.73,-0.19,0.00,48
12759,2,87.56,1.65,87.00,-0.56,-1.26,-5.00,8.81,13.39,-0.08,-0.13,3.91,3.55,8.73,-0.10,0.00,32
12779,2,87.61,1.66,87.00,-0.61,-1.35,-5.00,8.80,13.39,-0.32,-0.34,3.91,3.55,8.72,-0.33,0.00,32
12800,2,87.65,1.39,87.00,-0.65,-1.40,-5.00,8.79,13.38,-0.47,-0.34,3.91,3.55,8.71,-0.41,0.00,32
12819,2,87.52,-1.17,87.00,-0.52,-0.94,-5.00,8.77,13.36,-0.73,-0.73,3.91,3.55,8.69,-0.73,0.00,48
12840,2,87.33,-3.93,87.00,-0.33,-0.34,-5.00,8.75,13.33,-0.92,-0.93,3.91,3.55,8.66,-0.93,0.00,48
12860,2,87.20,-4.91,87.00,-0.20,-0.01,-5.00,8.72,13.30,-0.98,-1.12,3.91,3.55,8.63,-1.05,0.00,32
12879,2,87.25,-3.12,87.00,-0.25,-0.24,-5.00,8.69,13.28,-0.58,-0.54,3.91,3.55,8.61,-0.56,0.00,48
12900,2,87.34,-1.08,87.00,-0.34,-0.60,-5.00,8.68,13.27,-0.12,-0.14,3.91,3.55,8.60,-0.13,0.00,48
12919,2,87.37,-0.60,87.00,-0.37,-0.70,-5.00,8.68,13.27,-0.19,-0.10,3.91,3.55,8.60,-0.14,0.00,48
12940,2,87.37,-0.66,87.00,-0.37,-0.70,-5.00,8.67,13.26,-0.27,-0.24,3.91,3.55,8.59,-0.26,0.00,48
12959,2,87.30,-1.84,87.00,-0.30,-0.45,-5.00,8.67,13.25,-0.20,-0.21,3.91,3.55,8.59,-0.21,0.00,48
12980,2,87.12,-4.27,87.00,-0.12,0.11,-5.00,8.66,13.24,-0.55,-0.56,3.91,3.55,8.57,-0.55,0.00,32
13000,2,86.98,-5.12,87.00,0.01,0.44,-5.00,8.64,13.22,-0.64,-0.71,3.91,3.55,8.56,-0.68,0.00,32
13020,2,86.98,-3.90,87.00,0.02,0.35,-5.00,8.63,13.21,0.04,-0.08,3.91,3.55,8.55,-0.02,0.00,48
13039,2,86.97,-3.18,87.00,0.03,0.31,-5.00,8.63,13.21,0.01,0.02,3.91,3.55,8.55,0.02,0.00,48
13060,2,86.97,-2.55,87.00,0.02,0.25,-5.00,8.63,13.21,0.04,0.14,3.91,3.55,8.55,0.09,0.00,48
13079,2,86.96,-2.33,87.00,0.04,0.27,-5.00,8.63,13.22,0.16,0.14,3.91,3.55,8.55,0.15,0.00,48
13100,2,86.94,-2.20,87.00,0.06,0.30,-5.00,8.64,13.22,0.26,0.10,3.91,3.55,8.56,0.18,0.00,48
13119,2,86.91,-2.21,87.00,0.09,0.35,-5.00,8.65,13.23,0.24,0.22,3.91,3.55,8.56,0.23,0.00,48
13140,2,86.85,-2.75,87.00,0.15,0.52,-5.00,8.65,13.24,0.23,0.29,3.91,3.55,8.57,0.26,0.00,48
13159,2,86.77,-3.30,87.00,0.23,0.72,-5.00,8.66,13.24,0.17,0.15,3.91,3.55,8.58,0.16,0.00,48
13179,2,86.70,-3.67,87.00,0.30,0.90,-5.00,8.67,13.25,0.36,0.26,3.91,3.55,8.58,0.31,0.00,48
13200,2,86.56,-4.67,87.00,0.44,1.25,-5.00,8.68,13.26,0.28,0.25,3.91,3.55,8.59,0.26,0.00,32
13219,2,86.52,-4.08,87.00,0.48,1.29,-5.00,8.68,13.27,0.33,0.31,3.91,3.55,8.60,0.32,0.00,32
13240,2,86.61,-1.93,87.00,0.39,0.94,-5.00,8.70,13.28,0.74,0.75,3.91,3.55,8.62,0.75,0.00,48
13260,2,86.65,-0.92,87.00,0.35,0.77,-5.00,8.73,13.31,0.72,0.71,3.91,3.55,8.64,0.72,0.00,48
13279,2,86.64,-1.12,87.00,0.36,0.81,-5.00,8.75,13.33,0.84,0.84,3.91,3.55,8.67,0.84,0.00,48
13300,2,86.54,-2.35,87.00,0.46,1.11,-5.00,8.77,13.35,0.56,0.42,3.91,3.55,8.69,0.49,0.00,32
13319,2,86.46,-3.07,87.00,0.54,1.33,-5.00,8.79,13.37,0.56,0.53,3.91,3.55,8.70,0.55,0.00,32
13340,2,86.33,-4.22,87.00,0.67,1.68,-5.00,8.80,13.39,0.40,0.45,3.91,3.55,8.72,0.42,0.00,32
13359,2,86.33,-3.21,87.00,0.67,1.59,-5.00,8.82,13.40,0.65,0.70,3.91,3.55,8.74,0.67,0.00,32
13380,2,86.39,-1.71,87.00,0.61,1.35,-5.00,8.84,13.43,0.93,0.97,3.91,3.55,8.76,0.95,0.00,32
13400,2,86.42,-1.18,87.00,0.58,1.26,-5.00,8.88,13.46,1.10,1.15,3.91,3.55,8.79,1.12,0.00,32
13419,2,86.33,-2.15,87.00,0.67,1.51,-5.00,8.91,13.49,1.07,1.02,3.91,3.55,8.83,1.04,0.00,32
13440,2,86.23,-3.17,87.00,0.77,1.80,-5.00,8.94,13.52,0.80,0.87,3.91,3.55,8.85,0.83,0.00,32
13460,2,86.13,-3.51,87.00,0.87,2.01,-5.00,8.96,13.55,0.82,0.86,3.91,3.55,8.88,0.84,0.00,32
13479,2,86.14,-2.14,87.00,0.86,1.89,-5.00,8.99,13.57,0.99,0.90,3.91,3.55,8.91,0.95,0.00,32
13500,2,86.22,-0.26,87.00,0.78,1.59,-5.00,9.02,13.60,1.25,1.20,3.91,3.55,8.94,1.23,0.00,32
13519,2,86.37,2.35,87.00,0.63,1.06,-5.00,9.06,13.64,1.25,1.32,3.91,3.55,8.98,1.29,0.00,32
13540,2,86.52,4.03,87.00,0.48,0.64,-5.00,9.10,13.68,1.20,1.25,3.91,3.55,9.02,1.23,0.00,32
13558,2,86.59,4.34,87.00,0.41,0.48,-5.00,9.13,13.72,0.91,0.99,3.91,3.55,9.05,0.95,0.00,32
13580,2,86.53,2.80,87.00,0.47,0.71,-5.00,9.16,13.74,0.74,0.82,3.91,3.55,9.08,0.78,0.00,48
13600,2,86.46,1.43,87.00,0.54,0.97,-5.00,9.17,13.76,0.27,0.22,3.91,3.55,9.09,0.25,0.00,48
13620,2,86.55,2.80,87.00,0.45,0.67,-5.00,9.18,13.77,0.52,0.40,3.91,3.55,9.10,0.46,0.00,48
13639,2,86.67,4.18,87.00,0.33,0.32,-5.00,9.20,13.78,0.60,0.74,3.91,3.55,9.12,0.67,0.00,32
13660,2,86.81,5.46,87.00,0.19,-0.06,-5.00,9.22,13.80,0.50,0.49,3.91,3.55,9.14,0.50,0.00,32
13678,2,87.01,6.81,87.00,-0.01,-0.56,-5.00,9.23,13.82,0.58,0.55,3.91,3.55,9.15,0.57,0.00,32
13700,2,87.05,5.66,87.00,-0.05,-0.55,-5.00,9.24,13.83,0.10,0.08,3.91,3.55,9.16,0.09,0.00,32
13719,2,87.08,4.50,87.00,-0.08,-0.52,-5.00,9.24,13.83,-0.01,-0.03,3.91,3.55,9.16,-0.02,0.00,32
13740,2,87.09,3.25,87.00,-0.09,-0.44,-5.00,9.24,13.82,-0.09,-0.16,3.91,3.55,9.16,-0.13,0.00,48
13759,2,87.03,1.32,87.00,-0.03,-0.16,-5.00,9.23,13.82,-0.26,-0.31,3.91,3.55,9.15,-0.29,0.00,48
13780,2,86.94,-0.46,87.00,0.06,0.16,-5.00,9.22,13.81,-0.44,-0.52,3.91,3.55,9.14,-0.48,0.00,48
13800,2,86.95,-0.19,87.00,0.05,0.11,-5.00,9.21,13.79,-0.28,-0.32,3.91,3.55,9.13,-0.30,0.00,48
13819,2,87.03,0.84,87.00,-0.03,-0.13,-5.00,9.21,13.79,0.07,0.08,3.91,3.55,9.13,0.07,0.00,48
13840,2,87.10,1.37,87.00,-0.10,-0.31,-5.00,9.21,13.79,-0.02,0.04,3.91,3.55,9.13,0.01,0.00,48
13859,2,87.15,1.49,87.00,-0.15,-0.42,-5.00,9.21,13.79,0.00,-0.02,3.91,3.55,9.13,-0.01,0.00,48
13880,2,87.14,0.69,87.00,-0.14,-0.33,-5.00,9.21,13.79,-0.04,-0.07,3.91,3.55,9.13,-0.05,0.00,48
13901,2,87.09,-0.41,87.00,-0.09,-0.15,-5.00,9.20,13.79,-0.25,-0.13,3.91,3.55,9.12,-0.19,0.00,48
13919,2,87.04,-1.25,87.00,-0.04,0.03,-5.00,9.20,13.78,-0.20,-0.20,3.91,3.55,9.12,-0.20,0.00,48
13939,2,86.96,-2.14,87.00,0.04,0.25,-5.00,9.19,13.78,-0.11,-0.16,3.91,3.55,9.11,-0.14,0.00,48
13960,2,86.88,-2.82,87.00,0.12,0.46,-5.00,9.19,13.77,-0.15,-0.23,3.91,3.55,9.11,-0.19,0.00,48
13980,2,86.85,-2.62,87.00,0.15,0.50,-5.00,9.19,13.77,-0.05,-0.03,3.91,3.55,9.10,-0.04,0.00,48
14000,2,86.89,-1.51,87.00,0.11,0.34,-5.00,9.19,13.77,0.06,0.15,3.91,3.55,9.11,0.11,0.00,48
14020,2,86.93,-0.65,87.00,0.07,0.18,-5.00,9.19,13.78,0.33,0.35,3.91,3.55,9.11,0.34,0.00,48
14039,2,86.88,-1.22,87.00,0.12,0.34,-5.00,9.20,13.79,0.19,0.14,3.91,3.55,9.12,0.16,0.00,48
14059,2,86.88,-0.97,87.00,0.12,0.32,-5.00,9.21,13.79,0.17,0.12,3.91,3.55,9.12,0.15,0.00,48
14080,2,86.93,0.02,87.00,0.07,0.14,-5.00,9.22,13.80,0.35,0.27,3.91,3.55,9.13,0.31,0.00,48
14101,2,86.95,0.29,87.00,0.05,0.08,-5.00,9.23,13.81,0.30,0.38,3.91,3.55,9.14,0.34,0.00,48
14119,2,86.90,-0.37,87.00,0.10,0.23,-5.00,9.23,13.81,0.17,0.15,3.91,3.55,9.15,0.16,0.00,48
14140,2,86.86,-0.75,87.00,0.14,0.33,-5.00,9.23,13.82,0.05,0.09,3.91,3.55,9.15,0.07,0.00,48
14159,2,86.86,-0.52,87.00,0.14,0.32,-5.00,9.24,13.82,0.10,0.02,3.91,3.55,9.15,0.06,0.00,48
14180,2,86.86,-0.12,87.00,0.14,0.28,-5.00,9.24,13.82,0.12,0.16,3.91,3.55,9.16,0.14,0.00,48
14198,2,86.90,0.62,87.00,0.10,0.15,-5.00,9.24,13.83,0.14,0.12,3.91,3.55,9.16,0.13,0.00,48
14220,2,86.99,1.88,87.00,0.01,-0.13,-5.00,9.25,13.83,0.22,0.16,3.91,3.55,9.17,0.19,0.00,48
14239,2,87.10,3.00,87.00,-0.10,-0.43,-5.00,9.26,13.84,0.31,0.21,3.91,3.55,9.17,0.26,0.00,48
14260,2,87.15,3.05,86.99,-0.15,-0.54,-5.00,9.26,13.84,0.03,0.14,3.91,3.55,0.00,0.08,-0.01,176
14279,2,87.16,2.59,87.01,-0.17,-0.54,-5.00,9.26,13.84,-0.11,-0.01,3.91,3.55,-0.00,-0.06,0.01,176
14300,2,87.13,1.65,87.02,-0.12,-0.37,-5.00,9.26,13.84,-0.26,-0.21,3.91,3.55,-0.00,-0.24,0.02,176
14318,2,87.16,1.97,87.04,-0.14,-0.43,-5.00,9.24,13.83,-0.43,-0.37,3.91,3.55,-0.02,-0.40,0.04,176
14340,2,87.27,3.27,87.02,-0.23,-0.72,-5.00,9.24,13.82,-0.11,-0.15,3.91,3.55,-0.02,-0.13,0.02,176
14359,2,87.33,3.69,87.02,-0.31,-0.92,-5.00,9.23,13.82,-0.24,-0.27,3.91,3.55,-0.03,-0.25,0.02,176
14380,2,87.38,3.70,87.04,-0.35,-1.00,-5.00,9.22,13.80,-0.46,-0.58,3.91,3.55,-0.04,-0.52,0.04,160
14399,2,87.55,5.59,87.05,-0.50,-1.45,-5.00,9.21,13.78,-0.60,-0.46,3.91,3.55,-0.06,-0.53,0.05,160
14420,2,87.76,7.40,87.03,-0.71,-2.01,-5.00,9.19,13.78,-0.34,-0.27,3.91,3.55,-0.07,-0.31,0.03,160
14439,2,87.82,6.52,87.05,-0.79,-2.10,-5.00,9.17,13.76,-0.69,-0.80,3.91,3.55,-0.09,-0.75,0.05,160
14459,2,87.81,4.82,87.07,-0.76,-1.90,-5.00,9.15,13.73,-0.96,-0.95,3.91,3.55,-0.11,-0.95,0.07,160
14479,2,87.83,3.59,87.09,-0.76,-1.80,-5.00,9.11,13.69,-1.25,-1.24,3.91,3.55,-0.15,-1.24,0.09,160
14500,2,87.84,2.78,87.11,-0.75,-1.73,-5.00,9.07,13.66,-1.32,-1.29,3.91,3.55,-0.19,-1.31,0.11,160
14520,2,87.95,3.66,87.11,-0.84,-1.97,-5.00,9.03,13.62,-1.27,-1.22,3.91,3.55,-0.23,-1.24,0.11,224
14540,2,88.14,5.19,87.10,-1.03,-2.48,-5.00,9.00,13.58,-1.19,-1.18,3.91,3.55,-0.26,-1.18,0.10,224
14559,2,88.30,5.83,87.09,-1.19,-2.85,-5.00,8.96,13.55,-1.10,-1.11,3.91,3.55,-0.30,-1.10,0.09,224
14579,2,88.36,5.05,87.11,-1.26,-2.93,-5.00,8.93,13.51,-1.29,-1.28,3.91,3.55,-0.33,-1.29,0.11,160
14600,2,88.25,2.14,87.13,-1.14,-2.46,-5.00,8.88,13.47,-1.64,-1.70,3.91,3.55,-0.38,-1.67,0.13,224
14621,2,88.11,-0.41,87.15,-0.99,-1.94,-5.00,8.83,13.41,-1.88,-1.88,3.91,3.55,-0.43,-1.88,0.15,224
14639,2,88.03,-1.57,87.16,-0.88,-1.64,-5.00,8.77,13.36,-1.87,-1.85,3.91,3.55,-0.49,-1.86,0.16,224
14660,2,88.11,-0.11,87.14,-0.95,-1.89,-5.00,8.72,13.30,-1.69,-1.66,3.91,3.55,-0.54,-1.67,0.14,224
14679,2,88.34,3.08,87.12,-1.20,-2.64,-5.00,8.68,13.26,-1.32,-1.24,3.91,3.55,-0.58,-1.28,0.12,224
14699,2,88.57,5.21,87.10,-1.45,-3.31,-5.00,8.64,13.23,-1.02,-0.92,3.91,3.55,-0.61,-0.97,0.10,224
14720,2,88.50,2.71,87.10,-1.40,-3.01,-5.00,8.61,13.20,-1.21,-1.32,3.91,3.55,-0.65,-1.27,0.10,224
14739,2,88.34,-0.53,87.12,-1.23,-2.42,-5.00,8.56,13.15,-1.85,-1.86,3.91,3.55,-0.70,-1.85,0.12,224
14760,2,88.11,-3.69,87.14,-0.99,-1.68,-5.00,8.50,13.08,-2.13,-2.03,3.91,3.55,-0.76,-2.08,0.14,224
14780,2,87.99,-4.51,87.16,-0.84,-1.32,-5.00,8.44,13.02,-2.02,-2.00,3.91,3.55,-0.82,-2.01,0.16,224
14799,2,88.07,-2.11,87.14,-0.91,-1.65,-5.00,8.38,12.97,-1.73,-1.58,3.91,3.55,-0.88,-1.65,0.14,224
14820,2,88.35,2.28,87.13,-1.21,-2.60,-5.00,8.34,12.93,-1.01,-1.05,3.91,3.55,-0.92,-1.03,0.12,224
14838,2,88.64,5.67,87.11,-1.51,-3.48,-5.00,8.32,12.90,-0.69,-0.86,3.91,3.55,-0.94,-0.78,0.10,224
14860,2,88.69,4.92,87.09,-1.59,-3.57,-5.00,8.29,12.88,-1.09,-1.11,3.91,3.55,-0.97,-1.10,0.09,224
14879,2,88.48,0.40,87.11,-1.39,-2.81,-5.00,8.25,12.83,-1.87,-1.79,3.91,3.55,-1.01,-1.83,0.11,224
14900,2,88.18,-4.12,87.13,-1.07,-1.81,-4.99,8.18,12.76,-2.41,-2.33,3.91,3.55,-1.08,-2.37,0.13,224
14920,2,87.95,-6.19,87.15,-0.82,-1.15,-4.99,8.11,12.69,-2.40,-2.42,3.91,3.55,-1.15,-2.41,0.15,224
14940,2,87.97,-4.14,87.17,-0.82,-1.31,-4.99,8.04,12.63,-1.81,-1.98,3.91,3.55,-1.22,-1.89,0.17,224
14958,2,88.35,2.40,87.15,-1.18,-2.55,-4.99,8.00,12.58,-1.01,-1.15,3.91,3.55,-1.26,-1.08,0.15,224
14980,2,88.77,7.52,87.14,-1.62,-3.84,-4.99,7.98,12.55,-0.46,-0.35,3.91,3.55,-1.29,-0.40,0.13,224
14999,2,88.78,5.45,87.15,-1.65,-3.73,-4.99,7.96,12.54,-0.96,-0.98,3.91,3.55,-1.31,-0.97,0.14,224
15020,2,88.52,0.17,87.17,-1.37,-2.76,-4.99,7.91,12.49,-1.98,-2.05,3.91,3.55,-1.35,-2.02,0.16,224
15039,2,88.11,-5.85,87.19,-0.94,-1.41,-4.99,7.84,12.42,-2.49,-2.50,3.91,3.55,-1.42,-2.50,0.18,224
15060,2,87.80,-8.59,87.21,-0.61,-0.53,-4.98,7.76,12.34,-2.48,-2.42,3.91,3.55,-1.50,-2.45,0.20,224
15079,2,87.87,-5.27,87.23,-0.66,-0.89,-4.98,7.70,12.28,-1.91,-1.95,3.91,3.55,-1.56,-1.93,0.22,224
15099,2,88.34,2.80,87.21,-1.11,-2.45,-4.98,7.66,12.24,-0.70,-0.77,3.91,3.55,-1.60,-0.73,0.20,224
15120,2,88.71,7.27,87.19,-1.49,-3.57,-4.98,7.65,12.23,-0.14,-0.15,3.91,3.55,-1.61,-0.15,0.18,224
15139,2,88.80,6.48,87.21,-1.60,-3.73,-4.98,7.64,12.22,-0.90,-0.91,3.91,3.55,-1.62,-0.91,0.19,224
15160,2,88.51,0.41,87.24,-1.29,-2.62,-4.98,7.60,12.17,-1.73,-1.80,3.91,3.55,-1.67,-1.76,0.21,224
15180,2,88.16,-4.74,87.26,-0.93,-1.47,-4.97,7.53,12.11,-2.39,-2.34,3.91,3.55,-1.73,-2.36,0.23,224
15199,2,87.88,-7.65,87.28,-0.62,-0.63,-4.97,7.46,12.04,-2.46,-2.42,3.91,3.55,-1.80,-2.44,0.25,224
15220,2,87.90,-5.21,87.30,-0.62,-0.82,-4.97,7.40,11.97,-1.72,-1.79,3.91,3.55,-1.87,-1.75,0.27,224
15239,2,88.42,3.33,87.28,-1.12,-2.50,-4.97,7.36,11.93,-0.67,-0.79,3.91,3.55,-1.91,-0.73,0.25,224
15260,2,88.85,8.25,87.27,-1.57,-3.79,-4.97,7.35,11.93,-0.28,-0.30,3.91,3.55,-1.92,-0.29,0.23,224
15279,2,88.92,6.63,87.27,-1.66,-3.85,-4.96,7.33,11.91,-0.77,-0.76,3.91,3.55,-1.93,-0.77,0.24,224
15299,2,88.64,0.59,87.29,-1.36,-2.77,-4.96,7.29,11.87,-1.80,-1.75,3.91,3.55,-1.97,-1.77,0.26,224
15320,2,88.16,-6.46,87.32,-0.87,-1.22,-4.96,7.23,11.80,-2.41,-2.52,3.91,3.55,-2.04,-2.47,0.28,224
15338,2,87.78,-10.26,87.34,-0.47,-0.11,-4.96,7.15,11.73,-2.53,-2.51,3.91,3.55,-2.12,-2.52,0.30,224
15360,2,87.85,-6.56,87.36,-0.51,-0.49,-4.96,7.08,11.66,-1.85,-1.83,3.91,3.55,-2.18,-1.84,0.32,224
15380,2,88.33,2.09,87.34,-0.97,-2.11,-4.95,7.05,11.62,-0.30,-0.41,3.91,3.55,-2.22,-0.35,0.30,224
15399,2,88.79,8.04,87.33,-1.44,-3.53,-4.95,7.05,11.62,-0.06,-0.02,3.91,3.55,-2.22,-0.04,0.28,224
15420,2,88.95,7.77,87.34,-1.63,-3.88,-4.95,7.04,11.61,-0.73,-0.59,3.91,3.55,-2.23,-0.66,0.29,224
15439,2,88.74,2.39,87.36,-1.40,-3.00,-4.95,7.00,11.58,-1.54,-1.48,3.91,3.55,-2.26,-1.51,0.31,224
15460,2,88.35,-3.99,87.38,-0.99,-1.66,-4.94,6.94,11.52,-2.29,-2.17,3.91,3.55,-2.32,-2.23,0.33,224
15479,2,87.97,-8.29,87.41,-0.59,-0.52,-4.94,6.87,11.45,-2.39,-2.39,3.91,3.55,-2.40,-2.39,0.35,224
15500,2,87.81,-8.35,87.43,-0.41,-0.15,-4.94,6.80,11.38,-2.05,-2.13,3.91,3.55,-2.47,-2.09,0.37,224
15520,2,88.23,-0.18,87.45,-0.80,-1.59,-4.94,6.75,11.33,-0.90,-1.01,3.91,3.55,-2.51,-0.96,0.39,224
15540,2,88.76,7.07,87.43,-1.31,-3.18,-4.93,6.74,11.32,0.05,0.00,3.91,3.55,-2.52,0.02,0.37,224
15559,2,89.01,8.65,87.42,-1.58,-3.85,-4.93,6.74,11.31,-0.42,-0.42,3.91,3.55,-2.53,-0.42,0.35,224
15580,2,88.95,5.21,87.44,-1.53,-3.48,-4.93,6.71,11.29,-1.16,-1.07,3.91,3.55,-2.55,-1.11,0.37,224
15598,2,88.57,-1.69,87.46,-1.13,-2.13,-4.92,6.66,11.24,-2.06,-2.04,3.91,3.55,-2.60,-2.05,0.39,224
15620,2,88.16,-7.18,87.48,-0.70,-0.82,-4.92,6.59,11.17,-2.47,-2.56,3.91,3.55,-2.68,-2.51,0.41,224
15639,2,87.98,-7.64,87.51,-0.49,-0.38,-4.92,6.51,11.09,-2.31,-2.29,3.91,3.55,-2.75,-2.30,0.43,224
15660,2,88.28,-0.99,87.53,-0.77,-1.47,-4.92,6.46,11.03,-1.36,-1.46,3.91,3.55,-2.81,-1.41,0.45,224
15679,2,88.92,8.14,87.51,-1.39,-3.43,-4.91,6.44,11.02,-0.05,-0.09,3.91,3.55,-2.82,-0.07,0.43,224
15700,2,89.22,9.84,87.50,-1.71,-4.21,-4.91,6.44,11.01,-0.25,-0.26,3.91,3.55,-2.83,-0.26,0.41,224
15720,2,89.07,4.76,87.52,-1.58,-3.54,-4.91,6.41,10.99,-1.46,-1.45,3.91,3.55,-2.85,-1.45,0.43,224
15739,2,88.71,-2.00,87.54,-1.19,-2.22,-4.90,6.35,10.93,-2.23,-2.30,3.91,3.55,-2.91,-2.26,0.45,224
15760,2,88.29,-7.42,87.57,-0.75,-0.90,-4.90,6.28,10.85,-2.75,-2.71,3.91,3.55,-2.99,-2.73,0.47,224
15780,2,88.07,-8.37,87.59,-0.51,-0.35,-4.90,6.20,10.78,-2.47,-2.36,3.91,3.55,-3.07,-2.41,0.49,224
15799,2,88.38,-1.65,87.61,-0.79,-1.45,-4.89,6.14,10.72,-1.40,-1.47,3.91,3.55,-3.12,-1.43,0.51,224
15820,2,89.03,7.83,87.60,-1.42,-3.46,-4.89,6.12,10.70,-0.09,-0.14,3.91,3.55,-3.15,-0.12,0.49,224
15839,2,89.39,10.68,87.58,-1.79,-4.44,-4.89,6.12,10.69,-0.17,-0.25,3.91,3.55,-3.15,-0.21,0.47,224
15859,2,89.35,7.06,87.60,-1.77,-4.11,-4.88,6.09,10.67,-1.41,-1.31,3.91,3.55,-3.17,-1.36,0.49,224
15880,2,88.86,-1.89,87.62,-1.26,-2.36,-4.88,6.03,10.61,-2.43,-2.34,3.91,3.55,-3.23,-2.38,0.51,224
15900,2,88.38,-8.20,87.65,-0.75,-0.85,-4.88,5.95,10.53,-2.90,-2.93,3.91,3.55,-3.31,-2.91,0.53,224
15919,2,88.06,-10.49,87.67,-0.41,0.02,-4.87,5.87,10.45,-2.62,-2.68,3.91,3.55,-3.40,-2.65,0.55,224
15940,2,88.35,-3.11,87.70,-0.68,-1.10,-4.87,5.80,10.38,-1.66,-1.66,3.91,3.55,-3.46,-1.66,0.57,224
15959,2,89.19,9.47,87.68,-1.49,-3.74,-4.87,5.78,10.36,-0.12,-0.05,3.91,3.55,-3.48,-0.09,0.55,224
15979,2,89.71,14.18,87.66,-2.03,-5.20,-4.86,5.78,10.36,-0.11,-0.15,3.91,3.55,-3.48,-0.13,0.53,224
16000,2,89.65,9.38,87.66,-1.99,-4.73,-4.86,5.76,10.34,-1.19,-1.29,3.91,3.55,-3.50,-1.24,0.52,224
16022,2,89.23,0.16,87.69,-1.57,-3.15,-4.86,5.71,10.28,-2.50,-2.45,3.91,3.55,-3.56,-2.48,0.54,224
16039,2,88.77,-6.66,87.71,-1.09,-1.64,-4.85,5.62,10.19,-3.24,-3.20,3.91,3.55,-3.65,-3.22,0.56,224
16060,2,88.28,-11.66,87.73,-0.57,-0.21,-4.85,5.52,10.09,-3.11,-3.16,3.91,3.55,-3.75,-3.14,0.58,224
16079,2,88.37,-7.00,87.76,-0.63,-0.71,-4.84,5.43,10.01,-2.45,-2.50,3.91,3.55,-3.83,-2.47,0.60,224
16100,2,89.04,4.71,87.77,-1.29,-2.95,-4.84,5.39,9.96,-0.67,-0.62,3.91,3.55,-3.88,-0.65,0.61,224
16119,2,89.69,12.71,87.75,-1.92,-4.85,-4.84,5.38,9.96,-0.10,-0.04,3.91,3.55,-3.88,-0.07,0.59,224
16140,2,89.92,12.53,87.74,-2.17,-5.34,-4.83,5.37,9.95,-0.91,-0.93,3.91,3.55,-3.89,-0.92,0.57,224
16159,2,89.69,5.66,87.76,-1.95,-4.35,-4.83,5.32,9.90,-2.18,-2.14,3.91,3.55,-3.94,-2.16,0.59,224
16180,2,89.22,-2.58,87.79,-1.45,-2.70,-4.82,5.24,9.82,-3.06,-3.06,3.91,3.55,-4.02,-3.06,0.61,224
16199,2,88.73,-8.70,87.81,-0.94,-1.19,-4.82,5.14,9.72,-3.42,-3.44,3.91,3.55,-4.12,-3.43,0.63,224
16220,2,88.58,-8.25,87.84,-0.77,-0.88,-4.81,5.04,9.62,-2.93,-2.96,3.91,3.55,-4.22,-2.94,0.65,224
16238,2,89.06,0.98,87.86,-1.22,-2.53,-4.81,4.97,9.55,-1.70,-1.63,3.91,3.55,-4.29,-1.66,0.67,224
16260,2,89.84,11.80,87.84,-1.98,-4.90,-4.81,4.94,9.52,-0.42,-0.37,3.91,3.55,-4.32,-0.40,0.65,224
16279,2,90.31,15.27,87.83,-2.47,-6.15,-4.80,4.93,9.51,-0.59,-0.56,3.91,3.55,-4.33,-0.58,0.63,224
16300,2,90.27,10.29,87.85,-2.44,-5.70,-4.80,4.89,9.47,-1.97,-1.95,3.91,3.55,-4.37,-1.96,0.65,224
16319,2,89.74,0.08,87.88,-1.89,-3.79,-4.79,4.81,9.39,-3.31,-3.28,3.91,3.55,-4.45,-3.29,0.67,224
16340,2,89.18,-7.79,87.90,-1.30,-1.98,-4.79,4.70,9.27,-3.94,-4.01,3.91,3.55,-4.57,-3.98,0.69,224
16359,2,88.96,-8.50,87.93,-1.05,-1.42,-4.78,4.58,9.15,-3.76,-3.76,3.91,3.55,-4.69,-3.76,0.71,224
16379,2,89.30,-0.75,87.95,-1.37,-2.69,-4.78,4.48,9.06,-2.46,-2.41,3.91,3.55,-4.78,-2.43,0.73,224
16400,2,90.16,11.71,87.94,-2.21,-5.35,-4.77,4.43,9.01,-0.96,-1.04,3.91,3.55,-4.83,-1.00,0.71,224
16420,2,90.81,17.65,87.92,-2.87,-7.16,-4.77,4.41,8.99,-0.61,-0.65,3.91,3.55,-4.85,-0.63,0.69,224
16440,2,90.76,11.96,87.91,-2.83,-6.63,-4.76,4.37,8.95,-2.04,-2.00,3.91,3.55,-4.89,-2.02,0.67,224
16460,2,90.26,1.53,87.94,-2.35,-4.82,-4.75,4.28,8.85,-3.78,-3.69,3.91,3.55,-4.99,-3.73,0.69,224
16479,2,89.61,-7.97,87.96,-1.68,-2.72,-4.75,4.15,8.72,-4.70,-4.53,3.91,3.55,-5.12,-4.61,0.71,224
16499,2,89.22,-11.12,87.99,-1.26,-1.63,-4.74,4.00,8.59,-4.47,-4.36,3.91,3.55,-5.26,-4.41,0.73,224
16520,2,89.62,-2.08,88.01,-1.64,-3.11,-4.74,3.89,8.47,-2.95,-3.28,3.91,3.55,-5.37,-3.11,0.75,224
16541,2,90.75,14.39,88.00,-2.46,-5.78,-4.73,3.83,8.40,-1.44,-1.59,3.91,3.55,-5.44,-1.52,0.73,224
16559,2,91.38,20.61,87.99,-3.38,-8.41,-4.72,3.80,8.37,-0.81,-0.77,3.91,3.55,-5.47,-0.79,0.71,224
16580,2,91.62,18.17,87.97,-3.63,-8.72,-4.72,3.75,8.33,-2.12,-2.00,3.91,3.55,-5.51,-2.06,0.69,224
16599,2,91.11,6.03,88.00,-3.14,-6.76,-4.71,3.65,8.23,-4.23,-4.10,3.91,3.55,-5.61,-4.16,0.71,224
16619,2,90.32,-6.66,88.03,-2.32,-4.11,-4.70,3.50,8.08,-5.40,-5.51,3.91,3.55,-5.76,-5.46,0.73,224
16640,2,89.72,-13.06,88.05,-1.69,-2.34,-4.70,3.33,7.91,-5.72,-5.71,3.91,3.55,-5.94,-5.72,0.75,224
16660,2,89.74,-8.46,88.08,-1.68,-2.69,-4.69,3.17,7.75,-4.43,-4.52,3.91,3.55,-6.09,-4.48,0.77,224
16679,2,90.69,7.87,88.11,-2.61,-5.85,-4.68,3.07,7.65,-2.40,-2.56,3.91,3.55,-6.19,-2.48,0.79,224
16700,2,91.80,21.66,88.10,-3.69,-9.12,-4.67,3.02,7.60,-1.16,-1.19,3.91,3.55,-6.24,-1.17,0.77,224
16719,2,92.26,22.33,88.08,-4.16,-10.11,-4.67,2.98,7.56,-1.91,-1.73,3.91,3.55,-6.29,-1.82,0.75,224
16740,2,91.99,12.54,88.09,-3.91,-8.82,-4.66,2.88,7.46,-4.18,-4.06,3.91,3.55,-6.38,-4.12,0.75,224
16758,2,91.19,-2.05,88.12,-3.10,-6.04,-4.65,2.72,7.30,-6.05,-5.94,3.91,3.55,-6.54,-5.99,0.77,224
16780,2,90.46,-11.46,88.15,-2.34,-3.76,-4.64,2.53,7.11,-6.55,-6.66,3.91,3.55,-6.74,-6.61,0.79,224
16799,2,90.37,-8.97,88.18,-2.23,-3.73,-4.63,2.34,6.92,-5.84,-5.81,3.91,3.55,-6.93,-5.83,0.81,224
16819,2,91.06,3.76,88.21,-2.88,-6.07,-4.62,2.19,6.77,-3.83,-3.84,3.91,3.55,-7.07,-3.84,0.83,224
16840,2,92.37,21.60,88.19,-4.17,-10.06,-4.61,2.11,6.68,-2.32,-2.34,3.91,3.55,-7.16,-2.33,0.81,224
16859,2,93.27,28.40,88.18,-5.07,-12.42,-4.60,2.04,6.62,-2.31,-2.27,3.91,3.55,-7.22,-2.29,0.79,224
16879,2,93.07,18.07,88.18,-4.89,-11.22,-4.59,1.94,6.52,-4.44,-4.35,3.91,3.55,-7.32,-4.39,0.77,224
16900,2,92.46,4.58,88.21,-4.29,-8.94,-4.58,1.77,6.35,-6.75,-6.83,3.91,3.55,-7.50,-6.79,0.79,224
16919,2,91.59,-8.59,88.24,-3.39,-6.08,-4.57,1.54,6.12,-7.90,-7.83,3.91,3.55,-7.72,-7.87,0.81,224
16940,2,91.19,-11.14,88.27,-2.95,-5.01,-4.56,1.30,5.88,-7.55,-7.57,3.91,3.55,-7.96,-7.56,0.83,224
16959,2,91.70,-0.35,88.30,-3.43,-6.83,-4.55,1.10,5.68,-5.71,-5.71,3.91,3.55,-8.16,-5.71,0.85,224
16980,2,92.88,17.01,88.29,-4.58,-10.51,-4.54,0.96,5.54,-3.77,-3.74,3.91,3.55,-8.30,-3.76,0.83,224
16999,2,94.16,30.84,88.28,-5.87,-14.21,-4.52,0.87,5.45,-2.99,-2.88,3.91,3.55,-8.40,-2.94,0.81,224
17019,2,94.66,29.41,88.28,-6.38,-15.11,-4.51,0.75,5.33,-4.64,-4.65,3.91,3.55,-8.51,-4.65,0.79,224
17040,2,94.04,12.93,88.27,-5.76,-12.56,-4.50,0.57,5.15,-7.29,-7.45,3.91,3.55,-8.70,-7.37,0.77,224
17060,2,93.15,-2.79,88.31,-4.88,-9.54,-4.48,0.31,4.89,-9.44,-9.22,3.91,3.55,-8.96,-9.33,0.79,224
17079,2,92.41,-12.01,88.34,-4.10,-7.24,-4.47,0.01,4.59,-9.62,-9.63,3.91,3.55,-9.25,-9.62,0.81,224
17100,2,92.42,-7.68,88.38,-4.08,-7.55,-4.45,-0.26,4.32,-8.30,-8.49,3.91,3.55,-9.52,-8.39,0.83,224
17119,2,93.58,11.60,88.37,-5.20,-11.33,-4.44,-0.47,4.11,-6.10,-5.91,3.91,3.55,-9.74,-6.01,0.81,224
17140,2,95.12,30.90,88.37,-6.75,-15.97,-4.42,-0.63,3.95,-4.45,-4.45,3.91,3.55,-9.89,-4.45,0.79,224
17159,2,96.08,36.53,88.37,-7.72,-18.36,-4.40,-0.76,3.82,-5.12,-5.15,3.91,3.55,-10.03,-5.14,0.77,224
17180,2,96.16,27.95,88.36,-7.80,-17.83,-4.38,-0.96,3.62,-7.78,-7.75,3.91,3.55,-10.22,-7.77,0.75,224
17199,2,95.33,9.08,88.36,-6.97,-14.66,-4.36,-1.25,3.34,-10.60,-10.54,3.91,3.55,-10.51,-10.57,0.73,224
17220,2,94.32,-6.87,88.36,-5.96,-11.37,-4.34,-1.59,2.99,-11.99,-11.92,3.91,3.55,-10.86,-11.96,0.71,224
17240,2,93.77,-12.02,88.40,-5.40,-9.84,-4.32,-1.96,2.63,-11.60,-11.67,3.91,3.55,-11.22,-11.64,0.73,224
17259,2,94.28,-0.17,88.40,-5.88,-11.74,-4.30,-2.28,2.30,-9.62,-9.70,3.91,3.55,-11.54,-9.66,0.71,224
17280,2,95.97,24.88,88.41,-7.56,-17.11,-4.28,-2.53,2.06,-7.18,-7.04,3.91,3.55,-11.79,-7.11,0.69,224
17300,2,97.55,40.04,88.41,-9.14,-21.49,-4.26,-2.72,1.86,-6.09,-6.17,3.91,3.55,-11.98,-6.13,0.67,224
17319,2,98.14,33.83,88.41,-9.73,-22.17,-4.23,-2.93,1.65,-8.15,-8.06,3.91,3.55,-12.20,-8.11,0.65,224
17340,2,97.16,5.54,88.42,-8.74,-17.93,-4.21,-3.24,1.35,-11.53,-11.20,3.91,3.55,-12.50,-11.36,0.63,224
17359,2,94.77,-31.99,88.42,-6.36,-10.16,-4.18,-3.63,0.96,-13.73,-14.25,3.91,3.55,-12.89,-13.99,0.61,224
17380,2,92.40,-58.21,88.47,-3.98,-3.30,-4.16,-4.06,0.51,-14.15,-14.71,3.91,3.55,-13.33,-14.43,0.63,224
17398,2,91.49,-58.12,88.51,-3.02,-1.39,-4.13,-4.46,0.11,-12.01,-11.59,3.91,3.55,-13.73,-11.80,0.65,224
17420,2,92.13,-38.03,88.56,-3.62,-4.20,-4.11,-4.73,-0.15,-6.40,-6.27,3.91,3.55,-13.99,-6.34,0.67,224
17440,2,93.66,-10.61,88.60,-5.10,-9.36,-4.09,-4.85,-0.27,-2.29,-2.27,3.91,3.55,-14.11,-2.28,0.69,224
17460,2,94.52,1.49,88.61,-5.92,-11.96,-4.06,-4.89,-0.30,-1.13,-0.99,3.91,3.55,-14.15,-1.06,0.67,224
17479,2,93.62,-11.95,88.65,-5.02,-9.08,-4.04,-4.95,-0.37,-3.07,-3.38,3.91,3.55,-14.21,-3.22,0.69,224
17500,2,91.89,-33.41,88.69,-3.24,-3.82,-4.01,-5.10,-0.53,-6.59,-6.70,3.91,3.55,-14.37,-6.64,0.71,224
17518,2,89.93,-53.11,88.74,-1.24,1.77,-3.99,-5.32,-0.76,-7.50,-7.87,3.91,3.55,-14.59,-7.68,0.73,224
17540,2,88.47,-60.88,88.78,0.27,5.41,-3.97,-5.54,-0.98,-6.43,-6.51,3.91,3.55,-14.81,-6.47,0.75,224
17558,2,88.71,-43.01,88.82,0.07,3.57,-3.95,-5.68,-1.11,-2.65,-2.34,3.91,3.55,-14.94,-2.50,0.77,224
17580,2,89.87,-17.51,88.86,-1.05,-0.71,-3.93,-5.68,-1.10,1.33,1.45,3.91,3.55,-14.94,1.39,0.79,224
17599,2,91.03,2.45,88.90,-2.17,-4.54,-3.91,-5.61,-1.03,2.59,2.76,3.91,3.55,-14.87,2.68,0.81,224
17620,2,91.46,7.09,88.94,-2.56,-5.68,-3.89,-5.53,-0.95,2.23,2.03,3.91,3.55,-14.80,2.13,0.83,224
17640,2,90.52,-7.76,88.98,-1.58,-2.54,-3.87,-5.52,-0.94,-0.67,-0.86,3.91,3.55,-14.78,-0.76,0.85,224
17659,2,88.92,-28.42,89.02,0.06,2.39,-3.85,-5.58,-1.01,-2.87,-3.15,3.91,3.55,-14.85,-3.01,0.87,224
17680,2,86.68,-52.22,89.06,2.35,8.87,-3.83,-5.68,-1.11,-3.41,-3.43,3.91,3.55,-14.95,-3.42,0.89,224
17700,2,85.77,-49.38,89.10,3.29,10.54,-3.81,-5.76,-1.19,-1.68,-1.36,3.91,3.55,-15.03,-1.52,0.91,224
17719,2,86.64,-22.89,89.13,2.46,6.75,-3.80,-5.75,-1.17,1.95,2.08,3.91,3.55,-15.01,2.01,0.93,224
17740,2,88.36,8.54,89.17,0.77,0.86,-3.78,-5.64,-1.05,5.18,5.27,3.91,3.55,-14.90,5.22,0.95,224
17759,2,90.56,37.21,89.20,-1.39,-5.76,-3.77,-5.45,-0.87,6.23,6.30,3.91,3.55,-14.71,6.27,0.97,224
17779,2,91.48,39.47,89.24,-2.28,-7.72,-3.75,-5.28,-0.70,4.51,4.44,3.91,3.55,-14.54,4.48,0.99,224
17800,2,90.21,10.73,89.27,-0.98,-2.81,-3.74,-5.22,-0.64,-0.16,-0.43,3.91,3.55,-14.48,-0.30,1.01,224
17820,2,88.63,-16.38,89.31,0.64,2.59,-3.72,-5.29,-0.72,-3.45,-3.66,3.91,3.55,-14.55,-3.56,1.03,224
17840,2,86.95,-35.07,89.34,2.35,7.51,-3.71,-5.41,-0.84,-4.09,-3.91,3.91,3.55,-14.68,-4.00,1.05,224
17860,2,86.34,-33.52,89.37,3.00,8.67,-3.70,-5.51,-0.93,-2.22,-1.99,3.91,3.55,-14.77,-2.10,1.07,224
17879,2,87.10,-13.05,89.40,2.27,5.58,-3.69,-5.49,-0.92,2.05,1.94,3.91,3.55,-14.76,1.99,1.09,224
17899,2,88.61,12.74,89.43,0.79,0.56,-3.67,-5.38,-0.81,4.67,4.76,3.91,3.55,-14.65,4.71,1.11,224
17920,2,90.32,33.04,89.46,-0.89,-4.42,-3.66,-5.23,-0.64,4.87,5.68,3.91,3.55,-14.49,5.27,1.13,224
17941,2,90.65,25.30,89.50,-1.38,-5.19,-3.65,-5.09,-0.50,4.26,3.47,3.91,3.55,-14.35,3.87,1.15,224
17959,2,89.78,7.55,89.53,-0.28,-1.17,-3.64,-5.03,-0.46,-0.23,-0.37,3.91,3.55,-14.30,-0.30,1.17,224
17980,2,88.36,-14.48,89.56,1.17,3.49,-3.63,-5.08,-0.52,-2.73,-2.64,3.91,3.55,-14.35,-2.68,1.19,224
17999,2,87.24,-26.04,89.59,2.32,6.72,-3.62,-5.18,-0.61,-3.06,-2.83,3.91,3.55,-14.44,-2.95,1.21,224
18020,2,86.90,-22.83,89.62,2.68,7.20,-3.61,-5.23,-0.66,0.06,-0.15,3.91,3.55,-14.50,-0.04,1.23,224
18039,2,88.08,1.00,89.64,1.54,3.00,-3.60,-5.20,-0.62,2.23,2.44,3.91,3.55,-14.46,2.33,1.25,224
18059,2,89.72,24.72,89.67,-0.07,-2.12,-3.60,-5.09,-0.51,4.21,4.10,3.91,3.55,-14.35,4.16,1.27,224
18080,2,91.15,38.34,89.70,-1.48,-6.03,-3.59,-4.95,-0.38,4.51,4.24,3.91,3.55,-14.22,4.37,1.29,224
18100,2,91.38,30.78,89.73,-1.68,-5.83,-3.58,-4.86,-0.28,1.85,1.98,3.91,3.55,-14.12,1.92,1.31,224
18119,2,90.29,6.72,89.76,-0.56,-1.66,-3.57,-4.87,-0.29,-1.65,-1.49,3.91,3.55,-14.13,-1.57,1.33,224
18141,2,88.96,-13.49,89.79,0.79,2.67,-3.56,-4.96,-0.38,-3.62,-3.42,3.91,3.55,-14.22,-3.52,1.35,224
18159,2,88.13,-20.66,89.81,1.66,4.96,-3.55,-5.07,-0.49,-3.46,-3.52,3.91,3.55,-14.33,-3.49,1.37,224
18180,2,88.55,-8.09,89.84,1.26,3.17,-3.55,-5.13,-0.56,-0.52,-0.77,3.91,3.55,-14.40,-0.64,1.39,224
18199,2,89.98,15.33,89.87,-0.14,-1.50,-3.54,-5.10,-0.53,2.03,2.05,3.91,3.55,-14.37,2.04,1.41,224
18220,2,91.52,33.05,89.90,-1.65,-5.94,-3.53,-5.02,-0.45,2.93,2.93,3.91,3.55,-14.29,2.93,1.43,224
18240,2,92.00,30.14,89.93,-2.10,-6.61,-3.52,-4.94,-0.37,1.88,2.07,3.91,3.55,-14.21,1.97,1.45,224
18260,2,91.37,13.33,89.95,-1.45,-3.96,-3.51,-4.95,-0.37,-1.29,-1.20,3.91,3.55,-14.21,-1.25,1.47,224
18279,2,90.28,-4.89,89.98,-0.33,-0.26,-3.51,-5.02,-0.44,-3.39,-3.44,3.91,3.55,-14.29,-3.42,1.49,224
18299,2,89.41,-14.76,90.01,0.57,2.33,-3.50,-5.14,-0.56,-3.80,-4.13,3.91,3.55,-14.40,-3.97,1.51,224
18320,2,89.84,-4.26,90.04,0.17,0.68,-3.49,-5.23,-0.67,-2.28,-2.79,3.91,3.55,-14.50,-2.53,1.53,224
18341,2,90.85,11.40,90.06,-0.81,-2.54,-3.49,-5.27,-0.70,-0.47,0.24,3.91,3.55,-14.54,-0.12,1.55,224
18359,2,92.09,24.99,90.09,-2.03,-6.06,-3.48,-5.25,-0.67,1.01,1.44,3.91,3.55,-14.51,1.23,1.57,224
18380,2,92.66,24.01,90.12,-2.57,-7.06,-3.47,-5.23,-0.64,0.11,-0.11,3.91,3.55,-14.49,-0.00,1.59,224
18399,2,92.23,9.74,90.15,-2.11,-5.00,-3.46,-5.25,-0.67,-1.61,-1.93,3.91,3.55,-14.51,-1.77,1.61,224
18419,2,91.10,-10.42,90.17,-0.95,-1.07,-3.45,-5.34,-0.76,-3.52,-3.66,3.91,3.55,-14.60,-3.59,1.63,224
18440,2,89.49,-30.92,90.20,0.69,3.85,-3.45,-5.46,-0.89,-4.41,-4.36,3.91,3.55,-14.73,-4.38,1.65,224
18461,2,88.42,-35.36,90.23,1.72,6.40,-3.44,-5.58,-1.01,-3.07,-3.52,3.91,3.55,-14.85,-3.29,1.67,224
18479,2,89.09,-19.50,90.25,1.14,3.84,-3.43,-5.63,-1.06,-0.69,0.02,3.91,3.55,-14.90,-0.33,1.69,224
18500,2,90.28,0.77,90.28,-0.02,-0.11,-3.43,-5.60,-1.02,2.25,2.57,3.91,3.55,-14.86,2.41,1.71,240
18519,2,91.41,13.95,90.31,-1.13,-3.37,-3.42,-5.51,-0.92,3.47,3.60,3.91,3.55,-14.76,3.53,1.73,224
18539,2,91.54,9.61,90.33,-1.23,-3.24,-3.42,-5.41,-0.82,2.71,2.47,3.91,3.55,-14.67,2.59,1.75,224
18560,2,90.12,-13.14,90.36,0.22,1.48,-3.41,-5.38,-0.80,-0.26,-0.57,3.91,3.55,-14.64,-0.42,1.77,224
18579,2,88.63,-30.54,90.38,1.73,5.91,-3.40,-5.42,-0.85,-1.88,-2.17,3.91,3.55,-14.69,-2.03,1.79,224
18600,2,88.03,-29.50,90.41,2.35,7.07,-3.40,-5.48,-0.91,-1.69,-1.66,3.91,3.55,-14.75,-1.68,1.81,224
18619,2,88.21,-17.89,90.43,2.20,5.83,-3.39,-5.49,-0.91,0.95,1.09,3.91,3.55,-14.75,1.02,1.83,224
18640,2,89.29,2.91,90.46,1.14,2.05,-3.39,-5.41,-0.84,3.39,3.55,3.91,3.55,-14.68,3.47,1.85,224
18661,2,90.73,22.11,90.48,-0.02,-1.59,-3.39,-5.29,-0.71,4.55,4.48,3.91,3.55,-14.55,4.51,1.87,224
18678,2,91.01,21.85,90.51,-0.53,-2.81,-3.38,-5.16,-0.58,3.57,3.81,3.91,3.55,-14.42,3.69,1.89,224
18700,2,90.52,9.54,90.53,-0.01,-0.78,-3.38,-5.09,-0.51,0.65,0.48,3.91,3.55,-14.35,0.57,1.91,224
18719,2,89.50,-6.90,90.55,1.03,2.61,-3.37,-5.10,-0.53,-1.15,-1.15,3.91,3.55,-14.37,-1.15,1.93,224
18740,2,88.76,-14.83,90.58,1.80,4.78,-3.37,-5.15,-0.56,-1.54,-1.37,3.91,3.55,-14.41,-1.45,1.95,224
18760,2,88.79,-9.85,90.60,1.79,4.36,-3.37,-5.17,-0.59,0.17,-0.25,3.91,3.55,-14.43,-0.04,1.97,224
18780,2,89.41,2.33,90.62,1.19,2.19,-3.36,-5.14,-0.56,1.75,1.62,3.91,3.55,-14.40,1.68,1.99,224
18798,2,90.45,17.08,90.64,0.17,-1.02,-3.36,-5.06,-0.49,2.84,2.95,3.91,3.55,-14.33,2.90,2.00,224
18820,2,91.33,25.22,90.64,-0.69,-3.39,-3.36,-4.97,-0.40,2.88,3.07,3.91,3.55,-14.24,2.97,2.00,224
18839,2,91.16,16.58,90.65,-0.51,-2.36,-3.35,-4.91,-0.34,1.24,1.97,3.91,3.55,-14.18,1.61,2.00,224
18861,2,90.57,4.46,90.65,0.07,-0.21,-3.35,-4.91,-0.33,-0.82,-0.88,3.91,3.55,-14.17,-0.85,2.00,224
18879,2,89.99,-4.30,90.65,0.66,1.67,-3.35,-4.96,-0.38,-1.71,-1.64,3.91,3.55,-14.22,-1.67,2.00,224
18900,2,89.78,-4.94,90.66,0.87,2.14,-3.34,-5.01,-0.43,-1.38,-1.42,3.91,3.55,-14.27,-1.40,2.00,224
18919,2,90.41,5.98,90.66,0.24,0.01,-3.34,-5.02,-0.45,0.24,0.22,3.91,3.55,-14.29,0.23,2.00,224
18939,2,91.28,17.78,90.66,-0.62,-2.66,-3.34,-5.00,-0.43,1.24,1.18,3.91,3.55,-14.27,1.21,2.00,224
18960,2,91.83,20.34,90.66,-1.16,-3.95,-3.34,-4.96,-0.39,1.15,1.23,3.91,3.55,-14.23,1.19,2.00,224
18979,2,91.94,15.51,90.67,-1.27,-3.79,-3.33,-4.95,-0.37,-0.24,-0.19,3.91,3.55,-14.21,-0.21,2.00,224
19000,2,91.46,3.94,90.67,-0.79,-1.89,-3.33,-4.98,-0.40,-1.65,-1.56,3.91,3.55,-14.24,-1.61,2.00,224
19020,2,90.89,-5.54,90.67,-0.22,-0.00,-3.33,-5.04,-0.47,-2.39,-2.30,3.91,3.55,-14.31,-2.35,2.00,224
19039,2,90.48,-10.32,90.68,0.20,1.22,-3.32,-5.12,-0.54,-2.24,-2.37,3.91,3.55,-14.38,-2.30,2.00,224
19060,2,90.63,-6.29,90.68,0.05,0.60,-3.32,-5.17,-0.60,-1.06,-1.37,3.91,3.55,-14.44,-1.21,2.00,224
19079,2,91.12,0.75,90.68,-0.44,-0.93,-3.32,-5.18,-0.60,0.31,0.28,3.91,3.55,-14.44,0.29,2.00,240
19100,2,91.33,2.20,90.69,-0.64,-1.47,-3.31,-5.16,-0.59,0.46,0.78,3.91,3.55,-14.43,0.62,2.00,224
19119,2,91.14,-1.78,90.69,-0.45,-0.77,-3.31,-5.15,-0.57,0.01,0.00,3.91,3.55,-14.42,0.00,2.00,240
19140,2,90.74,-7.82,90.69,-0.05,0.52,-3.31,-5.16,-0.58,-0.48,-0.55,3.91,3.55,-14.42,-0.52,2.00,224
19160,2,90.23,-13.66,90.70,0.46,2.02,-3.30,-5.18,-0.61,-0.73,-0.99,3.91,3.55,-14.45,-0.86,2.00,224
19180,2,89.88,-15.36,90.70,0.81,2.86,-3.30,-5.20,-0.63,-0.36,-0.63,3.91,3.55,-14.47,-0.50,2.00,224
19199,2,89.85,-11.39,90.70,0.84,2.60,-3.30,-5.20,-0.63,0.17,0.42,3.91,3.55,-14.47,0.30,2.00,224
19220,2,90.03,-5.21,90.70,0.67,1.76,-3.30,-5.18,-0.60,0.92,1.20,3.91,3.55,-14.44,1.06,2.00,224
19239,2,90.42,2.28,90.71,0.29,0.39,-3.29,-5.14,-0.56,1.61,1.71,3.91,3.55,-14.40,1.66,2.00,240
19260,2,90.80,7.44,90.71,-0.09,-0.78,-3.29,-5.09,-0.50,1.79,1.68,3.91,3.55,-14.35,1.73,2.00,224
19279,2,90.73,4.60,90.71,-0.02,-0.41,-3.29,-5.04,-0.46,1.39,0.89,3.91,3.55,-14.30,1.14,2.00,224
19300,2,90.41,-0.69,90.71,0.30,0.66,-3.29,-5.02,-0.45,-0.17,-0.15,3.91,3.55,-14.29,-0.16,2.00,240
19318,2,90.19,-2.90,90.72,0.52,1.28,-3.28,-5.03,-0.46,-0.32,-0.26,3.91,3.55,-14.30,-0.29,2.00,224
19340,2,90.14,-2.25,90.72,0.57,1.32,-3.28,-5.04,-0.46,-0.04,0.01,3.91,3.55,-14.30,-0.01,2.00,224
19360,2,90.36,1.30,90.72,0.36,0.61,-3.28,-5.03,-0.45,0.44,0.44,3.91,3.55,-14.29,0.44,2.00,240
19380,2,90.64,4.24,90.72,0.08,-0.17,-3.28,-5.01,-0.44,0.62,0.61,3.91,3.55,-14.28,0.61,2.00,224
19399,2,90.90,5.53,90.72,-0.18,-0.80,-3.28,-4.99,-0.41,0.83,0.92,3.91,3.55,-14.25,0.88,2.00,224
19420,2,90.78,0.92,90.73,-0.06,-0.19,-3.27,-4.97,-0.39,0.52,0.33,3.91,3.55,-14.23,0.42,2.00,240
19438,2,90.36,-6.72,90.73,0.37,1.27,-3.27,-4.97,-0.39,-0.16,-0.28,3.91,3.55,-14.23,-0.22,2.00,224
19460,2,89.91,-12.07,90.73,0.82,2.60,-3.27,-4.98,-0.40,-0.36,-0.30,3.91,3.55,-14.24,-0.33,2.00,224
19479,2,89.55,-14.15,90.73,1.18,3.50,-3.27,-4.98,-0.40,0.17,0.16,3.91,3.55,-14.24,0.16,2.00,224
19500,2,89.46,-11.24,90.73,1.27,3.43,-3.27,-4.97,-0.39,0.85,0.65,3.91,3.55,-14.23,0.75,2.00,224
19519,2,89.68,-4.92,90.73,1.05,2.49,-3.27,-4.93,-0.35,1.59,1.59,3.91,3.55,-14.19,1.59,2.00,224
19540,2,90.02,1.12,90.74,0.72,1.34,-3.26,-4.87,-0.29,2.25,2.20,3.91,3.55,-14.13,2.23,2.00,224
19560,2,90.24,4.10,90.74,0.50,0.67,-3.26,-4.80,-0.22,2.02,2.23,3.91,3.55,-14.06,2.12,2.00,224
19579,2,90.13,1.69,90.74,0.61,1.08,-3.26,-4.74,-0.16,1.77,1.78,3.91,3.55,-14.00,1.78,2.00,224
19600,2,89.67,-5.16,90.74,1.07,2.56,-3.26,-4.71,-0.13,0.63,0.54,3.91,3.55,-13.97,0.59,2.00,224
19620,2,89.31,-8.73,90.74,1.43,3.56,-3.26,-4.70,-0.12,0.23,0.38,3.91,3.55,-13.96,0.30,2.00,224
19639,2,89.36,-6.05,90.74,1.38,3.25,-3.26,-4.68,-0.11,0.94,0.89,3.91,3.55,-13.94,0.92,2.00,224
19660,2,89.62,-1.17,90.74,1.12,2.33,-3.26,-4.64,-0.06,1.79,1.83,3.91,3.55,-13.90,1.81,2.00,224
19679,2,89.92,3.08,90.74,0.83,1.40,-3.26,-4.57,0.00,2.41,2.38,3.91,3.55,-13.84,2.40,2.00,224
19699,2,90.06,3.94,90.74,0.68,1.05,-3.26,-4.50,0.07,2.33,2.13,3.91,3.55,-13.77,2.23,2.00,224
19720,2,89.66,-2.90,90.74,1.09,2.41,-3.26,-4.44,0.13,1.42,1.54,3.91,3.55,-13.71,1.48,2.00,224
19740,2,89.14,-9.20,90.74,1.61,3.95,-3.26,-4.41,0.16,0.58,0.80,3.91,3.55,-13.68,0.69,2.00,224
19760,2,88.86,-10.24,90.74,1.88,4.58,-3.26,-4.40,0.18,0.72,0.75,3.91,3.55,-13.66,0.74,2.00,224
19780,2,89.02,-4.90,90.74,1.72,3.84,-3.26,-4.36,0.22,1.79,1.68,3.91,3.55,-13.62,1.73,2.00,224
19799,2,89.47,3.14,90.74,1.27,2.29,-3.26,-4.28,0.29,2.76,2.68,3.91,3.55,-13.55,2.72,2.00,224
19819,2,89.92,8.59,90.74,0.83,0.97,-3.26,-4.20,0.37,2.91,2.96,3.91,3.55,-13.46,2.94,2.00,224
19840,2,90.02,7.52,90.74,0.72,0.85,-3.26,-4.11,0.46,2.48,2.54,3.91,3.55,-13.38,2.51,2.00,224
19861,2,89.51,-2.40,90.74,1.06,2.10,-3.26,-4.06,0.52,1.31,1.56,3.91,3.55,-13.32,1.43,2.00,224
19879,2,89.11,-7.97,90.74,1.64,3.91,-3.26,-4.04,0.54,0.31,0.36,3.91,3.55,-13.30,0.33,2.00,224
19900,2,88.81,-10.17,90.74,1.94,4.68,-3.26,-4.02,0.56,0.87,0.61,3.91,3.55,-13.29,0.74,2.00,224
19919,2,88.90,-6.42,90.74,1.84,4.19,-3.26,-3.98,0.59,1.74,1.59,3.91,3.55,-13.25,1.66,2.00,224
19940,2,89.20,-1.19,90.74,1.54,3.18,-3.26,-3.91,0.66,2.53,2.57,3.91,3.55,-13.18,2.55,2.00,224
19959,2,89.46,2.30,90.74,1.28,2.38,-3.26,-3.83,0.75,2.89,3.04,3.91,3.55,-13.09,2.96,2.00,224
19980,2,89.52,2.27,90.74,1.22,2.25,-3.26,-3.74,0.84,2.78,2.75,3.91,3.55,-13.01,2.77,2.00,224
19999,2,89.19,-3.33,90.74,1.55,3.36,-3.26,-3.67,0.91,2.05,2.16,3.91,3.55,-12.93,2.10,2.00,224
20020,2,88.66,-10.16,90.73,2.08,4.97,-3.27,-3.62,0.96,1.40,1.30,3.91,3.55,-12.88,1.35,2.00,224
20039,2,88.26,-13.12,90.73,2.48,6.00,-3.27,-3.58,1.00,1.26,1.22,3.91,3.55,-12.84,1.24,2.00,224
20060,2,88.25,-10.16,90.73,2.48,5.78,-3.27,-3.52,1.05,2.32,2.43,3.91,3.55,-12.79,2.38,2.00,224
20078,2,88.56,-4.11,90.73,2.17,4.66,-3.27,-3.43,1.14,3.48,3.49,3.91,3.55,-12.70,3.49,2.00,224
20100,2,88.84,-0.53,90.73,1.89,3.83,-3.27,-3.32,1.26,3.97,3.87,3.91,3.55,-12.58,3.92,2.00,224
20119,2,88.78,-1.95,90.72,1.94,4.04,-3.28,-3.20,1.37,3.77,3.80,3.91,3.55,-12.46,3.79,2.00,224
20140,2,88.34,-8.04,90.72,2.39,5.41,-3.28,-3.09,1.48,3.08,3.15,3.91,3.55,-12.36,3.12,2.00,224
20160,2,87.57,-16.13,90.72,3.15,7.58,-3.28,-3.01,1.56,2.26,2.40,3.91,3.55,-12.28,2.33,2.00,224
20180,2,87.14,-16.99,90.71,3.58,8.51,-3.29,-2.95,1.63,2.33,2.29,3.91,3.55,-12.21,2.31,2.00,224
20199,2,87.38,-8.28,90.71,3.33,7.33,-3.29,-2.85,1.72,3.74,3.63,3.91,3.55,-12.12,3.69,2.00,224
20219,2,87.98,3.31,90.70,2.73,5.19,-3.30,-2.71,1.86,5.14,5.13,3.91,3.55,-11.98,5.13,2.00,224
20240,2,88.70,13.18,90.70,2.00,2.95,-3.30,-2.55,2.02,5.55,5.38,3.91,3.55,-11.82,5.47,2.00,224
20261,2,89.03,13.60,90.69,1.64,2.10,-3.31,-2.39,2.18,4.90,4.98,3.91,3.55,-11.66,4.94,2.00,224
20279,2,88.59,4.59,90.69,2.10,3.84,-3.31,-2.27,2.31,3.21,3.28,3.91,3.55,-11.53,3.25,2.00,224
20299,2,87.83,-7.01,90.68,2.86,6.27,-3.31,-2.20,2.38,1.69,1.61,3.91,3.55,-11.47,1.65,2.00,224
20320,2,87.44,-10.12,90.68,3.25,7.30,-3.32,-2.16,2.42,1.44,1.32,3.91,3.55,-11.42,1.38,2.00,224
20339,2,87.55,-5.06,90.67,3.12,6.65,-3.33,-2.10,2.48,2.76,2.71,3.91,3.55,-11.36,2.73,2.00,224
20360,2,88.28,7.29,90.67,2.39,4.20,-3.33,-1.98,2.59,4.35,4.35,3.91,3.55,-11.25,4.35,2.00,224
20379,2,89.08,17.02,90.66,1.59,1.81,-3.34,-1.84,2.73,4.85,4.94,3.91,3.55,-11.11,4.90,2.00,224
20400,2,89.35,16.63,90.66,1.32,1.30,-3.34,-1.70,2.88,4.51,4.31,3.91,3.55,-10.96,4.41,2.00,224
20420,2,89.08,8.52,90.65,1.58,2.47,-3.35,-1.59,2.98,2.64,2.68,3.91,3.55,-10.86,2.66,2.00,224
20439,2,88.35,-3.71,90.65,2.30,4.90,-3.35,-1.54,3.03,1.03,1.09,3.91,3.55,-10.81,1.06,2.00,224
20459,2,87.93,-8.06,90.64,2.72,6.08,-3.36,-1.52,3.05,0.72,0.68,3.91,3.55,-10.79,0.70,2.00,224
20480,2,88.30,0.13,90.64,2.34,4.68,-3.36,-1.48,3.09,1.85,1.89,3.91,3.55,-10.75,1.87,2.00,224
20499,2,88.98,10.55,90.63,1.65,2.46,-3.37,-1.39,3.18,3.49,3.44,3.91,3.55,-10.66,3.46,2.00,224
20520,2,89.79,19.71,90.62,0.84,0.10,-3.38,-1.28,3.29,3.95,3.85,3.91,3.55,-10.54,3.90,2.00,224
20540,2,90.16,19.85,90.60,0.46,-0.67,-3.38,-1.17,3.41,3.34,3.46,3.91,3.55,-10.43,3.40,1.98,224
20559,2,89.55,6.28,90.61,1.04,1.59,-3.39,-1.10,3.48,1.29,1.43,3.91,3.55,-10.36,1.36,2.00,224
20580,2,88.94,-3.29,90.61,1.67,3.61,-3.39,-1.09,3.48,-0.24,-0.22,3.91,3.55,-10.36,-0.23,2.00,224
20599,2,88.78,-3.79,90.60,1.83,3.95,-3.40,-1.10,3.48,0.24,0.28,3.91,3.55,-10.36,0.26,2.00,224
20620,2,89.07,2.21,90.60,1.53,2.89,-3.40,-1.07,3.50,1.21,1.06,3.91,3.55,-10.34,1.14,2.00,224
20639,2,89.88,13.87,90.59,0.72,0.33,-3.41,-1.02,3.56,2.31,2.23,3.91,3.55,-10.28,2.27,2.00,224
20660,2,90.72,22.73,90.56,-0.13,-2.07,-3.42,-0.94,3.63,2.66,2.66,3.91,3.55,-10.20,2.66,1.98,224
20680,2,90.97,20.48,90.54,-0.41,-2.45,-3.42,-0.87,3.71,1.88,1.99,3.91,3.55,-10.13,1.94,1.96,224
20700,2,90.69,11.25,90.55,-0.15,-1.19,-3.43,-0.85,3.73,-0.25,-0.19,3.91,3.55,-10.11,-0.22,1.97,224
20718,2,90.26,2.80,90.56,0.29,0.35,-3.43,-0.87,3.71,-1.14,-1.17,3.91,3.55,-10.14,-1.16,1.99,240
20740,2,89.94,-1.56,90.56,0.62,1.36,-3.44,-0.91,3.67,-1.10,-1.30,3.91,3.55,-10.17,-1.20,2.00,224
20759,2,90.22,3.56,90.56,0.34,0.39,-3.44,-0.94,3.63,-0.50,-0.66,3.91,3.55,-10.21,-0.58,2.00,240
20780,2,90.88,12.58,90.53,-0.33,-1.66,-3.45,-0.94,3.63,0.46,0.45,3.91,3.55,-10.20,0.46,1.98,224
20799,2,91.50,18.58,90.51,-0.97,-3.42,-3.45,-0.92,3.66,0.51,0.66,3.91,3.55,-10.18,0.59,1.96,224
20820,2,91.92,19.95,90.48,-1.41,-4.42,-3.46,-0.91,3.67,-0.13,-0.05,3.91,3.55,-10.18,-0.09,1.94,224
20839,2,92.05,16.96,90.46,-1.56,-4.48,-3.46,-0.93,3.65,-0.99,-1.02,3.91,3.55,-10.19,-1.01,1.92,224
20859,2,91.92,11.10,90.44,-1.46,-3.80,-3.46,-0.97,3.60,-2.09,-2.05,3.91,3.55,-10.24,-2.07,1.90,224
20880,2,91.64,3.12,90.41,-1.21,-2.66,-3.47,-1.05,3.53,-2.93,-2.82,3.91,3.55,-10.31,-2.87,1.88,224
20899,2,91.34,-4.07,90.43,-0.93,-1.54,-3.47,-1.14,3.44,-3.06,-2.95,3.91,3.55,-10.40,-3.00,1.90,224
20920,2,91.15,-8.50,90.45,-0.72,-0.76,-3.47,-1.23,3.35,-2.59,-2.54,3.91,3.55,-10.49,-2.56,1.92,224
20940,2,91.10,-9.16,90.46,-0.66,-0.58,-3.48,-1.29,3.29,-1.47,-1.68,3.91,3.55,-10.55,-1.58,1.94,224
20959,2,91.03,-9.85,90.48,-0.57,-0.35,-3.48,-1.31,3.26,-0.53,-0.80,3.91,3.55,-10.58,-0.66,1.96,224
20980,2,90.78,-12.53,90.50,-0.30,0.41,-3.48,-1.33,3.24,-0.68,-0.35,3.91,3.55,-10.60,-0.51,1.98,224
20999,2,90.31,-16.77,90.51,0.19,1.72,-3.49,-1.35,3.23,-0.44,-0.35,3.91,3.55,-10.61,-0.39,2.00,224
21020,2,89.81,-19.87,90.51,0.71,3.00,-3.49,-1.36,3.22,-0.38,-0.40,3.91,3.55,-10.62,-0.39,2.00,224
21039,2,89.59,-18.28,90.51,0.92,3.30,-3.49,-1.36,3.21,0.19,0.19,3.91,3.55,-10.63,0.19,2.00,224
21060,2,89.53,-14.86,90.50,0.97,3.14,-3.50,-1.34,3.23,1.16,1.01,3.91,3.55,-10.61,1.09,2.00,224
21080,2,89.63,-10.50,90.50,0.88,2.59,-3.50,-1.30,3.28,1.86,1.72,3.91,3.55,-10.56,1.79,2.00,224
21099,2,89.68,-8.23,90.50,0.81,2.29,-3.50,-1.24,3.34,2.04,2.08,3.91,3.55,-10.50,2.06,2.00,224
21120,2,89.35,-12.29,90.49,1.14,3.27,-3.51,-1.17,3.40,2.10,2.01,3.91,3.55,-10.44,2.06,2.00,224
21140,2,88.79,-17.83,90.49,1.70,4.84,-3.51,-1.12,3.45,1.65,1.68,3.91,3.55,-10.38,1.67,2.00,224
21159,2,88.06,-22.93,90.48,2.43,6.69,-3.52,-1.07,3.50,1.26,1.41,3.91,3.55,-10.34,1.34,2.00,224
21180,2,87.72,-20.71,90.48,2.76,7.18,-3.52,-1.02,3.55,1.95,1.98,3.91,3.55,-10.29,1.97,2.00,224
21199,2,87.96,-10.66,90.48,2.52,5.89,-3.52,-0.94,3.63,3.35,3.14,3.91,3.55,-10.21,3.25,2.00,224
21220,2,88.56,1.50,90.47,1.92,3.72,-3.53,-0.82,3.75,4.34,4.24,3.91,3.55,-10.09,4.29,2.00,224
21238,2,89.26,11.74,90.45,1.21,1.48,-3.53,-0.68,3.89,4.59,4.66,3.91,3.55,-9.95,4.62,1.98,224
21260,2,89.54,12.82,90.42,0.90,0.78,-3.54,-0.55,4.02,3.94,3.96,3.91,3.55,-9.82,3.95,1.96,224
21280,2,89.03,2.38,90.44,1.39,2.60,-3.54,-0.46,4.11,2.13,2.23,3.91,3.55,-9.73,2.18,1.98,224
21300,2,88.23,-9.24,90.45,2.21,5.16,-3.55,-0.43,4.15,0.59,0.58,3.91,3.55,-9.69,0.58,2.00,224
21319,2,87.87,-11.17,90.45,2.58,6.06,-3.55,-0.41,4.17,0.78,0.70,3.91,3.55,-9.67,0.74,2.00,224
21340,2,88.10,-4.13,90.44,2.35,5.02,-3.56,-0.37,4.21,2.08,2.02,3.91,3.55,-9.63,2.05,2.00,224
21358,2,88.92,9.23,90.44,1.52,2.31,-3.56,-0.28,4.29,3.49,3.51,3.91,3.55,-9.55,3.50,2.00,224
21380,2,89.80,19.84,90.41,0.63,-0.32,-3.57,-0.16,4.41,4.01,3.99,3.91,3.55,-9.43,4.00,1.98,224
21399,2,90.18,20.07,90.39,0.23,-1.15,-3.57,-0.05,4.52,3.44,3.36,3.91,3.55,-9.31,3.40,1.96,224
21420,2,89.73,8.79,90.40,0.66,0.61,-3.58,0.02,4.60,1.06,1.20,3.91,3.55,-9.24,1.13,1.98,224
21439,2,89.00,-3.52,90.42,1.40,3.08,-3.58,0.02,4.60,-0.47,-0.38,3.91,3.55,-9.24,-0.43,2.00,224
21460,2,88.59,-7.85,90.41,1.82,4.27,-3.59,0.00,4.58,-0.20,-0.19,3.91,3.55,-9.26,-0.20,2.00,224
21480,2,88.79,-2.13,90.41,1.62,3.42,-3.59,0.01,4.59,0.71,0.70,3.91,3.55,-9.25,0.71,2.00,224
21499,2,89.45,8.83,90.40,0.95,1.20,-3.60,0.06,4.63,2.02,1.85,3.91,3.55,-9.20,1.93,2.00,224
21520,2,90.36,19.73,90.37,0.04,-1.50,-3.60,0.14,4.71,2.66,2.70,3.91,3.55,-9.13,2.68,1.98,224
21540,2,90.83,21.13,90.35,-0.45,-2.60,-3.61,0.21,4.79,2.33,2.53,3.91,3.55,-9.05,2.43,1.96,224
21559,2,90.46,11.23,90.32,-0.11,-1.12,-3.61,0.25,4.83,0.12,0.06,3.91,3.55,-9.01,0.09,1.94,224
21580,2,90.03,2.98,90.34,0.29,0.35,-3.62,0.23,4.81,-0.92,-0.79,3.91,3.55,-9.03,-0.85,1.96,240
21599,2,89.72,-1.49,90.36,0.62,1.37,-3.62,0.20,4.78,-1.25,-1.29,3.91,3.55,-9.06,-1.27,1.98,224
21619,2,89.85,1.63,90.37,0.50,0.87,-3.63,0.17,4.74,-0.76,-1.04,3.91,3.55,-9.09,-0.90,2.00,240
21640,2,90.54,11.21,90.35,-0.17,-1.23,-3.63,0.17,4.74,0.36,0.33,3.91,3.55,-9.10,0.34,1.98,224
21659,2,91.33,20.01,90.32,-0.99,-3.58,-3.64,0.19,4.77,0.95,1.01,3.91,3.55,-9.08,0.98,1.96,224
21680,2,91.53,18.49,90.30,-1.20,-3.89,-3.64,0.21,4.79,0.11,0.08,3.91,3.55,-9.05,0.09,1.94,224
21699,2,91.63,15.62,90.27,-1.33,-3.91,-3.64,0.20,4.77,-0.82,-0.85,3.91,3.55,-9.07,-0.83,1.92,224
21720,2,91.37,8.38,90.25,-1.10,-2.86,-3.65,0.16,4.73,-1.85,-1.83,3.91,3.55,-9.11,-1.84,1.90,224
21739,2,91.14,3.39,90.23,-0.89,-2.04,-3.65,0.09,4.66,-2.62,-2.54,3.91,3.55,-9.18,-2.58,1.88,224
21759,2,91.14,2.37,90.20,-0.92,-2.02,-3.65,0.01,4.59,-2.51,-2.46,3.91,3.55,-9.26,-2.49,1.86,224
21780,2,91.38,4.55,90.18,-1.18,-2.73,-3.66,-0.06,4.52,-1.91,-1.81,3.91,3.55,-9.32,-1.86,1.84,224
21799,2,91.83,8.17,90.16,-1.65,-3.95,-3.66,-0.11,4.48,-1.14,-1.28,3.91,3.55,-9.37,-1.21,1.82,224
21820,2,92.09,7.71,90.14,-1.93,-4.48,-3.66,-0.14,4.44,-0.92,-1.29,3.91,3.55,-9.40,-1.11,1.80,224
21839,2,91.79,-0.38,90.11,-1.65,-3.27,-3.66,-0.18,4.39,-1.68,-1.85,3.91,3.55,-9.45,-1.76,1.78,224
21860,2,91.15,-10.47,90.13,-1.04,-1.24,-3.67,-0.25,4.32,-2.74,-2.57,3.91,3.55,-9.52,-2.65,1.80,224
21879,2,90.45,-18.19,90.15,-0.32,0.82,-3.67,-0.34,4.24,-2.96,-2.70,3.91,3.55,-9.61,-2.83,1.82,224
21900,2,90.12,-18.39,90.17,0.03,1.53,-3.67,-0.42,4.16,-2.31,-2.19,3.91,3.55,-9.68,-2.25,1.84,224
21919,2,90.55,-8.77,90.18,-0.38,-0.05,-3.67,-0.46,4.12,-0.40,-0.64,3.91,3.55,-9.73,-0.52,1.86,224
21940,2,91.03,-1.18,90.16,-0.84,-1.59,-3.67,-0.45,4.12,0.80,0.64,3.91,3.55,-9.72,0.72,1.84,224
21959,2,91.05,-1.31,90.14,-0.89,-1.67,-3.68,-0.43,4.15,0.42,0.39,3.91,3.55,-9.70,0.41,1.82,224
21980,2,90.76,-5.31,90.16,-0.62,-0.82,-3.68,-0.43,4.14,-0.34,-0.31,3.91,3.55,-9.70,-0.32,1.84,224
21998,2,90.32,-10.26,90.18,-0.16,0.50,-3.68,-0.45,4.13,-0.73,-0.71,3.91,3.55,-9.72,-0.72,1.86,224
22020,2,89.87,-14.00,90.20,0.31,1.74,-3.68,-0.48,4.10,-0.97,-1.05,3.91,3.55,-9.74,-1.01,1.88,224
22039,2,89.73,-12.07,90.21,0.47,1.90,-3.68,-0.50,4.07,-0.62,-0.79,3.91,3.55,-9.77,-0.71,1.90,224
22060,2,89.92,-6.19,90.23,0.30,1.09,-3.69,-0.51,4.07,0.33,0.31,3.91,3.55,-9.77,0.32,1.92,224
22080,2,90.23,-1.04,90.25,-0.00,0.08,-3.69,-0.48,4.09,1.01,1.19,3.91,3.55,-9.75,1.10,1.94,240
22100,2,90.38,-0.41,90.23,-0.13,-0.22,-3.69,-0.45,4.13,1.23,1.31,3.91,3.55,-9.71,1.27,1.92,240
22119,2,90.00,-7.40,90.25,0.22,1.04,-3.69,-0.42,4.16,0.60,0.44,3.91,3.55,-9.69,0.52,1.94,224
22139,2,89.40,-15.55,90.26,0.85,2.94,-3.69,-0.42,4.16,-0.03,-0.11,3.91,3.55,-9.68,-0.07,1.96,224
22159,2,88.83,-20.65,90.28,1.43,4.51,-3.70,-0.42,4.16,0.13,0.12,3.91,3.55,-9.68,0.12,1.98,224
22180,2,88.34,-23.09,90.30,1.94,5.73,-3.70,-0.40,4.17,0.68,0.83,3.91,3.55,-9.67,0.76,2.00,224
22199,2,88.19,-20.13,90.30,2.11,5.83,-3.70,-0.36,4.21,1.85,1.79,3.91,3.55,-9.63,1.82,2.00,224
22220,2,88.28,-14.66,90.30,2.02,5.22,-3.70,-0.29,4.29,2.98,2.96,3.91,3.55,-9.55,2.97,2.00,224
22239,2,88.41,-9.36,90.29,1.88,4.52,-3.71,-0.19,4.39,3.66,3.62,3.91,3.55,-9.45,3.64,2.00,224
22259,2,88.43,-6.43,90.29,1.86,4.24,-3.71,-0.07,4.50,3.76,3.72,3.91,3.55,-9.34,3.74,2.00,224
22280,2,88.21,-7.29,90.29,2.08,4.75,-3.71,0.04,4.61,3.50,3.48,3.91,3.55,-9.23,3.49,2.00,224
22299,2,87.85,-9.85,90.28,2.43,5.66,-3.72,0.13,4.71,2.82,2.93,3.91,3.55,-9.13,2.88,2.00,224
22320,2,87.42,-12.60,90.28,2.86,6.73,-3.72,0.21,4.79,2.50,2.48,3.91,3.55,-9.05,2.49,2.00,224
22340,2,87.36,-9.26,90.25,2.92,6.58,-3.73,0.29,4.87,3.04,2.98,3.91,3.55,-8.97,3.01,1.98,224
22359,2,87.80,0.26,90.23,2.45,4.88,-3.73,0.40,4.97,3.94,3.94,3.91,3.55,-8.87,3.94,1.96,224
22379,2,88.36,8.57,90.22,1.86,3.04,-3.74,0.53,5.10,4.50,4.48,3.91,3.55,-8.74,4.49,1.96,224
22400,2,88.74,11.99,90.20,1.48,2.01,-3.74,0.66,5.24,4.33,4.39,3.91,3.55,-8.60,4.36,1.94,224
22419,2,88.71,8.58,90.19,1.49,2.29,-3.74,0.78,5.35,3.26,3.23,3.91,3.55,-8.49,3.25,1.93,224
22440,2,88.02,-3.26,90.20,2.17,4.60,-3.75,0.85,5.43,1.84,1.83,3.91,3.55,-8.41,1.84,1.95,224
22459,2,87.34,-11.55,90.22,2.87,6.66,-3.75,0.89,5.47,1.25,1.18,3.91,3.55,-8.37,1.21,1.97,224
22480,2,87.47,-6.09,90.19,2.74,5.98,-3.76,0.93,5.51,1.77,1.76,3.91,3.55,-8.33,1.77,1.95,224
22501,2,88.00,3.65,90.17,2.19,4.10,-3.76,1.01,5.58,3.35,3.27,3.91,3.55,-8.26,3.31,1.93,224
22518,2,88.82,14.88,90.14,1.34,1.50,-3.77,1.13,5.70,4.33,4.26,3.91,3.55,-8.14,4.29,1.91,224
22540,2,89.42,19.56,90.11,0.72,-0.13,-3.77,1.26,5.83,4.19,4.20,3.91,3.55,-8.01,4.19,1.89,224
22559,2,89.22,11.57,90.09,0.90,0.87,-3.78,1.36,5.94,2.41,2.60,3.91,3.55,-7.90,2.51,1.87,224
22580,2,88.54,-1.12,90.10,1.55,3.20,-3.78,1.40,5.98,0.41,0.40,3.91,3.55,-7.86,0.40,1.89,224
22600,2,87.97,-8.35,90.12,2.13,4.93,-3.79,1.40,5.98,0.13,0.18,3.91,3.55,-7.86,0.15,1.91,224
22620,2,87.90,-6.30,90.13,2.22,4.94,-3.80,1.42,6.00,1.09,1.01,3.91,3.55,-7.84,1.05,1.93,224
22638,2,88.40,2.99,90.13,1.74,3.23,-3.80,1.47,6.05,2.22,2.16,3.91,3.55,-7.79,2.19,1.93,224
22660,2,89.15,13.44,90.10,0.98,0.89,-3.81,1.56,6.13,3.20,3.24,3.91,3.55,-7.71,3.22,1.91,224
22679,2,89.87,20.45,90.08,0.23,-1.17,-3.81,1.66,6.23,3.32,3.24,3.91,3.55,-7.61,3.28,1.89,224
22700,2,89.92,15.69,90.05,0.16,-0.94,-3.82,1.74,6.32,2.06,2.32,3.91,3.55,-7.52,2.19,1.87,224
22719,2,89.32,3.38,90.03,0.73,1.19,-3.82,1.77,6.35,-0.08,-0.03,3.91,3.55,-7.50,-0.05,1.85,224
22740,2,88.80,-4.36,90.04,1.23,2.80,-3.83,1.76,6.33,-0.59,-0.68,3.91,3.55,-7.51,-0.63,1.87,224
22759,2,88.71,-3.97,90.06,1.34,2.99,-3.83,1.75,6.32,0.10,0.07,3.91,3.55,-7.52,0.09,1.89,224
22779,2,89.00,1.86,90.03,1.06,1.97,-3.84,1.76,6.33,0.86,0.71,3.91,3.55,-7.51,0.79,1.87,224
22800,2,89.73,12.43,90.01,0.30,-0.39,-3.84,1.80,6.37,1.59,1.70,3.91,3.55,-7.47,1.65,1.85,224
22819,2,90.46,19.96,89.98,-0.45,-2.49,-3.85,1.86,6.43,1.93,1.94,3.91,3.55,-7.41,1.94,1.83,224
22840,2,90.35,13.71,89.96,-0.36,-1.82,-3.85,1.91,6.49,1.39,1.37,3.91,3.55,-7.35,1.38,1.81,224
22859,2,90.10,7.23,89.93,-0.14,-0.87,-3.86,1.91,6.49,-0.50,-0.59,3.91,3.55,-7.35,-0.55,1.79,224
22880,2,89.83,2.18,89.91,0.11,0.04,-3.86,1.89,6.46,-1.06,-1.08,3.91,3.55,-7.38,-1.07,1.77,240
22900,2,89.72,1.08,89.90,0.19,0.29,-3.87,1.85,6.43,-1.07,-1.01,3.91,3.55,-7.41,-1.04,1.77,240
22919,2,90.10,6.89,89.88,-0.19,-0.94,-3.87,1.82,6.40,-0.59,-0.56,3.91,3.55,-7.44,-0.57,1.75,224
22940,2,90.64,13.27,89.86,-0.76,-2.58,-3.87,1.82,6.40,0.19,0.21,3.91,3.55,-7.44,0.20,1.73,224
22959,2,91.08,16.52,89.83,-1.23,-3.77,-3.88,1.83,6.40,-0.14,-0.11,3.91,3.55,-7.44,-0.12,1.71,224
22980,2,91.34,15.91,89.81,-1.51,-4.29,-3.88,1.82,6.39,-0.57,-0.57,3.91,3.55,-7.45,-0.57,1.69,224
23000,2,91.26,10.98,89.78,-1.45,-3.79,-3.89,1.78,6.36,-1.56,-1.64,3.91,3.55,-7.48,-1.60,1.67,224
23019,2,91.07,5.75,89.76,-1.29,-3.04,-3.89,1.72,6.29,-2.45,-2.47,3.91,3.55,-7.55,-2.46,1.65,224
23040,2,90.98,3.57,89.74,-1.22,-2.72,-3.89,1.64,6.21,-2.69,-2.72,3.91,3.55,-7.63,-2.71,1.63,224
23061,2,91.17,6.06,89.72,-1.36,-3.12,-3.89,1.56,6.13,-2.42,-2.39,3.91,3.55,-7.71,-2.40,1.61,224
23079,2,91.54,10.76,89.69,-1.83,-4.52,-3.90,1.49,6.07,-1.94,-1.91,3.91,3.55,-7.77,-1.92,1.59,224
23100,2,92.07,15.98,89.67,-2.38,-6.04,-3.90,1.44,6.01,-1.60,-1.76,3.91,3.55,-7.83,-1.68,1.57,224
23119,2,92.44,17.34,89.65,-2.76,-6.92,-3.90,1.38,5.96,-2.15,-2.15,3.91,3.55,-7.88,-2.15,1.55,224
23140,2,92.56,14.94,89.63,-2.91,-7.02,-3.90,1.30,5.88,-3.06,-2.96,3.91,3.55,-7.96,-3.01,1.53,224
23159,2,92.44,9.82,89.61,-2.81,-6.41,-3.90,1.19,5.77,-3.92,-3.88,3.91,3.55,-8.07,-3.90,1.51,224
23180,2,92.32,6.22,89.59,-2.71,-5.92,-3.90,1.06,5.64,-4.45,-4.55,3.91,3.55,-8.20,-4.50,1.49,224
23200,2,92.42,6.77,89.57,-2.83,-6.21,-3.90,0.93,5.50,-4.51,-4.58,3.91,3.55,-8.34,-4.55,1.47,224
23220,2,92.77,10.64,89.55,-3.20,-7.25,-3.90,0.79,5.37,-4.13,-4.15,3.91,3.55,-8.47,-4.14,1.45,224
23239,2,93.31,16.27,89.53,-3.76,-8.82,-3.90,0.67,5.25,-3.82,-3.86,3.91,3.55,-8.59,-3.84,1.43,224
23260,2,93.84,20.14,89.51,-4.31,-10.23,-3.90,0.56,5.13,-4.07,-4.03,3.91,3.55,-8.71,-4.05,1.41,224
23278,2,94.14,19.70,89.50,-4.62,-10.82,-3.89,0.42,5.00,-4.84,-4.73,3.91,3.55,-8.84,-4.78,1.39,224
23300,2,94.24,16.51,89.48,-4.74,-10.80,-3.89,0.26,4.84,-5.78,-5.77,3.91,3.55,-9.00,-5.78,1.37,224
23319,2,94.17,11.97,89.47,-4.69,-10.33,-3.88,0.07,4.65,-6.71,-6.71,3.91,3.55,-9.19,-6.71,1.35,224
23340,2,94.20,10.07,89.45,-4.73,-10.27,-3.88,-0.14,4.44,-7.04,-7.01,3.91,3.55,-9.40,-7.03,1.33,224
23359,2,94.42,11.57,89.44,-4.97,-10.87,-3.87,-0.35,4.23,-7.05,-7.04,3.91,3.55,-9.62,-7.04,1.31,224
23380,2,94.90,16.20,89.43,-5.46,-12.22,-3.86,-0.56,4.02,-6.68,-6.62,3.91,3.55,-9.82,-6.65,1.29,224
23400,2,95.53,21.80,89.41,-6.10,-13.95,-3.86,-0.76,3.82,-6.76,-6.67,3.91,3.55,-10.03,-6.72,1.27,224
23419,2,96.08,24.84,89.40,-6.67,-15.32,-3.85,-0.97,3.61,-7.06,-7.10,3.91,3.55,-10.24,-7.08,1.25,224
23440,2,96.46,24.48,89.40,-7.06,-16.07,-3.83,-1.20,3.38,-8.08,-8.04,3.91,3.55,-10.47,-8.06,1.23,224
23460,2,96.70,22.20,89.39,-7.30,-16.38,-3.82,-1.47,3.12,-9.06,-9.12,3.91,3.55,-10.73,-9.09,1.21,224
23479,2,96.73,16.13,89.38,-7.34,-15.98,-3.81,-1.76,2.82,-9.96,-9.92,3.91,3.55,-11.02,-9.94,1.19,224
23500,2,96.61,6.91,89.38,-7.23,-15.00,-3.79,-2.07,2.51,-10.67,-10.49,3.91,3.55,-11.33,-10.58,1.17,224
23519,2,96.11,-7.84,89.37,-6.74,-12.85,-3.78,-2.40,2.19,-11.02,-10.42,3.91,3.55,-11.66,-10.72,1.15,224
23539,2,95.39,-20.25,89.37,-6.02,-10.41,-3.76,-2.72,1.87,-9.74,-10.53,3.91,3.55,-11.98,-10.14,1.13,224
23560,2,94.59,-29.76,89.37,-5.22,-8.06,-3.74,-3.01,1.57,-9.29,-9.63,3.91,3.55,-12.27,-9.46,1.11,224
23580,2,93.91,-35.32,89.40,-4.54,-6.26,-3.73,-3.28,1.29,-8.66,-8.43,3.91,3.55,-12.54,-8.54,1.13,224
23600,2,93.46,-36.20,89.44,-4.06,-5.22,-3.71,-3.52,1.06,-7.07,-6.96,3.91,3.55,-12.78,-7.01,1.15,224
23620,2,93.16,-34.26,89.47,-3.72,-4.70,-3.70,-3.70,0.88,-5.30,-5.36,3.91,3.55,-12.96,-5.33,1.17,224
23639,2,92.83,-32.35,89.51,-3.36,-4.13,-3.68,-3.83,0.74,-3.94,-4.12,3.91,3.55,-13.10,-4.03,1.19,224
23659,2,92.30,-33.34,89.55,-2.79,-2.91,-3.66,-3.95,0.63,-3.61,-3.67,3.91,3.55,-13.21,-3.64,1.21,224
23680,2,91.60,-35.68,89.58,-2.06,-1.26,-3.65,-4.06,0.52,-3.61,-3.45,3.91,3.55,-13.32,-3.53,1.23,224
23701,2,90.96,-36.48,89.62,-1.38,0.15,-3.63,-4.16,0.42,-3.01,-2.86,3.91,3.55,-13.42,-2.94,1.25,224
23719,2,90.49,-34.64,89.65,-0.88,1.02,-3.62,-4.23,0.35,-2.10,-2.12,3.91,3.55,-13.50,-2.11,1.27,224
23739,2,90.30,-29.26,89.68,-0.65,1.04,-3.60,-4.28,0.30,-0.98,-1.15,3.91,3.55,-13.54,-1.06,1.29,224
23760,2,90.25,-23.55,89.72,-0.56,0.75,-3.59,-4.29,0.29,0.19,0.20,3.91,3.55,-13.55,0.19,1.31,224
23780,2,90.03,-21.71,89.75,-0.31,1.12,-3.58,-4.28,0.30,0.42,0.47,3.91,3.55,-13.54,0.45,1.33,224
23799,2,89.55,-23.64,89.79,0.20,2.29,-3.56,-4.27,0.31,0.29,0.44,3.91,3.55,-13.53,0.37,1.35,224
23820,2,88.95,-26.56,89.82,0.84,3.80,-3.55,-4.26,0.32,0.35,0.33,3.91,3.55,-13.52,0.34,1.37,224
23839,2,88.46,-26.66,89.85,1.36,4.86,-3.54,-4.24,0.33,0.50,0.52,3.91,3.55,-13.51,0.51,1.39,224
23860,2,88.23,-22.87,89.88,1.62,5.07,-3.52,-4.21,0.36,1.58,1.53,3.91,3.55,-13.48,1.55,1.41,224
23879,2,88.29,-16.17,89.92,1.59,4.48,-3.51,-4.15,0.43,2.42,2.35,3.91,3.55,-13.41,2.39,1.43,224
23900,2,88.43,-10.42,89.95,1.49,3.81,-3.50,-4.06,0.51,3.02,3.04,3.91,3.55,-13.33,3.03,1.45,224
23918,2,88.43,-8.24,89.98,1.52,3.70,-3.49,-3.97,0.61,3.20,3.34,3.91,3.55,-13.23,3.27,1.47,224
23940,2,88.17,-10.05,90.01,1.81,4.42,-3.48,-3.87,0.71,2.86,2.96,3.91,3.55,-13.14,2.91,1.49,224
23959,2,87.62,-15.01,90.04,2.39,5.98,-3.47,-3.79,0.79,2.45,2.22,3.91,3.55,-13.06,2.33,1.51,224
23980,2,87.12,-17.74,90.07,2.91,7.25,-3.46,-3.72,0.85,2.44,2.10,3.91,3.55,-12.99,2.27,1.53,224
24000,2,87.02,-14.08,90.09,3.04,7.21,-3.46,-3.64,0.92,3.01,2.95,3.91,3.55,-12.91,2.98,1.55,224
24021,2,87.29,-5.18,90.12,2.91,6.42,-3.45,-3.53,1.03,3.87,4.11,3.91,3.55,-12.80,3.99,1.57,224
24039,2,87.62,1.15,90.15,2.50,4.91,-3.44,-3.40,1.17,4.60,4.77,3.91,3.55,-12.67,4.68,1.59,224
24059,2,87.99,6.48,90.17,2.16,3.80,-3.44,-3.26,1.32,4.79,4.75,3.91,3.55,-12.52,4.77,1.61,224
24080,2,87.98,5.15,90.20,2.19,3.96,-3.43,-3.12,1.45,4.28,4.29,3.91,3.55,-12.39,4.28,1.63,224
24101,2,87.55,-2.14,90.22,2.52,5.06,-3.43,-3.01,1.56,3.04,3.05,3.91,3.55,-12.28,3.04,1.65,224
24119,2,87.17,-6.70,90.25,3.05,6.64,-3.42,-2.93,1.64,2.22,2.18,3.91,3.55,-12.20,2.20,1.67,224
24140,2,87.02,-6.30,90.27,3.23,6.96,-3.42,-2.86,1.71,2.49,2.57,3.91,3.55,-12.13,2.53,1.69,224
24159,2,87.40,1.45,90.30,2.87,5.62,-3.41,-2.77,1.80,3.65,3.71,3.91,3.55,-12.03,3.68,1.71,224
24179,2,87.95,9.41,90.32,2.35,3.94,-3.41,-2.64,1.93,4.44,4.50,3.91,3.55,-11.91,4.47,1.73,224
24200,2,88.41,13.65,90.34,1.91,2.73,-3.41,-2.50,2.07,4.55,4.54,3.91,3.55,-11.77,4.54,1.75,224
24219,2,88.57,12.55,90.37,1.77,2.54,-3.40,-2.37,2.20,3.82,3.88,3.91,3.55,-11.64,3.85,1.77,224
24240,2,88.06,2.14,90.39,2.31,4.44,-3.40,-2.28,2.29,2.41,2.48,3.91,3.55,-11.55,2.44,1.79,224
24260,2,87.49,-6.11,90.41,2.90,6.29,-3.40,-2.22,2.35,1.62,1.64,3.91,3.55,-11.49,1.63,1.81,224
24279,2,87.34,-5.89,90.43,3.07,6.61,-3.40,-2.18,2.40,1.78,1.73,3.91,3.55,-11.44,1.75,1.83,224
24299,2,87.76,2.15,90.45,2.68,5.18,-3.40,-2.10,2.47,3.18,3.20,3.91,3.55,-11.36,3.19,1.85,224
24320,2,88.57,13.57,90.48,1.88,2.68,-3.39,-1.98,2.59,4.30,4.35,3.91,3.55,-11.25,4.32,1.87,224
24340,2,89.22,19.41,90.50,1.25,0.95,-3.39,-1.85,2.73,4.33,4.52,3.91,3.55,-11.11,4.42,1.89,224
24359,2,89.32,15.97,90.52,1.17,1.07,-3.39,-1.73,2.85,3.46,3.33,3.91,3.55,-10.99,3.39,1.91,224
24380,2,88.84,5.17,90.54,1.67,2.93,-3.39,-1.65,2.92,1.59,1.65,3.91,3.55,-10.92,1.62,1.93,224
24399,2,88.23,-4.33,90.56,2.31,4.96,-3.39,-1.63,2.94,0.47,0.43,3.91,3.55,-10.90,0.45,1.95,224
24420,2,88.10,-4.27,90.58,2.46,5.26,-3.39,-1.61,2.96,0.77,0.97,3.91,3.55,-10.88,0.87,1.97,224
24438,2,88.55,3.79,90.60,2.03,3.76,-3.39,-1.56,3.01,2.11,2.19,3.91,3.55,-10.83,2.15,1.99,224
24460,2,89.30,14.16,90.61,1.30,1.47,-3.39,-1.48,3.10,3.42,3.35,3.91,3.55,-10.74,3.38,2.00,224
24479,2,90.05,21.40,90.61,0.56,-0.59,-3.39,-1.37,3.21,3.48,3.53,3.91,3.55,-10.63,3.50,2.00,224
24499,2,90.24,18.66,90.61,0.37,-0.76,-3.39,-1.27,3.30,2.66,2.44,3.91,3.55,-10.54,2.55,2.00,224
24520,2,89.67,6.32,90.61,0.94,1.38,-3.39,-1.23,3.34,0.33,0.45,3.91,3.55,-10.50,0.39,2.00,224
24539,2,89.17,-1.53,90.61,1.44,3.01,-3.39,-1.24,3.34,-0.46,-0.36,3.91,3.55,-10.50,-0.41,2.00,224
24559,2,89.27,1.04,90.61,1.34,2.60,-3.39,-1.24,3.33,0.19,0.16,3.91,3.55,-10.51,0.18,2.00,224
24580,2,89.66,7.08,90.61,0.95,1.34,-3.39,-1.22,3.35,1.06,1.07,3.91,3.55,-10.49,1.06,2.00,224
24599,2,90.37,16.02,90.61,0.24,-0.81,-3.39,-1.18,3.40,1.76,1.77,3.91,3.55,-10.44,1.77,2.00,224
24620,2,91.06,21.90,90.59,-0.45,-2.65,-3.39,-1.12,3.45,1.79,1.93,3.91,3.55,-10.39,1.86,1.98,224
24639,2,91.05,16.57,90.57,-0.46,-2.25,-3.39,-1.08,3.49,0.40,0.38,3.91,3.55,-10.35,0.39,1.96,224
24660,2,90.91,10.60,90.59,-0.34,-1.52,-3.39,-1.09,3.48,-0.79,-0.69,3.91,3.55,-10.36,-0.74,1.98,224
24679,2,90.70,5.65,90.61,-0.11,-0.68,-3.39,-1.12,3.45,-1.24,-1.20,3.91,3.55,-10.39,-1.22,2.00,224
24699,2,90.63,3.64,90.61,-0.02,-0.32,-3.39,-1.16,3.41,-1.44,-1.41,3.91,3.55,-10.43,-1.42,2.00,240
24719,2,90.89,7.25,90.61,-0.28,-1.14,-3.39,-1.20,3.38,-1.00,-1.09,3.91,3.55,-10.46,-1.05,2.00,224
24740,2,91.43,13.85,90.59,-0.82,-2.74,-3.39,-1.22,3.36,-0.06,-0.23,3.91,3.55,-10.48,-0.15,1.98,224
24759,2,91.99,19.03,90.57,-1.40,-4.32,-3.39,-1.22,3.36,-0.15,-0.06,3.91,3.55,-10.49,-0.10,1.96,224
24780,2,92.32,19.26,90.55,-1.75,-5.04,-3.39,-1.24,3.34,-0.96,-1.09,3.91,3.55,-10.50,-1.02,1.94,224
24799,2,92.43,16.21,90.53,-1.88,-5.06,-3.39,-1.28,3.29,-1.95,-1.90,3.91,3.55,-10.55,-1.93,1.92,224
24820,2,92.39,11.82,90.51,-1.85,-4.65,-3.39,-1.36,3.22,-2.71,-2.62,3.91,3.55,-10.62,-2.67,1.90,224
24839,2,92.33,8.59,90.50,-1.81,-4.31,-3.38,-1.45,3.13,-3.18,-3.20,3.91,3.55,-10.71,-3.19,1.88,224
24860,2,92.44,8.72,90.48,-1.94,-4.58,-3.38,-1.55,3.03,-3.36,-3.21,3.91,3.55,-10.81,-3.28,1.86,224
24879,2,92.82,12.68,90.46,-2.35,-5.71,-3.38,-1.64,2.94,-2.95,-2.90,3.91,3.55,-10.91,-2.92,1.84,224
24900,2,93.34,17.28,90.44,-2.88,-7.14,-3.38,-1.73,2.85,-2.67,-2.74,3.91,3.55,-10.99,-2.70,1.82,224
24920,2,93.79,19.79,90.42,-3.35,-8.28,-3.38,-1.81,2.76,-3.02,-3.05,3.91,3.55,-11.08,-3.03,1.80,224
24939,2,94.09,19.36,90.41,-3.66,-8.88,-3.37,-1.92,2.66,-3.77,-3.72,3.91,3.55,-11.18,-3.74,1.78,224
24960,2,94.15,15.72,90.39,-3.74,-8.73,-3.37,-2.05,2.53,-4.65,-4.58,3.91,3.55,-11.31,-4.61,1.76,224
24980,2,94.13,12.05,90.38,-3.74,-8.44,-3.36,-2.20,2.38,-5.41,-5.39,3.91,3.55,-11.46,-5.40,1.74,224
24999,2,94.20,10.69,90.36,-3.82,-8.50,-3.36,-2.37,2.21,-5.75,-5.76,3.91,3.55,-11.63,-5.75,1.72,224
25020,2,94.47,12.68,90.35,-4.11,-9.24,-3.35,-2.55,2.04,-5.63,-5.65,3.91,3.55,-11.81,-5.64,1.70,224
25039,2,94.93,14.40,90.33,-4.59,-10.32,-3.35,-2.71,1.87,-5.42,-5.59,3.91,3.55,-11.97,-5.51,1.68,224
25060,2,95.10,7.86,90.32,-4.77,-10.16,-3.34,-2.88,1.70,-5.52,-5.68,3.91,3.55,-12.14,-5.60,1.66,224
25078,2,94.59,-6.51,90.31,-4.27,-8.02,-3.33,-3.05,1.52,-6.18,-6.03,3.91,3.55,-12.32,-6.10,1.64,224
25100,2,93.60,-22.59,90.30,-3.29,-4.78,-3.32,-3.25,1.33,-6.72,-6.45,3.91,3.55,-12.51,-6.59,1.62,224
25120,2,92.37,-36.26,90.32,-2.08,-1.25,-3.32,-3.45,1.14,-6.53,-6.54,3.91,3.55,-12.71,-6.54,1.64,224
25140,2,91.56,-39.75,90.35,-1.23,0.71,-3.31,-3.63,0.95,-5.11,-5.57,3.91,3.55,-12.89,-5.34,1.66,224
25159,2,91.48,-32.46,90.38,-1.12,0.35,-3.30,-3.75,0.82,-2.93,-3.22,3.91,3.55,-13.02,-3.07,1.68,224
25180,2,91.81,-21.49,90.40,-1.43,-1.15,-3.29,-3.80,0.77,-0.61,-0.46,3.91,3.55,-13.07,-0.54,1.70,224
25198,2,91.80,-17.48,90.43,-1.39,-1.39,-3.29,-3.80,0.77,0.14,0.24,3.91,3.55,-13.07,0.19,1.72,224
25220,2,91.45,-19.55,90.46,-1.02,-0.47,-3.28,-3.81,0.77,-0.35,-0.30,3.91,3.55,-13.07,-0.33,1.74,224
25239,2,90.62,-27.83,90.49,-0.17,1.89,-3.27,-3.83,0.76,-0.81,-0.74,3.91,3.55,-13.09,-0.78,1.76,224
25260,2,89.65,-35.66,90.51,0.84,4.53,-3.27,-3.86,0.72,-1.03,-1.15,3.91,3.55,-13.12,-1.09,1.78,224
25279,2,89.03,-36.27,90.54,1.48,5.87,-3.26,-3.88,0.70,-0.14,-0.59,3.91,3.55,-13.14,-0.36,1.80,224
25300,2,88.79,-31.50,90.56,1.75,6.02,-3.26,-3.86,0.71,1.29,1.19,3.91,3.55,-13.13,1.24,1.82,224
25320,2,88.85,-23.38,90.59,1.71,5.29,-3.25,-3.80,0.77,2.76,2.75,3.91,3.55,-13.06,2.76,1.84,224
25339,2,88.96,-17.17,90.61,1.63,4.64,-3.25,-3.69,0.88,3.61,3.72,3.91,3.55,-12.96,3.67,1.86,224
25360,2,88.70,-17.46,90.64,1.91,5.22,-3.24,-3.58,0.99,3.72,3.89,3.91,3.55,-12.85,3.81,1.88,224
25380,2,88.16,-22.17,90.66,2.48,6.73,-3.24,-3.48,1.10,3.38,3.50,3.91,3.55,-12.74,3.44,1.90,224
25399,2,87.28,-30.61,90.68,3.38,9.22,-3.24,-3.38,1.20,3.02,2.84,3.91,3.55,-12.64,2.93,1.92,224
25420,2,86.47,-35.79,90.70,4.21,11.28,-3.24,-3.28,1.28,3.39,3.06,3.91,3.55,-12.55,3.23,1.94,224
25439,2,85.99,-35.02,90.68,4.72,12.23,-3.24,-3.17,1.40,4.54,4.53,3.91,3.55,-12.44,4.54,1.92,224
25459,2,85.76,-29.20,90.66,4.92,12.18,-3.24,-3.00,1.57,5.88,6.09,3.91,3.55,-12.27,5.98,1.90,224
25480,2,85.91,-18.78,90.64,4.75,11.01,-3.24,-2.80,1.77,7.29,7.36,3.91,3.55,-12.07,7.32,1.88,224
25500,2,86.08,-10.74,90.62,4.56,9.99,-3.24,-2.57,2.01,7.94,7.95,3.91,3.55,-11.83,7.95,1.86,224
25519,2,86.10,-7.14,90.59,4.51,9.60,-3.25,-2.33,2.25,7.84,7.80,3.91,3.55,-11.59,7.82,1.84,224
25540,2,85.79,-9.27,90.57,4.80,10.35,-3.25,-2.10,2.47,7.20,6.93,3.91,3.55,-11.37,7.07,1.82,224
25559,2,85.16,-15.39,90.54,5.41,12.05,-3.26,-1.90,2.67,6.37,6.30,3.91,3.55,-11.17,6.34,1.80,224
25579,2,84.64,-18.21,90.51,5.90,13.26,-3.27,-1.71,2.86,6.06,6.01,3.91,3.55,-10.98,6.03,1.78,224
25600,2,84.62,-13.13,90.49,5.89,12.83,-3.27,-1.52,3.05,6.92,7.08,3.91,3.55,-10.79,7.00,1.76,224
25621,2,85.00,-3.11,90.46,5.60,11.64,-3.28,-1.29,3.29,8.12,8.06,3.91,3.55,-10.55,8.09,1.74,224
25639,2,85.30,2.09,90.43,5.16,10.15,-3.29,-1.03,3.54,8.68,8.68,3.91,3.55,-10.30,8.68,1.72,224
25660,2,85.55,5.18,90.40,4.88,9.34,-3.30,-0.77,3.80,8.58,8.43,3.91,3.55,-10.04,8.50,1.70,224
25679,2,85.34,0.72,90.37,5.06,10.07,-3.31,-0.53,4.04,7.65,7.59,3.91,3.55,-9.79,7.62,1.68,224
25700,2,84.75,-7.82,90.34,5.62,11.87,-3.32,-0.31,4.26,6.45,6.56,3.91,3.55,-9.58,6.51,1.66,224
25719,2,84.00,-15.87,90.31,6.33,13.94,-3.33,-0.13,4.44,5.85,5.96,3.91,3.55,-9.40,5.91,1.64,224
25739,2,83.67,-15.86,90.27,6.64,14.55,-3.35,0.06,4.63,6.64,6.62,3.91,3.55,-9.21,6.63,1.62,224
25760,2,84.07,-5.85,90.24,6.21,12.88,-3.36,0.29,4.86,8.21,8.15,3.91,3.55,-8.98,8.18,1.60,224
25780,2,84.60,3.22,90.20,5.64,11.03,-3.38,0.55,5.12,9.29,9.37,3.91,3.55,-8.71,9.33,1.58,224
25799,2,85.00,8.15,90.17,5.20,9.75,-3.39,0.84,5.41,9.36,9.36,3.91,3.55,-8.43,9.36,1.56,224
25821,2,84.92,4.72,90.13,5.25,10.12,-3.40,1.11,5.68,8.49,8.42,3.91,3.55,-8.16,8.46,1.54,224
25839,2,84.24,-6.28,90.10,5.89,12.29,-3.42,1.34,5.91,7.17,7.21,3.91,3.55,-7.92,7.19,1.52,224
25860,2,83.41,-16.44,90.06,6.69,14.70,-3.44,1.54,6.11,6.24,6.12,3.91,3.55,-7.73,6.18,1.50,224
25879,2,82.94,-18.50,90.03,7.12,15.72,-3.45,1.73,6.30,6.68,6.74,3.91,3.55,-7.54,6.71,1.48,224
25900,2,83.04,-11.93,89.99,6.98,14.92,-3.47,1.96,6.53,8.24,8.24,3.91,3.55,-7.31,8.24,1.46,224
25920,2,83.60,-0.81,89.95,6.39,12.85,-3.49,2.24,6.81,9.75,9.89,3.91,3.55,-7.03,9.82,1.44,224
25940,2,84.13,7.05,89.91,5.82,11.08,-3.51,2.55,7.12,10.36,10.20,3.91,3.55,-6.72,10.28,1.42,224
25959,2,84.27,7.00,89.87,5.64,10.71,-3.53,2.85,7.42,9.83,9.66,3.91,3.55,-6.42,9.74,1.40,224
25979,2,83.86,-1.07,89.83,6.01,12.11,-3.55,3.13,7.70,8.37,8.42,3.91,3.55,-6.14,8.40,1.38,224
26000,2,82.88,-14.77,89.79,6.95,15.09,-3.57,3.36,7.93,6.97,7.13,3.91,3.55,-5.91,7.05,1.36,224
26022,2,82.01,-21.70,89.75,7.79,17.31,-3.59,3.56,8.14,6.76,6.79,3.91,3.55,-5.70,6.77,1.34,224
26039,2,82.05,-16.46,89.71,7.70,16.73,-3.61,3.79,8.36,8.40,8.36,3.91,3.55,-5.47,8.38,1.32,224
26060,2,82.45,-6.15,89.67,7.26,15.00,-3.63,4.08,8.65,10.26,9.97,3.91,3.55,-5.19,10.12,1.30,224
26079,2,83.12,4.83,89.63,6.55,12.71,-3.65,4.41,8.97,11.14,11.11,3.91,3.55,-4.86,11.13,1.28,224
26099,2,83.58,9.65,89.58,6.05,11.33,-3.68,4.74,9.31,10.96,11.17,3.91,3.55,-4.52,11.06,1.26,224
26120,2,83.17,0.96,89.54,6.41,12.74,-3.70,5.06,9.63,9.73,9.93,3.91,3.55,-4.21,9.83,1.24,224
26139,2,82.35,-11.36,89.50,7.19,15.29,-3.72,5.33,9.90,8.16,8.14,3.91,3.55,-3.94,8.15,1.22,224
26160,2,81.29,-23.42,89.45,8.21,18.29,-3.75,5.56,10.13,7.28,7.36,3.91,3.55,-3.71,7.32,1.20,224
26180,2,80.75,-24.52,89.41,8.71,19.38,-3.77,5.79,10.36,8.50,8.32,3.91,3.55,-3.47,8.41,1.18,224
26199,2,80.97,-14.76,89.36,8.44,18.06,-3.80,6.08,10.65,10.43,10.27,3.91,3.55,-3.19,10.35,1.16,224
26220,2,81.63,-1.54,89.32,7.73,15.58,-3.82,6.42,10.99,11.91,12.06,3.91,3.55,-2.84,11.98,1.14,224
26239,2,82.44,9.83,89.27,6.88,12.97,-3.85,6.80,11.37,12.60,12.77,3.91,3.55,-2.46,12.69,1.12,224
26260,2,82.70,9.64,89.22,6.57,12.38,-3.88,7.18,11.75,11.88,12.16,3.91,3.55,-2.09,12.02,1.10,224
26279,2,81.78,-6.49,89.18,7.44,15.40,-3.90,7.51,12.08,9.99,10.00,3.91,3.55,-1.76,10.00,1.08,224
26300,2,80.35,-25.27,89.13,8.82,19.67,-3.93,7.78,12.35,8.32,8.09,3.91,3.55,-1.49,8.21,1.06,224
26320,2,79.21,-34.89,89.08,9.92,22.64,-3.96,8.02,12.60,7.94,8.23,3.91,3.55,-1.24,8.08,1.04,224
26340,2,78.85,-30.71,89.03,10.23,22.92,-3.99,8.30,12.88,10.29,10.40,3.91,3.55,-0.96,10.34,1.02,224
26358,2,79.46,-13.78,88.98,9.57,20.24,-4.02,8.66,13.24,13.18,12.96,3.91,3.55,-0.60,13.07,1.00,224
26380,2,80.48,4.22,88.93,8.49,16.65,-4.05,9.10,13.67,15.11,14.76,3.91,3.55,-0.17,14.93,0.98,224
26399,2,81.32,14.29,88.88,7.60,14.06,-4.08,9.55,14.13,14.95,15.06,3.91,3.55,0.29,15.00,0.96,224
26420,2,81.36,9.59,88.82,7.52,14.27,-4.12,9.98,14.56,13.26,13.40,3.91,3.55,0.72,13.33,0.94,224
26439,2,80.04,-12.50,88.77,8.79,18.58,-4.15,10.34,14.92,10.54,10.55,3.91,3.55,1.08,10.55,0.92,224
26460,2,78.21,-35.42,88.72,10.56,23.96,-4.18,10.63,15.21,8.96,8.80,3.91,3.55,1.36,8.88,0.90,232
26478,2,76.83,-45.66,88.66,11.89,25.00,-4.22,10.90,15.48,9.58,9.60,3.91,3.55,1.64,9.59,0.88,232
26500,2,77.10,-22.39,88.61,11.56,24.92,-4.25,11.24,15.82,12.57,12.67,3.91,3.55,1.98,12.62,0.86,232
26519,2,81.56,61.84,88.55,7.05,9.14,-4.29,11.69,16.25,16.73,15.81,3.92,3.54,2.42,16.27,0.84,224
26541,2,86.47,117.42,88.50,2.08,-5.23,-4.32,12.20,16.76,16.26,16.86,3.92,3.54,2.93,16.56,0.82,224
26559,2,86.79,92.70,88.44,1.71,-4.00,-4.36,12.66,17.23,13.20,13.60,3.91,3.55,3.39,13.40,0.80,224
26580,2,86.19,62.78,88.39,2.25,-0.52,-4.39,12.91,17.48,3.75,4.47,3.91,3.55,3.64,4.11,0.78,224
26599,2,86.31,46.91,88.34,2.08,0.41,-4.42,12.94,17.53,-1.40,-0.85,3.91,3.55,3.68,-1.13,0.76,224
26619,2,86.38,35.46,88.29,1.96,1.09,-4.45,12.91,17.50,-1.12,-1.00,3.91,3.55,3.65,-1.06,0.74,224
26640,2,87.26,37.40,88.23,1.03,-0.93,-4.49,12.88,17.47,-0.30,-0.69,3.91,3.55,3.62,-0.50,0.72,224
26660,2,88.39,42.89,88.18,-0.16,-3.75,-4.52,12.90,17.47,0.93,0.69,3.91,3.55,3.63,0.81,0.70,224
26679,2,89.32,44.08,88.13,-1.14,-5.81,-4.55,12.93,17.50,1.02,0.82,3.91,3.55,3.66,0.92,0.68,224
26700,2,89.77,38.48,88.09,-1.63,-6.34,-4.57,12.93,17.50,-0.47,-0.39,3.91,3.55,3.66,-0.43,0.66,224
26719,2,89.66,26.36,88.04,-1.57,-5.26,-4.60,12.88,17.46,-2.26,-1.95,3.91,3.55,3.62,-2.11,0.64,224
26740,2,89.29,13.98,87.99,-1.25,-3.62,-4.63,12.79,17.37,-3.43,-3.47,3.91,3.55,3.53,-3.45,0.62,224
26759,2,88.98,5.98,87.95,-0.99,-2.45,-4.65,12.68,17.26,-3.85,-3.98,3.91,3.55,3.42,-3.91,0.60,224
26780,2,89.02,5.36,87.90,-1.07,-2.57,-4.68,12.56,17.14,-3.42,-3.53,3.91,3.55,3.30,-3.47,0.58,224
26799,2,89.71,14.14,87.86,-1.81,-4.75,-4.70,12.47,17.06,-2.35,-2.25,3.91,3.55,3.21,-2.30,0.56,224
26820,2,90.70,24.61,87.82,-2.84,-7.64,-4.72,12.42,17.01,-1.24,-1.20,3.91,3.55,3.16,-1.22,0.54,224
26840,2,91.40,28.13,87.77,-3.58,-9.41,-4.74,12.38,16.97,-1.54,-1.48,3.91,3.55,3.12,-1.51,0.52,224
26858,2,91.54,22.68,87.74,-3.76,-9.34,-4.76,12.30,16.89,-3.36,-3.32,3.91,3.55,3.04,-3.34,0.50,224
26879,2,91.06,10.06,87.70,-3.32,-7.45,-4.78,12.17,16.76,-5.10,-5.09,3.91,3.55,2.91,-5.09,0.48,224
26900,2,90.57,0.83,87.66,-2.87,-5.81,-4.80,12.00,16.58,-6.08,-6.11,3.91,3.55,2.74,-6.10,0.46,224
26919,2,90.35,-1.94,87.63,-2.69,-5.23,-4.81,11.81,16.40,-6.00,-5.92,3.91,3.55,2.55,-5.96,0.44,224
26940,2,90.69,4.14,87.59,-3.07,-6.47,-4.83,11.64,16.23,-4.94,-4.98,3.91,3.55,2.39,-4.96,0.42,224
26958,2,91.80,19.32,87.56,-4.21,-9.97,-4.84,11.52,16.10,-3.60,-3.64,3.91,3.55,2.26,-3.62,0.40,224
26980,2,92.89,29.95,87.53,-5.33,-13.06,-4.85,11.42,16.01,-3.03,-3.05,3.91,3.55,2.16,-3.04,0.38,224
26998,2,93.30,27.84,87.50,-5.78,-13.78,-4.86,11.31,15.89,-4.50,-4.51,3.91,3.55,2.05,-4.51,0.36,224
27020,2,93.12,17.84,87.47,-5.62,-12.67,-4.87,11.13,15.72,-6.81,-6.71,3.91,3.55,1.88,-6.76,0.34,224
27040,2,92.53,5.15,87.48,-5.06,-10.54,-4.88,10.90,15.49,-8.52,-8.40,3.91,3.55,1.64,-8.46,0.36,224
27060,2,92.08,-1.92,87.50,-4.60,-9.04,-4.88,10.63,15.22,-9.01,-8.87,3.91,3.55,1.37,-8.94,0.38,224
27079,2,92.23,1.58,87.52,-4.73,-9.59,-4.88,10.37,14.96,-8.17,-8.28,3.91,3.55,1.11,-8.22,0.40,224
27100,2,93.03,13.31,87.49,-5.51,-12.09,-4.89,10.14,14.73,-6.80,-6.84,3.91,3.55,0.88,-6.82,0.38,224
27118,2,94.36,29.32,87.47,-6.87,-16.09,-4.89,9.95,14.54,-5.66,-5.72,3.91,3.55,0.70,-5.69,0.36,224
27140,2,95.46,37.38,87.46,-7.99,-18.96,-4.88,9.78,14.37,-6.22,-6.17,3.91,3.55,0.52,-6.19,0.34,224
27159,2,95.76,32.01,87.44,-8.31,-19.17,-4.88,9.56,14.15,-8.34,-8.29,3.91,3.55,0.30,-8.31,0.32,224
27180,2,95.52,20.35,87.43,-8.08,-17.78,-4.87,9.26,13.86,-10.67,-10.52,3.91,3.55,0.01,-10.59,0.30,224
27199,2,94.98,8.06,87.42,-7.55,-15.74,-4.86,8.91,13.50,-12.31,-12.20,3.91,3.55,-0.34,-12.25,0.28,224
27220,2,94.69,2.99,87.41,-7.27,-14.78,-4.85,8.53,13.13,-12.54,-12.43,3.91,3.55,-0.72,-12.49,0.26,224
27240,2,95.05,8.35,87.40,-7.64,-15.94,-4.84,8.17,12.76,-11.75,-11.64,3.91,3.55,-1.09,-11.70,0.24,224
27260,2,96.03,21.32,87.40,-8.62,-18.96,-4.82,7.84,12.42,-10.09,-10.36,3.91,3.55,-1.42,-10.23,0.22,224
27279,2,97.43,36.39,87.40,-10.03,-22.98,-4.80,7.55,12.13,-9.38,-9.47,3.91,3.55,-1.72,-9.42,0.20,224
27300,2,98.51,42.45,87.40,-11.12,-25.00,-4.78,7.24,11.83,-10.53,-10.31,3.91,3.55,-2.02,-10.42,0.18,232
27319,2,98.78,35.54,87.40,-11.38,-25.00,-4.76,6.89,11.48,-12.84,-12.65,3.91,3.55,-2.37,-12.75,0.16,232
27340,2,98.63,24.78,87.41,-11.23,-24.45,-4.73,6.46,11.05,-15.03,-15.00,3.91,3.55,-2.80,-15.01,0.14,232
27359,2,98.36,15.42,87.41,-10.95,-23.14,-4.71,5.98,10.57,-16.25,-16.21,3.91,3.55,-3.27,-16.23,0.12,224
27379,2,98.28,11.63,87.42,-10.87,-22.66,-4.68,5.49,10.07,-16.43,-16.51,3.91,3.55,-3.77,-16.47,0.10,224
27400,2,99.02,20.33,87.43,-11.60,-24.82,-4.65,4.99,9.58,-16.02,-16.00,3.91,3.55,-4.26,-16.01,0.08,232
27420,2,100.09,31.63,87.45,-12.66,-25.00,-4.61,4.53,9.12,-15.00,-15.02,3.91,3.55,-4.73,-15.01,0.06,232
27440,2,101.48,44.26,87.46,-14.04,-25.00,-4.58,4.08,8.67,-14.81,-14.90,3.91,3.55,-5.18,-14.86,0.04,232
27460,2,102.91,54.07,87.48,-15.45,-25.00,-4.54,3.62,8.20,-15.61,-15.58,3.91,3.55,-5.64,-15.60,0.02,232
27479,2,104.48,63.34,87.50,-17.00,-25.00,-4.50,3.13,7.72,-16.26,-16.10,3.91,3.55,-6.12,-16.18,0.00,232
27499,2,106.38,75.04,87.54,-18.88,-25.00,-4.46,2.64,7.22,-16.34,-16.51,3.91,3.55,-6.62,-16.42,0.00,232
27520,2,108.94,92.93,87.58,-21.41,-25.00,-4.42,2.14,6.72,-16.49,-16.63,3.91,3.55,-7.12,-16.56,0.00,232
27541,2,111.79,110.69,87.62,-24.22,-25.00,-4.38,1.64,6.22,-16.37,-16.32,3.91,3.55,-7.62,-16.35,0.00,232
27559,2,115.09,125.71,87.66,-27.47,-25.00,-4.34,1.14,5.73,-16.43,-16.27,3.91,3.55,-8.12,-16.35,0.00,232
27580,2,115.93,89.26,87.70,-28.28,-25.00,-4.30,0.65,5.23,-16.63,-16.36,3.91,3.55,-8.61,-16.49,0.00,232
27599,2,111.61,29.13,87.74,-23.92,-25.00,-4.26,0.13,4.73,-17.06,-17.32,3.91,3.55,-9.12,-17.19,0.00,232
27620,2,109.40,-19.77,87.78,-21.66,-25.00,-4.22,-0.37,4.23,-15.73,-15.83,3.91,3.55,-9.62,-15.78,0.00,232
27639,2,106.17,-64.56,87.82,-18.40,-25.00,-4.18,-0.83,3.76,-15.59,-15.58,3.91,3.55,-10.09,-15.58,0.00,232
27660,2,102.33,-104.75,87.86,-14.51,-20.64,-4.14,-1.32,3.27,-16.22,-16.24,3.91,3.55,-10.58,-16.23,0.00,224
27679,2,98.00,-141.29,87.90,-10.15,-8.99,-4.10,-1.82,2.78,-16.61,-16.57,3.91,3.55,-11.07,-16.59,0.00,224
27700,2,93.70,-168.51,87.96,-5.80,1.88,-4.06,-2.33,2.27,-16.75,-16.68,3.91,3.55,-11.58,-16.71,0.02,224
27719,2,90.88,-167.25,88.02,-2.92,7.54,-4.02,-2.81,1.79,-14.17,-14.20,3.91,3.55,-12.06,-14.18,0.04,224
27740,2,90.35,-132.97,88.08,-2.34,5.96,-3.98,-3.10,1.48,-5.82,-6.78,3.91,3.55,-12.36,-6.30,0.06,224
27758,2,91.87,-79.64,88.13,-3.79,-1.21,-3.95,-3.15,1.42,0.96,1.06,3.91,3.55,-12.42,1.01,0.08,224
27780,2,93.24,-42.64,88.19,-5.10,-6.80,-3.91,-3.06,1.50,3.94,3.88,3.91,3.55,-12.33,3.91,0.10,224
27799,2,93.00,-37.71,88.25,-4.81,-6.61,-3.87,-2.95,1.61,2.60,2.76,3.91,3.55,-12.22,2.68,0.12,224
27820,2,91.00,-58.36,88.30,-2.76,-0.84,-3.84,-2.95,1.63,-1.40,-1.25,3.91,3.55,-12.21,-1.32,0.14,224
27840,2,87.90,-87.59,88.36,0.40,7.81,-3.80,-3.05,1.53,-4.59,-4.38,3.91,3.55,-12.31,-4.48,0.16,224
27860,2,85.56,-96.16,88.41,2.80,13.29,-3.77,-3.20,1.39,-4.53,-4.32,3.91,3.55,-12.46,-4.42,0.18,224
27879,2,85.32,-73.21,88.46,3.09,12.03,-3.74,-3.27,1.31,0.10,-0.41,3.91,3.55,-12.53,-0.15,0.20,224
27899,2,86.57,-34.92,88.50,1.89,6.57,-3.72,-3.18,1.39,5.10,4.82,3.91,3.55,-12.45,4.96,0.22,224
27920,2,88.68,4.42,88.55,-0.18,-0.71,-3.69,-2.97,1.59,7.81,7.94,3.91,3.55,-12.24,7.88,0.24,224
27941,2,90.00,21.14,88.59,-1.45,-4.59,-3.67,-2.73,1.84,7.79,8.01,3.91,3.55,-11.99,7.90,0.26,224
27959,2,89.32,5.99,88.64,-0.72,-1.92,-3.64,-2.55,2.02,3.87,3.90,3.91,3.55,-11.82,3.89,0.28,224
27980,2,87.36,-23.40,88.68,1.28,4.44,-3.62,-2.52,2.05,-0.96,-0.78,3.91,3.55,-11.79,-0.87,0.30,224
27999,2,85.27,-46.05,88.73,3.41,10.51,-3.59,-2.59,1.99,-2.63,-2.58,3.91,3.55,-11.85,-2.60,0.32,224
28020,2,84.13,-48.51,88.76,4.59,13.07,-3.57,-2.65,1.93,-0.33,-0.72,3.91,3.55,-11.91,-0.53,0.34,224
28040,2,85.20,-19.04,88.80,3.57,8.66,-3.56,-2.60,1.97,3.38,3.20,3.91,3.55,-11.87,3.29,0.36,224
28060,2,87.19,14.89,88.84,1.61,2.03,-3.54,-2.44,2.13,6.75,6.66,3.91,3.55,-11.70,6.71,0.38,224
28079,2,89.27,40.36,88.88,-0.43,-4.08,-3.52,-2.21,2.37,7.80,7.98,3.91,3.55,-11.47,7.89,0.40,224
28100,2,90.06,39.68,88.92,-1.18,-5.54,-3.50,-1.99,2.58,5.66,5.70,3.91,3.55,-11.26,5.68,0.42,224
28119,2,88.62,8.58,88.95,0.29,-0.10,-3.49,-1.90,2.67,0.62,0.58,3.91,3.55,-11.17,0.60,0.44,224
28140,2,86.69,-21.41,88.99,2.26,6.23,-3.47,-1.95,2.63,-2.79,-2.65,3.91,3.55,-11.21,-2.72,0.46,224
28159,2,85.27,-34.97,89.02,3.72,10.24,-3.46,-2.04,2.54,-2.93,-2.89,3.91,3.55,-11.30,-2.91,0.48,224
28180,2,85.34,-23.79,89.05,3.68,9.27,-3.44,-2.08,2.50,0.61,0.48,3.91,3.55,-11.34,0.55,0.50,224
28199,2,86.91,5.83,89.09,2.15,3.83,-3.43,-2.00,2.58,4.31,4.16,3.91,3.55,-11.26,4.23,0.52,224
28220,2,89.01,34.35,89.12,0.07,-2.60,-3.42,-1.82,2.75,6.32,6.33,3.91,3.55,-11.09,6.32,0.54,224
28240,2,90.59,47.02,89.15,-1.47,-6.70,-3.41,-1.63,2.94,6.07,6.01,3.91,3.55,-10.90,6.04,0.56,224
28260,2,90.38,31.07,89.18,-1.23,-4.94,-3.40,-1.51,3.07,2.24,2.37,3.91,3.55,-10.77,2.31,0.58,224
28279,2,88.85,0.87,89.22,0.33,0.59,-3.38,-1.52,3.06,-2.09,-1.85,3.91,3.55,-10.78,-1.97,0.60,240
28300,2,87.27,-21.51,89.25,1.95,5.62,-3.37,-1.62,2.96,-3.82,-3.75,3.91,3.55,-10.88,-3.79,0.62,224
28319,2,86.52,-25.33,89.28,2.72,7.47,-3.36,-1.73,2.85,-2.80,-2.99,3.91,3.55,-10.99,-2.89,0.64,224
28340,2,87.26,-6.56,89.31,2.01,4.55,-3.35,-1.75,2.83,0.86,0.73,3.91,3.55,-11.01,0.79,0.66,224
28359,2,89.15,22.78,89.34,0.15,-1.52,-3.34,-1.67,2.90,3.74,3.59,3.91,3.55,-10.94,3.67,0.68,224
28380,2,91.05,43.53,89.37,-1.71,-6.91,-3.33,-1.54,3.03,4.43,4.56,3.91,3.55,-10.81,4.50,0.70,224
28398,2,91.48,37.58,89.40,-2.11,-7.23,-3.32,-1.42,3.15,2.87,2.85,3.91,3.55,-10.69,2.86,0.72,224
28420,2,90.78,17.33,89.43,-1.38,-4.14,-3.31,-1.41,3.16,-1.31,-1.30,3.91,3.55,-10.68,-1.31,0.74,224
28439,2,89.56,-4.36,89.46,-0.14,0.08,-3.30,-1.50,3.07,-4.11,-4.07,3.91,3.55,-10.77,-4.09,0.76,224
28460,2,88.61,-15.94,89.49,0.85,2.97,-3.29,-1.64,2.94,-4.42,-4.37,3.91,3.55,-10.90,-4.39,0.78,224
28479,2,89.06,-4.38,89.52,0.43,1.21,-3.28,-1.75,2.83,-2.67,-2.84,3.91,3.55,-11.01,-2.76,0.80,224
28500,2,90.50,17.48,89.55,-0.98,-3.36,-3.27,-1.77,2.80,0.61,0.47,3.91,3.55,-11.04,0.54,0.82,224
28519,2,92.05,33.42,89.57,-2.51,-7.69,-3.26,-1.73,2.85,1.65,1.70,3.91,3.55,-10.99,1.68,0.84,224
28539,2,92.74,32.58,89.61,-3.17,-8.94,-3.25,-1.69,2.88,0.05,0.14,3.91,3.55,-10.96,0.10,0.86,224
28560,2,91.99,11.38,89.64,-2.38,-5.67,-3.24,-1.73,2.85,-2.36,-2.27,3.91,3.55,-10.99,-2.32,0.88,224
28579,2,90.65,-11.98,89.66,-1.01,-1.06,-3.24,-1.84,2.74,-4.69,-4.73,3.91,3.55,-11.10,-4.71,0.90,224
28600,2,89.35,-28.17,89.69,0.32,2.89,-3.23,-2.00,2.58,-5.35,-5.38,3.91,3.55,-11.26,-5.36,0.92,224
28620,2,88.92,-28.54,89.72,0.77,3.82,-3.22,-2.15,2.43,-3.81,-3.93,3.91,3.55,-11.41,-3.87,0.94,224
28639,2,89.79,-13.97,89.75,-0.06,0.99,-3.21,-2.20,2.37,-0.05,-0.11,3.91,3.55,-11.47,-0.08,0.96,224
28660,2,90.47,-5.52,89.78,-0.72,-0.99,-3.20,-2.17,2.41,1.91,1.72,3.91,3.55,-11.43,1.82,0.98,224
28679,2,90.58,-5.75,89.81,-0.80,-1.13,-3.19,-2.10,2.47,2.16,2.13,3.91,3.55,-11.37,2.14,1.00,224
28700,2,89.75,-17.90,89.84,0.06,1.56,-3.18,-2.06,2.52,0.29,0.53,3.91,3.55,-11.33,0.41,1.02,224
28719,2,88.33,-34.21,89.87,1.51,5.76,-3.17,-2.07,2.50,-0.75,-0.74,3.91,3.55,-11.34,-0.74,1.04,224
28740,2,87.22,-40.67,89.89,2.65,8.55,-3.17,-2.10,2.48,-0.73,-0.87,3.91,3.55,-11.36,-0.80,1.06,224
28760,2,87.15,-29.83,89.92,2.74,7.87,-3.16,-2.09,2.48,1.11,1.07,3.91,3.55,-11.36,1.09,1.08,224
28779,2,87.81,-11.37,89.95,2.11,5.13,-3.15,-2.01,2.56,3.68,3.70,3.91,3.55,-11.28,3.69,1.10,224
28800,2,88.93,8.26,89.97,1.02,1.37,-3.15,-1.87,2.70,5.11,5.17,3.91,3.55,-11.14,5.14,1.12,224
28820,2,89.80,18.71,90.00,0.17,-1.16,-3.14,-1.71,2.86,5.11,5.10,3.91,3.55,-10.98,5.11,1.14,224
28839,2,89.57,10.56,90.02,0.43,0.02,-3.14,-1.58,2.99,3.22,3.22,3.91,3.55,-10.85,3.22,1.16,224
28860,2,88.62,-5.11,90.05,1.40,3.21,-3.13,-1.54,3.04,0.07,0.25,3.91,3.55,-10.80,0.16,1.18,224
28879,2,87.82,-14.78,90.07,2.23,5.64,-3.13,-1.55,3.03,-0.44,-0.46,3.91,3.55,-10.81,-0.45,1.20,224
28900,2,87.50,-14.41,90.10,2.57,6.29,-3.12,-1.55,3.03,0.54,0.55,3.91,3.55,-10.81,0.55,1.22,224
28918,2,88.00,-2.67,90.12,2.10,4.41,-3.12,-1.50,3.07,2.16,2.06,3.91,3.55,-10.77,2.11,1.24,224
28940,2,88.97,12.58,90.14,1.15,1.29,-3.12,-1.41,3.16,3.62,3.66,3.91,3.55,-10.68,3.64,1.26,224
28960,2,90.06,25.17,90.17,0.08,-1.86,-3.11,-1.29,3.28,4.03,4.09,3.91,3.55,-10.56,4.06,1.28,224
28980,2,90.40,22.91,90.19,-0.24,-2.31,-3.11,-1.18,3.39,3.09,3.04,3.91,3.55,-10.45,3.07,1.30,224
28999,2,89.72,7.75,90.21,0.47,0.33,-3.11,-1.13,3.44,0.25,0.20,3.91,3.55,-10.40,0.22,1.32,224
29020,2,89.01,-3.83,90.24,1.20,2.71,-3.10,-1.15,3.42,-1.13,-1.13,3.91,3.55,-10.42,-1.13,1.34,224
29038,2,88.59,-8.18,90.26,1.65,3.96,-3.10,-1.19,3.39,-0.99,-1.02,3.91,3.55,-10.45,-1.01,1.36,224
29060,2,88.85,-0.95,90.28,1.41,2.90,-3.10,-1.20,3.38,0.35,0.40,3.91,3.55,-10.46,0.38,1.38,224
29079,2,89.77,13.26,90.31,0.51,-0.04,-3.09,-1.16,3.42,1.77,1.79,3.91,3.55,-10.42,1.78,1.40,224
29100,2,90.82,25.23,90.33,-0.52,-3.05,-3.09,-1.09,3.48,2.49,2.45,3.91,3.55,-10.36,2.47,1.42,224
29119,2,91.32,25.58,90.35,-0.99,-4.03,-3.09,-1.02,3.55,2.06,2.00,3.91,3.55,-10.29,2.03,1.44,224
29140,2,91.19,16.96,90.38,-0.83,-3.03,-3.08,-1.00,3.57,-0.29,-0.36,3.91,3.55,-10.27,-0.32,1.46,224
29160,2,90.81,7.35,90.40,-0.43,-1.45,-3.08,-1.04,3.54,-1.76,-1.72,3.91,3.55,-10.30,-1.74,1.48,224
29179,2,90.47,1.31,90.42,-0.07,-0.24,-3.08,-1.11,3.47,-2.28,-2.25,3.91,3.55,-10.37,-2.26,1.50,240
29200,2,90.61,3.69,90.45,-0.19,-0.67,-3.07,-1.17,3.41,-1.96,-1.96,3.91,3.55,-10.43,-1.96,1.52,240
29220,2,91.24,12.48,90.47,-0.79,-2.59,-3.07,-1.21,3.36,-1.01,-1.10,3.91,3.55,-10.48,-1.05,1.54,224
29239,2,92.12,22.38,90.49,-1.65,-5.10,-3.07,-1.22,3.36,0.10,0.13,3.91,3.55,-10.48,0.11,1.56,224
29260,2,92.68,24.96,90.49,-2.19,-6.38,-3.06,-1.22,3.35,-0.41,-0.49,3.91,3.55,-10.49,-0.45,1.55,224
29279,2,92.80,20.49,90.51,-2.32,-6.27,-3.06,-1.26,3.31,-2.06,-1.84,3.91,3.55,-10.53,-1.95,1.57,224
29299,2,92.65,13.43,90.54,-2.14,-5.36,-3.06,-1.35,3.23,-3.34,-3.22,3.91,3.55,-10.61,-3.28,1.59,224
29320,2,92.45,7.63,90.56,-1.91,-4.43,-3.05,-1.46,3.12,-4.07,-4.07,3.91,3.55,-10.72,-4.07,1.61,224
29340,2,92.43,4.17,90.58,-1.87,-4.07,-3.05,-1.58,2.99,-4.08,-4.01,3.91,3.55,-10.85,-4.04,1.63,224
29360,2,92.58,0.48,90.61,-1.99,-4.02,-3.04,-1.70,2.88,-3.52,-3.51,3.91,3.55,-10.96,-3.52,1.65,224
29380,2,92.58,-4.15,90.63,-1.97,-3.62,-3.04,-1.80,2.78,-2.87,-3.06,3.91,3.55,-11.06,-2.97,1.67,224
29399,2,92.37,-9.63,90.66,-1.73,-2.70,-3.03,-1.87,2.70,-2.31,-2.28,3.91,3.55,-11.14,-2.30,1.69,224
29419,2,91.77,-17.68,90.68,-1.11,-0.81,-3.03,-1.94,2.64,-2.22,-2.17,3.91,3.55,-11.20,-2.20,1.71,224
29440,2,90.87,-25.85,90.71,-0.19,1.69,-3.02,-2.01,2.57,-2.42,-2.46,3.91,3.55,-11.27,-2.44,1.73,224
29461,2,90.15,-26.94,90.73,0.48,3.18,-3.02,-2.08,2.50,-2.02,-2.10,3.91,3.55,-11.34,-2.06,1.75,224
29479,2,90.49,-18.14,90.75,0.24,1.93,-3.02,-2.12,2.45,-0.18,-0.41,3.91,3.55,-11.38,-0.30,1.77,224
29500,2,90.91,-8.78,90.78,-0.15,0.40,-3.01,-2.10,2.47,1.08,1.19,3.91,3.55,-11.37,1.13,1.79,224
29519,2,91.24,-2.49,90.80,-0.46,-0.72,-3.01,-2.06,2.52,1.51,1.70,3.91,3.55,-11.32,1.61,1.81,240
29540,2,91.12,-3.27,90.83,-0.32,-0.38,-3.00,-2.01,2.56,1.41,1.41,3.91,3.55,-11.28,1.41,1.83,240
29559,2,90.56,-9.44,90.85,0.27,1.29,-3.00,-2.00,2.58,-0.07,-0.12,3.91,3.55,-11.26,-0.09,1.85,224
29580,2,90.13,-12.21,90.87,0.72,2.42,-3.00,-2.01,2.56,-0.53,-0.45,3.91,3.55,-11.27,-0.49,1.87,224
29599,2,90.10,-8.46,90.90,0.78,2.23,-2.99,-2.02,2.56,0.13,0.14,3.91,3.55,-11.28,0.13,1.89,224
29620,2,90.41,-0.76,90.92,0.49,1.03,-2.99,-2.01,2.57,0.80,0.79,3.91,3.55,-11.27,0.79,1.91,224
29639,2,91.00,8.13,90.94,-0.08,-0.82,-2.99,-1.97,2.61,1.32,1.31,3.91,3.55,-11.23,1.32,1.93,224
29660,2,91.46,11.65,90.97,-0.51,-1.96,-2.98,-1.92,2.65,1.46,1.40,3.91,3.55,-11.19,1.43,1.95,224
29678,2,91.29,6.37,90.99,-0.32,-1.15,-2.98,-1.89,2.68,0.31,0.13,3.91,3.55,-11.16,0.22,1.97,224
29700,2,91.08,1.93,91.01,-0.09,-0.33,-2.98,-1.90,2.67,-0.57,-0.51,3.91,3.55,-11.17,-0.54,1.99,240
29719,2,90.82,-1.85,91.03,0.19,0.53,-2.97,-1.92,2.65,-0.77,-0.71,3.91,3.55,-11.19,-0.74,2.00,240
29739,2,90.73,-2.72,91.03,0.30,0.81,-2.97,-1.95,2.63,-0.79,-0.70,3.91,3.55,-11.21,-0.74,2.00,240
29760,2,90.97,0.55,91.03,0.06,0.08,-2.97,-1.96,2.62,-0.16,-0.26,3.91,3.55,-11.22,-0.21,2.00,240
29779,2,91.26,3.53,91.04,-0.23,-0.75,-2.96,-1.95,2.62,0.49,0.30,3.91,3.55,-11.22,0.39,2.00,240
29800,2,91.20,1.35,91.04,-0.16,-0.43,-2.96,-1.94,2.64,0.23,0.37,3.91,3.55,-11.21,0.30,2.00,240
29820,2,91.08,-0.54,91.04,-0.05,-0.05,-2.96,-1.94,2.64,-0.12,-0.06,3.91,3.55,-11.20,-0.09,2.00,240
29838,2,90.98,-1.85,91.05,0.07,0.28,-2.95,-1.94,2.63,-0.12,-0.16,3.91,3.55,-11.21,-0.14,2.00,240
29860,2,90.90,-2.39,91.05,0.15,0.49,-2.95,-1.95,2.63,-0.13,-0.20,3.91,3.55,-11.21,-0.17,2.00,240
29879,2,90.90,-1.93,91.05,0.15,0.46,-2.95,-1.95,2.62,-0.02,-0.02,3.91,3.55,-11.22,-0.02,2.00,240
29900,2,90.93,-1.12,91.05,0.12,0.33,-2.95,-1.95,2.63,0.07,0.10,3.91,3.55,-11.21,0.08,2.00,240
29919,2,90.97,-0.42,91.06,0.08,0.19,-2.94,-1.95,2.63,0.17,0.25,3.91,3.55,-11.21,0.21,2.00,240
29939,2,91.00,0.01,91.06,0.06,0.12,-2.94,-1.94,2.64,0.18,0.17,3.91,3.55,-11.20,0.18,2.00,240
29960,2,91.07,1.15,91.06,-0.01,-0.12,-2.94,-1.93,2.64,0.27,0.22,3.91,3.55,-11.20,0.24,2.00,240
29979,2,91.10,1.21,91.07,-0.04,-0.18,-2.93,-1.92,2.65,0.23,0.32,3.91,3.55,-11.19,0.27,2.00,240
30000,2,91.07,0.55,91.07,-0.01,-0.06,-2.93,-1.92,2.66,-0.02,-0.00,3.91,3.55,-11.18,-0.01,2.00,240
30021,2,91.06,0.18,91.07,0.01,0.00,-2.93,-1.92,2.66,-0.03,-0.02,3.91,3.55,-11.19,-0.02,2.00,240
30039,2,91.05,0.06,91.07,0.02,0.03,-2.93,-1.92,2.65,-0.01,-0.11,3.91,3.55,-11.19,-0.06,2.00,240
30060,2,91.07,0.10,91.08,0.01,0.01,-2.92,-1.92,2.65,-0.05,-0.09,3.91,3.55,-11.19,-0.07,2.00,240
30079,2,91.09,0.35,91.08,-0.01,-0.05,-2.92,-1.93,2.65,-0.01,-0.05,3.91,3.55,-11.19,-0.03,2.00,240
30100,2,91.12,0.61,91.08,-0.04,-0.13,-2.92,-1.93,2.65,-0.03,0.00,3.91,3.55,-11.19,-0.01,2.00,240
30119,2,91.15,0.74,91.09,-0.06,-0.19,-2.91,-1.93,2.65,0.01,-0.01,3.91,3.55,-11.19,0.00,2.00,240
30140,2,91.16,0.57,91.09,-0.07,-0.19,-2.91,-1.93,2.65,-0.01,-0.04,3.91,3.55,-11.19,-0.03,2.00,240
30160,2,91.14,-0.12,91.09,-0.05,-0.09,-2.91,-1.93,2.65,-0.01,-0.04,3.91,3.55,-11.19,-0.02,2.00,240
30180,2,91.09,-1.03,91.09,-0.00,0.08,-2.91,-1.93,2.65,-0.12,-0.14,3.91,3.55,-11.20,-0.13,2.00,240
30198,2,91.06,-1.45,91.10,0.03,0.18,-2.90,-1.94,2.64,-0.11,-0.14,3.91,3.55,-11.20,-0.12,2.00,240
30220,2,91.04,-1.52,91.10,0.05,0.22,-2.90,-1.94,2.64,-0.02,-0.00,3.91,3.55,-11.20,-0.01,2.00,240
30239,2,91.02,-1.58,91.10,0.08,0.28,-2.90,-1.94,2.64,0.05,0.02,3.91,3.55,-11.20,0.04,2.00,240
30260,2,91.02,-1.16,91.10,0.08,0.25,-2.90,-1.93,2.64,0.12,0.06,3.91,3.55,-11.20,0.09,2.00,240
30279,2,91.07,-0.23,91.11,0.03,0.09,-2.89,-1.93,2.64,0.21,0.18,3.91,3.55,-11.20,0.19,2.00,240
30300,2,91.09,0.10,91.11,0.01,0.02,-2.89,-1.92,2.65,0.20,0.24,3.91,3.55,-11.19,0.22,2.00,240
30318,2,91.07,-0.16,91.11,0.04,0.09,-2.89,-1.92,2.66,0.09,0.08,3.91,3.55,-11.18,0.08,2.00,240
30340,2,91.06,-0.18,91.11,0.05,0.11,-2.89,-1.92,2.66,0.08,0.01,3.91,3.55,-11.18,0.04,2.00,240
30359,2,91.08,0.09,91.12,0.03,0.06,-2.88,-1.92,2.66,0.11,0.08,3.91,3.55,-11.18,0.10,2.00,240
30380,2,91.10,0.31,91.12,0.01,0.00,-2.88,-1.91,2.66,0.03,0.08,3.91,3.55,-11.18,0.05,2.00,240
30399,2,91.11,0.29,91.12,0.01,-0.01,-2.88,-1.91,2.66,0.06,0.07,3.91,3.55,-11.18,0.06,2.00,240
30420,2,91.11,0.23,91.12,0.01,-0.00,-2.88,-1.91,2.67,0.04,0.04,3.91,3.55,-11.17,0.04,2.00,240
30439,2,91.12,0.24,91.12,0.00,-0.02,-2.88,-1.91,2.67,0.02,-0.04,3.91,3.55,-11.17,-0.01,2.00,240
30459,2,91.13,0.21,91.13,-0.01,-0.03,-2.87,-1.91,2.67,0.01,-0.01,3.91,3.55,-11.17,-0.00,2.00,240
30480,2,91.13,0.04,91.13,-0.01,-0.02,-2.87,-1.91,2.67,0.07,0.00,3.91,3.55,-11.17,0.04,2.00,240
30499,2,91.13,-0.19,91.13,-0.00,0.01,-2.87,-1.91,2.67,0.03,0.04,3.91,3.55,-11.17,0.03,2.00,240
30520,2,91.11,-0.42,91.13,0.02,0.07,-2.87,-1.91,2.67,0.01,0.04,3.91,3.55,-11.17,0.03,2.00,240
30540,2,91.10,-0.53,91.13,0.03,0.11,-2.87,-1.91,2.67,0.01,-0.01,3.91,3.55,-11.17,0.00,2.00,240
30559,2,91.10,-0.39,91.14,0.04,0.10,-2.86,-1.91,2.67,-0.02,-0.01,3.91,3.55,-11.17,-0.01,2.00,240
30580,2,91.11,-0.09,91.14,0.02,0.05,-2.86,-1.91,2.67,-0.00,0.01,3.91,3.55,-11.17,0.00,2.00,240
30599,2,91.15,0.41,91.14,-0.01,-0.06,-2.86,-1.91,2.67,0.04,0.09,3.91,3.55,-11.17,0.07,2.00,240
30620,2,91.17,0.54,91.14,-0.03,-0.11,-2.86,-1.91,2.67,0.03,0.06,3.91,3.55,-11.17,0.04,2.00,240
30639,2,91.18,0.46,91.15,-0.04,-0.12,-2.85,-1.91,2.67,0.00,0.02,3.91,3.55,-11.17,0.01,2.00,240
30660,2,91.19,0.33,91.15,-0.04,-0.11,-2.85,-1.91,2.67,0.06,0.04,3.91,3.55,-11.17,0.05,2.00,240
30680,2,91.19,0.19,91.15,-0.04,-0.09,-2.85,-1.91,2.67,0.00,-0.04,3.91,3.55,-11.17,-0.02,2.00,240
30699,2,91.18,0.16,91.15,-0.04,-0.08,-2.85,-1.91,2.67,-0.01,-0.08,3.91,3.55,-11.17,-0.05,2.00,240
30720,2,91.19,0.23,91.15,-0.04,-0.09,-2.85,-1.91,2.67,-0.08,-0.08,3.91,3.55,-11.17,-0.08,2.00,240
30740,2,91.20,0.46,91.15,-0.05,-0.14,-2.85,-1.91,2.66,-0.03,-0.05,3.91,3.55,-11.18,-0.04,2.00,240
30759,2,91.23,0.73,91.16,-0.07,-0.21,-2.84,-1.91,2.66,-0.04,-0.04,3.91,3.55,-11.18,-0.04,2.00,240
30780,2,91.26,1.00,91.16,-0.10,-0.29,-2.84,-1.92,2.66,-0.10,-0.07,3.91,3.55,-11.18,-0.08,2.00,240
30799,2,91.29,1.18,91.16,-0.14,-0.36,-2.84,-1.92,2.66,-0.11,-0.06,3.91,3.55,-11.18,-0.09,2.00,240
30820,2,91.32,1.09,91.16,-0.16,-0.41,-2.84,-1.92,2.65,-0.13,-0.13,3.91,3.55,-11.19,-0.13,2.00,240
30839,2,91.30,0.33,91.16,-0.14,-0.31,-2.84,-1.93,2.65,-0.18,-0.15,3.91,3.55,-11.19,-0.16,2.00,240
30860,2,91.26,-0.43,91.17,-0.10,-0.17,-2.83,-1.93,2.64,-0.24,-0.33,3.91,3.55,-11.20,-0.28,2.00,240
30880,2,91.29,-0.21,91.17,-0.12,-0.23,-2.83,-1.94,2.63,-0.16,-0.12,3.91,3.55,-11.21,-0.14,2.00,240
30900,2,91.28,-0.39,91.17,-0.11,-0.20,-2.83,-1.94,2.63,-0.11,-0.05,3.91,3.55,-11.21,-0.08,2.00,240
30919,2,91.24,-1.05,91.17,-0.07,-0.06,-2.83,-1.95,2.63,-0.13,-0.17,3.91,3.55,-11.21,-0.15,2.00,240
30940,2,91.17,-1.91,91.17,0.00,0.16,-2.83,-1.95,2.62,-0.21,-0.25,3.91,3.55,-11.22,-0.23,2.00,240
30958,2,91.14,-1.80,91.17,0.03,0.21,-2.83,-1.96,2.61,-0.15,-0.23,3.91,3.55,-11.22,-0.19,2.00,240
30980,2,91.16,-1.08,91.18,0.02,0.12,-2.82,-1.96,2.61,-0.03,0.02,3.91,3.55,-11.23,-0.00,2.00,240
30999,2,91.20,-0.32,91.18,-0.02,-0.02,-2.82,-1.96,2.61,0.01,0.06,3.91,3.55,-11.23,0.03,2.00,240
31020,2,91.25,0.35,91.18,-0.07,-0.18,-2.82,-1.96,2.62,0.10,0.16,3.91,3.55,-11.22,0.13,2.00,240
31039,2,91.27,0.27,91.18,-0.09,-0.20,-2.82,-1.95,2.62,0.10,0.08,3.91,3.55,-11.22,0.09,2.00,240
31060,2,91.24,-0.31,91.18,-0.06,-0.09,-2.82,-1.95,2.62,-0.05,-0.00,3.91,3.55,-11.22,-0.03,2.00,240
31080,2,91.18,-1.07,91.18,0.00,0.09,-2.82,-1.96,2.62,-0.06,0.00,3.91,3.55,-11.22,-0.03,2.00,240
31099,2,91.13,-1.60,91.19,0.06,0.25,-2.81,-1.96,2.62,-0.14,-0.07,3.91,3.55,-11.22,-0.10,2.00,240
31120,2,91.12,-1.42,91.19,0.07,0.25,-2.81,-1.96,2.62,-0.06,-0.06,3.91,3.55,-11.23,-0.06,2.00,240
31140,2,91.12,-1.21,91.19,0.07,0.24,-2.81,-1.96,2.62,0.06,0.05,3.91,3.55,-11.23,0.05,2.00,240
31159,2,91.13,-0.71,91.19,0.06,0.17,-2.81,-1.96,2.62,0.15,0.07,3.91,3.55,-11.22,0.11,2.00,240
31180,2,91.16,-0.07,91.19,0.03,0.06,-2.81,-1.95,2.62,0.29,0.18,3.91,3.55,-11.22,0.23,2.00,240
31199,2,91.15,-0.01,91.19,0.04,0.08,-2.81,-1.95,2.63,0.12,0.26,3.91,3.55,-11.21,0.19,2.00,240
31219,2,91.15,0.13,91.20,0.05,0.08,-2.80,-1.95,2.63,-0.04,0.06,3.91,3.55,-11.21,0.01,2.00,240
31240,2,91.19,0.72,91.20,0.01,-0.04,-2.80,-1.95,2.63,0.04,0.08,3.91,3.55,-11.21,0.06,2.00,240
31260,2,91.23,1.06,91.20,-0.03,-0.14,-2.80,-1.94,2.63,0.05,0.01,3.91,3.55,-11.21,0.03,2.00,240
31280,2,91.26,1.17,91.20,-0.06,-0.21,-2.80,-1.94,2.63,0.04,0.02,3.91,3.55,-11.21,0.03,2.00,240
31300,2,91.29,1.19,91.20,-0.09,-0.27,-2.80,-1.94,2.63,0.04,-0.01,3.91,3.55,-11.21,0.01,2.00,240
31319,2,91.30,1.00,91.20,-0.10,-0.28,-2.80,-1.94,2.63,-0.06,-0.05,3.91,3.55,-11.21,-0.06,2.00,240
31339,2,91.29,0.58,91.20,-0.09,-0.23,-2.80,-1.94,2.63,-0.01,-0.10,3.91,3.55,-11.21,-0.05,2.00,240
31360,2,91.26,-0.10,91.21,-0.05,-0.10,-2.79,-1.95,2.63,-0.17,-0.17,3.91,3.55,-11.21,-0.17,2.00,240
31381,2,91.20,-0.95,91.21,-0.01,0.05,-2.79,-1.95,2.62,-0.18,-0.24,3.91,3.55,-11.22,-0.21,2.00,240
31399,2,91.18,-0.98,91.21,0.02,0.13,-2.79,-1.96,2.62,-0.17,-0.25,3.91,3.55,-11.22,-0.21,2.00,240
31420,2,91.21,-0.33,91.21,-0.01,0.01,-2.79,-1.96,2.61,-0.03,-0.04,3.91,3.55,-11.23,-0.04,2.00,240
31439,2,91.26,0.30,91.21,-0.05,-0.12,-2.79,-1.96,2.61,0.01,0.02,3.91,3.55,-11.23,0.01,2.00,240
31460,2,91.30,0.64,91.21,-0.09,-0.23,-2.79,-1.96,2.61,0.01,-0.00,3.91,3.55,-11.23,0.00,2.00,240
31479,2,91.32,0.66,91.21,-0.10,-0.26,-2.79,-1.96,2.61,0.01,-0.04,3.91,3.55,-11.23,-0.02,2.00,240
31500,2,91.31,0.41,91.21,-0.10,-0.23,-2.78,-1.96,2.61,-0.05,-0.05,3.91,3.55,-11.23,-0.05,2.00,240
31519,2,91.27,-0.17,91.22,-0.06,-0.11,-2.78,-1.96,2.61,-0.11,-0.12,3.91,3.55,-11.23,-0.11,2.00,240
31540,2,91.24,-0.54,91.22,-0.02,0.00,-2.78,-1.97,2.61,-0.24,-0.20,3.91,3.55,-11.23,-0.22,2.00,240
31559,2,91.24,-0.27,91.22,-0.03,-0.03,-2.78,-1.98,2.60,-0.16,-0.19,3.91,3.55,-11.24,-0.17,2.00,240
31580,2,91.30,0.56,91.22,-0.08,-0.21,-2.78,-1.98,2.60,-0.04,-0.03,3.91,3.55,-11.24,-0.03,2.00,240
31598,2,91.36,1.17,91.22,-0.14,-0.37,-2.78,-1.98,2.60,0.03,0.03,3.91,3.55,-11.24,0.03,2.00,240
31620,2,91.39,1.26,91.22,-0.17,-0.44,-2.78,-1.98,2.60,-0.07,-0.06,3.91,3.55,-11.24,-0.07,2.00,240
31639,2,91.40,1.02,91.22,-0.18,-0.44,-2.78,-1.98,2.59,-0.09,-0.11,3.91,3.55,-11.25,-0.10,2.00,240
[Balance] --- End of log ---
