[Balance] --- Log dump (135093 bytes, 1450 samples) ---
t_ms,state,roll,roll_rate,setpoint,angle_err,motor_vel,vel_integ,bl_pos,br_pos,bl_vel,br_vel,arm_l,arm_r,meas_drift,meas_vel,pos_shift,flags
19,1,-2.57,-0.11,0.00,0.00,0.00,0.00,-0.69,9.57,-0.00,-0.05,3.92,3.54,0.00,0.00,0.00,0
39,1,-2.56,-0.08,0.00,0.00,0.00,0.00,-0.69,9.57,-0.00,-0.05,3.92,3.54,0.00,0.00,0.00,0
60,1,-2.57,-0.08,0.00,0.00,0.00,0.00,-0.69,9.57,-0.00,-0.05,3.92,3.54,0.00,0.00,0.00,0
79,1,-2.55,0.06,0.00,0.00,0.00,0.00,-0.69,9.57,-0.00,-0.05,3.93,3.55,0.00,0.00,0.00,0
99,1,-2.54,0.23,0.00,0.00,0.00,0.00,-0.69,9.57,-0.00,-0.05,3.94,3.56,0.00,0.00,0.00,0
118,1,-2.49,0.85,0.00,0.00,0.00,0.00,-0.69,9.57,-0.00,0.04,3.96,3.57,0.00,0.00,0.00,0
140,1,-2.39,2.09,0.00,0.00,0.00,0.00,-0.69,9.57,0.02,0.04,3.97,3.58,0.00,0.00,0.00,0
160,1,-2.30,2.79,0.00,0.00,0.00,0.00,-0.69,9.57,0.02,0.04,3.98,3.59,0.00,0.00,0.00,0
179,1,-2.22,3.40,0.00,0.00,0.00,0.00,-0.69,9.57,0.02,0.04,4.00,3.60,0.00,0.00,0.00,0
199,1,-2.10,4.05,0.00,0.00,0.00,0.00,-0.69,9.57,0.02,0.04,4.01,3.61,0.00,0.00,0.00,0
219,1,-1.97,4.65,0.00,0.00,0.00,0.00,-0.69,9.57,0.02,0.04,4.02,3.62,0.00,0.00,0.00,0
239,1,-1.82,5.24,0.00,0.00,0.00,0.00,-0.69,9.57,0.02,0.04,4.04,3.63,0.00,0.00,0.00,0
259,1,-1.59,7.07,0.00,0.00,0.00,0.00,-0.69,9.57,0.02,0.04,4.05,3.64,0.00,0.00,0.00,0
280,1,-1.19,10.40,0.00,0.00,0.00,0.00,-0.69,9.57,0.02,-0.03,4.06,3.65,0.00,0.00,0.00,0
299,1,-0.87,13.00,0.00,0.00,0.00,0.00,-0.69,9.57,0.00,-0.03,4.08,3.66,0.00,0.00,0.00,0
319,1,-0.42,15.86,0.00,0.00,0.00,0.00,-0.69,9.57,0.00,-0.03,4.09,3.67,0.00,0.00,0.00,0
339,1,0.03,17.82,0.00,0.00,0.00,0.00,-0.69,9.57,0.00,-0.03,4.11,3.68,0.00,0.00,0.00,0
360,1,0.54,18.89,0.00,0.00,0.00,0.00,-0.69,9.57,0.00,-0.03,4.12,3.69,0.00,0.00,0.00,0
378,1,0.85,19.18,0.00,0.00,0.00,0.00,-0.69,9.57,0.00,-0.03,4.13,3.71,0.00,0.00,0.00,0
400,1,1.36,19.76,0.00,0.00,0.00,0.00,-0.69,9.57,0.00,-0.03,4.15,3.72,0.00,0.00,0.00,0
419,1,1.70,20.39,0.00,0.00,0.00,0.00,-0.69,9.57,0.00,-0.03,4.16,3.73,0.00,0.00,0.00,0
439,1,2.16,21.26,0.00,0.00,0.00,0.00,-0.69,9.57,0.00,-0.02,4.18,3.74,0.00,0.00,0.00,0
460,1,2.75,22.17,0.00,0.00,0.00,0.00,-0.69,9.57,-0.00,-0.02,4.19,3.75,0.00,0.00,0.00,0
479,1,3.10,22.54,0.00,0.00,0.00,0.00,-0.69,9.57,-0.00,-0.02,4.20,3.77,0.00,0.00,0.00,0
499,1,3.57,22.86,0.00,0.00,0.00,0.00,-0.69,9.57,-0.00,-0.02,4.22,3.78,0.00,0.00,0.00,0
519,1,4.05,23.22,0.00,0.00,0.00,0.00,-0.69,9.57,-0.00,-0.02,4.23,3.79,0.00,0.00,0.00,0
539,1,4.53,23.56,0.00,0.00,0.00,0.00,-0.69,9.57,-0.00,-0.02,4.25,3.80,0.00,0.00,0.00,0
560,1,5.14,23.87,0.00,0.00,0.00,0.00,-0.69,9.57,-0.00,-0.02,4.26,3.82,0.00,0.00,0.00,0
579,1,5.51,24.07,0.00,0.00,0.00,0.00,-0.69,9.57,-0.00,-0.02,4.28,3.83,0.00,0.00,0.00,0
599,1,6.02,24.44,0.00,0.00,0.00,0.00,-0.69,9.57,-0.00,0.06,4.29,3.84,0.00,0.00,0.00,0
619,1,6.53,24.74,0.00,0.00,0.00,0.00,-0.69,9.57,-0.02,0.06,4.30,3.85,0.00,0.00,0.00,0
638,1,7.04,25.01,0.00,0.00,0.00,0.00,-0.69,9.57,-0.02,0.06,4.32,3.87,0.00,0.00,0.00,0
660,1,7.68,25.19,0.00,0.00,0.00,0.00,-0.69,9.57,-0.02,0.06,4.33,3.88,0.00,0.00,0.00,0
680,1,8.20,25.38,0.00,0.00,0.00,0.00,-0.69,9.57,-0.02,0.06,4.35,3.90,0.00,0.00,0.00,0
699,1,8.59,25.59,0.00,0.00,0.00,0.00,-0.69,9.57,-0.02,0.06,4.36,3.91,0.00,0.00,0.00,0
719,1,9.13,25.91,0.00,0.00,0.00,0.00,-0.69,9.57,-0.02,0.06,4.37,3.92,0.00,0.00,0.00,0
739,1,9.66,26.13,0.00,0.00,0.00,0.00,-0.69,9.57,-0.02,0.06,4.39,3.93,0.00,0.00,0.00,0
759,1,10.20,26.33,0.00,0.00,0.00,0.00,-0.69,9.57,-0.02,0.04,4.40,3.95,0.00,0.00,0.00,0
780,1,10.88,26.66,0.00,0.00,0.00,0.00,-0.69,9.57,0.00,0.04,4.42,3.96,0.00,0.00,0.00,0
800,1,11.43,26.87,0.00,0.00,0.00,0.00,-0.69,9.57,0.00,0.04,4.43,3.98,0.00,0.00,0.00,0
819,1,11.83,26.86,0.00,0.00,0.00,0.00,-0.69,9.57,0.00,0.04,4.44,3.99,0.00,0.00,0.00,0
839,1,12.38,26.88,0.00,0.00,0.00,0.00,-0.69,9.57,0.00,0.04,4.46,4.00,0.00,0.00,0.00,0
859,1,12.92,27.04,0.00,0.00,0.00,0.00,-0.69,9.57,0.00,0.04,4.47,4.02,0.00,0.00,0.00,0
880,1,13.61,27.20,0.00,0.00,0.00,0.00,-0.69,9.57,0.00,0.04,4.49,4.03,0.00,0.00,0.00,0
898,1,14.04,27.46,0.00,0.00,0.00,0.00,-0.69,9.57,0.00,0.04,4.50,4.04,0.00,0.00,0.00,0
920,1,14.73,27.62,0.00,0.00,0.00,0.00,-0.69,9.57,0.00,0.04,4.51,4.06,0.00,0.00,0.00,0
939,1,15.15,27.74,0.00,0.00,0.00,0.00,-0.69,9.57,0.05,0.04,4.53,4.07,0.00,0.00,0.00,0
960,1,15.85,27.95,0.00,0.00,0.00,0.00,-0.69,9.57,0.05,0.04,4.54,4.09,0.00,0.00,0.00,0
979,1,16.28,28.01,0.00,0.00,0.00,0.00,-0.69,9.57,0.05,0.04,4.56,4.10,0.00,0.00,0.00,0
999,1,16.84,27.98,0.00,0.00,0.00,0.00,-0.69,9.57,0.05,0.04,4.57,4.11,0.00,0.00,0.00,0
1018,1,17.40,28.01,0.00,0.00,0.00,0.00,-0.69,9.57,0.05,0.04,4.58,4.13,0.00,0.00,0.00,0
1040,1,18.12,28.31,0.00,0.00,0.00,0.00,-0.69,9.57,0.05,0.04,4.60,4.14,0.00,0.00,0.00,0
1059,1,18.56,28.53,0.00,0.00,0.00,0.00,-0.69,9.57,0.05,0.04,4.61,4.16,0.00,0.00,0.00,0
1080,1,19.29,28.81,0.00,0.00,0.00,0.00,-0.69,9.57,0.05,0.00,4.63,4.17,0.00,0.00,0.00,0
1099,1,19.73,28.88,0.00,0.00,0.00,0.00,-0.69,9.57,-0.06,0.00,4.64,4.18,0.00,0.00,0.00,0
1119,1,20.30,28.88,0.00,0.00,0.00,0.00,-0.69,9.57,-0.06,0.00,4.65,4.20,0.00,0.00,0.00,0
1139,1,20.89,28.91,0.00,0.00,0.00,0.00,-0.69,9.57,-0.06,0.00,4.67,4.21,0.00,0.00,0.00,0
1159,1,21.47,28.93,0.00,0.00,0.00,0.00,-0.69,9.57,-0.06,0.00,4.68,4.22,0.00,0.00,0.00,0
1180,1,22.20,28.87,0.00,0.00,0.00,0.00,-0.69,9.57,-0.06,0.00,4.70,4.24,0.00,0.00,0.00,0
1199,1,22.64,28.93,0.00,0.00,0.00,0.00,-0.69,9.57,-0.06,0.00,4.71,4.25,0.00,0.00,0.00,0
1219,1,23.23,29.09,0.00,0.00,0.00,0.00,-0.69,9.57,-0.06,0.00,4.73,4.27,0.00,0.00,0.00,0
1239,1,23.82,29.24,0.00,0.00,0.00,0.00,-0.69,9.57,-0.06,-0.03,4.74,4.28,0.00,0.00,0.00,0
1259,1,24.41,29.32,0.00,0.00,0.00,0.00,-0.69,9.57,0.02,-0.03,4.75,4.30,0.00,0.00,0.00,0
1279,1,25.00,29.37,0.00,0.00,0.00,0.00,-0.69,9.57,0.02,-0.03,4.77,4.31,0.00,0.00,0.00,0
1300,1,25.74,29.36,0.00,0.00,0.00,0.00,-0.69,9.57,0.02,-0.03,4.78,4.32,0.00,0.00,0.00,0
1320,1,26.32,29.20,0.00,0.00,0.00,0.00,-0.69,9.57,0.02,-0.03,4.80,4.34,0.00,0.00,0.00,0
1339,1,26.75,29.02,0.00,0.00,0.00,0.00,-0.69,9.57,0.02,-0.03,4.81,4.35,0.00,0.00,0.00,0
1359,1,27.31,28.61,0.00,0.00,0.00,0.00,-0.69,9.57,0.02,-0.03,4.82,4.36,0.00,0.00,0.00,0
1380,1,27.96,27.37,0.00,0.00,0.00,0.00,-0.69,9.57,0.02,-0.03,4.84,4.37,0.00,0.00,0.00,0
1398,1,28.31,26.17,0.00,0.00,0.00,0.00,-0.69,9.57,0.02,-0.01,4.85,4.38,0.00,0.00,0.00,0
1420,1,28.85,24.10,0.00,0.00,0.00,0.00,-0.69,9.57,0.01,-0.01,4.87,4.39,0.00,0.00,0.00,0
1440,1,29.23,22.46,0.00,0.00,0.00,0.00,-0.69,9.57,0.01,-0.01,4.88,4.40,0.00,0.00,0.00,0
1459,1,29.52,21.63,0.00,0.00,0.00,0.00,-0.69,9.57,0.01,-0.01,4.90,4.41,0.00,0.00,0.00,0
1480,1,30.00,20.90,0.00,0.00,0.00,0.00,-0.69,9.57,0.01,-0.01,4.91,4.42,0.00,0.00,0.00,0
1499,1,30.31,20.77,0.00,0.00,0.00,0.00,-0.69,9.57,0.01,-0.01,4.92,4.43,0.00,0.00,0.00,0
1519,1,30.71,20.58,0.00,0.00,0.00,0.00,-0.69,9.57,0.01,-0.01,4.94,4.44,0.00,0.00,0.00,0
1538,1,31.12,20.56,0.00,0.00,0.00,0.00,-0.69,9.57,0.01,-0.01,4.95,4.45,0.00,0.00,0.00,0
1559,1,31.52,20.41,0.00,0.00,0.00,0.00,-0.69,9.57,0.01,-0.05,4.96,4.46,0.00,0.00,0.00,0
1580,1,32.04,20.32,0.00,0.00,0.00,0.00,-0.69,9.57,0.01,-0.05,4.98,4.47,0.00,0.00,0.00,0
1599,1,32.33,20.18,0.00,0.00,0.00,0.00,-0.69,9.57,0.01,-0.05,4.99,4.48,0.00,0.00,0.00,0
1619,1,32.72,19.85,0.00,0.00,0.00,0.00,-0.69,9.57,0.01,-0.05,5.01,4.49,0.00,0.00,0.00,0
1639,1,33.10,19.45,0.00,0.00,0.00,0.00,-0.69,9.57,0.01,-0.05,5.02,4.50,0.00,0.00,0.00,0
1658,1,33.48,19.20,0.00,0.00,0.00,0.00,-0.69,9.57,0.01,-0.05,5.04,4.50,0.00,0.00,0.00,0
1680,1,33.95,19.01,0.00,0.00,0.00,0.00,-0.69,9.57,0.01,-0.05,5.05,4.51,0.00,0.00,0.00,0
1699,1,34.23,18.95,0.00,0.00,0.00,0.00,-0.69,9.57,0.01,-0.05,5.06,4.52,0.00,0.00,0.00,0
1719,1,34.60,18.84,0.00,0.00,0.00,0.00,-0.69,9.57,0.01,-0.04,5.08,4.53,0.00,0.00,0.00,0
1739,1,34.98,18.72,0.00,0.00,0.00,0.00,-0.69,9.57,-0.08,-0.04,5.09,4.54,0.00,0.00,0.00,0
1759,1,35.35,18.66,0.00,0.00,0.00,0.00,-0.69,9.57,-0.08,-0.04,5.10,4.55,0.00,0.00,0.00,0
1779,1,35.73,18.50,0.00,0.00,0.00,0.00,-0.69,9.57,-0.08,-0.04,5.12,4.56,0.00,0.00,0.00,0
1799,1,36.09,18.26,0.00,0.00,0.00,0.00,-0.69,9.57,-0.08,-0.04,5.13,4.56,0.00,0.00,0.00,0
1819,1,36.44,18.01,0.00,0.00,0.00,0.00,-0.69,9.57,-0.08,-0.04,5.14,4.57,0.00,0.00,0.00,0
1839,1,36.80,17.84,0.00,0.00,0.00,0.00,-0.69,9.57,-0.08,-0.04,5.16,4.58,0.00,0.00,0.00,0
1859,1,37.16,17.68,0.00,0.00,0.00,0.00,-0.69,9.57,-0.08,-0.04,5.17,4.59,0.00,0.00,0.00,0
1880,1,37.60,17.52,0.00,0.00,0.00,0.00,-0.69,9.57,-0.08,-0.00,5.18,4.60,0.00,0.00,0.00,0
1899,1,37.86,17.46,0.00,0.00,0.00,0.00,-0.69,9.57,0.01,-0.00,5.19,4.60,0.00,0.00,0.00,0
1918,1,38.21,17.30,0.00,0.00,0.00,0.00,-0.69,9.57,0.01,-0.00,5.21,4.61,0.00,0.00,0.00,0
1940,1,38.64,17.20,0.00,0.00,0.00,0.00,-0.69,9.57,0.01,-0.00,5.22,4.62,0.00,0.00,0.00,0
1960,1,38.98,17.07,0.00,0.00,0.00,0.00,-0.69,9.57,0.01,-0.00,5.23,4.63,0.00,0.00,0.00,0
1980,1,39.33,16.82,0.00,0.00,0.00,0.00,-0.69,9.57,0.01,-0.00,5.24,4.63,0.00,0.00,0.00,0
1999,1,39.58,16.64,0.00,0.00,0.00,0.00,-0.69,9.57,0.01,-0.00,5.26,4.64,0.00,0.00,0.00,0
2019,1,39.91,16.51,0.00,0.00,0.00,0.00,-0.69,9.57,0.01,-0.00,5.27,4.65,0.00,0.00,0.00,0
2038,1,40.24,16.36,0.00,0.00,0.00,0.00,-0.69,9.57,0.01,-0.02,5.28,4.66,0.00,0.00,0.00,0
2060,1,40.65,16.37,0.00,0.00,0.00,0.00,-0.69,9.57,-0.03,-0.02,5.29,4.66,0.00,0.00,0.00,0
2079,1,40.90,16.34,0.00,0.00,0.00,0.00,-0.69,9.57,-0.03,-0.02,5.30,4.67,0.00,0.00,0.00,0
2099,1,41.24,16.29,0.00,0.00,0.00,0.00,-0.69,9.57,-0.03,-0.02,5.31,4.68,0.00,0.00,0.00,0
2119,1,41.57,16.17,0.00,0.00,0.00,0.00,-0.69,9.57,-0.03,-0.02,5.32,4.68,0.00,0.00,0.00,0
2139,1,41.89,15.98,0.00,0.00,0.00,0.00,-0.69,9.57,-0.03,-0.02,5.34,4.69,0.00,0.00,0.00,0
2159,1,42.20,15.77,0.00,0.00,0.00,0.00,-0.69,9.57,-0.03,-0.02,5.35,4.70,0.00,0.00,0.00,0
2179,1,42.52,15.73,0.00,0.00,0.00,0.00,-0.69,9.57,-0.03,-0.02,5.36,4.70,0.00,0.00,0.00,0
2200,1,42.91,15.63,0.00,0.00,0.00,0.00,-0.69,9.57,-0.03,0.02,5.37,4.71,0.00,0.00,0.00,0
2218,1,43.15,15.57,0.00,0.00,0.00,0.00,-0.69,9.57,-0.01,0.02,5.38,4.72,0.00,0.00,0.00,0
2240,1,43.54,15.50,0.00,0.00,0.00,0.00,-0.69,9.57,-0.01,0.02,5.39,4.72,0.00,0.00,0.00,0
2259,1,43.78,15.51,0.00,0.00,0.00,0.00,-0.69,9.57,-0.01,0.02,5.40,4.73,0.00,0.00,0.00,0
2280,1,44.17,15.34,0.00,0.00,0.00,0.00,-0.69,9.57,-0.01,0.02,5.41,4.74,0.00,0.00,0.00,0
2298,1,44.40,15.15,0.00,0.00,0.00,0.00,-0.69,9.57,-0.01,0.02,5.42,4.74,0.00,0.00,0.00,0
2320,1,44.76,14.81,0.00,0.00,0.00,0.00,-0.69,9.57,-0.01,0.02,5.43,4.75,0.00,0.00,0.00,0
2339,1,44.98,14.72,0.00,0.00,0.00,0.00,-0.69,9.57,-0.01,0.02,5.44,4.76,0.00,0.00,0.00,0
2359,1,45.27,14.58,0.00,0.00,0.00,0.00,-0.69,9.57,-0.01,0.01,5.45,4.76,0.00,0.00,0.00,0
2379,1,45.56,14.44,0.00,0.00,0.00,0.00,-0.69,9.57,-0.01,0.01,5.46,4.77,0.00,0.00,0.00,0
2400,1,45.92,14.31,0.00,0.00,0.00,0.00,-0.69,9.57,-0.01,0.01,5.47,4.77,0.00,0.00,0.00,0
2419,1,46.13,14.28,0.00,0.00,0.00,0.00,-0.69,9.57,-0.01,0.01,5.48,4.78,0.00,0.00,0.00,0
2439,1,46.42,14.30,0.00,0.00,0.00,0.00,-0.69,9.57,-0.01,0.01,5.49,4.79,0.00,0.00,0.00,0
2459,1,46.72,14.32,0.00,0.00,0.00,0.00,-0.69,9.57,-0.01,0.01,5.50,4.79,0.00,0.00,0.00,0
2480,1,47.08,14.16,0.00,0.00,0.00,0.00,-0.69,9.57,-0.01,0.01,5.51,4.80,0.00,0.00,0.00,0
2499,1,47.29,14.09,0.00,0.00,0.00,0.00,-0.69,9.57,-0.01,0.01,5.52,4.80,0.00,0.00,0.00,0
2519,1,47.58,13.93,0.00,0.00,0.00,0.00,-0.69,9.57,-0.01,-0.01,5.53,4.81,0.00,0.00,0.00,0
2539,1,47.86,13.84,0.00,0.00,0.00,0.00,-0.69,9.57,0.03,-0.01,5.54,4.82,0.00,0.00,0.00,0
2558,1,48.13,13.68,0.00,0.00,0.00,0.00,-0.69,9.57,0.03,-0.01,5.55,4.82,0.00,0.00,0.00,0
2580,1,48.47,13.57,0.00,0.00,0.00,0.00,-0.69,9.57,0.03,-0.01,5.56,4.83,0.00,0.00,0.00,0
2600,1,48.74,13.44,0.00,0.00,0.00,0.00,-0.69,9.57,0.03,-0.01,5.57,4.83,0.00,0.00,0.00,0
2619,1,48.95,13.41,0.00,0.00,0.00,0.00,-0.69,9.57,0.03,-0.01,5.58,4.84,0.00,0.00,0.00,0
2639,1,49.22,13.31,0.00,0.00,0.00,0.00,-0.69,9.57,0.03,-0.01,5.58,4.84,0.00,0.00,0.00,0
2659,1,49.49,13.19,0.00,0.00,0.00,0.00,-0.69,9.57,0.03,-0.01,5.59,4.85,0.00,0.00,0.00,0
2679,1,49.76,13.04,0.00,0.00,0.00,0.00,-0.69,9.57,0.03,-0.01,5.60,4.85,0.00,0.00,0.00,0
2700,1,50.08,12.87,0.00,0.00,0.00,0.00,-0.69,9.57,0.01,-0.01,5.61,4.86,0.00,0.00,0.00,0
2720,1,50.34,12.73,0.00,0.00,0.00,0.00,-0.69,9.57,0.01,-0.01,5.62,4.87,0.00,0.00,0.00,0
2739,1,50.53,12.72,0.00,0.00,0.00,0.00,-0.69,9.57,0.01,-0.01,5.63,4.87,0.00,0.00,0.00,0
2759,1,50.79,12.61,0.00,0.00,0.00,0.00,-0.69,9.57,0.01,-0.01,5.63,4.88,0.00,0.00,0.00,0
2780,1,51.11,12.46,0.00,0.00,0.00,0.00,-0.69,9.57,0.01,-0.01,5.64,4.88,0.00,0.00,0.00,0
2800,1,51.31,12.47,0.00,0.00,0.00,0.00,-0.69,9.57,0.01,-0.01,5.65,4.89,0.00,0.00,0.00,0
2818,1,51.56,12.45,0.00,0.00,0.00,0.00,-0.69,9.57,0.01,-0.01,5.66,4.89,0.00,0.00,0.00,0
2840,1,51.89,12.42,0.00,0.00,0.00,0.00,-0.69,9.57,0.01,-0.01,5.67,4.90,0.00,0.00,0.00,0
2859,1,52.08,12.32,0.00,0.00,0.00,0.00,-0.69,9.57,0.02,-0.01,5.68,4.90,0.00,0.00,0.00,0
2880,1,52.38,12.00,0.00,0.00,0.00,0.00,-0.69,9.57,0.02,-0.01,5.68,4.91,0.00,0.00,0.00,0
2899,1,52.56,11.86,0.00,0.00,0.00,0.00,-0.69,9.57,0.02,-0.01,5.69,4.91,0.00,0.00,0.00,0
2919,1,52.80,11.65,0.00,0.00,0.00,0.00,-0.69,9.57,0.02,-0.01,5.70,4.92,0.00,0.00,0.00,0
2938,1,53.03,11.49,0.00,0.00,0.00,0.00,-0.69,9.57,0.02,-0.01,5.71,4.92,0.00,0.00,0.00,0
2960,1,53.32,11.34,0.00,0.00,0.00,0.00,-0.69,9.57,0.02,-0.01,5.71,4.92,0.00,0.00,0.00,0
2980,1,53.56,11.40,0.00,0.00,0.00,0.00,-0.69,9.57,0.02,-0.01,5.72,4.93,0.00,0.00,0.00,0
2998,1,53.74,11.46,0.00,0.00,0.00,0.00,-0.69,9.57,0.02,0.04,5.73,4.93,0.00,0.00,0.00,0
3020,1,54.04,11.59,0.00,0.00,0.00,0.00,-0.69,9.57,-0.03,0.04,5.73,4.94,0.00,0.00,0.00,0
3040,1,54.29,11.56,0.00,0.00,0.00,0.00,-0.69,9.57,-0.03,0.04,5.74,4.94,0.00,0.00,0.00,0
3059,1,54.46,11.42,0.00,0.00,0.00,0.00,-0.69,9.57,-0.03,0.04,5.75,4.95,0.00,0.00,0.00,0
3079,1,54.69,11.22,0.00,0.00,0.00,0.00,-0.69,9.57,-0.03,0.04,5.76,4.95,0.00,0.00,0.00,0
3100,1,54.96,11.02,0.00,0.00,0.00,0.00,-0.69,9.57,-0.03,0.04,5.76,4.96,0.00,0.00,0.00,0
3120,1,55.18,10.87,0.00,0.00,0.00,0.00,-0.69,9.57,-0.03,0.04,5.77,4.96,0.00,0.00,0.00,0
3139,1,55.35,10.77,0.00,0.00,0.00,0.00,-0.69,9.57,-0.03,0.04,5.78,4.97,0.00,0.00,0.00,0
3159,1,55.56,10.56,0.00,0.00,0.00,0.00,-0.69,9.57,-0.03,-0.04,5.79,4.97,0.00,0.00,0.00,0
3179,1,55.77,10.43,0.00,0.00,0.00,0.00,-0.69,9.57,0.01,-0.04,5.79,4.97,0.00,0.00,0.00,0
3199,1,55.97,10.30,0.00,0.00,0.00,0.00,-0.69,9.57,0.01,-0.04,5.80,4.98,0.00,0.00,0.00,0
3220,1,56.24,10.30,0.00,0.00,0.00,0.00,-0.69,9.57,0.01,-0.04,5.81,4.98,0.00,0.00,0.00,0
3240,1,56.45,10.27,0.00,0.00,0.00,0.00,-0.69,9.57,0.01,-0.04,5.81,4.99,0.00,0.00,0.00,0
3259,1,56.62,10.30,0.00,0.00,0.00,0.00,-0.69,9.57,0.01,-0.04,5.82,4.99,0.00,0.00,0.00,0
3280,1,56.83,10.36,0.00,0.00,0.00,0.00,-0.69,9.57,0.01,-0.04,5.83,4.99,0.00,0.00,0.00,0
3300,1,57.11,10.40,0.00,0.00,0.00,0.00,-0.69,9.57,0.01,-0.04,5.83,5.00,0.00,0.00,0.00,0
3318,1,57.27,10.36,0.00,0.00,0.00,0.00,-0.69,9.57,0.01,0.04,5.84,5.00,0.00,0.00,0.00,0
3340,1,57.54,10.30,0.00,0.00,0.00,0.00,-0.69,9.57,-0.03,0.04,5.85,5.01,0.00,0.00,0.00,0
3360,1,57.75,10.16,0.00,0.00,0.00,0.00,-0.69,9.57,-0.03,0.04,5.85,5.01,0.00,0.00,0.00,0
3379,1,57.91,10.13,0.00,0.00,0.00,0.00,-0.69,9.57,-0.03,0.04,5.86,5.01,0.00,0.00,0.00,0
3400,1,58.17,10.01,0.00,0.00,0.00,0.00,-0.69,9.57,-0.03,0.04,5.86,5.02,0.00,0.00,0.00,0
3419,1,58.32,9.93,0.00,0.00,0.00,0.00,-0.69,9.57,-0.03,0.04,5.87,5.02,0.00,0.00,0.00,0
3439,1,58.52,9.73,0.00,0.00,0.00,0.00,-0.69,9.57,-0.03,0.04,5.88,5.03,0.00,0.00,0.00,0
3458,1,58.71,9.43,0.00,0.00,0.00,0.00,-0.69,9.57,-0.03,0.04,5.88,5.03,0.00,0.00,0.00,0
3480,1,58.94,9.14,0.00,0.00,0.00,0.00,-0.69,9.57,-0.03,-0.00,5.89,5.03,0.00,0.00,0.00,0
3500,1,59.13,9.17,0.00,0.00,0.00,0.00,-0.69,9.57,-0.00,-0.00,5.90,5.04,0.00,0.00,0.00,0
3519,1,59.28,9.23,0.00,0.00,0.00,0.00,-0.69,9.57,-0.00,-0.00,5.90,5.04,0.00,0.00,0.00,0
3539,1,59.46,9.26,0.00,0.00,0.00,0.00,-0.69,9.57,-0.00,-0.00,5.91,5.04,0.00,0.00,0.00,0
3559,1,59.65,9.23,0.00,0.00,0.00,0.00,-0.69,9.57,-0.00,-0.00,5.91,5.05,0.00,0.00,0.00,0
3578,1,59.85,9.42,0.00,0.00,0.00,0.00,-0.69,9.57,-0.00,-0.00,5.92,5.05,0.00,0.00,0.00,0
3600,1,60.11,9.59,0.00,0.00,0.00,0.00,-0.69,9.57,-0.00,-0.00,5.92,5.05,0.00,0.00,0.00,0
3619,1,60.27,9.63,0.00,0.00,0.00,0.00,-0.69,9.57,-0.00,-0.00,5.93,5.06,0.00,0.00,0.00,0
3639,1,60.46,9.57,0.00,0.00,0.00,0.00,-0.69,9.57,-0.00,-0.01,5.94,5.06,0.00,0.00,0.00,0
3659,1,60.65,9.33,0.00,0.00,0.00,0.00,-0.69,9.57,-0.01,-0.01,5.94,5.07,0.00,0.00,0.00,0
3679,1,60.83,9.13,0.00,0.00,0.00,0.00,-0.69,9.57,-0.01,-0.01,5.95,5.07,0.00,0.00,0.00,0
3699,1,61.01,8.99,0.00,0.00,0.00,0.00,-0.69,9.57,-0.01,-0.01,5.95,5.07,0.00,0.00,0.00,0
3718,1,61.20,8.92,0.00,0.00,0.00,0.00,-0.69,9.57,-0.01,-0.01,5.96,5.08,0.00,0.00,0.00,0
3740,1,61.41,8.76,0.00,0.00,0.00,0.00,-0.69,9.57,-0.01,-0.01,5.96,5.08,0.00,0.00,0.00,0
3760,1,61.58,8.51,0.00,0.00,0.00,0.00,-0.69,9.57,-0.01,-0.01,5.97,5.08,0.00,0.00,0.00,0
3779,1,61.71,8.37,0.00,0.00,0.00,0.00,-0.69,9.57,-0.01,-0.01,5.97,5.08,0.00,0.00,0.00,0
3800,1,61.92,8.24,0.00,0.00,0.00,0.00,-0.69,9.57,-0.01,-0.00,5.98,5.09,0.00,0.00,0.00,0
3819,1,62.04,8.24,0.00,0.00,0.00,0.00,-0.69,9.57,0.02,-0.00,5.98,5.09,0.00,0.00,0.00,0
3838,1,62.21,8.22,0.00,0.00,0.00,0.00,-0.69,9.57,0.02,-0.00,5.99,5.09,0.00,0.00,0.00,0
3860,1,62.43,8.32,0.00,0.00,0.00,0.00,-0.69,9.57,0.02,-0.00,5.99,5.10,0.00,0.00,0.00,0
3880,1,62.60,8.34,0.00,0.00,0.00,0.00,-0.69,9.57,0.02,-0.00,6.00,5.10,0.00,0.00,0.00,0
3899,1,62.74,8.39,0.00,0.00,0.00,0.00,-0.69,9.57,0.02,-0.00,6.00,5.10,0.00,0.00,0.00,0
3920,1,62.96,8.48,0.00,0.00,0.00,0.00,-0.69,9.57,0.02,-0.00,6.01,5.11,0.00,0.00,0.00,0
3939,1,63.09,8.36,0.00,0.00,0.00,0.00,-0.69,9.57,0.02,-0.00,6.01,5.11,0.00,0.00,0.00,0
3958,1,63.26,8.22,0.00,0.00,0.00,0.00,-0.69,9.57,0.02,0.00,6.02,5.11,0.00,0.00,0.00,0
3980,1,63.48,8.18,0.00,0.00,0.00,0.00,-0.69,9.57,0.00,0.00,6.02,5.12,0.00,0.00,0.00,0
4000,1,63.64,8.01,0.00,0.00,0.00,0.00,-0.69,9.57,0.00,0.00,6.03,5.12,0.00,0.00,0.00,0
4019,1,63.76,7.82,0.00,0.00,0.00,0.00,-0.69,9.57,0.00,0.00,6.03,5.12,0.00,0.00,0.00,0
4039,1,63.92,7.69,0.00,0.00,0.00,0.00,-0.69,9.57,0.00,0.00,6.03,5.12,0.00,0.00,0.00,0
4059,1,64.07,7.65,0.00,0.00,0.00,0.00,-0.69,9.57,0.00,0.00,6.04,5.13,0.00,0.00,0.00,0
4079,1,64.23,7.60,0.00,0.00,0.00,0.00,-0.69,9.57,0.00,0.00,6.04,5.13,0.00,0.00,0.00,0
4099,1,64.39,7.55,0.00,0.00,0.00,0.00,-0.69,9.57,0.00,0.00,6.05,5.13,0.00,0.00,0.00,0
4120,1,64.58,7.37,0.00,0.00,0.00,0.00,-0.69,9.57,0.00,-0.04,6.05,5.13,0.00,0.00,0.00,0
4139,1,64.69,7.26,0.00,0.00,0.00,0.00,-0.69,9.57,-0.02,-0.04,6.06,5.14,0.00,0.00,0.00,0
4159,1,64.83,7.19,0.00,0.00,0.00,0.00,-0.69,9.57,-0.02,-0.04,6.06,5.14,0.00,0.00,0.00,0
4179,1,64.98,7.11,0.00,0.00,0.00,0.00,-0.69,9.57,-0.02,-0.04,6.07,5.14,0.00,0.00,0.00,0
4200,1,65.16,7.10,0.00,0.00,0.00,0.00,-0.69,9.57,-0.02,-0.04,6.07,5.15,0.00,0.00,0.00,0
4218,1,65.28,7.31,0.00,0.00,0.00,0.00,-0.69,9.57,-0.02,-0.04,6.08,5.15,0.00,0.00,0.00,0
4240,1,65.49,7.51,0.00,0.00,0.00,0.00,-0.69,9.57,-0.02,-0.04,6.08,5.15,0.00,0.00,0.00,0
4259,1,65.62,7.61,0.00,0.00,0.00,0.00,-0.69,9.57,-0.02,-0.04,6.08,5.15,0.00,0.00,0.00,0
4279,1,65.78,7.60,0.00,0.00,0.00,0.00,-0.69,9.57,-0.02,0.03,6.09,5.16,0.00,0.00,0.00,0
4300,1,65.97,7.33,0.00,0.00,0.00,0.00,-0.69,9.57,-0.05,0.03,6.09,5.16,0.00,0.00,0.00,0
4320,1,66.11,6.99,0.00,0.00,0.00,0.00,-0.69,9.57,-0.05,0.03,6.09,5.16,0.00,0.00,0.00,0
4339,1,66.21,6.75,0.00,0.00,0.00,0.00,-0.69,9.57,-0.05,0.03,6.10,5.16,0.00,0.00,0.00,0
4359,1,66.33,6.53,0.00,0.00,0.00,0.00,-0.69,9.57,-0.05,0.03,6.10,5.17,0.00,0.00,0.00,0
4379,1,66.45,6.37,0.00,0.00,0.00,0.00,-0.69,9.57,-0.05,0.03,6.11,5.17,0.00,0.00,0.00,0
4400,1,66.61,6.40,0.00,0.00,0.00,0.00,-0.69,9.57,-0.05,0.03,6.11,5.17,0.00,0.00,0.00,0
4419,1,66.72,6.42,0.00,0.00,0.00,0.00,-0.69,9.57,-0.05,0.03,6.11,5.17,0.00,0.00,0.00,0
4439,1,66.85,6.49,0.00,0.00,0.00,0.00,-0.69,9.57,-0.05,-0.01,6.12,5.18,0.00,0.00,0.00,0
4459,1,67.00,6.62,0.00,0.00,0.00,0.00,-0.69,9.57,-0.05,-0.01,6.12,5.18,0.00,0.00,0.00,0
4478,1,67.14,6.69,0.00,0.00,0.00,0.00,-0.69,9.57,-0.05,-0.01,6.13,5.18,0.00,0.00,0.00,0
4500,1,67.32,6.80,0.00,0.00,0.00,0.00,-0.69,9.57,-0.05,-0.01,6.13,5.18,0.00,0.00,0.00,0
4520,1,67.47,6.79,0.00,0.00,0.00,0.00,-0.69,9.57,-0.05,-0.01,6.13,5.18,0.00,0.00,0.00,0
4539,1,67.57,6.60,0.00,0.00,0.00,0.00,-0.69,9.57,-0.05,-0.01,6.14,5.19,0.00,0.00,0.00,0
4559,1,67.70,6.45,0.00,0.00,0.00,0.00,-0.69,9.57,-0.05,-0.01,6.14,5.19,0.00,0.00,0.00,0
4579,1,67.83,6.25,0.00,0.00,0.00,0.00,-0.69,9.57,-0.05,-0.01,6.14,5.19,0.00,0.00,0.00,0
4599,1,67.95,6.14,0.00,0.00,0.00,0.00,-0.69,9.57,-0.05,0.03,6.15,5.19,0.00,0.00,0.00,0
4620,1,68.10,6.03,0.00,0.00,0.00,0.00,-0.69,9.57,-0.04,0.03,6.15,5.20,0.00,0.00,0.00,0
4640,1,68.23,6.04,0.00,0.00,0.00,0.00,-0.69,9.57,-0.04,0.03,6.15,5.20,0.00,0.00,0.00,0
4659,1,68.33,6.07,0.00,0.00,0.00,0.00,-0.69,9.57,-0.04,0.03,6.16,5.20,0.00,0.00,0.00,0
4679,1,68.46,6.09,0.00,0.00,0.00,0.00,-0.69,9.57,-0.04,0.03,6.16,5.20,0.00,0.00,0.00,0
4700,1,68.61,6.01,0.00,0.00,0.00,0.00,-0.69,9.57,-0.04,0.03,6.16,5.20,0.00,0.00,0.00,0
4720,1,68.74,5.94,0.00,0.00,0.00,0.00,-0.69,9.57,-0.04,0.03,6.17,5.21,0.00,0.00,0.00,0
4738,1,68.83,5.83,0.00,0.00,0.00,0.00,-0.69,9.57,-0.04,0.03,6.17,5.21,0.00,0.00,0.00,0
4760,1,68.97,5.66,0.00,0.00,0.00,0.00,-0.69,9.57,-0.04,0.05,6.17,5.21,0.00,0.00,0.00,0
4779,1,69.06,5.66,0.00,0.00,0.00,0.00,-0.69,9.57,0.02,0.05,6.18,5.21,0.00,0.00,0.00,0
4800,1,69.21,5.57,0.00,0.00,0.00,0.00,-0.69,9.57,0.02,0.05,6.18,5.21,0.00,0.00,0.00,0
4819,1,69.29,5.51,0.00,0.00,0.00,0.00,-0.69,9.57,0.02,0.05,6.18,5.22,0.00,0.00,0.00,0
4839,1,69.40,5.43,0.00,0.00,0.00,0.00,-0.69,9.57,0.02,0.05,6.19,5.22,0.00,0.00,0.00,0
4858,1,69.51,5.46,0.00,0.00,0.00,0.00,-0.69,9.57,0.02,0.05,6.19,5.22,0.00,0.00,0.00,0
4880,1,69.66,5.54,0.00,0.00,0.00,0.00,-0.69,9.57,0.02,0.05,6.19,5.22,0.00,0.00,0.00,0
4900,1,69.78,5.59,0.00,0.00,0.00,0.00,-0.69,9.57,0.02,0.05,6.20,5.22,0.00,0.00,0.00,0
4918,1,69.87,5.58,0.00,0.00,0.00,0.00,-0.69,9.57,0.02,-0.02,6.20,5.23,0.00,0.00,0.00,0
4940,1,70.02,5.63,0.00,0.00,0.00,0.00,-0.69,9.57,0.00,-0.02,6.20,5.23,0.00,0.00,0.00,0
4960,1,70.15,5.71,0.00,0.00,0.00,0.00,-0.69,9.57,0.00,-0.02,6.21,5.23,0.00,0.00,0.00,0
4979,1,70.23,5.55,0.00,0.00,0.00,0.00,-0.69,9.57,0.00,-0.02,6.21,5.23,0.00,0.00,0.00,0
5000,1,70.37,5.42,0.00,0.00,0.00,0.00,-0.69,9.57,0.00,-0.02,6.21,5.23,0.00,0.00,0.00,0
5019,1,70.45,5.34,0.00,0.00,0.00,0.00,-0.69,9.57,0.00,-0.02,6.21,5.24,0.00,0.00,0.00,0
5039,1,70.56,5.28,0.00,0.00,0.00,0.00,-0.69,9.57,0.00,-0.02,6.22,5.24,0.00,0.00,0.00,0
5059,1,70.66,5.10,0.00,0.00,0.00,0.00,-0.69,9.57,0.00,-0.02,6.22,5.24,0.00,0.00,0.00,0
5079,1,70.76,4.92,0.00,0.00,0.00,0.00,-0.69,9.57,0.00,-0.05,6.22,5.24,0.00,0.00,0.00,0
5099,1,70.86,4.85,0.00,0.00,0.00,0.00,-0.69,9.57,0.02,-0.05,6.23,5.24,0.00,0.00,0.00,0
5119,1,70.96,4.90,0.00,0.00,0.00,0.00,-0.69,9.57,0.02,-0.05,6.23,5.24,0.00,0.00,0.00,0
5140,1,71.08,4.80,0.00,0.00,0.00,0.00,-0.69,9.57,0.02,-0.05,6.23,5.25,0.00,0.00,0.00,0
5160,1,71.19,4.86,0.00,0.00,0.00,0.00,-0.69,9.57,0.02,-0.05,6.23,5.25,0.00,0.00,0.00,0
5179,1,71.26,4.88,0.00,0.00,0.00,0.00,-0.69,9.57,0.02,-0.05,6.24,5.25,0.00,0.00,0.00,0
5199,1,71.37,4.96,0.00,0.00,0.00,0.00,-0.69,9.57,0.02,-0.05,6.24,5.25,0.00,0.00,0.00,0
5220,1,71.51,5.00,0.00,0.00,0.00,0.00,-0.69,9.57,0.02,-0.05,6.24,5.25,0.00,0.00,0.00,0
5238,1,71.58,4.99,0.00,0.00,0.00,0.00,-0.69,9.57,0.02,0.01,6.25,5.25,0.00,0.00,0.00,0
5260,1,71.72,4.95,0.00,0.00,0.00,0.00,-0.69,9.57,0.02,0.01,6.25,5.26,0.00,0.00,0.00,0
5280,1,71.82,4.87,0.00,0.00,0.00,0.00,-0.69,9.57,0.02,0.01,6.25,5.26,0.00,0.00,0.00,0
5299,1,71.89,4.68,0.00,0.00,0.00,0.00,-0.69,9.57,0.02,0.01,6.25,5.26,0.00,0.00,0.00,0
5320,1,72.00,4.53,0.00,0.00,0.00,0.00,-0.69,9.57,0.02,0.01,6.26,5.26,0.00,0.00,0.00,0
5339,1,72.06,4.34,0.00,0.00,0.00,0.00,-0.69,9.57,0.02,0.01,6.26,5.26,0.00,0.00,0.00,0
5359,1,72.14,4.18,0.00,0.00,0.00,0.00,-0.69,9.57,0.02,0.01,6.26,5.26,0.00,0.00,0.00,0
5378,1,72.22,3.99,0.00,0.00,0.00,0.00,-0.69,9.57,0.02,0.01,6.26,5.26,0.00,0.00,0.00,0
5400,1,72.32,4.02,0.00,0.00,0.00,0.00,-0.69,9.57,0.02,-0.04,6.26,5.27,0.00,0.00,0.00,0
5420,1,72.40,3.97,0.00,0.00,0.00,0.00,-0.69,9.57,-0.00,-0.04,6.27,5.27,0.00,0.00,0.00,0
5439,1,72.47,4.01,0.00,0.00,0.00,0.00,-0.69,9.57,-0.00,-0.04,6.27,5.27,0.00,0.00,0.00,0
5459,1,72.56,4.16,0.00,0.00,0.00,0.00,-0.69,9.57,-0.00,-0.04,6.27,5.27,0.00,0.00,0.00,0
5479,1,72.65,4.24,0.00,0.00,0.00,0.00,-0.69,9.57,-0.00,-0.04,6.27,5.27,0.00,0.00,0.00,0
5498,1,72.75,4.34,0.00,0.00,0.00,0.00,-0.69,9.57,-0.00,-0.04,6.28,5.27,0.00,0.00,0.00,0
5520,1,72.88,4.49,0.00,0.00,0.00,0.00,-0.69,9.57,-0.00,-0.04,6.28,5.27,0.00,0.00,0.00,0
5539,1,72.96,4.59,0.00,0.00,0.00,0.00,-0.69,9.57,-0.00,-0.04,6.28,5.28,0.00,0.00,0.00,0
5559,1,73.06,4.64,0.00,0.00,0.00,0.00,-0.69,9.57,-0.00,-0.02,6.28,5.28,0.00,0.00,0.00,0
5579,1,73.16,4.55,0.00,0.00,0.00,0.00,-0.69,9.57,0.02,-0.02,6.29,5.28,0.00,0.00,0.00,0
5599,1,73.25,4.53,0.00,0.00,0.00,0.00,-0.69,9.57,0.02,-0.02,6.29,5.28,0.00,0.00,0.00,0
5619,1,73.34,4.42,0.00,0.00,0.00,0.00,-0.69,9.57,0.02,-0.02,6.29,5.28,0.00,0.00,0.00,0
5639,1,73.43,4.31,0.00,0.00,0.00,0.00,-0.69,9.57,0.02,-0.02,6.29,5.28,0.00,0.00,0.00,0
5659,1,73.52,4.21,0.00,0.00,0.00,0.00,-0.69,9.57,0.02,-0.02,6.30,5.28,0.00,0.00,0.00,0
5679,1,73.61,4.12,0.00,0.00,0.00,0.00,-0.69,9.57,0.02,-0.02,6.30,5.29,0.00,0.00,0.00,0
5699,1,73.69,4.10,0.00,0.00,0.00,0.00,-0.69,9.57,0.02,-0.02,6.30,5.29,0.00,0.00,0.00,0
5720,1,73.81,4.14,0.00,0.00,0.00,0.00,-0.69,9.57,0.02,0.05,6.30,5.29,0.00,0.00,0.00,0
5739,1,73.87,4.09,0.00,0.00,0.00,0.00,-0.69,9.57,-0.02,0.05,6.30,5.29,0.00,0.00,0.00,0
5758,1,73.95,4.05,0.00,0.00,0.00,0.00,-0.69,9.57,-0.02,0.05,6.31,5.29,0.00,0.00,0.00,0
5780,1,74.05,3.90,0.00,0.00,0.00,0.00,-0.69,9.57,-0.02,0.05,6.31,5.29,0.00,0.00,0.00,0
5800,1,74.13,3.80,0.00,0.00,0.00,0.00,-0.69,9.57,-0.02,0.05,6.31,5.29,0.00,0.00,0.00,0
5820,1,74.20,3.69,0.00,0.00,0.00,0.00,-0.69,9.57,-0.02,0.05,6.31,5.29,0.00,0.00,0.00,0
5840,1,74.27,3.45,0.00,0.00,0.00,0.00,-0.69,9.57,-0.02,0.05,6.31,5.30,0.00,0.00,0.00,0
5859,1,74.33,3.43,0.00,0.00,0.00,0.00,-0.69,9.57,-0.02,0.05,6.31,5.30,0.00,0.00,0.00,0
5878,1,74.39,3.23,0.00,0.00,0.00,0.00,-0.69,9.57,-0.02,0.00,6.32,5.30,0.00,0.00,0.00,0
5900,1,74.49,3.43,0.00,0.00,0.00,0.00,-0.69,9.57,0.02,0.00,6.32,5.30,0.00,0.00,0.00,0
5920,1,74.57,3.46,0.00,0.00,0.00,0.00,-0.69,9.57,0.02,0.00,6.32,5.30,0.00,0.00,0.00,0
5939,1,74.63,3.53,0.00,0.00,0.00,0.00,-0.69,9.57,0.02,0.00,6.32,5.30,0.00,0.00,0.00,0
5959,1,74.70,3.56,0.00,0.00,0.00,0.00,-0.69,9.57,0.02,0.00,6.32,5.30,0.00,0.00,0.00,0
5979,1,74.78,3.64,0.00,0.00,0.00,0.00,-0.69,9.57,0.02,0.00,6.33,5.30,0.00,0.00,0.00,0
5999,1,74.86,3.67,0.00,0.00,0.00,0.00,-0.69,9.57,0.02,0.00,6.33,5.31,0.00,0.00,0.00,0
6019,1,74.95,3.77,0.00,0.00,0.00,0.00,-0.69,9.57,0.02,0.00,6.33,5.31,0.00,0.00,0.00,0
6040,1,75.04,3.69,0.00,0.00,0.00,0.00,-0.69,9.57,0.02,-0.01,6.33,5.31,0.00,0.00,0.00,0
6059,1,75.10,3.67,0.00,0.00,0.00,0.00,-0.69,9.57,-0.02,-0.01,6.33,5.31,0.00,0.00,0.00,0
6079,1,75.17,3.50,0.00,0.00,0.00,0.00,-0.69,9.57,-0.02,-0.01,6.34,5.31,0.00,0.00,0.00,0
6099,1,75.24,3.38,0.00,0.00,0.00,0.00,-0.69,9.57,-0.02,-0.01,6.34,5.31,0.00,0.00,0.00,0
6120,1,75.33,3.27,0.00,0.00,0.00,0.00,-0.69,9.57,-0.02,-0.01,6.34,5.31,0.00,0.00,0.00,0
6138,1,75.37,3.24,0.00,0.00,0.00,0.00,-0.69,9.57,-0.02,-0.01,6.34,5.31,0.00,0.00,0.00,0
6160,1,75.46,3.25,0.00,0.00,0.00,0.00,-0.69,9.57,-0.02,-0.01,6.34,5.31,0.00,0.00,0.00,0
6179,1,75.51,3.22,0.00,0.00,0.00,0.00,-0.69,9.57,-0.02,-0.01,6.34,5.31,0.00,0.00,0.00,0
6199,1,75.57,3.15,0.00,0.00,0.00,0.00,-0.69,9.57,-0.02,-0.01,6.35,5.32,0.00,0.00,0.00,0
6220,1,75.65,3.09,0.00,0.00,0.00,0.00,-0.69,9.57,-0.00,-0.01,6.35,5.32,0.00,0.00,0.00,0
6239,1,75.71,3.10,0.00,0.00,0.00,0.00,-0.69,9.57,-0.00,-0.01,6.35,5.32,0.00,0.00,0.00,0
6259,1,75.78,3.13,0.00,0.00,0.00,0.00,-0.69,9.57,-0.00,-0.01,6.35,5.32,0.00,0.00,0.00,0
6279,1,75.84,3.14,0.00,0.00,0.00,0.00,-0.69,9.57,-0.00,-0.01,6.35,5.32,0.00,0.00,0.00,0
6299,1,75.91,3.21,0.00,0.00,0.00,0.00,-0.69,9.57,-0.00,-0.01,6.35,5.32,0.00,0.00,0.00,0
6320,1,76.00,3.33,0.00,0.00,0.00,0.00,-0.69,9.57,-0.00,-0.01,6.35,5.32,0.00,0.00,0.00,0
6339,1,76.06,3.30,0.00,0.00,0.00,0.00,-0.69,9.57,-0.00,-0.01,6.36,5.32,0.00,0.00,0.00,0
6359,1,76.13,3.25,0.00,0.00,0.00,0.00,-0.69,9.57,-0.00,-0.03,6.36,5.32,0.00,0.00,0.00,0
6379,1,76.19,3.16,0.00,0.00,0.00,0.00,-0.69,9.57,-0.03,-0.03,6.36,5.32,0.00,0.00,0.00,0
6398,1,76.26,3.10,0.00,0.00,0.00,0.00,-0.69,9.57,-0.03,-0.03,6.36,5.33,0.00,0.00,0.00,0
6420,1,76.34,2.99,0.00,0.00,0.00,0.00,-0.69,9.57,-0.03,-0.03,6.36,5.33,0.00,0.00,0.00,0
6440,1,76.40,2.92,0.00,0.00,0.00,0.00,-0.69,9.57,-0.03,-0.03,6.36,5.33,0.00,0.00,0.00,0
6459,1,76.44,2.83,0.00,0.00,0.00,0.00,-0.69,9.57,-0.03,-0.03,6.37,5.33,0.00,0.00,0.00,0
6479,1,76.50,2.78,0.00,0.00,0.00,0.00,-0.69,9.57,-0.03,-0.03,6.37,5.33,0.00,0.00,0.00,0
6499,1,76.56,2.78,0.00,0.00,0.00,0.00,-0.69,9.57,-0.03,-0.03,6.37,5.33,0.00,0.00,0.00,0
6519,1,76.62,2.82,0.00,0.00,0.00,0.00,-0.69,9.57,-0.03,0.02,6.37,5.33,0.00,0.00,0.00,0
6540,1,76.69,2.73,0.00,0.00,0.00,0.00,-0.69,9.57,-0.03,0.02,6.37,5.33,0.00,0.00,0.00,0
6560,1,76.75,2.72,0.00,0.00,0.00,0.00,-0.69,9.57,-0.03,0.02,6.38,5.33,0.00,0.00,0.00,0
6579,1,76.80,2.72,0.00,0.00,0.00,0.00,-0.69,9.57,-0.03,0.02,6.38,5.33,0.00,0.00,0.00,0
6599,1,76.86,2.73,0.00,0.00,0.00,0.00,-0.69,9.57,-0.03,0.02,6.38,5.33,0.00,0.00,0.00,0
6620,1,76.93,2.64,0.00,0.00,0.00,0.00,-0.69,9.57,-0.03,0.02,6.38,5.34,0.00,0.00,0.00,0
6639,1,76.97,2.56,0.00,0.00,0.00,0.00,-0.69,9.57,-0.03,0.02,6.38,5.34,0.00,0.00,0.00,0
6658,1,77.02,2.42,0.00,0.00,0.00,0.00,-0.69,9.57,-0.03,0.02,6.38,5.34,0.00,0.00,0.00,0
6680,1,77.08,2.42,0.00,0.00,0.00,0.00,-0.69,9.57,-0.03,0.00,6.39,5.34,0.00,0.00,0.00,0
6699,1,77.12,2.42,0.00,0.00,0.00,0.00,-0.69,9.57,-0.06,0.00,6.39,5.34,0.00,0.00,0.00,0
6720,1,77.19,2.45,0.00,0.00,0.00,0.00,-0.69,9.57,-0.06,0.00,6.39,5.34,0.00,0.00,0.00,0
6739,1,77.23,2.45,0.00,0.00,0.00,0.00,-0.69,9.57,-0.06,0.00,6.39,5.34,0.00,0.00,0.00,0
6759,1,77.29,2.49,0.00,0.00,0.00,0.00,-0.69,9.57,-0.06,0.00,6.39,5.34,0.00,0.00,0.00,0
6778,1,77.34,2.48,0.00,0.00,0.00,0.00,-0.69,9.57,-0.06,0.00,6.39,5.34,0.00,0.00,0.00,0
6800,1,77.41,2.46,0.00,0.00,0.00,0.00,-0.69,9.57,-0.06,0.00,6.39,5.34,0.00,0.00,0.00,0
6820,1,77.46,2.36,0.00,0.00,0.00,0.00,-0.69,9.57,-0.06,0.00,6.39,5.34,0.00,0.00,0.00,0
6839,1,77.50,2.22,0.00,0.00,0.00,0.00,-0.69,9.57,-0.06,-0.01,6.39,5.34,0.00,0.00,0.00,0
6859,1,77.54,2.16,0.00,0.00,0.00,0.00,-0.69,9.57,-0.00,-0.01,6.39,5.34,0.00,0.00,0.00,0
6878,1,77.59,2.14,0.00,0.00,0.00,0.00,-0.69,9.57,-0.00,-0.01,6.39,5.35,0.00,0.00,0.00,0
6899,1,77.64,2.19,0.00,0.00,0.00,0.00,-0.69,9.57,-0.00,-0.01,6.40,5.35,0.00,0.00,0.00,0
6920,1,77.70,2.28,0.00,0.00,0.00,0.00,-0.69,9.57,-0.00,-0.01,6.40,5.35,0.00,0.00,0.00,0
6939,1,77.74,2.34,0.00,0.00,0.00,0.00,-0.69,9.57,-0.00,-0.01,6.40,5.35,0.00,0.00,0.00,0
6959,1,77.80,2.44,0.00,0.00,0.00,0.00,-0.69,9.57,-0.00,-0.01,6.40,5.35,0.00,0.00,0.00,0
6979,1,77.86,2.48,0.00,0.00,0.00,0.00,-0.69,9.57,-0.00,-0.01,6.40,5.35,0.00,0.00,0.00,0
6999,1,77.91,2.43,0.00,0.00,0.00,0.00,-0.69,9.57,-0.00,-0.03,6.40,5.35,0.00,0.00,0.00,0
7019,1,77.96,2.40,0.00,0.00,0.00,0.00,-0.69,9.57,0.02,-0.03,6.40,5.35,0.00,0.00,0.00,0
7040,1,78.03,2.33,0.00,0.00,0.00,0.00,-0.69,9.57,0.02,-0.03,6.40,5.35,0.00,0.00,0.00,0
7059,1,78.07,2.34,0.00,0.00,0.00,0.00,-0.69,9.57,0.02,-0.03,6.41,5.35,0.00,0.00,0.00,0
7079,1,78.12,2.32,0.00,0.00,0.00,0.00,-0.69,9.57,0.02,-0.03,6.41,5.35,0.00,0.00,0.00,0
7099,1,78.16,2.19,0.00,0.00,0.00,0.00,-0.69,9.57,0.02,-0.03,6.41,5.35,0.00,0.00,0.00,0
7119,1,78.21,2.18,0.00,0.00,0.00,0.00,-0.69,9.57,0.02,-0.03,6.41,5.35,0.00,0.00,0.00,0
7140,1,78.26,2.19,0.00,0.00,0.00,0.00,-0.69,9.57,0.02,-0.03,6.41,5.36,0.00,0.00,0.00,0
7158,1,78.30,2.25,0.00,0.00,0.00,0.00,-0.69,9.57,0.02,0.00,6.41,5.36,0.00,0.00,0.00,0
7180,1,78.37,2.26,0.00,0.00,0.00,0.00,-0.69,9.57,-0.02,0.00,6.41,5.36,0.00,0.00,0.00,0
7200,1,78.42,2.27,0.00,0.00,0.00,0.00,-0.69,9.57,-0.02,0.00,6.41,5.36,0.00,0.00,0.00,0
7219,1,78.46,2.32,0.00,0.00,0.00,0.00,-0.69,9.57,-0.02,0.00,6.42,5.36,0.00,0.00,0.00,0
7240,1,78.53,2.38,0.00,0.00,0.00,0.00,-0.69,9.57,-0.02,0.00,6.42,5.36,0.00,0.00,0.00,0
7259,1,78.56,2.32,0.00,0.00,0.00,0.00,-0.69,9.57,-0.02,0.00,6.42,5.36,0.00,0.00,0.00,0
7279,1,78.61,2.24,0.00,0.00,0.00,0.00,-0.69,9.57,-0.02,0.00,6.42,5.36,0.00,0.00,0.00,0
7298,1,78.65,2.18,0.00,0.00,0.00,0.00,-0.69,9.57,-0.02,0.00,6.42,5.36,0.00,0.00,0.00,0
7320,1,78.71,2.13,0.00,0.00,0.00,0.00,-0.69,9.57,-0.02,0.02,6.42,5.36,0.00,0.00,0.00,0
7340,1,78.75,2.14,0.00,0.00,0.00,0.00,-0.69,9.57,0.01,0.02,6.42,5.36,0.00,0.00,0.00,0
7359,1,78.79,2.11,0.00,0.00,0.00,0.00,-0.69,9.57,0.01,0.02,6.42,5.36,0.00,0.00,0.00,0
7379,1,78.83,2.11,0.00,0.00,0.00,0.00,-0.69,9.57,0.01,0.02,6.43,5.36,0.00,0.00,0.00,0
7399,1,78.88,2.13,0.00,0.00,0.00,0.00,-0.69,9.57,0.01,0.02,6.43,5.36,0.00,0.00,0.00,0
7418,1,78.93,2.24,0.00,0.00,0.00,0.00,-0.69,9.57,0.01,0.02,6.43,5.37,0.00,0.00,0.00,0
7440,1,79.00,2.42,0.00,0.00,0.00,0.00,-0.69,9.57,0.01,0.02,6.43,5.37,0.00,0.00,0.00,0
7459,1,79.04,2.44,0.00,0.00,0.00,0.00,-0.69,9.57,0.01,0.02,6.43,5.37,0.00,0.00,0.00,0
7479,1,79.10,2.47,0.00,0.00,0.00,0.00,-0.69,9.57,0.01,0.02,6.43,5.37,0.00,0.00,0.00,0
7499,1,79.15,2.39,0.00,0.00,0.00,0.00,-0.69,9.57,-0.04,0.02,6.43,5.37,0.00,0.00,0.00,0
7519,1,79.19,2.24,0.00,0.00,0.00,0.00,-0.69,9.57,-0.04,0.02,6.43,5.37,0.00,0.00,0.00,0
7539,1,79.23,2.07,0.00,0.00,0.00,0.00,-0.69,9.57,-0.04,0.02,6.43,5.37,0.00,0.00,0.00,0
7559,1,79.27,1.93,0.00,0.00,0.00,0.00,-0.69,9.57,-0.04,0.02,6.43,5.37,0.00,0.00,0.00,0
7579,1,79.31,1.93,0.00,0.00,0.00,0.00,-0.69,9.57,-0.04,0.02,6.43,5.37,0.00,0.00,0.00,0
7599,1,79.35,1.93,0.00,0.00,0.00,0.00,-0.69,9.57,-0.04,0.02,6.44,5.37,0.00,0.00,0.00,0
7619,1,79.39,1.95,0.00,0.00,0.00,0.00,-0.69,9.57,-0.04,0.02,6.44,5.37,0.00,0.00,0.00,0
7640,1,79.45,2.02,0.00,0.00,0.00,0.00,-0.69,9.57,-0.04,0.02,6.44,5.37,0.00,0.00,0.00,0
7659,1,79.49,2.12,0.00,0.00,0.00,0.00,-0.69,9.57,-0.03,0.02,6.44,5.37,0.00,0.00,0.00,0
7678,1,79.54,2.29,0.00,0.00,0.00,0.00,-0.69,9.57,-0.03,0.02,6.44,5.37,0.00,0.00,0.00,0
7700,1,79.62,2.46,0.00,0.00,0.00,0.00,-0.69,9.57,-0.03,0.02,6.44,5.37,0.00,0.00,0.00,0
7720,1,79.67,2.51,0.00,0.00,0.00,0.00,-0.69,9.57,-0.03,0.02,6.44,5.38,0.00,0.00,0.00,0
7740,1,79.73,2.54,0.00,0.00,0.00,0.00,-0.69,9.57,-0.03,0.02,6.44,5.38,0.00,0.00,0.00,0
7759,1,79.78,2.57,0.00,0.00,0.00,0.00,-0.69,9.57,-0.03,0.02,6.44,5.38,0.00,0.00,0.00,0
7779,1,79.83,2.48,0.00,0.00,0.00,0.00,-0.69,9.57,-0.03,0.02,6.44,5.38,0.00,0.00,0.00,0
7798,1,79.88,2.38,0.00,0.00,0.00,0.00,-0.69,9.57,-0.03,-0.03,6.44,5.38,0.00,0.00,0.00,0
7820,1,79.93,2.18,0.00,0.00,0.00,0.00,-0.69,9.57,0.01,-0.03,6.44,5.38,0.00,0.00,0.00,0
7840,1,79.97,2.09,0.00,0.00,0.00,0.00,-0.69,9.57,0.01,-0.03,6.44,5.38,0.00,0.00,0.00,0
7859,1,80.00,1.99,0.00,0.00,0.00,0.00,-0.69,9.57,0.01,-0.03,6.44,5.38,0.00,0.00,0.00,0
7879,1,80.04,1.95,0.00,0.00,0.00,0.00,-0.69,9.57,0.01,-0.03,6.44,5.38,0.00,0.00,0.00,0
7899,1,80.08,1.89,0.00,0.00,0.00,0.00,-0.69,9.57,0.01,-0.03,6.44,5.38,0.00,0.00,0.00,0
7919,1,80.12,1.91,0.00,0.00,0.00,0.00,-0.69,9.57,0.01,-0.03,6.44,5.38,0.00,0.00,0.00,0
7939,1,80.16,1.97,0.00,0.00,0.00,0.00,-0.69,9.57,0.01,-0.03,6.45,5.38,0.00,0.00,0.00,0
7960,1,80.21,1.98,0.00,0.00,0.00,0.00,-0.69,9.57,0.01,-0.04,6.45,5.38,0.00,0.00,0.00,0
7979,1,80.25,2.01,0.00,0.00,0.00,0.00,-0.69,9.57,0.00,-0.04,6.45,5.38,0.00,0.00,0.00,0
7999,1,80.30,2.09,0.00,0.00,0.00,0.00,-0.69,9.57,0.00,-0.04,6.45,5.39,0.00,0.00,0.00,0
8019,1,80.35,2.10,0.00,0.00,0.00,0.00,-0.69,9.57,0.00,-0.04,6.45,5.39,0.00,0.00,0.00,0
8040,1,80.41,2.10,0.00,0.00,0.00,0.00,-0.69,9.57,0.00,-0.04,6.45,5.39,0.00,0.00,0.00,0
8058,1,80.45,2.20,0.00,0.00,0.00,0.00,-0.69,9.57,0.00,-0.04,6.45,5.39,0.00,0.00,0.00,0
8080,1,80.52,2.20,0.00,0.00,0.00,0.00,-0.69,9.57,0.00,-0.04,6.45,5.39,0.00,0.00,0.00,0
8099,1,80.55,2.16,0.00,0.00,0.00,0.00,-0.69,9.57,0.00,-0.04,6.45,5.39,0.00,0.00,0.00,0
8119,1,80.59,2.06,0.00,0.00,0.00,0.00,-0.69,9.57,0.00,0.02,6.45,5.39,0.00,0.00,0.00,0
8140,1,80.65,1.98,0.00,0.00,0.00,0.00,-0.69,9.57,0.02,0.02,6.45,5.39,0.00,0.00,0.00,0
8159,1,80.68,1.93,0.00,0.00,0.00,0.00,-0.69,9.57,0.02,0.02,6.45,5.39,0.00,0.00,0.00,0
8179,1,80.72,1.87,0.00,0.00,0.00,0.00,-0.69,9.57,0.02,0.02,6.46,5.39,0.00,0.00,0.00,0
8199,1,80.76,1.88,0.00,0.00,0.00,0.00,-0.69,9.57,0.02,0.02,6.46,5.39,0.00,0.00,0.00,0
8219,1,80.80,1.95,0.00,0.00,0.00,0.00,-0.69,9.57,0.02,0.02,6.46,5.39,0.00,0.00,0.00,0
8240,1,80.86,2.12,0.00,0.00,0.00,0.00,-0.69,9.57,0.02,0.02,6.46,5.39,0.00,0.00,0.00,0
8259,1,80.90,2.17,0.00,0.00,0.00,0.00,-0.69,9.57,0.02,0.02,6.46,5.39,0.00,0.00,0.00,0
8279,1,80.96,2.22,0.00,0.00,0.00,0.00,-0.69,9.57,0.02,-0.01,6.46,5.39,0.00,0.00,0.00,0
8299,1,81.01,2.23,0.00,0.00,0.00,0.00,-0.69,9.57,-0.00,-0.01,6.46,5.39,0.00,0.00,0.00,0
8318,1,81.06,2.16,0.00,0.00,0.00,0.00,-0.69,9.57,-0.00,-0.01,6.46,5.40,0.00,0.00,0.00,0
8340,1,81.10,1.86,0.00,0.00,0.00,0.00,-0.69,9.57,-0.00,-0.01,6.46,5.40,0.00,0.00,0.00,0
8360,1,81.13,1.66,0.00,0.00,0.00,0.00,-0.69,9.57,-0.00,-0.01,6.47,5.40,0.00,0.00,0.00,0
8379,1,81.15,1.54,0.00,0.00,0.00,0.00,-0.69,9.57,-0.00,-0.01,6.47,5.40,0.00,0.00,0.00,0
8399,1,81.18,1.43,0.00,0.00,0.00,0.00,-0.69,9.57,-0.00,-0.01,6.47,5.40,0.00,0.00,0.00,0
8419,1,81.21,1.42,0.00,0.00,0.00,0.00,-0.69,9.57,-0.00,-0.01,6.47,5.40,0.00,0.00,0.00,0
8439,1,81.24,1.53,0.00,0.00,0.00,0.00,-0.69,9.57,-0.00,0.03,6.47,5.40,0.00,0.00,0.00,0
8460,1,81.29,1.68,0.00,0.00,0.00,0.00,-0.69,9.57,-0.01,0.03,6.47,5.40,0.00,0.00,0.00,0
8479,1,81.33,1.84,0.00,0.00,0.00,0.00,-0.69,9.57,-0.01,0.03,6.47,5.40,0.00,0.00,0.00,0
8499,1,81.38,1.98,0.00,0.00,0.00,0.00,-0.69,9.57,-0.01,0.03,6.47,5.40,0.00,0.00,0.00,0
8519,1,81.43,2.10,0.00,0.00,0.00,0.00,-0.69,9.57,-0.01,0.03,6.47,5.40,0.00,0.00,0.00,0
8540,1,81.51,2.42,0.00,0.00,0.00,0.00,-0.69,9.57,-0.01,0.03,6.47,5.40,0.00,0.00,0.00,0
8559,1,81.55,2.57,0.00,0.00,0.00,0.00,-0.69,9.57,-0.01,0.03,6.47,5.40,0.00,0.00,0.00,0
8578,1,81.62,2.69,0.00,0.00,0.00,0.00,-0.69,9.57,-0.01,0.03,6.47,5.40,0.00,0.00,0.00,0
8600,1,81.70,2.82,0.00,0.00,0.00,0.00,-0.69,9.57,-0.01,0.03,6.47,5.40,0.00,0.00,0.00,0
8619,1,81.75,2.84,0.00,0.00,0.00,0.00,-0.69,9.57,0.00,0.03,6.48,5.41,0.00,0.00,0.00,0
8640,1,81.83,2.83,0.00,0.00,0.00,0.00,-0.69,9.57,0.00,0.03,6.48,5.41,0.00,0.00,0.00,0
8659,1,81.88,2.89,0.00,0.00,0.00,0.00,-0.69,9.57,0.00,0.03,6.48,5.41,0.00,0.00,0.00,0
8679,1,81.94,2.92,0.00,0.00,0.00,0.00,-0.69,9.57,0.00,0.03,6.48,5.41,0.00,0.00,0.00,0
8699,2,82.01,3.03,82.01,0.00,0.00,0.00,-0.69,9.57,0.00,0.03,6.48,5.41,0.00,0.00,0.00,0
8720,2,82.10,3.13,82.01,-0.07,-0.39,0.00,-0.69,9.57,-0.00,-0.05,6.48,5.41,-0.00,-0.03,0.00,16
8740,2,82.14,2.78,82.01,-0.13,-0.49,0.00,-0.69,9.57,-0.04,-0.03,6.48,5.41,-0.00,-0.03,0.00,16
8760,2,82.13,1.83,82.01,-0.13,-0.44,0.00,-0.69,9.57,-0.04,-0.06,6.48,5.41,-0.00,-0.05,0.00,16
8780,2,82.10,0.81,82.00,-0.10,-0.28,0.00,-0.69,9.57,-0.18,-0.17,6.48,5.41,-0.01,-0.18,0.00,16
8800,2,82.04,-0.03,82.00,-0.05,-0.12,0.00,-0.70,9.56,-0.31,-0.25,6.48,5.41,-0.01,-0.28,0.00,16
8819,2,82.03,-0.04,82.00,-0.03,-0.05,0.00,-0.71,9.55,-0.38,-0.31,6.48,5.41,-0.02,-0.34,0.00,16
8839,2,82.08,0.83,82.00,-0.07,-0.22,0.00,-0.72,9.54,-0.24,-0.19,6.48,5.41,-0.03,-0.21,0.00,16
8860,2,82.21,2.17,82.00,-0.18,-0.51,0.00,-0.72,9.54,-0.03,-0.15,6.48,5.41,-0.03,-0.09,0.00,16
8880,2,82.27,2.10,82.00,-0.25,-0.68,0.00,-0.73,9.54,-0.03,-0.14,6.48,5.41,-0.04,-0.09,0.00,16
8900,2,82.30,1.58,82.00,-0.29,-0.72,0.00,-0.73,9.53,-0.13,-0.20,6.48,5.41,-0.04,-0.17,0.00,16
8920,2,82.24,0.11,82.00,-0.26,-0.57,0.00,-0.73,9.52,-0.21,-0.24,6.48,5.41,-0.05,-0.23,0.00,16
8940,2,82.09,-2.18,82.00,-0.13,-0.13,0.00,-0.74,9.52,-0.49,-0.32,6.48,5.41,-0.06,-0.41,0.00,16
8959,2,81.98,-3.08,82.00,0.03,0.30,0.00,-0.76,9.50,-0.57,-0.55,6.48,5.41,-0.07,-0.56,0.00,16
8980,2,82.05,-0.58,82.00,-0.01,0.10,0.00,-0.77,9.49,-0.23,-0.54,6.48,5.41,-0.09,-0.39,0.00,16
9000,2,82.17,1.04,82.00,-0.14,-0.35,0.00,-0.78,9.48,0.08,0.03,6.48,5.41,-0.09,0.05,0.00,16
9020,2,82.25,1.37,82.00,-0.24,-0.58,0.00,-0.78,9.48,-0.04,0.04,6.48,5.41,-0.09,-0.00,0.00,16
9040,2,82.24,0.38,82.00,-0.25,-0.56,0.00,-0.78,9.48,-0.04,-0.02,6.48,5.41,-0.09,-0.03,0.00,16
9060,2,82.11,-1.62,82.00,-0.14,-0.19,0.00,-0.78,9.48,-0.19,-0.14,6.48,5.41,-0.09,-0.17,0.00,16
9079,2,82.00,-2.81,82.00,0.00,0.23,0.00,-0.79,9.48,-0.43,-0.30,6.48,5.41,-0.10,-0.37,0.00,16
9100,2,81.85,-3.46,82.00,0.13,0.54,0.00,-0.80,9.46,-0.42,-0.43,6.48,5.41,-0.11,-0.42,0.00,16
9122,2,81.81,-2.72,82.00,0.19,0.60,0.00,-0.81,9.46,-0.02,-0.17,6.48,5.41,-0.12,-0.09,0.00,48
9138,2,81.92,-0.60,82.00,0.08,0.21,0.00,-0.80,9.46,0.09,0.13,6.48,5.41,-0.12,0.11,0.00,48
9161,2,82.12,0.95,82.00,-0.11,-0.30,0.00,-0.80,9.46,0.44,0.32,6.48,5.41,-0.11,0.38,0.00,48
9180,2,82.13,0.23,82.16,-0.13,-0.28,0.00,-0.78,9.47,0.38,0.21,6.43,5.35,-0.10,0.30,0.00,48
9200,2,81.86,-4.18,82.32,0.22,0.66,0.00,-0.78,9.48,0.01,0.71,6.26,5.18,-0.09,0.36,0.00,32
9219,2,81.64,-6.76,82.48,0.68,1.90,0.00,-0.78,9.48,-0.15,-0.15,6.10,5.02,-0.09,-0.15,0.00,32
9240,2,81.37,-8.99,82.64,1.07,2.85,0.00,-0.78,9.48,-0.09,0.21,5.92,4.84,-0.09,0.06,0.00,32
9260,2,81.32,-7.39,82.80,1.31,3.25,0.00,-0.78,9.48,0.59,0.32,5.75,4.68,-0.09,0.45,0.00,32
9280,2,81.60,-2.00,82.96,1.30,2.88,0.00,-0.75,9.51,1.10,1.27,5.54,4.46,-0.06,1.19,0.00,32
9300,2,82.01,3.89,83.12,1.05,1.91,0.00,-0.70,9.55,1.89,1.86,5.33,4.26,-0.02,1.88,0.00,32
9320,2,82.34,6.58,83.28,0.85,1.21,0.00,-0.64,9.62,2.11,2.21,5.14,4.07,0.05,2.16,0.00,32
9338,2,82.45,7.61,83.44,0.84,1.06,0.00,-0.58,9.68,1.80,1.95,4.95,3.89,0.11,1.87,0.00,32
9361,2,82.31,4.64,83.60,1.13,1.90,0.00,-0.53,9.73,1.45,1.46,4.75,3.71,0.16,1.45,0.00,32
9380,2,82.29,2.76,83.76,1.32,2.38,0.00,-0.50,9.75,0.59,0.33,4.57,3.64,0.19,0.46,0.00,32
9400,2,82.44,3.55,83.92,1.37,2.49,0.00,-0.48,9.77,0.45,0.90,4.34,3.58,0.20,0.68,0.00,32
9420,2,82.79,3.97,84.08,1.22,2.14,0.00,-0.46,9.80,1.11,1.43,4.16,3.56,0.23,1.27,0.00,32
9440,2,83.01,5.46,84.24,1.11,1.80,0.00,-0.41,9.85,1.85,1.59,4.04,3.55,0.27,1.72,0.00,32
9459,2,83.01,4.03,84.40,1.23,2.14,0.00,-0.35,9.90,2.05,1.91,3.98,3.54,0.33,1.98,0.00,32
9480,2,82.84,0.04,84.56,1.51,2.94,0.00,-0.30,9.95,1.24,1.38,3.95,3.54,0.38,1.31,0.00,32
9500,2,82.62,-3.09,84.72,1.89,3.98,0.00,-0.27,9.99,0.79,1.16,3.93,3.54,0.42,0.98,0.00,32
9520,2,82.69,-1.55,84.88,2.08,4.34,0.00,-0.24,10.03,1.34,1.39,3.93,3.54,0.45,1.37,0.00,32
9540,2,83.04,3.57,85.04,1.93,3.68,0.00,-0.19,10.08,2.14,2.02,3.92,3.54,0.51,2.08,0.00,32
9560,2,83.45,7.74,85.20,1.69,2.84,0.00,-0.11,10.15,2.90,2.52,3.92,3.54,0.58,2.71,0.00,32
9580,2,83.73,8.97,85.36,1.53,2.36,0.00,-0.02,10.23,2.89,2.76,3.92,3.54,0.67,2.82,0.00,32
9599,2,83.72,6.45,85.52,1.64,2.77,0.00,0.06,10.32,2.42,2.49,3.92,3.54,0.75,2.45,0.00,32
9620,2,83.36,-1.29,85.68,2.08,4.13,0.00,0.12,10.38,1.84,1.94,3.92,3.54,0.81,1.89,0.00,32
9640,2,83.14,-4.54,85.84,2.51,5.35,0.00,0.17,10.43,1.47,1.30,3.92,3.54,0.86,1.38,0.00,32
9660,2,83.19,-3.16,86.00,2.68,5.66,0.00,0.22,10.48,1.85,1.90,3.92,3.54,0.91,1.87,0.00,32
9680,2,83.50,2.02,86.16,2.60,5.15,0.00,0.29,10.55,2.98,2.86,3.92,3.54,0.98,2.92,0.00,32
9700,2,83.93,7.39,86.32,2.34,4.18,0.00,0.39,10.65,3.56,3.55,3.92,3.54,1.08,3.55,0.00,32
9719,2,84.19,9.43,86.48,2.14,3.52,0.00,0.51,10.76,3.65,3.66,3.92,3.54,1.19,3.65,0.00,32
9740,2,84.37,8.65,86.64,2.13,3.53,0.00,0.61,10.87,3.37,3.39,3.92,3.54,1.30,3.38,0.00,32
9761,2,84.23,4.42,86.80,2.42,4.48,0.00,0.71,10.96,2.79,2.66,3.92,3.54,1.39,2.72,0.00,32
9780,2,84.04,0.94,86.96,2.72,5.31,0.00,0.78,11.04,2.29,2.29,3.92,3.54,1.47,2.29,0.00,32
9800,2,84.09,1.72,87.12,2.91,5.73,0.00,0.84,11.11,2.22,2.51,3.92,3.54,1.53,2.36,0.00,32
9820,2,84.50,7.31,87.28,2.74,5.01,0.00,0.92,11.19,2.85,3.03,3.92,3.54,1.61,2.94,0.00,32
9840,2,85.04,13.42,87.44,2.39,3.82,0.00,1.02,11.29,3.72,3.45,3.92,3.54,1.71,3.59,0.00,32
9859,2,85.43,16.67,87.60,2.01,2.68,0.00,1.14,11.39,3.97,3.65,3.92,3.54,1.83,3.81,0.00,32
9880,2,85.80,16.49,87.76,1.83,2.29,0.00,1.25,11.50,3.38,3.30,3.92,3.54,1.93,3.34,0.00,32
9900,2,85.73,11.13,87.92,2.00,3.01,0.00,1.34,11.59,2.43,2.62,3.92,3.54,2.02,2.52,0.00,32
9920,2,85.54,5.40,88.08,2.33,4.11,0.00,1.39,11.65,1.44,1.89,3.92,3.54,2.08,1.67,0.00,32
9940,2,85.55,3.88,88.24,2.55,4.79,0.00,1.44,11.71,1.37,1.65,3.92,3.54,2.13,1.51,0.00,32
9960,2,85.88,7.45,88.40,2.47,4.44,0.00,1.49,11.76,2.20,2.11,3.92,3.54,2.18,2.15,0.00,32
9978,2,86.25,11.22,88.56,2.15,3.40,0.00,1.57,11.84,3.04,2.79,3.92,3.54,2.26,2.92,0.00,32
10000,2,86.82,14.90,88.72,1.84,2.53,0.00,1.67,11.93,3.33,3.10,3.92,3.54,2.36,3.21,0.00,32
10020,2,87.08,14.47,88.88,1.70,2.21,0.00,1.77,12.02,2.94,2.92,3.92,3.54,2.45,2.93,0.00,32
10040,2,87.01,9.29,89.04,1.82,2.78,0.00,1.85,12.10,2.29,2.35,3.92,3.54,2.53,2.32,0.00,32
10060,2,86.69,2.14,89.20,2.26,4.20,0.00,1.90,12.16,1.61,1.70,3.92,3.54,2.59,1.66,0.00,32
10080,2,86.57,-0.14,89.36,2.64,5.28,0.00,1.94,12.20,1.30,1.38,3.92,3.54,2.63,1.34,0.00,32
10099,2,86.83,3.81,89.52,2.53,4.76,0.00,1.99,12.25,2.15,1.89,3.92,3.54,2.68,2.02,0.00,32
10120,2,87.53,12.45,89.68,2.15,3.45,0.00,2.07,12.33,3.13,3.07,3.92,3.54,2.76,3.10,0.00,32
10140,2,88.14,17.63,89.84,1.69,2.05,0.00,2.17,12.43,3.39,3.42,3.92,3.54,2.86,3.40,0.00,32
10160,2,88.49,17.81,90.00,1.41,1.37,0.00,2.27,12.53,3.21,3.27,3.92,3.54,2.96,3.24,0.00,32
10180,2,88.29,10.34,90.16,1.64,2.29,0.00,2.36,12.63,2.36,2.33,3.92,3.54,3.05,2.35,0.00,32
10200,2,87.91,2.26,90.32,2.15,3.97,0.00,2.41,12.68,1.09,1.11,3.92,3.54,3.10,1.10,0.00,32
10220,2,87.71,-0.81,90.48,2.59,5.22,0.00,2.43,12.70,0.79,0.63,3.92,3.54,3.13,0.71,0.00,32
10239,2,87.92,2.74,90.64,2.56,4.91,0.00,2.47,12.74,1.78,1.63,3.92,3.54,3.16,1.70,0.00,32
10260,2,88.82,14.58,90.80,1.83,2.49,0.00,2.54,12.81,2.90,2.89,3.92,3.54,3.23,2.89,0.00,32
10280,2,89.62,22.39,90.96,1.38,1.12,0.00,2.65,12.91,3.57,3.47,3.92,3.54,3.34,3.52,0.00,32
10300,2,90.17,24.16,91.12,0.90,-0.13,0.00,2.75,13.01,3.26,3.24,3.92,3.54,3.44,3.25,0.00,32
10320,2,89.90,13.79,91.28,1.09,0.80,0.00,2.83,13.10,1.99,2.28,3.92,3.54,3.52,2.14,0.00,32
10340,2,89.40,3.22,91.44,1.77,3.12,0.00,2.86,13.13,0.23,0.29,3.92,3.54,3.55,0.26,0.00,32
10359,2,89.29,1.28,91.60,2.15,4.20,0.00,2.86,13.13,0.20,0.15,3.92,3.54,3.55,0.18,0.00,32
10380,2,89.59,5.83,91.76,2.11,3.86,0.00,2.88,13.15,1.10,0.79,3.92,3.54,3.57,0.94,0.00,32
10400,2,90.38,16.14,92.00,1.61,2.16,0.00,2.93,13.19,2.12,1.95,3.92,3.54,0.00,2.03,0.08,224
10420,2,91.36,25.95,92.16,0.88,-0.15,0.00,3.01,13.27,2.86,2.88,3.92,3.54,0.08,2.87,0.16,224
10440,2,91.99,28.10,92.24,0.28,-1.69,0.00,3.09,13.36,2.73,2.79,3.92,3.54,0.16,2.76,0.24,224
10460,2,91.77,17.92,92.17,0.40,-0.82,0.00,3.15,13.42,1.19,1.38,3.92,3.54,0.23,1.29,0.17,224
10480,2,91.58,10.75,92.09,0.55,0.12,0.00,3.16,13.42,-0.43,-0.40,3.92,3.54,0.23,-0.41,0.09,224
10498,2,91.50,7.84,92.01,0.59,0.56,0.00,3.14,13.41,-0.69,-0.65,3.92,3.54,0.21,-0.67,0.01,32
10520,2,91.81,10.18,91.96,0.32,-0.08,0.00,3.12,13.39,-0.29,-0.61,3.92,3.54,0.19,-0.45,-0.04,32
10540,2,92.22,13.93,92.04,-0.15,-1.34,0.00,3.12,13.39,0.25,0.22,3.92,3.54,0.19,0.23,0.04,32
10560,2,92.63,16.47,92.04,-0.49,-2.25,0.00,3.13,13.39,0.13,0.23,3.92,3.54,0.20,0.18,0.04,32
10580,2,92.95,17.02,92.01,-0.84,-3.03,0.00,3.13,13.40,-0.17,-0.06,3.92,3.54,0.20,-0.12,0.01,32
10600,2,93.17,15.78,91.95,-1.12,-3.55,0.00,3.12,13.38,-0.56,-0.62,3.92,3.54,0.19,-0.59,-0.05,32
10618,2,93.12,12.16,91.87,-1.16,-3.30,0.00,3.08,13.35,-1.41,-1.43,3.92,3.54,0.16,-1.42,-0.13,224
10640,2,92.96,6.59,91.79,-1.13,-2.87,0.00,3.03,13.30,-2.04,-2.12,3.92,3.54,0.11,-2.08,-0.21,224
10660,2,92.94,5.06,91.77,-1.14,-2.71,0.00,2.96,13.23,-2.32,-2.24,3.92,3.54,0.04,-2.28,-0.23,224
10680,2,93.16,7.57,91.79,-1.32,-3.17,0.00,2.90,13.16,-2.08,-2.10,3.92,3.54,-0.03,-2.09,-0.21,224
10700,2,93.58,12.09,91.83,-1.68,-4.23,0.00,2.84,13.11,-1.85,-1.89,3.92,3.54,-0.09,-1.87,-0.17,224
10720,2,93.99,15.23,91.86,-2.07,-5.31,0.00,2.78,13.05,-1.59,-1.70,3.92,3.54,-0.14,-1.65,-0.14,224
10739,2,94.22,15.85,91.82,-2.37,-6.00,0.00,2.73,13.00,-2.04,-1.90,3.92,3.54,-0.20,-1.97,-0.18,224
10760,2,94.37,13.38,91.74,-2.55,-6.23,0.00,2.65,12.92,-2.74,-2.76,3.92,3.54,-0.27,-2.75,-0.26,224
10780,2,94.39,10.59,91.66,-2.64,-6.18,0.00,2.56,12.83,-3.44,-3.47,3.92,3.54,-0.37,-3.46,-0.34,224
10800,2,94.43,9.06,91.61,-2.75,-6.25,0.00,2.44,12.71,-3.87,-3.90,3.92,3.54,-0.48,-3.89,-0.39,224
10820,2,94.62,9.99,91.59,-2.96,-6.70,0.00,2.32,12.59,-4.05,-3.99,3.92,3.54,-0.60,-4.02,-0.41,224
10840,2,94.91,12.28,91.58,-3.25,-7.42,0.00,2.20,12.46,-4.04,-3.97,3.92,3.54,-0.73,-4.00,-0.42,224
10860,2,95.32,15.34,91.59,-3.64,-8.44,0.00,2.08,12.34,-4.05,-4.04,3.92,3.54,-0.85,-4.04,-0.41,224
10880,2,95.59,16.71,91.57,-4.00,-9.35,0.00,1.95,12.21,-4.43,-4.26,3.92,3.54,-0.98,-4.34,-0.43,224
10900,2,95.90,16.36,91.55,-4.28,-9.89,0.00,1.81,12.07,-4.87,-4.86,3.92,3.54,-1.12,-4.87,-0.45,224
10920,2,96.08,15.07,91.51,-4.49,-10.21,0.00,1.65,11.91,-5.54,-5.50,3.92,3.54,-1.28,-5.52,-0.49,224
10940,2,96.21,13.83,91.48,-4.66,-10.45,0.00,1.47,11.74,-6.14,-5.98,3.92,3.54,-1.45,-6.06,-0.52,224
10960,2,96.35,13.12,91.46,-4.83,-10.71,0.00,1.28,11.55,-6.49,-6.50,3.92,3.54,-1.64,-6.49,-0.54,224
10980,2,96.65,14.61,91.48,-5.12,-11.37,0.00,1.08,11.35,-6.59,-6.62,3.92,3.54,-1.84,-6.60,-0.52,224
10999,2,96.94,16.42,91.49,-5.46,-12.23,0.00,0.88,11.14,-6.77,-6.90,3.92,3.54,-2.05,-6.83,-0.51,224
11020,2,97.49,19.71,91.57,-5.89,-13.31,0.00,0.67,10.94,-7.04,-6.88,3.92,3.54,-2.26,-6.96,-0.43,224
11040,2,97.87,20.50,91.61,-6.22,-14.07,0.00,0.45,10.72,-7.35,-7.45,3.92,3.54,-2.47,-7.40,-0.39,224
11060,2,98.17,20.32,91.64,-6.48,-14.57,0.00,0.22,10.48,-8.14,-8.06,3.92,3.54,-2.71,-8.10,-0.36,224
11080,2,98.44,19.75,91.67,-6.74,-15.07,0.00,-0.04,10.22,-8.70,-8.66,3.92,3.54,-2.97,-8.68,-0.33,224
11100,2,98.71,19.14,91.72,-6.97,-15.48,0.00,-0.31,9.96,-9.06,-9.16,3.92,3.54,-3.24,-9.11,-0.28,224
11121,2,98.99,18.95,91.77,-7.28,-16.07,0.00,-0.59,9.67,-9.53,-9.61,3.92,3.54,-3.52,-9.57,-0.23,224
11138,2,99.37,21.37,91.85,-7.60,-16.90,0.00,-0.89,9.38,-9.94,-9.90,3.92,3.54,-3.81,-9.92,-0.15,224
11161,2,100.11,26.05,91.93,-8.25,-18.59,0.00,-1.19,9.07,-9.94,-10.10,3.92,3.54,-4.12,-10.02,-0.07,224
11178,2,100.62,28.96,92.00,-8.69,-19.69,0.00,-1.50,8.77,-10.45,-10.46,3.92,3.54,-4.43,-10.46,-0.00,32
11200,2,101.42,31.81,92.00,-9.26,-21.05,0.00,-1.83,8.43,-11.21,-10.99,3.92,3.54,-4.76,-11.10,-0.00,32
11220,2,101.90,31.30,92.00,-9.78,-22.09,0.00,-2.18,8.09,-12.11,-11.85,3.92,3.54,-5.10,-11.98,-0.00,32
11240,2,102.29,28.74,92.00,-10.20,-22.76,0.00,-2.55,7.71,-12.99,-12.87,3.92,3.54,-5.48,-12.93,-0.00,32
11258,2,102.46,24.00,92.00,-10.46,-22.83,0.00,-2.96,7.31,-13.86,-13.85,3.92,3.54,-5.89,-13.85,-0.00,32
11281,2,102.23,7.78,92.00,-10.23,-21.09,0.00,-3.39,6.88,-14.54,-14.46,3.92,3.54,-6.32,-14.50,-0.00,32
11300,2,101.23,-14.62,92.00,-9.51,-18.26,0.00,-3.84,6.43,-14.94,-15.05,3.91,3.54,-6.76,-14.99,-0.00,32
11320,2,100.03,-33.04,92.00,-8.33,-14.36,0.00,-4.29,5.97,-15.02,-14.71,3.91,3.54,-7.22,-14.87,-0.00,32
11340,2,98.88,-46.24,91.92,-7.15,-10.82,0.00,-4.73,5.55,-14.00,-13.49,3.91,3.54,-7.65,-13.74,-0.08,224
11360,2,98.32,-45.90,91.84,-6.50,-9.28,0.00,-5.11,5.16,-11.49,-12.04,3.91,3.54,-8.03,-11.77,-0.16,224
11379,2,98.24,-39.44,91.76,-6.40,-9.65,0.00,-5.42,4.84,-9.27,-9.53,3.91,3.54,-8.35,-9.40,-0.24,224
11400,2,98.52,-25.67,91.68,-6.68,-11.11,0.00,-5.66,4.59,-7.28,-7.22,3.91,3.54,-8.59,-7.25,-0.32,224
11420,2,98.65,-19.22,91.60,-6.97,-12.32,0.00,-5.87,4.39,-6.28,-6.28,3.91,3.54,-8.80,-6.28,-0.40,224
11440,2,97.99,-24.90,91.52,-6.62,-11.43,0.00,-6.06,4.20,-6.91,-6.58,3.92,3.54,-8.99,-6.74,-0.48,224
11460,2,96.68,-36.54,91.44,-5.50,-8.32,0.00,-6.29,3.98,-8.06,-7.81,3.92,3.54,-9.22,-7.94,-0.56,224
11480,2,95.28,-47.42,91.36,-4.19,-4.77,0.00,-6.54,3.73,-8.26,-8.34,3.92,3.54,-9.46,-8.30,-0.64,224
11500,2,94.39,-48.04,91.28,-3.20,-2.52,0.00,-6.79,3.48,-7.82,-7.88,3.92,3.54,-9.71,-7.85,-0.72,224
11519,2,94.18,-43.95,91.20,-2.90,-2.29,0.00,-6.99,3.27,-5.59,-5.60,3.92,3.54,-9.92,-5.60,-0.80,224
11538,2,94.34,-33.74,91.12,-3.14,-3.58,0.00,-7.11,3.15,-2.85,-3.25,3.92,3.54,-10.04,-3.05,-0.88,224
11560,2,94.62,-23.45,91.04,-3.47,-4.96,0.00,-7.18,3.08,-1.92,-1.71,3.92,3.54,-10.11,-1.82,-0.96,224
11580,2,94.04,-26.95,90.96,-3.20,-4.36,0.00,-7.23,3.04,-1.62,-1.46,3.92,3.54,-10.16,-1.54,-1.04,224
11600,2,92.83,-37.13,90.88,-2.21,-1.68,0.00,-7.29,2.97,-2.58,-2.76,3.92,3.54,-10.22,-2.67,-1.12,224
11620,2,91.53,-45.34,90.80,-0.96,1.58,0.00,-7.39,2.87,-3.62,-3.70,3.92,3.54,-10.32,-3.66,-1.20,224
11639,2,90.85,-45.37,90.72,-0.05,3.54,0.00,-7.50,2.76,-3.28,-3.26,3.92,3.54,-10.43,-3.27,-1.28,224
11660,2,91.04,-27.56,90.64,-0.20,2.13,0.00,-7.57,2.69,-1.17,-0.97,3.92,3.54,-10.50,-1.07,-1.36,224
11678,2,91.52,-14.76,90.56,-0.89,-0.59,0.00,-7.56,2.71,1.07,1.16,3.92,3.54,-10.48,1.11,-1.44,224
11698,2,92.19,-1.71,90.48,-1.63,-3.13,0.00,-7.51,2.76,1.69,2.00,3.92,3.54,-10.44,1.85,-1.52,224
11720,2,92.05,-3.61,90.40,-1.72,-3.31,0.00,-7.46,2.80,1.45,0.56,3.92,3.54,-10.39,1.01,-1.60,224
11740,2,91.37,-12.35,90.32,-1.16,-1.52,0.00,-7.46,2.79,-0.73,-0.81,3.92,3.54,-10.39,-0.77,-1.68,224
11760,2,90.44,-21.92,90.24,-0.36,0.85,0.00,-7.50,2.75,-1.89,-1.78,3.92,3.54,-10.43,-1.83,-1.76,224
11777,2,89.83,-25.87,90.16,0.41,2.89,0.00,-7.56,2.69,-2.09,-1.89,3.92,3.54,-10.49,-1.99,-1.84,224
11800,2,89.53,-20.41,90.08,0.67,3.17,0.00,-7.62,2.65,-1.34,-1.15,3.92,3.54,-10.55,-1.24,-1.92,224
11820,2,90.02,-6.97,90.00,0.20,1.22,0.00,-7.61,2.64,0.64,0.32,3.92,3.54,-10.55,0.48,-2.00,224
11840,2,90.72,5.63,89.92,-0.54,-1.30,0.00,-7.58,2.69,1.81,1.63,3.92,3.54,-10.50,1.72,-2.08,224
11860,2,91.26,12.26,89.84,-1.24,-3.37,0.00,-7.52,2.74,1.80,1.78,3.92,3.54,-10.45,1.79,-2.16,224
11880,2,91.09,6.63,89.76,-1.34,-3.38,0.00,-7.48,2.78,0.28,0.30,3.92,3.54,-10.41,0.29,-2.24,224
11898,2,90.64,-1.26,89.68,-0.88,-1.65,0.00,-7.50,2.77,-1.08,-1.08,3.92,3.54,-10.42,-1.08,-2.32,224
11920,2,89.74,-12.77,89.60,-0.24,0.37,0.00,-7.54,2.72,-1.92,-1.96,3.92,3.54,-10.47,-1.94,-2.40,224
11940,2,89.23,-16.03,89.52,0.26,1.78,0.00,-7.60,2.66,-1.99,-1.98,3.92,3.54,-10.53,-1.99,-2.48,224
11960,2,89.43,-8.45,89.44,0.22,1.33,0.00,-7.65,2.61,-1.32,-1.28,3.92,3.54,-10.58,-1.30,-2.56,224
11980,2,89.98,2.39,89.36,-0.39,-0.76,0.00,-7.66,2.60,0.43,0.34,3.92,3.54,-10.59,0.39,-2.64,240
12000,2,90.55,9.95,89.28,-1.07,-2.82,0.00,-7.63,2.63,1.07,1.10,3.92,3.54,-10.56,1.08,-2.72,224
12019,2,90.52,7.71,89.20,-1.24,-3.09,0.00,-7.60,2.66,0.60,0.63,3.92,3.54,-10.53,0.62,-2.80,224
12039,2,90.29,2.34,89.12,-1.09,-2.36,0.00,-7.61,2.65,-0.74,-0.70,3.92,3.54,-10.54,-0.72,-2.88,224
12060,2,89.59,-7.79,89.04,-0.63,-0.78,0.00,-7.65,2.61,-1.53,-1.53,3.92,3.54,-10.58,-1.53,-2.96,224
12080,2,89.08,-12.64,88.96,-0.16,0.63,0.00,-7.70,2.56,-2.07,-1.99,3.92,3.54,-10.63,-2.03,-3.04,224
12100,2,88.86,-11.87,88.88,0.06,1.11,0.00,-7.76,2.50,-1.60,-1.66,3.92,3.54,-10.69,-1.63,-3.12,224
12120,2,89.19,-3.54,88.80,-0.19,0.10,0.00,-7.79,2.47,-0.17,-0.15,3.92,3.54,-10.72,-0.16,-3.20,240
12140,2,89.53,2.27,88.72,-0.64,-1.37,0.00,-7.78,2.48,0.47,0.48,3.92,3.54,-10.71,0.47,-3.28,224
12159,2,89.67,3.62,88.64,-0.95,-2.19,0.00,-7.77,2.49,0.36,0.22,3.92,3.54,-10.70,0.29,-3.36,224
12180,2,89.60,0.97,88.56,-0.97,-2.01,0.00,-7.76,2.50,-0.15,-0.16,3.92,3.54,-10.69,-0.16,-3.44,224
12198,2,89.46,-1.81,88.48,-0.90,-1.65,0.00,-7.78,2.48,-0.82,-0.86,3.92,3.54,-10.71,-0.84,-3.52,224
12220,2,88.80,-10.12,88.40,-0.46,-0.24,0.00,-7.81,2.45,-1.34,-1.20,3.92,3.54,-10.74,-1.27,-3.60,224
12240,2,88.35,-13.38,88.32,-0.05,0.93,0.00,-7.86,2.41,-1.60,-1.50,3.92,3.54,-10.78,-1.55,-3.68,224
12260,2,88.40,-8.58,88.24,-0.02,0.78,0.00,-7.90,2.36,-1.24,-1.15,3.92,3.54,-10.83,-1.19,-3.76,224
12279,2,88.55,-4.38,88.16,-0.31,-0.26,0.00,-7.91,2.35,0.17,0.21,3.92,3.54,-10.84,0.19,-3.84,224
12300,2,88.72,-0.76,88.08,-0.52,-0.95,0.00,-7.90,2.36,0.34,0.38,3.92,3.54,-10.83,0.36,-3.92,240
12320,2,88.68,-1.19,88.00,-0.63,-1.19,0.00,-7.89,2.37,0.11,0.32,3.92,3.54,-10.82,0.21,-4.00,224
12340,2,88.43,-4.63,87.92,-0.50,-0.70,0.00,-7.89,2.37,-0.18,-0.14,3.92,3.54,-10.82,-0.16,-4.08,224
12360,2,88.17,-6.95,87.84,-0.31,-0.09,0.00,-7.90,2.36,-0.52,-0.72,3.92,3.54,-10.83,-0.62,-4.16,224
12380,2,87.86,-9.08,87.76,-0.10,0.49,0.00,-7.92,2.34,-0.54,-0.50,3.92,3.54,-10.85,-0.52,-4.24,224
12400,2,87.79,-7.51,87.68,-0.02,0.63,0.00,-7.93,2.32,-0.67,-0.55,3.92,3.54,-10.87,-0.61,-4.32,224
12418,2,87.82,-5.33,87.60,-0.15,0.14,0.00,-7.95,2.31,0.02,0.03,3.92,3.54,-10.88,0.03,-4.40,224
12440,2,87.85,-3.08,87.52,-0.25,-0.22,0.00,-7.94,2.32,0.18,0.27,3.92,3.54,-10.87,0.23,-4.48,240
12460,2,87.83,-2.23,87.44,-0.32,-0.45,0.00,-7.94,2.33,0.16,0.18,3.92,3.54,-10.86,0.17,-4.56,240
12480,2,87.75,-2.77,87.36,-0.33,-0.46,0.00,-7.93,2.33,0.08,0.06,3.92,3.54,-10.86,0.07,-4.64,240
12500,2,87.58,-4.22,87.28,-0.27,-0.23,0.00,-7.93,2.33,-0.14,-0.10,3.92,3.54,-10.86,-0.12,-4.72,224
12520,2,87.42,-5.31,87.20,-0.18,0.06,0.00,-7.94,2.32,-0.27,-0.33,3.92,3.54,-10.87,-0.30,-4.80,224
12538,2,87.34,-5.33,87.12,-0.14,0.14,0.00,-7.94,2.31,-0.18,-0.28,3.92,3.54,-10.88,-0.23,-4.88,224
12560,2,87.20,-5.48,87.04,-0.11,0.21,0.00,-7.95,2.31,-0.12,-0.00,3.92,3.54,-10.88,-0.06,-4.96,224
12580,2,87.09,-5.55,86.96,-0.08,0.29,0.00,-7.95,2.31,-0.07,-0.05,3.92,3.54,-10.88,-0.06,-5.04,224
12600,2,86.98,-5.59,86.88,-0.05,0.35,0.00,-7.95,2.31,-0.02,-0.03,3.92,3.54,-10.88,-0.03,-5.12,224
12620,2,86.88,-5.34,86.80,-0.03,0.38,0.00,-7.95,2.31,0.08,0.06,3.92,3.54,-10.88,0.07,-5.20,224
12640,2,86.80,-5.02,86.72,-0.02,0.37,0.00,-7.95,2.31,0.17,0.08,3.92,3.54,-10.88,0.12,-5.28,224
12659,2,86.73,-4.92,86.64,-0.01,0.38,0.00,-7.94,2.31,0.11,0.14,3.92,3.54,-10.87,0.13,-5.36,224
12680,2,86.64,-4.42,86.56,-0.01,0.34,0.00,-7.94,2.32,0.20,0.27,3.92,3.54,-10.87,0.23,-5.44,224
12700,2,86.59,-3.87,86.48,-0.04,0.23,0.00,-7.93,2.33,0.25,0.33,3.92,3.54,-10.86,0.29,-5.52,240
12720,2,86.47,-4.47,86.40,-0.03,0.28,0.00,-7.92,2.34,0.37,0.27,3.92,3.54,-10.85,0.32,-5.60,224
12740,2,86.30,-5.63,86.32,0.06,0.55,0.00,-7.91,2.35,0.22,0.09,3.92,3.54,-10.84,0.16,-5.68,224
12760,2,86.13,-6.37,86.24,0.14,0.79,0.00,-7.91,2.35,0.12,0.05,3.92,3.54,-10.84,0.09,-5.76,224
12780,2,85.98,-6.84,86.16,0.22,0.99,0.00,-7.90,2.35,0.12,0.20,3.92,3.54,-10.84,0.16,-5.84,224
12800,2,85.92,-6.18,86.08,0.24,0.97,0.00,-7.90,2.36,0.18,0.29,3.92,3.54,-10.83,0.24,-5.92,224
12820,2,85.97,-3.51,86.00,0.13,0.59,0.00,-7.89,2.37,0.54,0.57,3.92,3.54,-10.82,0.55,-6.00,240
12840,2,85.86,-3.95,86.00,0.10,0.49,0.00,-7.87,2.40,0.86,0.70,3.92,3.54,-10.80,0.78,-6.00,240
12860,2,85.72,-5.12,86.00,0.24,0.86,0.00,-7.85,2.41,0.46,0.55,3.92,3.54,-10.78,0.50,-6.00,224
12880,2,85.52,-6.72,86.08,0.43,1.35,0.00,-7.83,2.43,0.36,0.44,3.92,3.54,-10.76,0.40,-5.92,224
12898,2,85.31,-8.31,86.16,0.77,2.20,0.00,-7.82,2.44,0.40,0.20,3.92,3.54,-10.75,0.30,-5.84,224
12920,2,85.22,-6.71,86.24,0.95,2.51,0.00,-7.81,2.44,0.41,0.38,3.92,3.54,-10.74,0.39,-5.76,224
12940,2,85.37,-2.85,86.32,0.91,2.11,0.00,-7.79,2.47,1.04,1.16,3.92,3.54,-10.72,1.10,-5.68,224
12959,2,85.48,-0.52,86.39,0.83,1.71,0.00,-7.75,2.51,1.46,1.57,3.92,3.54,-10.68,1.52,-5.60,224
12980,2,85.64,1.65,86.35,0.77,1.42,0.00,-7.70,2.56,1.65,1.65,3.92,3.54,-10.63,1.65,-5.65,224
13000,2,85.61,0.95,86.30,0.73,1.36,0.00,-7.66,2.60,1.48,1.41,3.92,3.54,-10.59,1.45,-5.70,224
13020,2,85.38,-2.45,86.38,0.86,1.84,0.00,-7.62,2.64,1.14,1.08,3.92,3.54,-10.55,1.11,-5.62,224
13039,2,85.19,-4.85,86.46,1.19,2.77,0.00,-7.59,2.67,0.88,0.93,3.92,3.54,-10.52,0.90,-5.54,224
13060,2,85.03,-5.64,86.54,1.42,3.30,0.00,-7.57,2.69,0.78,0.86,3.92,3.54,-10.50,0.82,-5.46,224
13080,2,85.10,-2.99,86.62,1.48,3.27,0.00,-7.53,2.73,1.28,1.22,3.92,3.54,-10.46,1.25,-5.38,224
13100,2,85.30,0.52,86.70,1.38,2.78,0.00,-7.48,2.78,1.86,1.81,3.92,3.54,-10.41,1.84,-5.30,224
13122,2,85.50,3.03,86.70,1.20,2.17,0.00,-7.42,2.84,2.31,2.30,3.92,3.54,-10.35,2.30,-5.30,224
13138,2,85.53,2.67,86.65,1.17,2.13,0.00,-7.35,2.91,2.02,2.06,3.92,3.54,-10.28,2.04,-5.35,224
13160,2,85.40,-0.27,86.68,1.21,2.37,0.00,-7.28,2.97,1.62,1.83,3.92,3.54,-10.22,1.72,-5.32,224
13178,2,85.22,-3.03,86.76,1.46,3.17,0.00,-7.25,3.01,1.42,1.41,3.92,3.54,-10.18,1.41,-5.24,224
13201,2,84.98,-5.53,86.84,1.78,4.00,0.00,-7.20,3.06,1.33,1.22,3.92,3.54,-10.13,1.27,-5.16,224
13220,2,84.89,-5.40,86.92,1.93,4.31,0.00,-7.16,3.10,1.52,1.47,3.92,3.54,-10.09,1.50,-5.08,224
13240,2,84.98,-2.84,87.00,1.98,4.25,0.00,-7.10,3.16,2.10,2.21,3.92,3.54,-10.03,2.16,-5.00,224
13260,2,85.16,0.25,87.08,1.89,3.82,0.00,-7.03,3.23,2.56,2.57,3.92,3.54,-9.96,2.57,-4.92,224
13280,2,85.28,1.71,87.16,1.82,3.52,0.00,-6.95,3.31,2.75,2.79,3.92,3.54,-9.88,2.77,-4.84,224
13299,2,85.25,0.95,87.24,1.91,3.74,0.00,-6.86,3.40,2.67,2.73,3.92,3.54,-9.79,2.70,-4.76,224
13320,2,85.10,-1.49,87.32,2.10,4.28,0.00,-6.78,3.48,2.39,2.51,3.92,3.54,-9.71,2.45,-4.68,224
13340,2,85.03,-2.13,87.40,2.28,4.72,0.00,-6.71,3.55,2.26,2.26,3.92,3.54,-9.64,2.26,-4.60,224
13360,2,85.10,-0.81,87.48,2.33,4.77,0.00,-6.64,3.62,2.58,2.39,3.92,3.54,-9.57,2.48,-4.52,224
13380,2,85.25,1.30,87.56,2.27,4.48,0.00,-6.55,3.70,2.99,2.70,3.92,3.54,-9.49,2.85,-4.44,224
13400,2,85.40,2.78,87.56,2.20,4.19,0.00,-6.46,3.79,3.11,3.00,3.92,3.54,-9.40,3.05,-4.43,224
13420,2,85.42,2.09,87.57,2.14,4.08,0.00,-6.37,3.88,3.14,3.17,3.92,3.54,-9.30,3.15,-4.43,224
13439,2,85.33,-0.00,87.65,2.24,4.48,0.00,-6.27,3.98,3.03,3.11,3.92,3.54,-9.21,3.07,-4.35,224
13460,2,84.99,-5.07,87.73,2.58,5.49,0.00,-6.19,4.07,2.57,2.77,3.92,3.54,-9.12,2.67,-4.27,224
13480,2,84.83,-6.37,87.81,2.88,6.26,0.00,-6.12,4.15,2.62,2.70,3.92,3.54,-9.04,2.66,-4.19,224
13500,2,84.88,-4.55,87.89,2.95,6.30,0.00,-6.03,4.24,3.25,3.01,3.92,3.54,-8.96,3.13,-4.11,224
13520,2,85.10,-1.11,87.97,2.85,5.87,0.00,-5.92,4.34,3.98,3.71,3.92,3.54,-8.85,3.84,-4.03,224
13540,2,85.02,-1.93,88.05,2.92,5.98,0.00,-5.79,4.45,4.23,4.01,3.92,3.54,-8.73,4.12,-3.95,224
13559,2,84.89,-3.13,88.13,3.16,6.56,0.00,-5.68,4.58,3.58,4.10,3.92,3.54,-8.61,3.84,-3.87,224
13580,2,84.73,-4.77,88.21,3.38,7.13,0.00,-5.57,4.70,3.65,3.99,3.92,3.54,-8.49,3.82,-3.79,224
13601,2,84.65,-5.08,88.29,3.56,7.53,0.00,-5.45,4.82,4.10,3.94,3.92,3.54,-8.37,4.02,-3.71,224
13620,2,84.69,-3.08,88.37,3.62,7.52,0.00,-5.32,4.95,4.50,4.19,3.92,3.54,-8.24,4.34,-3.63,224
13640,2,84.82,-0.17,88.45,3.59,7.24,0.00,-5.17,5.08,4.79,4.58,3.92,3.54,-8.11,4.68,-3.55,224
13660,2,84.96,2.14,88.53,3.52,6.91,0.00,-5.03,5.22,4.90,5.05,3.92,3.54,-7.96,4.97,-3.47,224
13680,2,85.03,3.21,88.61,3.51,6.78,0.00,-4.88,5.38,4.73,5.07,3.92,3.54,-7.81,4.90,-3.39,224
13699,2,85.09,3.96,88.69,3.52,6.73,0.00,-4.74,5.52,4.72,4.79,3.92,3.54,-7.67,4.75,-3.31,224
13720,2,85.15,4.52,88.77,3.55,6.75,0.00,-4.60,5.66,4.77,4.39,3.92,3.54,-7.53,4.58,-3.23,224
13740,2,85.27,5.83,88.85,3.53,6.63,0.00,-4.46,5.79,4.46,4.34,3.92,3.54,-7.39,4.40,-3.15,224
13760,2,85.46,7.61,88.93,3.45,6.32,0.00,-4.32,5.93,4.37,4.46,3.92,3.54,-7.26,4.42,-3.07,224
13780,2,85.69,9.44,88.85,3.29,5.86,0.00,-4.19,6.07,4.35,4.55,3.92,3.54,-7.12,4.45,-3.15,224
13800,2,85.93,10.89,88.77,2.98,5.12,0.00,-4.06,6.20,4.27,4.50,3.92,3.54,-6.99,4.38,-3.23,224
13818,2,86.09,11.49,88.69,2.69,4.46,0.00,-3.93,6.33,4.26,4.19,3.92,3.54,-6.86,4.23,-3.31,224
13840,2,86.27,11.13,88.61,2.45,3.99,0.00,-3.80,6.45,4.10,3.91,3.92,3.54,-6.73,4.00,-3.39,224
13860,2,86.22,8.37,88.53,2.38,4.03,0.00,-3.69,6.56,3.51,3.32,3.92,3.54,-6.62,3.41,-3.47,224
13880,2,86.13,5.95,88.45,2.38,4.25,0.00,-3.60,6.66,2.76,2.81,3.92,3.54,-6.53,2.79,-3.55,224
13900,2,86.12,5.06,88.37,2.34,4.26,0.00,-3.52,6.74,2.46,2.67,3.92,3.54,-6.45,2.57,-3.63,224
13920,2,86.32,6.98,88.29,2.12,3.74,0.00,-3.44,6.82,2.64,2.82,3.92,3.54,-6.37,2.73,-3.71,224
13939,2,86.54,8.86,88.21,1.75,2.80,0.00,-3.36,6.91,3.01,2.95,3.92,3.54,-6.28,2.98,-3.79,224
13959,2,86.76,9.38,88.13,1.46,2.16,0.00,-3.27,7.00,2.93,2.84,3.92,3.54,-6.19,2.88,-3.87,224
13980,2,86.75,5.86,88.05,1.36,2.18,0.00,-3.18,7.08,2.53,2.39,3.92,3.54,-6.11,2.46,-3.95,224
14001,2,86.44,-0.36,87.97,1.62,3.26,0.00,-3.11,7.14,1.97,1.87,3.92,3.54,-6.05,1.92,-4.03,224
14020,2,86.01,-6.29,87.93,1.87,4.16,0.00,-3.07,7.19,1.16,1.20,3.92,3.54,-6.00,1.18,-4.07,224
14040,2,85.85,-7.06,88.01,2.07,4.71,0.00,-3.03,7.23,1.23,1.43,3.92,3.54,-5.96,1.33,-3.99,224
14060,2,85.99,-3.17,88.06,2.07,4.46,0.00,-2.98,7.28,2.02,2.17,3.92,3.54,-5.91,2.09,-3.94,224
14079,2,86.16,-0.05,88.06,1.90,3.81,0.00,-2.90,7.36,2.87,2.73,3.92,3.54,-5.83,2.80,-3.94,224
14100,2,86.41,3.30,87.98,1.64,3.02,0.00,-2.81,7.45,3.15,3.07,3.92,3.54,-5.74,3.11,-4.02,224
14120,2,86.48,3.21,87.90,1.49,2.68,0.00,-2.71,7.54,2.98,2.98,3.92,3.54,-5.65,2.98,-4.10,224
14140,2,86.26,-0.93,87.92,1.57,3.13,0.00,-2.63,7.63,2.56,2.61,3.92,3.54,-5.56,2.58,-4.08,224
14160,2,85.83,-6.94,88.00,1.96,4.34,0.00,-2.57,7.69,1.88,1.95,3.92,3.54,-5.50,1.91,-4.00,224
14180,2,85.49,-10.10,88.08,2.44,5.65,0.00,-2.51,7.75,1.58,1.70,3.92,3.54,-5.44,1.64,-3.92,224
14199,2,85.46,-8.46,88.16,2.62,5.92,0.00,-2.46,7.80,2.09,2.07,3.92,3.54,-5.39,2.08,-3.84,224
14220,2,85.74,-1.95,88.24,2.49,5.25,0.00,-2.38,7.88,3.08,2.96,3.92,3.54,-5.31,3.02,-3.76,224
14240,2,86.06,3.01,88.32,2.25,4.36,0.00,-2.27,7.98,3.82,3.67,3.92,3.54,-5.20,3.75,-3.68,224
14260,2,86.28,5.16,88.39,2.08,3.78,0.00,-2.15,8.10,3.94,3.85,3.92,3.54,-5.09,3.90,-3.61,224
14280,2,86.22,2.57,88.46,2.13,3.97,0.00,-2.04,8.21,3.41,3.55,3.92,3.54,-4.97,3.48,-3.54,224
14300,2,85.87,-3.23,88.54,2.49,5.12,0.00,-1.95,8.31,2.73,3.00,3.92,3.54,-4.88,2.86,-3.46,224
14320,2,85.51,-7.57,88.62,2.95,6.44,0.00,-1.88,8.39,2.36,2.37,3.92,3.54,-4.80,2.36,-3.38,224
14339,2,85.50,-6.24,88.70,3.12,6.73,0.00,-1.80,8.46,2.62,2.52,3.92,3.54,-4.73,2.57,-3.30,224
14360,2,85.76,-0.52,88.78,3.01,6.17,0.00,-1.70,8.55,3.71,3.54,3.92,3.54,-4.64,3.63,-3.22,224
14380,2,86.16,5.02,88.86,2.71,5.11,0.00,-1.58,8.67,4.17,4.31,3.92,3.54,-4.52,4.24,-3.14,224
14400,2,86.42,7.18,88.82,2.48,4.41,0.00,-1.45,8.81,4.39,4.51,3.92,3.54,-4.38,4.45,-3.17,224
14420,2,86.39,4.57,88.83,2.41,4.39,0.00,-1.32,8.94,4.13,4.03,3.92,3.54,-4.25,4.08,-3.17,224
14440,2,86.04,-1.82,88.91,2.67,5.34,0.00,-1.21,9.05,3.40,3.34,3.92,3.54,-4.14,3.37,-3.09,224
14458,2,85.67,-6.92,88.99,3.24,7.03,0.00,-1.12,9.14,2.69,2.64,3.92,3.54,-4.05,2.66,-3.01,224
14480,2,85.39,-8.32,89.07,3.59,7.87,0.00,-1.04,9.22,2.74,2.66,3.92,3.54,-3.97,2.70,-2.93,224
14500,2,85.66,-2.26,89.15,3.49,7.29,0.00,-0.94,9.32,3.84,3.76,3.92,3.54,-3.87,3.80,-2.85,224
14520,2,86.09,4.27,89.23,3.17,6.12,0.00,-0.80,9.45,4.76,4.81,3.92,3.54,-3.74,4.79,-2.77,224
14540,2,86.48,8.54,89.23,2.83,5.04,0.00,-0.65,9.60,5.05,5.12,3.92,3.54,-3.59,5.09,-2.77,224
14559,2,86.58,7.85,89.20,2.65,4.68,0.00,-0.50,9.76,4.92,4.78,3.92,3.54,-3.43,4.85,-2.80,224
14580,2,86.18,-0.38,89.28,2.90,5.66,0.00,-0.37,9.89,4.05,4.07,3.92,3.54,-3.30,4.06,-2.72,224
14600,2,85.54,-9.70,89.36,3.57,7.72,0.00,-0.26,10.00,3.14,3.04,3.92,3.54,-3.19,3.09,-2.64,224
14620,2,85.03,-14.12,89.44,4.23,9.54,0.00,-0.17,10.08,2.77,2.83,3.92,3.54,-3.11,2.80,-2.56,224
14640,2,85.18,-8.07,89.52,4.35,9.52,0.00,-0.07,10.18,3.87,3.91,3.92,3.54,-3.00,3.89,-2.48,224
14660,2,85.71,1.63,89.60,3.95,7.96,0.00,0.07,10.33,5.36,5.32,3.92,3.54,-2.86,5.34,-2.40,224
14680,2,86.32,9.91,89.68,3.43,6.20,0.00,0.25,10.51,6.36,6.20,3.92,3.54,-2.68,6.28,-2.32,224
14700,2,86.70,12.16,89.69,3.04,5.10,0.00,0.44,10.70,6.28,6.18,3.92,3.54,-2.49,6.23,-2.31,224
14719,2,86.57,7.37,89.72,3.12,5.65,0.00,0.62,10.87,5.21,5.31,3.92,3.54,-2.31,5.26,-2.27,224
14740,2,85.67,-7.85,89.80,3.85,8.08,0.00,0.75,11.01,3.77,3.98,3.92,3.54,-2.18,3.88,-2.19,224
14760,2,84.97,-15.66,89.89,4.69,10.53,0.00,0.85,11.11,3.00,3.15,3.92,3.54,-2.08,3.07,-2.11,224
14780,2,84.98,-11.31,89.97,4.94,10.91,0.00,0.95,11.21,3.86,3.67,3.92,3.54,-1.98,3.76,-2.03,224
14800,2,85.47,-1.15,90.04,4.65,9.62,0.00,1.10,11.36,5.76,5.54,3.92,3.54,-1.83,5.65,-1.95,224
14820,2,86.23,9.84,90.13,4.00,7.41,0.00,1.30,11.55,6.89,7.03,3.92,3.54,-1.63,6.96,-1.87,224
14839,2,86.67,14.17,90.21,3.46,5.78,0.00,1.52,11.77,7.14,7.14,3.92,3.54,-1.42,7.14,-1.79,224
14860,2,86.70,9.56,90.22,3.44,5.97,0.00,1.72,11.98,6.34,6.47,3.92,3.54,-1.21,6.41,-1.78,224
14880,2,86.01,-3.07,90.30,3.99,7.95,0.00,1.89,12.14,4.81,4.63,3.92,3.54,-1.04,4.72,-1.70,224
14900,2,85.11,-15.05,90.38,4.98,10.97,0.00,2.01,12.27,3.61,3.54,3.92,3.54,-0.92,3.58,-1.62,224
14920,2,84.90,-13.68,90.46,5.50,12.21,0.00,2.12,12.38,3.82,4.00,3.92,3.54,-0.81,3.91,-1.54,224
14940,2,85.34,-3.52,90.54,5.26,11.01,0.00,2.26,12.52,5.67,5.68,3.92,3.54,-0.67,5.67,-1.46,224
14960,2,86.16,9.39,90.62,4.61,8.72,0.00,2.47,12.73,7.39,7.40,3.92,3.54,-0.46,7.39,-1.38,224
14978,2,86.76,16.28,90.66,3.86,6.41,0.00,2.70,12.97,8.06,7.93,3.92,3.54,-0.23,7.99,-1.34,224
15001,2,87.09,15.01,90.58,3.57,5.95,0.00,2.94,13.20,7.40,7.37,3.92,3.54,0.01,7.38,-1.42,224
15020,2,86.41,1.38,90.65,3.98,7.57,0.00,3.13,13.39,5.61,5.53,3.92,3.54,0.20,5.57,-1.35,224
15040,2,85.46,-12.45,90.73,4.94,10.62,0.00,3.27,13.54,3.92,4.03,3.92,3.54,0.34,3.97,-1.27,224
15060,2,84.98,-15.83,90.81,5.68,12.63,0.00,3.38,13.65,3.60,3.59,3.92,3.54,0.45,3.60,-1.19,224
15080,2,85.26,-7.22,90.89,5.67,12.16,0.00,3.51,13.78,5.37,5.27,3.92,3.54,0.59,5.32,-1.11,224
15098,2,85.93,4.30,90.97,4.95,9.56,0.00,3.71,13.97,7.39,7.18,3.92,3.54,0.78,7.29,-1.03,224
15121,2,87.10,18.91,90.89,3.86,6.21,0.00,3.95,14.21,8.38,8.19,3.92,3.54,1.02,8.28,-1.11,224
15140,2,87.44,18.36,90.81,3.49,5.45,0.00,4.20,14.46,7.95,8.10,3.92,3.54,1.27,8.02,-1.19,224
15160,2,86.94,6.10,90.85,3.67,6.55,0.00,4.42,14.69,6.22,6.22,3.92,3.54,1.49,6.22,-1.15,224
15180,2,85.84,-11.23,90.93,4.72,10.02,0.00,4.57,14.84,4.18,4.21,3.92,3.54,1.64,4.20,-1.07,224
15200,2,84.94,-20.62,91.01,5.80,13.15,0.00,4.68,14.94,3.33,3.24,3.92,3.54,1.75,3.28,-0.99,224
15219,2,84.88,-16.99,91.09,6.13,13.62,0.00,4.80,15.06,4.64,4.55,3.92,3.54,1.87,4.60,-0.91,224
15240,2,85.56,-1.08,91.17,5.75,11.90,0.00,4.98,15.24,6.95,6.98,3.92,3.54,2.05,6.96,-0.83,224
15260,2,86.73,16.18,91.25,4.74,8.51,0.00,5.22,15.48,8.62,8.47,3.92,3.54,2.29,8.55,-0.75,224
15280,2,87.72,25.90,91.19,3.75,5.56,0.00,5.49,15.75,8.91,8.96,3.92,3.54,2.56,8.94,-0.81,224
15300,2,87.95,22.39,91.12,3.23,4.55,0.00,5.75,16.01,7.81,7.91,3.92,3.54,2.82,7.86,-0.88,224
15320,2,87.18,5.23,91.14,3.67,6.53,0.00,5.94,16.21,5.35,5.37,3.92,3.54,3.02,5.36,-0.86,224
15340,2,85.96,-13.36,91.22,4.86,10.46,0.00,6.07,16.33,3.44,3.48,3.92,3.54,3.14,3.46,-0.78,224
15359,2,85.25,-20.77,91.30,5.97,13.59,0.00,6.16,16.43,2.88,2.98,3.92,3.54,3.23,2.93,-0.70,224
15380,2,85.09,-15.46,91.38,6.27,13.97,0.00,6.27,16.54,4.66,4.66,3.92,3.54,3.35,4.66,-0.62,224
15400,2,86.20,5.26,91.46,5.54,11.13,0.00,6.46,16.72,7.40,7.15,3.92,3.54,3.53,7.27,-0.54,224
15420,2,87.72,25.85,91.50,4.11,6.51,0.00,6.72,16.99,9.01,9.07,3.92,3.54,3.79,9.04,-0.49,224
15440,2,88.82,34.43,91.46,2.90,3.13,0.00,6.99,17.26,9.07,9.05,3.92,3.54,4.07,9.06,-0.54,224
15460,2,88.52,21.30,91.41,2.80,3.59,0.00,7.24,17.51,7.20,7.16,3.92,3.54,4.32,7.18,-0.59,224
15479,2,87.74,5.47,91.33,3.68,6.92,0.00,7.41,17.67,3.93,4.02,3.92,3.54,4.48,3.97,-0.67,224
15500,2,86.05,-18.85,91.41,4.95,11.09,0.00,7.49,17.76,2.04,2.07,3.92,3.54,4.56,2.06,-0.59,224
15521,2,85.52,-20.61,91.49,5.90,13.44,0.00,7.55,17.82,2.36,2.32,3.92,3.54,4.62,2.34,-0.51,224
15540,2,85.97,-7.75,91.57,5.67,12.22,0.00,7.66,17.93,5.12,5.02,3.92,3.54,4.74,5.07,-0.43,224
15560,2,86.74,6.14,91.65,5.06,9.91,0.00,7.86,18.13,7.65,7.79,3.92,3.54,4.94,7.72,-0.35,224
15580,2,88.06,24.03,91.73,3.94,6.28,0.00,8.12,18.38,8.59,8.62,3.92,3.54,5.19,8.61,-0.27,224
15600,2,89.03,31.74,91.79,2.90,3.33,0.00,8.37,18.64,8.16,8.16,3.92,3.54,5.45,8.16,-0.21,224
15619,2,89.21,28.35,91.71,2.58,2.89,0.00,8.59,18.85,6.21,6.22,3.92,3.54,5.66,6.22,-0.29,224
15640,2,88.70,12.42,91.63,2.83,4.36,0.00,8.74,19.00,3.73,3.76,3.92,3.54,5.81,3.74,-0.37,224
15660,2,87.97,-0.78,91.56,3.48,6.79,0.00,8.82,19.09,2.18,2.22,3.92,3.54,5.90,2.20,-0.44,224
15680,2,87.75,-2.69,91.57,3.81,7.89,0.00,8.88,19.15,1.95,1.90,3.92,3.54,5.95,1.92,-0.43,224
15700,2,88.27,6.12,91.64,3.47,6.65,0.00,8.96,19.22,3.28,3.25,3.92,3.54,6.03,3.27,-0.36,224
15720,2,89.23,19.11,91.72,2.68,4.09,0.00,9.08,19.35,4.83,4.89,3.92,3.54,6.16,4.86,-0.28,224
15738,2,90.02,27.33,91.80,1.70,1.21,0.00,9.24,19.50,5.36,5.18,3.92,3.54,6.31,5.27,-0.20,224
15760,2,90.64,27.30,91.80,1.18,0.05,0.00,9.39,19.66,4.54,4.69,3.92,3.54,6.47,4.62,-0.20,224
15780,2,90.11,12.86,91.72,1.52,1.71,0.00,9.50,19.76,2.37,2.54,3.92,3.54,6.57,2.46,-0.28,224
15800,2,89.48,1.01,91.64,2.09,3.91,0.00,9.53,19.80,0.31,0.37,3.92,3.54,6.61,0.34,-0.36,224
15820,2,89.52,2.07,91.56,2.16,4.22,0.00,9.54,19.81,0.46,0.38,3.92,3.54,6.61,0.42,-0.44,224
15840,2,90.01,9.53,91.62,1.70,2.82,0.00,9.57,19.84,1.64,1.41,3.92,3.54,6.65,1.52,-0.38,224
15859,2,90.67,18.01,91.70,0.94,0.44,0.00,9.64,19.90,2.65,2.56,3.92,3.54,6.71,2.61,-0.30,224
15879,2,91.53,26.19,91.78,0.16,-1.77,0.00,9.72,19.99,2.91,2.88,3.92,3.54,6.80,2.90,-0.22,224
15900,2,91.77,21.51,91.73,-0.03,-1.95,0.00,9.80,20.07,1.95,2.09,3.92,3.54,6.87,2.02,-0.27,224
15921,2,91.64,14.49,91.65,0.09,-0.97,0.00,9.82,20.09,-0.24,-0.14,3.92,3.54,6.89,-0.19,-0.35,224
15940,2,91.59,10.60,91.57,0.05,-0.81,0.00,9.80,20.07,-0.67,-0.89,3.92,3.54,6.87,-0.78,-0.43,224
15960,2,91.74,10.79,91.49,-0.11,-1.04,0.00,9.77,20.04,-0.82,-1.00,3.92,3.54,6.85,-0.91,-0.51,224
15980,2,92.08,13.64,91.50,-0.49,-2.02,0.00,9.75,20.01,-0.71,-0.73,3.92,3.54,6.82,-0.72,-0.50,224
15999,2,92.45,16.88,91.56,-0.94,-3.24,0.00,9.73,20.00,-0.63,-0.42,3.92,3.54,6.81,-0.53,-0.44,224
16020,2,93.06,20.72,91.60,-1.51,-4.67,0.00,9.72,19.98,-0.57,-0.42,3.92,3.54,6.79,-0.49,-0.40,224
16040,2,93.37,20.27,91.54,-1.72,-5.11,0.00,9.69,19.96,-1.38,-1.31,3.92,3.54,6.76,-1.34,-0.46,224
16060,2,93.45,16.82,91.47,-1.89,-5.20,0.00,9.63,19.90,-2.13,-2.22,3.92,3.54,6.71,-2.17,-0.53,224
16080,2,93.53,14.29,91.41,-2.03,-5.25,0.00,9.56,19.83,-2.79,-2.95,3.92,3.54,6.63,-2.87,-0.59,224
16100,2,93.69,13.53,91.39,-2.24,-5.56,0.00,9.46,19.73,-3.21,-3.12,3.92,3.54,6.54,-3.16,-0.61,224
16119,2,93.87,14.00,91.38,-2.48,-6.08,0.00,9.36,19.63,-3.35,-3.18,3.92,3.54,6.44,-3.27,-0.62,224
16140,2,94.29,16.32,91.40,-2.82,-6.90,0.00,9.26,19.53,-3.40,-3.41,3.92,3.54,6.34,-3.41,-0.60,224
16160,2,94.68,18.33,91.41,-3.18,-7.78,0.00,9.15,19.43,-3.60,-3.62,3.92,3.54,6.23,-3.61,-0.59,224
16180,2,95.07,19.90,91.42,-3.57,-8.70,0.00,9.04,19.31,-3.96,-3.99,3.92,3.54,6.11,-3.97,-0.58,224
16200,2,95.42,20.34,91.41,-3.91,-9.45,0.00,8.91,19.18,-4.47,-4.45,3.92,3.54,5.99,-4.46,-0.59,224
16220,2,95.70,20.10,91.40,-4.21,-10.02,0.00,8.77,19.04,-5.08,-5.05,3.92,3.54,5.84,-5.06,-0.60,224
16240,2,95.92,18.73,91.38,-4.48,-10.49,0.00,8.60,18.87,-5.68,-5.70,3.92,3.54,5.68,-5.69,-0.62,224
16258,2,96.11,18.40,91.37,-4.73,-10.93,0.00,8.42,18.69,-6.21,-6.09,3.92,3.54,5.50,-6.15,-0.63,224
16280,2,96.50,19.22,91.40,-5.05,-11.61,0.00,8.23,18.50,-6.56,-6.57,3.92,3.54,5.31,-6.57,-0.60,224
16300,2,96.98,21.99,91.46,-5.45,-12.61,0.00,8.03,18.30,-6.85,-6.70,3.92,3.54,5.10,-6.78,-0.54,224
16320,2,97.54,25.05,91.54,-5.93,-13.81,0.00,7.81,18.08,-7.12,-7.18,3.92,3.54,4.89,-7.15,-0.46,224
16340,2,98.06,26.86,91.62,-6.39,-14.90,0.00,7.59,17.87,-7.61,-7.43,3.92,3.54,4.67,-7.52,-0.38,224
16360,2,98.50,26.94,91.69,-6.77,-15.71,0.00,7.35,17.63,-8.27,-8.29,3.92,3.54,4.43,-8.28,-0.31,224
16378,2,98.83,27.15,91.74,-7.15,-16.46,0.00,7.09,17.36,-9.05,-8.95,3.92,3.54,4.17,-9.00,-0.26,224
16400,2,99.35,26.84,91.82,-7.51,-17.17,0.00,6.80,17.08,-9.63,-9.56,3.92,3.54,3.88,-9.60,-0.18,224
16420,2,99.86,28.37,91.90,-7.90,-18.04,0.00,6.50,16.78,-10.29,-10.31,3.92,3.54,3.58,-10.30,-0.10,224
16440,2,100.41,30.03,91.98,-8.37,-19.10,0.00,6.18,16.45,-10.76,-10.86,3.92,3.54,3.26,-10.81,-0.02,32
16460,2,101.05,32.45,92.00,-8.91,-20.36,0.00,5.85,16.12,-11.15,-11.28,3.92,3.54,2.93,-11.21,-0.00,32
16480,2,101.85,36.62,92.00,-9.63,-22.10,0.00,5.50,15.78,-11.86,-11.67,3.92,3.54,2.58,-11.76,-0.00,32
16499,2,102.52,39.96,92.00,-10.52,-24.23,0.00,5.13,15.41,-12.40,-12.18,3.92,3.54,2.21,-12.29,-0.00,40
16520,2,103.61,43.62,92.00,-11.40,-25.00,0.00,4.74,15.02,-13.27,-13.13,3.92,3.54,1.82,-13.20,-0.00,40
16540,2,104.28,43.24,92.00,-12.12,-25.00,0.00,4.32,14.61,-14.45,-14.20,3.92,3.54,1.40,-14.32,-0.00,40
16560,2,105.00,43.32,92.00,-12.81,-25.00,0.00,3.86,14.14,-15.77,-15.69,3.92,3.54,0.94,-15.73,-0.00,40
16580,2,105.92,46.40,92.00,-13.68,-25.00,0.00,3.37,13.66,-16.28,-16.40,3.92,3.54,0.45,-16.34,-0.00,40
16600,2,107.72,62.87,92.00,-15.16,-25.00,0.00,2.88,13.16,-16.21,-16.42,3.92,3.54,-0.04,-16.31,-0.00,40
16620,2,110.31,83.78,92.00,-17.69,-25.00,0.00,2.39,12.66,-16.23,-16.39,3.92,3.54,-0.54,-16.31,-0.00,40
16638,2,112.10,93.37,92.00,-20.10,-25.00,0.00,1.89,12.16,-16.33,-16.07,3.92,3.54,-1.03,-16.20,-0.00,40
16660,2,115.20,107.65,92.00,-22.56,-25.00,0.00,1.40,11.67,-16.31,-16.20,3.92,3.54,-1.52,-16.25,-0.00,40
16680,2,117.38,103.80,92.00,-24.90,-25.00,0.00,0.91,11.18,-16.35,-16.35,3.92,3.54,-2.01,-16.35,-0.00,40
16700,2,118.28,78.49,91.99,-26.14,-25.00,0.00,0.41,10.67,-16.60,-16.49,3.92,3.54,-2.52,-16.55,-0.00,40
16720,2,118.20,46.20,91.99,-26.32,-25.00,0.00,-0.10,10.17,-17.13,-16.52,3.91,3.54,-3.02,-16.82,-0.00,40
16740,2,116.92,5.73,91.99,-25.30,-25.00,0.00,-0.60,9.69,-16.34,-16.27,3.91,3.54,-3.52,-16.31,-0.00,40
16759,2,115.43,-22.52,92.00,-23.44,-25.00,0.00,-1.09,9.19,-16.02,-16.43,3.91,3.54,-4.01,-16.23,-0.00,40
16780,2,112.51,-57.58,92.00,-21.11,-25.00,0.00,-1.57,8.69,-15.49,-16.43,3.91,3.54,-4.50,-15.96,-0.00,40
16800,2,110.01,-78.41,92.00,-18.01,-25.00,0.00,-2.04,8.20,-16.04,-15.95,3.91,3.54,-4.98,-16.00,-0.00,40
16820,2,107.31,-97.03,92.00,-15.99,-24.55,0.00,-2.54,7.71,-16.68,-16.21,3.91,3.54,-5.48,-16.44,-0.00,40
16840,2,104.31,-115.60,92.00,-13.09,-17.31,0.00,-3.05,7.21,-16.73,-16.53,3.92,3.54,-5.98,-16.63,-0.00,32
16860,2,101.02,-132.61,92.00,-9.84,-9.38,0.00,-3.55,6.72,-16.59,-16.68,3.92,3.54,-6.48,-16.63,-0.00,32
16880,2,98.33,-137.06,91.92,-6.92,-2.85,0.00,-4.04,6.22,-15.94,-16.10,3.92,3.54,-6.97,-16.02,-0.08,224
16899,2,97.79,-118.52,91.84,-5.87,-2.26,0.00,-4.48,5.79,-12.18,-11.99,3.92,3.54,-7.40,-12.08,-0.16,224
16920,2,98.66,-71.49,91.76,-6.49,-6.44,0.00,-4.75,5.52,-6.02,-6.15,3.92,3.54,-7.67,-6.09,-0.24,224
16940,2,99.77,-41.37,91.84,-7.77,-11.74,0.00,-4.86,5.41,-2.65,-2.48,3.92,3.54,-7.79,-2.56,-0.16,224
16960,2,99.55,-36.07,91.77,-7.92,-13.00,0.00,-4.92,5.35,-1.84,-2.39,3.92,3.54,-7.85,-2.11,-0.23,224
16980,2,97.52,-53.34,91.69,-6.31,-8.73,0.00,-5.02,5.24,-4.74,-4.95,3.92,3.54,-7.95,-4.84,-0.31,224
17000,2,94.92,-74.06,91.61,-3.90,-2.28,0.00,-5.23,5.03,-7.97,-7.95,3.92,3.54,-8.16,-7.96,-0.39,224
17019,2,93.25,-81.60,91.53,-1.64,3.24,0.00,-5.49,4.77,-8.90,-8.70,3.92,3.54,-8.42,-8.80,-0.47,224
17040,2,92.91,-57.31,91.45,-1.13,3.03,0.00,-5.73,4.54,-6.18,-6.11,3.92,3.54,-8.65,-6.14,-0.55,224
17060,2,94.73,-21.82,91.37,-2.81,-3.27,0.00,-5.83,4.44,-0.97,-1.06,3.92,3.54,-8.75,-1.01,-0.63,224
17080,2,95.78,-7.05,91.29,-4.24,-7.75,0.00,-5.80,4.46,2.12,1.57,3.91,3.54,-8.73,1.84,-0.71,224
17100,2,95.04,-15.44,91.21,-4.06,-7.16,0.00,-5.74,4.50,0.98,1.37,3.91,3.54,-8.68,1.17,-0.79,224
17122,2,93.53,-31.29,91.13,-2.32,-2.14,0.00,-5.77,4.49,-2.25,-1.82,3.92,3.54,-8.70,-2.04,-0.87,224
17138,2,91.68,-51.03,91.05,-0.55,2.99,0.00,-5.89,4.38,-5.05,-4.70,3.92,3.54,-8.82,-4.88,-0.95,224
17160,2,89.49,-62.02,90.97,1.27,7.52,0.00,-6.08,4.22,-4.62,-5.04,3.92,3.54,-8.99,-4.83,-1.03,224
17180,2,89.76,-40.77,90.89,1.39,6.57,0.00,-6.16,4.11,-1.93,-2.47,3.92,3.54,-9.09,-2.20,-1.11,224
17200,2,91.13,-8.80,90.81,0.16,1.67,0.00,-6.14,4.11,2.18,1.98,3.92,3.54,-9.07,2.08,-1.19,224
17220,2,92.87,18.94,90.73,-1.63,-4.29,0.00,-6.03,4.22,4.30,4.39,3.92,3.54,-8.96,4.35,-1.27,224
17240,2,93.60,23.35,90.65,-2.82,-7.60,0.00,-5.90,4.36,3.89,4.14,3.92,3.54,-8.83,4.01,-1.35,224
17260,2,92.44,1.10,90.57,-2.12,-4.77,0.00,-5.83,4.43,0.24,0.15,3.92,3.54,-8.76,0.19,-1.43,224
17279,2,91.20,-17.02,90.49,-0.63,0.11,0.00,-5.88,4.38,-3.02,-3.02,3.92,3.54,-8.81,-3.02,-1.51,224
17300,2,89.12,-39.02,90.41,0.99,4.84,0.00,-6.00,4.26,-4.38,-4.20,3.92,3.54,-8.93,-4.29,-1.59,224
17320,2,88.78,-32.20,90.33,1.70,6.27,0.00,-6.12,4.14,-3.27,-3.34,3.92,3.54,-9.05,-3.30,-1.67,224
17340,2,89.95,-5.91,90.25,0.70,2.39,0.00,-6.16,4.10,0.61,0.50,3.92,3.54,-9.09,0.55,-1.75,224
17360,2,91.49,18.17,90.17,-0.84,-2.68,0.00,-6.09,4.17,3.22,3.21,3.92,3.54,-9.02,3.21,-1.83,224
17380,2,92.73,30.98,90.09,-2.29,-6.90,0.00,-5.98,4.27,3.56,3.54,3.92,3.54,-8.91,3.55,-1.91,224
17399,2,92.60,22.47,90.01,-2.51,-6.81,0.00,-5.90,4.36,0.97,1.37,3.92,3.54,-8.83,1.17,-1.99,224
17420,2,91.15,-5.06,89.93,-1.48,-3.00,0.00,-5.93,4.33,-2.08,-2.04,3.92,3.54,-8.86,-2.06,-2.07,224
17440,2,89.67,-24.43,89.85,-0.11,1.38,0.00,-6.03,4.23,-4.17,-4.03,3.92,3.54,-8.96,-4.10,-2.15,224
17460,2,88.58,-32.59,89.77,1.05,4.62,0.00,-6.16,4.10,-4.22,-4.21,3.92,3.54,-9.09,-4.21,-2.23,224
17480,2,89.16,-14.64,89.69,0.88,3.41,0.00,-6.26,4.00,-1.90,-1.96,3.92,3.54,-9.19,-1.93,-2.31,224
17500,2,90.44,8.85,89.61,-0.42,-1.11,0.00,-6.25,4.01,1.40,1.40,3.92,3.54,-9.18,1.40,-2.39,224
17520,2,91.75,24.86,89.53,-1.83,-5.39,0.00,-6.18,4.07,2.65,2.54,3.92,3.54,-9.12,2.59,-2.47,224
17539,2,91.78,19.44,89.45,-2.25,-6.06,0.00,-6.11,4.15,2.00,2.03,3.92,3.54,-9.04,2.02,-2.55,224
17560,2,90.83,-0.71,89.37,-1.64,-3.60,0.00,-6.10,4.15,-0.98,-1.10,3.92,3.54,-9.03,-1.04,-2.63,224
17580,2,89.55,-18.25,89.29,-0.50,0.16,0.00,-6.18,4.08,-3.30,-3.14,3.92,3.54,-9.11,-3.22,-2.71,224
17600,2,88.54,-27.10,89.21,0.53,3.13,0.00,-6.29,3.97,-3.80,-3.58,3.92,3.54,-9.22,-3.69,-2.79,224
17620,2,88.95,-13.88,89.13,0.46,2.38,0.00,-6.39,3.88,-2.32,-2.59,3.92,3.54,-9.31,-2.46,-2.87,224
17640,2,89.88,3.50,89.05,-0.50,-0.95,0.00,-6.41,3.85,0.52,0.43,3.92,3.54,-9.34,0.48,-2.95,240
17658,2,90.64,12.98,88.97,-1.59,-4.22,0.00,-6.36,3.89,1.89,1.80,3.92,3.54,-9.29,1.85,-3.03,224
17680,2,90.93,10.32,88.89,-2.04,-5.10,0.00,-6.31,3.94,0.99,1.20,3.92,3.54,-9.24,1.10,-3.11,224
17700,2,90.16,-4.07,88.81,-1.50,-2.95,0.00,-6.32,3.94,-0.98,-0.98,3.92,3.54,-9.25,-0.98,-3.19,224
17720,2,88.98,-19.65,88.73,-0.49,0.29,0.00,-6.38,3.89,-2.45,-2.50,3.92,3.54,-9.30,-2.47,-3.27,224
17740,2,87.86,-29.89,88.65,0.60,3.44,0.00,-6.46,3.80,-3.03,-3.08,3.92,3.54,-9.39,-3.06,-3.35,224
17760,2,88.00,-19.55,88.57,0.80,3.50,0.00,-6.55,3.72,-2.24,-2.28,3.92,3.54,-9.47,-2.26,-3.43,224
17779,2,88.57,-6.72,88.49,-0.00,0.53,0.00,-6.56,3.70,0.60,0.43,3.92,3.54,-9.49,0.51,-3.51,224
17800,2,89.67,10.91,88.41,-0.96,-2.56,0.00,-6.52,3.74,2.18,2.05,3.92,3.54,-9.45,2.11,-3.59,224
17820,2,90.11,13.78,88.33,-1.65,-4.44,0.00,-6.45,3.81,2.14,2.21,3.92,3.54,-9.38,2.18,-3.67,224
17840,2,89.64,2.44,88.25,-1.50,-3.48,0.00,-6.42,3.84,-0.11,-0.13,3.92,3.54,-9.35,-0.12,-3.75,224
17860,2,88.64,-12.34,88.17,-0.66,-0.61,0.00,-6.45,3.81,-1.79,-1.84,3.92,3.54,-9.38,-1.81,-3.83,224
17880,2,87.65,-23.07,88.09,0.28,2.24,0.00,-6.52,3.74,-2.67,-2.56,3.92,3.54,-9.45,-2.62,-3.91,224
17900,2,87.41,-19.47,88.01,0.69,3.08,0.00,-6.60,3.66,-2.32,-2.24,3.92,3.54,-9.53,-2.28,-3.99,224
17919,2,87.70,-10.48,87.93,0.31,1.46,0.00,-6.64,3.63,-0.03,-0.02,3.92,3.54,-9.56,-0.03,-4.07,224
17940,2,88.55,5.11,87.85,-0.44,-1.08,0.00,-6.61,3.65,1.59,1.54,3.92,3.54,-9.54,1.56,-4.15,224
17960,2,89.06,11.11,87.77,-1.11,-3.03,0.00,-6.55,3.70,1.72,1.69,3.92,3.54,-9.49,1.70,-4.23,224
17980,2,88.60,2.48,87.69,-0.96,-2.29,0.00,-6.52,3.74,0.40,0.59,3.92,3.54,-9.45,0.50,-4.31,224
18000,2,88.03,-6.44,87.61,-0.50,-0.67,0.00,-6.53,3.73,-0.95,-1.02,3.92,3.54,-9.46,-0.99,-4.39,224
18020,2,87.41,-13.41,87.53,0.04,1.04,0.00,-6.57,3.69,-1.58,-1.57,3.92,3.54,-9.50,-1.58,-4.47,224
18039,2,87.09,-15.10,87.45,0.44,2.08,0.00,-6.62,3.64,-1.41,-1.57,3.92,3.54,-9.55,-1.49,-4.55,224
18060,2,87.36,-6.84,87.37,0.17,1.04,0.00,-6.65,3.61,-0.20,-0.28,3.92,3.54,-9.58,-0.24,-4.63,224
18080,2,87.80,1.13,87.29,-0.31,-0.56,0.00,-6.63,3.62,0.74,0.85,3.92,3.54,-9.56,0.80,-4.71,240
18100,2,88.08,5.07,87.21,-0.73,-1.81,0.00,-6.60,3.66,1.25,1.02,3.92,3.54,-9.53,1.14,-4.79,224
18120,2,87.92,1.39,87.13,-0.78,-1.78,0.00,-6.58,3.68,0.39,0.60,3.92,3.54,-9.51,0.50,-4.87,224
18140,2,87.53,-4.83,87.05,-0.51,-0.76,0.00,-6.58,3.68,-0.51,-0.49,3.92,3.54,-9.51,-0.50,-4.95,224
18160,2,87.08,-10.14,86.97,-0.15,0.42,0.00,-6.61,3.65,-0.98,-1.16,3.92,3.54,-9.54,-1.07,-5.03,224
18178,2,86.76,-12.56,86.89,0.21,1.42,0.00,-6.64,3.62,-1.16,-1.18,3.92,3.54,-9.57,-1.17,-5.11,224
18200,2,86.68,-9.13,86.81,0.24,1.31,0.00,-6.66,3.60,-0.36,-0.25,3.92,3.54,-9.59,-0.31,-5.19,224
18220,2,86.79,-5.11,86.73,0.04,0.55,0.00,-6.66,3.60,0.36,0.56,3.92,3.54,-9.59,0.46,-5.27,224
18240,2,86.88,-2.46,86.65,-0.12,0.00,0.00,-6.64,3.62,0.57,0.51,3.92,3.54,-9.57,0.54,-5.35,240
18260,2,87.02,-0.02,86.57,-0.34,-0.64,0.00,-6.63,3.64,0.67,0.59,3.92,3.54,-9.55,0.63,-5.43,240
18280,2,86.79,-3.24,86.49,-0.31,-0.45,0.00,-6.60,3.65,0.50,0.31,3.92,3.54,-9.54,0.41,-5.51,240
18298,2,86.63,-5.32,86.41,-0.14,0.15,0.00,-6.60,3.65,-0.23,-0.21,3.92,3.54,-9.54,-0.22,-5.59,224
18320,2,86.32,-7.79,86.33,0.02,0.62,0.00,-6.61,3.65,-0.19,-0.08,3.92,3.54,-9.54,-0.13,-5.67,224
18340,2,86.05,-9.56,86.25,0.21,1.16,0.00,-6.62,3.65,-0.17,-0.14,3.92,3.54,-9.55,-0.16,-5.75,224
18360,2,85.90,-9.14,86.17,0.32,1.39,0.00,-6.62,3.64,-0.02,0.02,3.92,3.54,-9.55,-0.00,-5.83,224
18380,2,85.85,-7.55,86.09,0.31,1.24,0.00,-6.61,3.65,0.45,0.35,3.92,3.54,-9.54,0.40,-5.91,224
18400,2,85.87,-5.20,86.01,0.24,0.95,0.00,-6.60,3.66,0.56,0.44,3.92,3.54,-9.53,0.50,-5.99,224
18419,2,85.97,-2.90,86.00,0.04,0.32,0.00,-6.58,3.68,0.91,0.95,3.92,3.54,-9.51,0.93,-6.00,240
18440,2,85.97,-2.19,86.00,0.02,0.21,0.00,-6.55,3.71,0.75,0.99,3.92,3.54,-9.48,0.87,-6.00,240
18460,2,85.57,-7.51,86.00,0.31,1.11,0.00,-6.53,3.74,0.68,0.38,3.92,3.54,-9.45,0.53,-6.00,224
18480,2,85.25,-10.40,86.00,0.69,2.18,0.00,-6.52,3.74,0.00,-0.04,3.92,3.54,-9.45,-0.02,-6.00,224
18500,2,85.08,-10.05,86.00,0.89,2.60,0.00,-6.52,3.74,0.29,0.30,3.92,3.54,-9.45,0.30,-6.00,224
18520,2,85.05,-7.85,86.00,0.95,2.59,0.00,-6.50,3.76,0.89,0.97,3.92,3.54,-9.43,0.93,-6.00,224
18540,2,85.14,-4.58,86.00,0.88,2.18,0.00,-6.46,3.80,1.36,1.30,3.92,3.54,-9.39,1.33,-6.00,224
18560,2,85.20,-2.86,86.00,0.80,1.83,0.00,-6.41,3.84,1.65,1.66,3.92,3.54,-9.34,1.65,-6.00,224
18580,2,85.23,-1.67,86.00,0.76,1.66,0.00,-6.36,3.90,1.78,1.69,3.92,3.54,-9.29,1.74,-6.00,224
18600,2,85.08,-3.36,86.00,0.87,1.96,0.00,-6.32,3.94,1.54,1.40,3.92,3.54,-9.25,1.47,-6.00,224
18620,2,84.81,-6.82,86.00,1.13,2.74,0.00,-6.28,3.98,1.24,1.11,3.92,3.54,-9.21,1.18,-6.00,224
18640,2,84.53,-9.10,86.00,1.40,3.50,0.00,-6.25,4.01,1.10,1.14,3.92,3.54,-9.18,1.12,-6.00,224
18660,2,84.45,-8.01,86.00,1.53,3.74,0.00,-6.21,4.05,1.26,1.32,3.92,3.54,-9.14,1.29,-6.00,224
18679,2,84.48,-6.02,86.00,1.52,3.52,0.00,-6.16,4.10,1.89,1.88,3.92,3.54,-9.09,1.89,-6.00,224
18700,2,84.64,-2.21,86.00,1.39,3.02,0.00,-6.10,4.16,2.27,2.24,3.92,3.54,-9.03,2.26,-6.00,224
18720,2,84.70,-1.08,86.00,1.31,2.71,0.00,-6.03,4.23,2.46,2.42,3.92,3.54,-8.96,2.44,-6.00,224
18740,2,84.57,-2.99,86.00,1.39,2.97,0.00,-5.95,4.31,2.36,2.34,3.92,3.54,-8.88,2.35,-6.00,224
18760,2,84.25,-6.98,86.00,1.66,3.79,0.00,-5.89,4.37,1.94,1.93,3.92,3.54,-8.82,1.93,-6.00,224
18780,2,83.90,-10.31,86.00,2.02,4.82,0.00,-5.84,4.42,1.80,1.69,3.92,3.54,-8.77,1.75,-6.00,224
18800,2,83.75,-9.75,86.02,2.23,5.27,0.00,-5.78,4.48,1.83,1.84,3.92,3.54,-8.71,1.83,-5.98,224
18818,2,83.78,-7.47,86.08,2.23,5.07,0.00,-5.71,4.54,2.58,2.57,3.92,3.54,-8.64,2.58,-5.92,224
18841,2,83.96,-2.95,86.02,2.12,4.47,0.00,-5.63,4.63,3.25,3.15,3.92,3.54,-8.56,3.20,-5.98,224
18858,2,84.03,-1.55,86.00,1.99,4.11,0.00,-5.52,4.74,3.53,3.47,3.92,3.54,-8.45,3.50,-6.00,224
18880,2,83.91,-3.34,86.04,2.03,4.27,0.00,-5.42,4.84,3.39,3.27,3.92,3.54,-8.35,3.33,-5.96,224
18900,2,83.56,-7.89,86.12,2.38,5.30,0.00,-5.32,4.93,2.89,2.87,3.92,3.54,-8.25,2.88,-5.88,224
18920,2,83.16,-11.74,86.20,2.86,6.60,0.00,-5.24,5.02,2.44,2.65,3.92,3.54,-8.17,2.55,-5.80,224
18939,2,82.96,-12.51,86.28,3.24,7.47,0.00,-5.16,5.10,2.75,2.82,3.92,3.54,-8.09,2.79,-5.72,224
18960,2,82.95,-8.84,86.36,3.36,7.51,0.00,-5.06,5.20,3.70,3.54,3.92,3.54,-7.99,3.62,-5.64,224
18980,2,83.15,-4.02,86.44,3.26,6.93,0.00,-4.94,5.32,4.50,4.39,3.92,3.54,-7.87,4.44,-5.56,224
19000,2,83.35,-0.59,86.52,3.14,6.38,0.00,-4.80,5.46,4.77,4.81,3.92,3.54,-7.73,4.79,-5.48,224
19020,2,83.34,-0.91,86.60,3.17,6.39,0.00,-4.65,5.61,4.90,4.87,3.92,3.54,-7.58,4.89,-5.40,224
19040,2,83.14,-4.11,86.68,3.39,7.04,0.00,-4.51,5.75,4.55,4.50,3.92,3.54,-7.44,4.53,-5.32,224
19059,2,82.86,-7.71,86.76,3.82,8.26,0.00,-4.38,5.88,4.17,4.12,3.92,3.54,-7.31,4.15,-5.24,224
19079,2,82.53,-10.60,86.84,4.22,9.30,0.00,-4.25,6.00,4.21,4.15,3.92,3.54,-7.18,4.18,-5.16,224
19100,2,82.40,-9.35,86.92,4.43,9.65,0.00,-4.12,6.14,4.73,4.64,3.92,3.54,-7.05,4.69,-5.08,224
19122,2,82.43,-6.72,87.00,4.48,9.51,0.00,-3.96,6.29,5.43,5.50,3.92,3.54,-6.89,5.47,-5.00,224
19138,2,82.57,-3.64,87.08,4.43,9.15,0.00,-3.78,6.48,6.18,6.14,3.92,3.54,-6.71,6.16,-4.92,224
19161,2,82.73,-1.08,87.16,4.35,8.78,0.00,-3.55,6.67,6.30,6.33,3.92,3.54,-6.50,6.31,-4.84,224
19180,2,82.62,-2.83,87.24,4.50,9.17,0.00,-3.40,6.85,6.36,6.25,3.92,3.54,-6.33,6.30,-4.76,224
19199,2,82.40,-5.76,87.32,4.84,10.13,0.00,-3.22,7.04,5.86,5.98,3.92,3.54,-6.15,5.92,-4.68,224
19220,2,81.97,-10.37,87.40,5.27,11.31,0.00,-3.04,7.22,5.81,5.72,3.92,3.54,-5.97,5.76,-4.60,224
19241,2,81.81,-10.37,87.48,5.59,12.01,0.00,-2.86,7.39,6.15,6.06,3.92,3.54,-5.79,6.10,-4.52,224
19259,2,81.84,-8.12,87.56,5.64,11.92,0.00,-2.67,7.59,6.77,6.74,3.92,3.54,-5.60,6.76,-4.44,224
19280,2,81.97,-4.25,87.64,5.61,11.62,0.00,-2.45,7.81,7.50,7.49,3.92,3.54,-5.38,7.50,-4.36,224
19300,2,81.98,-3.54,87.72,5.65,11.59,0.00,-2.22,8.04,7.86,7.85,3.92,3.54,-5.15,7.86,-4.28,224
19319,2,81.91,-4.45,87.80,5.81,11.98,0.00,-1.98,8.28,7.69,7.83,3.92,3.54,-4.91,7.76,-4.20,224
19340,2,81.55,-8.49,87.88,6.16,12.94,0.00,-1.75,8.51,7.63,7.44,3.92,3.54,-4.68,7.54,-4.12,224
19361,2,81.25,-10.79,87.96,6.63,14.12,0.00,-1.52,8.74,7.52,7.62,3.92,3.54,-4.45,7.57,-4.04,224
19378,2,81.15,-10.50,88.04,6.81,14.45,0.00,-1.28,8.98,8.09,7.94,3.92,3.54,-4.21,8.02,-3.96,224
19400,2,81.13,-8.12,88.12,6.92,14.53,0.00,-1.03,9.23,8.60,8.57,3.92,3.54,-3.96,8.58,-3.88,224
19420,2,81.21,-5.64,88.20,6.93,14.37,0.00,-0.76,9.49,9.14,9.18,3.92,3.54,-3.69,9.16,-3.80,224
19440,2,81.20,-4.90,88.28,6.99,14.37,0.00,-0.48,9.78,9.57,9.47,3.92,3.54,-3.41,9.52,-3.72,224
19459,2,81.03,-6.53,88.36,7.25,15.01,0.00,-0.19,10.07,9.47,9.50,3.92,3.54,-3.12,9.49,-3.64,224
19478,2,80.75,-8.93,88.44,7.60,15.92,0.00,0.10,10.35,9.36,9.39,3.92,3.54,-2.83,9.37,-3.56,224
19500,2,80.30,-12.89,88.52,8.05,17.07,0.00,0.39,10.64,9.51,9.44,3.92,3.54,-2.55,9.47,-3.48,224
19520,2,80.09,-12.95,88.60,8.38,17.81,0.00,0.68,10.93,9.83,9.81,3.92,3.54,-2.26,9.82,-3.40,224
19540,2,79.97,-11.67,88.68,8.60,18.17,0.00,0.99,11.25,10.54,10.62,3.92,3.54,-1.94,10.58,-3.32,224
19560,2,80.01,-8.68,88.76,8.69,18.13,0.00,1.32,11.58,11.17,11.23,3.92,3.54,-1.61,11.20,-3.24,224
19578,2,80.05,-6.67,88.84,8.71,17.94,0.00,1.67,11.92,11.75,11.80,3.92,3.54,-1.27,11.78,-3.16,224
19600,2,80.02,-5.76,88.92,8.79,18.04,0.00,2.03,12.29,12.03,11.95,3.92,3.54,-0.90,11.99,-3.08,224
19620,2,79.81,-8.04,89.00,9.05,18.68,0.00,2.39,12.65,11.95,11.77,3.92,3.54,-0.54,11.86,-3.00,224
19640,2,79.37,-13.03,89.08,9.50,19.93,0.00,2.75,13.01,11.80,11.64,3.92,3.54,-0.18,11.72,-2.92,224
19660,2,78.87,-17.41,89.16,10.09,21.50,0.00,3.10,13.36,11.81,11.80,3.92,3.54,0.17,11.81,-2.84,224
19680,2,78.48,-18.96,89.24,10.59,22.67,0.00,3.47,13.73,12.33,12.44,3.92,3.54,0.54,12.38,-2.76,224
19699,2,78.26,-18.95,89.32,10.98,23.48,0.00,3.86,14.12,13.29,13.27,3.92,3.54,0.93,13.28,-2.68,224
19720,2,77.99,-16.82,89.40,11.28,23.96,0.00,4.27,14.54,14.20,14.24,3.92,3.54,1.35,14.22,-2.60,232
19740,2,77.83,-15.22,89.48,11.53,24.30,0.00,4.71,14.97,14.69,14.76,3.92,3.54,1.78,14.73,-2.52,232
19760,2,77.67,-13.99,89.56,11.76,24.67,0.00,5.17,15.43,15.15,15.30,3.92,3.54,2.24,15.22,-2.44,232
19780,2,77.40,-14.80,89.64,12.08,25.00,0.00,5.64,15.90,15.68,15.56,3.92,3.54,2.71,15.62,-2.36,232
19799,2,77.34,-12.92,89.72,12.30,25.00,0.00,6.12,16.38,15.98,16.04,3.92,3.54,3.19,16.01,-2.28,232
19820,2,77.23,-10.98,89.80,12.44,25.00,0.00,6.61,16.86,16.13,16.11,3.92,3.54,3.68,16.12,-2.20,232
19840,2,76.92,-12.71,89.88,12.79,25.00,0.00,7.10,17.35,16.12,16.26,3.92,3.54,4.17,16.19,-2.12,232
19860,2,76.49,-15.75,89.96,13.27,25.00,0.00,7.59,17.86,16.23,16.25,3.92,3.54,4.66,16.24,-2.04,232
19880,2,79.75,49.89,90.04,11.54,21.00,0.00,8.08,18.34,16.33,16.20,3.92,3.54,5.15,16.27,-1.96,224
19900,2,86.54,137.50,90.12,5.30,1.04,0.00,8.59,18.84,17.52,17.36,3.92,3.53,5.65,17.44,-1.88,224
19920,2,91.45,165.65,90.19,-0.39,-13.88,0.00,9.11,19.36,15.52,15.94,3.92,3.53,6.17,15.73,-1.80,224
19940,2,89.83,110.64,90.28,-0.07,-9.92,0.00,9.51,19.77,11.20,11.50,3.92,3.54,6.58,11.35,-1.72,224
19959,2,88.59,74.20,90.20,1.69,-2.56,0.00,9.65,19.92,1.45,1.31,3.92,3.53,6.72,1.38,-1.80,224
19978,2,86.57,26.51,90.20,3.63,5.14,0.00,9.56,19.84,-4.70,-4.47,3.92,3.54,6.64,-4.59,-1.80,224
20000,2,85.10,3.01,90.28,5.06,9.87,0.00,9.40,19.67,-5.28,-5.90,3.92,3.54,6.48,-5.59,-1.72,224
20020,2,87.01,28.59,90.23,3.84,5.93,0.00,9.30,19.55,-1.10,-1.31,3.92,3.54,6.36,-1.21,-1.76,224
20040,2,89.88,62.63,90.16,1.10,-2.12,0.00,9.35,19.61,3.64,3.92,3.92,3.54,6.42,3.78,-1.84,224
20060,2,92.66,84.98,90.24,-1.87,-10.21,0.00,9.51,19.77,6.07,6.19,3.92,3.54,6.58,6.13,-1.76,224
20080,2,93.75,77.09,90.32,-3.41,-13.33,0.00,9.67,19.94,4.00,4.14,3.92,3.54,6.75,4.07,-1.68,224
20098,2,93.07,51.05,90.24,-2.75,-9.59,0.00,9.69,19.97,-1.87,-1.57,3.92,3.54,6.77,-1.72,-1.76,224
20120,2,90.76,2.88,90.16,-1.09,-3.19,0.00,9.56,19.83,-6.29,-6.47,3.92,3.54,6.63,-6.38,-1.84,224
20140,2,88.86,-23.98,90.08,0.87,3.23,0.00,9.34,19.60,-7.65,-8.17,3.92,3.54,6.41,-7.91,-1.92,224
20160,2,88.57,-20.27,90.00,1.60,5.09,0.00,9.12,19.37,-6.54,-6.16,3.92,3.54,6.18,-6.35,-2.00,224
20180,2,90.65,15.01,89.92,-0.08,-0.67,0.00,9.00,19.27,-1.38,-1.04,3.92,3.54,6.07,-1.21,-2.08,224
20200,2,93.09,46.52,90.00,-2.56,-8.26,0.00,9.03,19.30,2.37,2.49,3.92,3.54,6.11,2.43,-2.00,224
20218,2,94.38,55.81,90.08,-4.38,-13.23,0.00,9.12,19.39,2.88,2.72,3.92,3.54,6.19,2.80,-1.92,224
20240,2,94.75,42.83,90.16,-4.77,-13.35,0.00,9.14,19.41,-0.87,-0.97,3.92,3.54,6.22,-0.92,-1.84,224
20260,2,93.45,13.21,90.08,-3.67,-8.99,0.00,9.04,19.30,-5.42,-5.36,3.92,3.54,6.11,-5.39,-1.92,224
20280,2,92.17,-7.71,90.00,-2.10,-3.58,0.00,8.82,19.09,-8.32,-8.17,3.92,3.54,5.89,-8.25,-2.00,224
20300,2,90.51,-26.36,89.92,-0.77,0.43,0.00,8.55,18.83,-8.47,-8.45,3.92,3.54,5.63,-8.46,-2.08,224
20320,2,91.19,-7.81,89.84,-0.93,-0.70,0.00,8.33,18.61,-5.77,-6.01,3.92,3.54,5.41,-5.89,-2.16,224
20339,2,92.80,18.41,89.92,-2.97,-7.41,0.00,8.23,18.50,-1.87,-1.95,3.92,3.54,5.30,-1.91,-2.08,224
20360,2,95.28,47.10,90.00,-4.97,-13.43,0.00,8.23,18.49,0.38,0.42,3.92,3.54,5.30,0.40,-2.00,224
20380,2,96.07,46.08,90.08,-5.96,-15.73,0.00,8.22,18.48,-1.22,-1.17,3.92,3.54,5.29,-1.20,-1.92,224
20400,2,95.65,28.17,90.16,-5.77,-14.21,0.00,8.11,18.39,-5.08,-4.93,3.92,3.54,5.19,-5.01,-1.84,224
20420,2,94.22,1.25,90.08,-4.44,-9.49,0.00,7.89,18.17,-8.75,-8.57,3.92,3.54,4.97,-8.66,-1.92,224
20439,2,93.29,-11.83,90.00,-3.21,-5.48,0.00,7.60,17.88,-10.21,-10.15,3.92,3.54,4.68,-10.18,-2.00,224
20460,2,92.59,-15.72,89.92,-2.60,-3.94,0.00,7.30,17.58,-9.22,-9.26,3.92,3.54,4.38,-9.24,-2.08,224
20479,2,92.91,-6.57,89.84,-3.00,-5.47,0.00,7.08,17.35,-6.01,-6.24,3.92,3.54,4.15,-6.13,-2.16,224
20500,2,95.68,35.31,89.92,-5.23,-12.65,0.00,6.94,17.21,-3.22,-3.05,3.92,3.54,4.02,-3.13,-2.08,224
20520,2,97.57,53.38,90.00,-7.26,-18.56,0.00,6.87,17.14,-2.27,-2.19,3.92,3.54,3.94,-2.23,-2.00,224
20540,2,98.43,51.93,90.07,-8.28,-20.83,0.00,6.77,17.04,-4.67,-4.50,3.92,3.54,3.84,-4.58,-1.92,224
20560,2,98.06,32.95,90.16,-8.18,-19.46,0.00,6.56,16.83,-8.56,-8.75,3.92,3.54,3.64,-8.65,-1.84,224
20580,2,96.88,8.31,90.23,-7.05,-15.22,0.00,6.24,16.52,-11.79,-11.82,3.92,3.54,3.32,-11.81,-1.76,224
20599,2,96.09,-3.97,90.32,-5.86,-11.40,0.00,5.85,16.12,-13.61,-13.66,3.92,3.54,2.93,-13.64,-1.68,224
20620,2,95.74,-5.44,90.24,-5.38,-10.20,0.00,5.45,15.72,-12.75,-12.81,3.92,3.54,2.52,-12.78,-1.76,224
20640,2,97.31,20.36,90.32,-6.54,-14.09,0.00,5.11,15.38,-9.73,-9.73,3.92,3.54,2.18,-9.73,-1.68,224
20660,2,99.90,53.13,90.40,-8.91,-21.46,0.00,4.86,15.14,-6.93,-6.90,3.92,3.54,1.94,-6.91,-1.60,224
20680,2,102.08,70.98,90.48,-11.20,-25.00,0.00,4.67,14.95,-6.53,-6.44,3.92,3.54,1.75,-6.48,-1.52,232
20700,2,103.35,70.88,90.55,-12.61,-25.00,0.00,4.42,14.70,-9.69,-9.78,3.92,3.54,1.50,-9.73,-1.44,232
20720,2,103.83,59.60,90.63,-13.21,-25.00,0.00,4.05,14.33,-14.10,-13.93,3.92,3.54,1.13,-14.02,-1.36,232
20738,2,103.90,49.34,90.71,-13.26,-25.00,0.00,3.58,13.86,-16.44,-16.36,3.92,3.54,0.66,-16.40,-1.28,232
20761,2,103.99,36.77,90.80,-13.28,-25.00,0.00,3.07,13.36,-16.62,-16.73,3.92,3.54,0.16,-16.67,-1.20,232
20780,2,104.65,37.94,90.88,-13.65,-25.00,0.00,2.57,12.85,-16.44,-16.74,3.92,3.54,-0.35,-16.59,-1.12,232
20800,2,105.79,45.87,90.96,-14.59,-25.00,0.00,2.08,12.34,-15.93,-15.97,3.92,3.54,-0.85,-15.95,-1.04,232
20820,2,107.37,57.98,91.03,-16.01,-25.00,0.00,1.60,11.87,-15.91,-15.59,3.92,3.54,-1.32,-15.75,-0.96,232
20840,2,109.19,70.43,91.12,-17.68,-25.00,0.00,1.12,11.39,-16.11,-16.00,3.92,3.54,-1.80,-16.05,-0.88,232
20859,2,110.87,82.11,91.19,-19.76,-25.00,0.00,0.63,10.90,-16.34,-16.34,3.92,3.54,-2.30,-16.34,-0.80,232
20880,2,113.96,100.56,91.27,-22.12,-25.00,0.00,0.13,10.41,-16.35,-16.28,3.92,3.54,-2.79,-16.32,-0.72,232
20900,2,116.96,118.46,91.36,-24.91,-25.00,0.00,-0.36,9.91,-16.28,-16.32,3.92,3.54,-3.29,-16.30,-0.64,232
20920,2,120.56,139.96,91.44,-28.27,-25.00,0.00,-0.86,9.41,-16.40,-16.56,3.92,3.54,-3.78,-16.48,-0.56,232
20940,2,120.76,94.15,91.51,-29.52,-25.00,0.00,-1.35,8.92,-16.45,-16.13,3.92,3.54,-4.28,-16.29,-0.48,232
20960,2,117.55,9.16,91.58,-27.04,-25.00,0.00,-1.87,8.42,-17.97,-16.56,3.90,3.55,-4.78,-17.26,-0.40,232
20979,2,114.38,-39.93,91.67,-22.80,-25.00,0.00,-2.39,7.91,-15.95,-16.90,3.91,3.55,-5.30,-16.43,-0.32,232
21000,2,109.70,-84.49,91.76,-18.89,-25.00,0.00,-2.85,7.42,-14.79,-15.86,3.92,3.54,-5.77,-15.32,-0.24,232
21020,2,106.32,-105.67,91.84,-15.42,-22.76,0.00,-3.31,6.94,-15.65,-16.02,3.92,3.54,-6.24,-15.84,-0.16,224
21040,2,103.14,-119.35,91.92,-12.04,-14.75,0.00,-3.80,6.45,-16.68,-16.51,3.92,3.53,-6.74,-16.59,-0.08,224
21060,2,100.20,-132.27,92.00,-9.02,-7.73,0.00,-4.31,5.94,-16.91,-16.60,3.92,3.53,-7.25,-16.76,-0.00,32
21080,2,97.60,-141.24,91.92,-6.20,-1.19,0.00,-4.81,5.45,-15.64,-15.48,3.92,3.54,-7.74,-15.56,-0.08,224
21100,2,96.81,-120.08,91.84,-5.00,0.11,0.00,-5.21,5.05,-10.37,-10.44,3.91,3.54,-8.14,-10.40,-0.16,224
21120,2,96.63,-95.23,91.75,-4.68,-1.02,0.00,-5.43,4.84,-4.90,-4.69,3.92,3.54,-8.35,-4.79,-0.24,224
21140,2,97.06,-65.08,91.67,-5.24,-4.77,0.00,-5.51,4.77,-1.14,-1.18,3.92,3.54,-8.43,-1.16,-0.32,224
21160,2,96.81,-51.11,91.59,-5.27,-6.28,0.00,-5.52,4.74,-0.40,-0.64,3.92,3.54,-8.45,-0.52,-0.40,224
21180,2,95.59,-52.81,91.52,-4.33,-4.49,0.00,-5.56,4.71,-1.88,-2.04,3.92,3.54,-8.49,-1.96,-0.48,224
21200,2,94.18,-56.99,91.44,-3.02,-1.56,0.00,-5.65,4.61,-3.83,-3.87,3.92,3.54,-8.58,-3.85,-0.56,224
21218,2,93.37,-56.37,91.36,-1.94,0.64,0.00,-5.78,4.48,-4.56,-4.34,3.92,3.53,-8.71,-4.45,-0.64,224
21240,2,92.89,-46.21,91.27,-1.52,0.90,0.00,-5.90,4.36,-3.48,-3.48,3.92,3.54,-8.83,-3.48,-0.72,224
21260,2,93.55,-29.31,91.20,-2.13,-1.63,0.00,-5.97,4.29,-0.87,-0.96,3.92,3.54,-8.90,-0.92,-0.80,224
21280,2,93.39,-25.24,91.11,-2.30,-2.58,0.00,-5.96,4.30,0.48,0.64,3.92,3.54,-8.89,0.56,-0.88,224
21300,2,92.69,-26.99,91.03,-1.76,-1.40,0.00,-5.96,4.31,-0.19,-0.22,3.92,3.54,-8.88,-0.20,-0.96,224
21320,2,91.79,-31.03,90.96,-0.99,0.41,0.00,-5.97,4.29,-0.84,-1.11,3.92,3.54,-8.90,-0.97,-1.04,224
21340,2,91.04,-32.22,90.88,-0.26,2.06,0.00,-6.01,4.24,-1.61,-1.53,3.92,3.54,-8.94,-1.57,-1.12,224
21360,2,91.01,-22.49,90.80,-0.06,1.94,0.00,-6.06,4.20,-1.31,-1.14,3.92,3.53,-8.99,-1.23,-1.20,224
21379,2,91.43,-10.95,90.72,-0.63,-0.39,0.00,-6.08,4.19,0.35,0.31,3.92,3.53,-9.00,0.33,-1.28,224
21400,2,92.26,2.67,90.64,-1.38,-2.84,0.00,-6.05,4.22,1.31,1.45,3.92,3.53,-8.98,1.38,-1.36,224
21420,2,92.06,-2.74,90.55,-1.52,-2.95,0.00,-6.01,4.26,1.10,0.87,3.92,3.54,-8.94,0.99,-1.44,224
21440,2,91.46,-11.76,90.47,-1.09,-1.44,0.00,-6.01,4.26,-0.53,-0.40,3.92,3.54,-8.94,-0.46,-1.52,224
21460,2,90.57,-21.05,90.39,-0.31,0.91,0.00,-6.04,4.22,-1.53,-1.62,3.92,3.54,-8.97,-1.58,-1.60,224
21480,2,89.92,-24.02,90.32,0.34,2.59,0.00,-6.09,4.17,-1.65,-1.91,3.92,3.54,-9.02,-1.78,-1.68,224
21498,2,90.09,-16.15,90.24,0.22,1.74,0.00,-6.13,4.12,-0.96,-1.03,3.92,3.54,-9.07,-0.99,-1.76,224
21520,2,90.82,-0.92,90.16,-0.42,-0.55,0.00,-6.14,4.12,0.60,0.77,3.92,3.54,-9.07,0.68,-1.84,240
21540,2,91.39,5.66,90.08,-1.11,-2.59,0.00,-6.10,4.16,1.31,1.54,3.92,3.54,-9.03,1.42,-1.92,224
21560,2,91.24,0.51,90.00,-1.27,-2.75,0.00,-6.06,4.20,0.84,0.62,3.92,3.54,-8.99,0.73,-2.00,224
21580,2,90.53,-9.89,89.92,-0.73,-0.86,0.00,-6.06,4.20,-0.46,-0.56,3.92,3.54,-8.99,-0.51,-2.08,224
21600,2,89.69,-18.67,89.84,0.01,1.36,0.00,-6.09,4.16,-1.28,-1.36,3.92,3.54,-9.02,-1.32,-2.16,224
21619,2,89.25,-20.63,89.76,0.58,2.81,0.00,-6.14,4.12,-1.59,-1.49,3.92,3.54,-9.07,-1.54,-2.24,224
21640,2,89.42,-11.42,89.68,0.47,2.10,0.00,-6.18,4.08,-0.68,-0.41,3.92,3.54,-9.11,-0.54,-2.32,224
21660,2,90.02,-0.96,89.60,-0.19,-0.14,0.00,-6.17,4.09,0.93,1.12,3.92,3.54,-9.10,1.02,-2.40,240
21680,2,90.44,3.61,89.51,-0.77,-1.77,0.00,-6.13,4.14,1.50,1.73,3.92,3.54,-9.05,1.61,-2.48,224
21700,2,90.29,-0.72,89.44,-0.86,-1.78,0.00,-6.08,4.18,1.31,1.18,3.92,3.54,-9.01,1.25,-2.56,224
21720,2,89.67,-9.16,89.36,-0.41,-0.26,0.00,-6.07,4.19,-0.19,-0.28,3.92,3.54,-9.00,-0.24,-2.64,224
21740,2,89.00,-15.86,89.28,0.18,1.51,0.00,-6.09,4.17,-0.86,-0.88,3.92,3.54,-9.02,-0.87,-2.72,224
21759,2,88.72,-16.32,89.20,0.56,2.42,0.00,-6.12,4.14,-1.09,-1.02,3.92,3.54,-9.05,-1.06,-2.80,224
21780,2,88.95,-7.21,89.12,0.25,1.08,0.00,-6.14,4.12,-0.24,0.03,3.92,3.54,-9.07,-0.11,-2.88,224
21800,2,89.40,1.63,89.04,-0.15,-0.23,0.00,-6.13,4.14,1.06,0.98,3.92,3.54,-9.05,1.02,-2.96,240
21820,2,89.94,9.10,88.96,-0.78,-2.18,0.00,-6.09,4.18,1.43,1.37,3.92,3.54,-9.02,1.40,-3.04,224
21840,2,90.00,7.05,88.88,-1.07,-2.79,0.00,-6.05,4.21,0.85,0.82,3.92,3.54,-8.98,0.83,-3.12,224
21860,2,89.72,0.80,88.80,-0.93,-2.06,0.00,-6.05,4.21,-0.51,-0.32,3.92,3.54,-8.98,-0.42,-3.20,224
21879,2,89.38,-4.31,88.72,-0.59,-0.83,0.00,-6.08,4.19,-1.31,-1.22,3.92,3.54,-9.00,-1.27,-3.28,224
21900,2,88.86,-9.97,88.64,-0.24,0.26,0.00,-6.12,4.14,-1.62,-1.77,3.92,3.54,-9.05,-1.69,-3.36,224
21920,2,88.74,-8.96,88.56,-0.11,0.55,0.00,-6.17,4.09,-1.37,-1.54,3.92,3.54,-9.10,-1.45,-3.44,224
21940,2,89.21,-0.87,88.48,-0.52,-0.83,0.00,-6.20,4.06,-0.56,-0.50,3.92,3.54,-9.13,-0.53,-3.52,240
21960,2,89.53,2.89,88.40,-0.99,-2.17,0.00,-6.20,4.06,0.22,0.34,3.92,3.54,-9.13,0.28,-3.60,224
21980,2,89.49,0.73,88.32,-1.12,-2.35,0.00,-6.19,4.07,-0.04,0.02,3.92,3.54,-9.12,-0.01,-3.68,224
22000,2,89.16,-4.79,88.24,-0.95,-1.65,0.00,-6.20,4.06,-0.54,-0.63,3.92,3.54,-9.13,-0.58,-3.76,224
22019,2,88.72,-10.32,88.15,-0.48,-0.14,0.00,-6.23,4.03,-1.18,-1.26,3.92,3.54,-9.16,-1.22,-3.84,224
22040,2,88.06,-15.64,88.08,-0.01,1.18,0.00,-6.27,3.99,-1.53,-1.55,3.92,3.54,-9.20,-1.54,-3.92,224
22060,2,87.93,-13.18,88.00,0.14,1.42,0.00,-6.31,3.95,-1.19,-1.13,3.92,3.54,-9.24,-1.16,-4.00,224
22080,2,88.14,-6.82,87.92,-0.07,0.53,0.00,-6.33,3.93,0.17,0.22,3.92,3.54,-9.26,0.20,-4.08,224
22100,2,88.49,-1.37,87.84,-0.48,-0.74,0.00,-6.31,3.95,0.50,0.78,3.92,3.54,-9.24,0.64,-4.16,240
22120,2,88.48,-2.19,87.75,-0.69,-1.26,0.00,-6.29,3.98,0.75,0.66,3.92,3.54,-9.22,0.70,-4.24,224
22138,2,88.21,-6.16,87.67,-0.45,-0.42,0.00,-6.28,3.98,0.13,-0.04,3.92,3.54,-9.21,0.05,-4.32,224
22160,2,87.72,-10.98,87.60,-0.15,0.51,0.00,-6.28,3.97,-0.30,-0.45,3.92,3.54,-9.22,-0.37,-4.40,224
22180,2,87.31,-13.43,87.52,0.19,1.41,0.00,-6.30,3.96,-0.49,-0.34,3.92,3.54,-9.23,-0.41,-4.48,224
22200,2,87.24,-10.42,87.44,0.30,1.53,0.00,-6.32,3.95,-0.61,-0.36,3.92,3.54,-9.24,-0.49,-4.56,224
22220,2,87.46,-3.92,87.36,0.04,0.53,0.00,-6.32,3.95,0.32,0.30,3.92,3.54,-9.25,0.31,-4.64,240
22239,2,87.69,0.41,87.28,-0.33,-0.70,0.00,-6.30,3.97,0.94,0.91,3.92,3.54,-9.23,0.93,-4.72,240
22260,2,87.89,2.67,87.20,-0.60,-1.42,0.00,-6.27,3.99,0.80,0.77,3.92,3.54,-9.20,0.79,-4.80,224
22280,2,87.79,0.44,87.12,-0.63,-1.35,0.00,-6.25,4.01,0.07,0.18,3.92,3.54,-9.18,0.12,-4.88,224
22300,2,87.49,-3.78,87.04,-0.46,-0.70,0.00,-6.26,4.00,-0.49,-0.33,3.92,3.54,-9.19,-0.41,-4.96,240
22320,2,87.26,-5.84,86.96,-0.27,-0.10,0.00,-6.28,3.98,-0.83,-0.95,3.92,3.54,-9.21,-0.89,-5.04,224
22340,2,87.11,-6.24,86.88,-0.19,0.11,0.00,-6.30,3.95,-0.71,-0.73,3.92,3.54,-9.23,-0.72,-5.12,224
22360,2,87.28,-2.22,86.80,-0.34,-0.40,0.00,-6.32,3.93,-0.54,-0.45,3.92,3.54,-9.25,-0.49,-5.20,240
22380,2,87.41,0.34,86.72,-0.59,-1.17,0.00,-6.33,3.93,0.03,0.07,3.92,3.54,-9.26,0.05,-5.28,224
22399,2,87.46,0.83,86.64,-0.75,-1.56,0.00,-6.33,3.93,-0.13,-0.06,3.92,3.54,-9.26,-0.09,-5.36,224
22420,2,87.40,-0.98,86.56,-0.79,-1.56,0.00,-6.33,3.93,-0.32,-0.30,3.92,3.54,-9.26,-0.31,-5.44,224
22440,2,87.14,-4.69,86.48,-0.66,-1.01,0.00,-6.35,3.91,-0.81,-0.73,3.92,3.54,-9.28,-0.77,-5.52,224
22460,2,86.87,-7.85,86.40,-0.46,-0.36,0.00,-6.38,3.88,-0.97,-1.02,3.92,3.54,-9.31,-1.00,-5.60,224
22480,2,86.69,-8.72,86.32,-0.33,0.03,0.00,-6.41,3.85,-0.85,-1.05,3.92,3.54,-9.34,-0.95,-5.68,224
22500,2,86.68,-6.92,86.24,-0.35,-0.08,0.00,-6.44,3.82,-0.69,-0.67,3.92,3.54,-9.37,-0.68,-5.76,224
22519,2,86.77,-4.77,86.16,-0.53,-0.69,0.00,-6.45,3.81,-0.01,-0.06,3.92,3.54,-9.38,-0.04,-5.84,224
22540,2,86.71,-4.70,86.08,-0.58,-0.80,0.00,-6.45,3.81,0.02,0.02,3.92,3.54,-9.38,0.02,-5.92,224
22560,2,86.51,-6.56,86.00,-0.50,-0.52,0.00,-6.45,3.81,-0.25,-0.14,3.92,3.54,-9.38,-0.20,-6.00,224
22580,2,86.17,-9.81,86.00,-0.26,0.19,0.00,-6.46,3.80,-0.45,-0.41,3.92,3.54,-9.39,-0.43,-6.00,224
22600,2,85.92,-10.80,86.00,0.03,0.93,0.00,-6.48,3.78,-0.68,-0.64,3.92,3.54,-9.41,-0.66,-6.00,224
22620,2,85.98,-7.46,86.00,0.04,0.73,0.00,-6.49,3.77,-0.12,-0.20,3.92,3.54,-9.42,-0.16,-6.00,224
22640,2,85.98,-5.68,86.00,0.02,0.52,0.00,-6.49,3.77,0.20,0.19,3.92,3.54,-9.42,0.19,-6.00,224
22658,2,86.01,-4.22,86.00,-0.01,0.32,0.00,-6.48,3.78,0.18,0.25,3.92,3.54,-9.41,0.22,-6.00,224
22681,2,86.11,-1.82,86.00,-0.11,-0.08,0.00,-6.47,3.79,0.39,0.53,3.92,3.54,-9.40,0.46,-6.00,240
22700,2,86.04,-2.75,86.00,-0.07,0.04,0.00,-6.46,3.80,0.54,0.49,3.92,3.54,-9.39,0.52,-6.00,240
22720,2,85.89,-4.42,86.00,0.08,0.48,0.00,-6.45,3.81,0.13,-0.06,3.92,3.54,-9.38,0.04,-6.00,224
22740,2,85.74,-5.36,86.00,0.22,0.85,0.00,-6.45,3.81,-0.01,-0.01,3.92,3.54,-9.38,-0.01,-6.00,224
22760,2,85.67,-4.93,86.00,0.32,1.05,0.00,-6.45,3.81,0.05,0.15,3.92,3.54,-9.38,0.10,-6.00,224
22779,2,85.69,-3.63,86.00,0.31,0.91,0.00,-6.44,3.82,0.29,0.26,3.92,3.54,-9.37,0.27,-6.00,240
22800,2,85.87,-0.06,86.00,0.18,0.43,0.00,-6.43,3.83,0.63,0.64,3.92,3.54,-9.36,0.63,-6.00,240
22820,2,85.88,0.12,86.00,0.11,0.19,0.00,-6.41,3.86,0.83,0.75,3.92,3.54,-9.33,0.79,-6.00,240
22840,2,85.85,-0.32,86.00,0.15,0.32,0.00,-6.39,3.87,0.35,0.40,3.92,3.54,-9.32,0.38,-6.00,240
22860,2,85.82,-0.57,86.00,0.17,0.38,0.00,-6.38,3.88,0.29,0.33,3.92,3.54,-9.31,0.31,-6.00,240
22880,2,85.77,-1.04,86.00,0.22,0.50,0.00,-6.37,3.89,0.29,0.25,3.92,3.54,-9.30,0.27,-6.00,240
22899,2,85.75,-1.05,86.00,0.24,0.57,0.00,-6.37,3.89,0.27,0.12,3.92,3.54,-9.30,0.19,-6.00,240
22920,2,85.81,0.17,86.00,0.21,0.44,0.00,-6.36,3.90,0.23,0.22,3.92,3.54,-9.29,0.22,-6.00,240
22940,2,85.99,2.78,86.00,0.05,-0.07,0.00,-6.35,3.91,0.32,0.52,3.92,3.54,-9.28,0.42,-6.00,240
22960,2,86.07,3.01,86.00,-0.07,-0.39,0.00,-6.34,3.93,0.50,0.57,3.92,3.54,-9.27,0.54,-6.00,240
22980,2,86.02,1.52,86.00,-0.03,-0.20,0.00,-6.33,3.93,0.12,-0.01,3.92,3.54,-9.26,0.06,-6.00,240
23000,2,86.00,0.91,86.00,-0.00,-0.09,0.00,-6.33,3.93,-0.00,-0.02,3.92,3.54,-9.26,-0.01,-6.00,240
23020,2,85.98,0.54,86.00,0.01,-0.02,0.00,-6.33,3.93,-0.10,-0.02,3.92,3.54,-9.26,-0.06,-6.00,240
23039,2,86.00,0.75,86.00,-0.00,-0.07,0.00,-6.33,3.93,-0.13,-0.21,3.92,3.54,-9.26,-0.17,-6.00,240
23060,2,86.09,1.76,86.00,-0.07,-0.26,0.00,-6.34,3.93,-0.05,-0.11,3.92,3.54,-9.26,-0.08,-6.00,240
23081,2,86.17,2.42,86.00,-0.17,-0.53,0.00,-6.34,3.92,-0.06,-0.06,3.92,3.54,-9.27,-0.06,-6.00,240
23100,2,86.24,2.73,86.00,-0.22,-0.66,0.00,-6.34,3.92,-0.12,-0.09,3.92,3.54,-9.27,-0.10,-6.00,240
23121,2,86.30,2.76,86.00,-0.30,-0.81,0.00,-6.34,3.92,-0.21,-0.22,3.92,3.54,-9.27,-0.21,-6.00,240
23138,2,86.27,1.73,86.00,-0.28,-0.69,0.00,-6.35,3.91,-0.25,-0.30,3.92,3.54,-9.28,-0.28,-6.00,240
23158,2,86.31,1.48,86.00,-0.31,-0.74,0.00,-6.36,3.90,-0.43,-0.45,3.92,3.54,-9.29,-0.44,-6.00,240
23180,2,86.33,0.71,86.00,-0.33,-0.72,0.00,-6.37,3.89,-0.28,-0.18,3.92,3.54,-9.30,-0.23,-6.00,240
23200,2,86.24,-1.17,86.00,-0.28,-0.52,0.00,-6.38,3.88,-0.51,-0.52,3.92,3.54,-9.31,-0.52,-6.00,240
23220,2,86.13,-2.60,86.00,-0.15,-0.10,0.00,-6.41,3.86,-0.60,-0.68,3.92,3.54,-9.33,-0.64,-6.00,240
23240,2,86.08,-2.87,86.00,-0.09,0.04,0.00,-6.42,3.84,-0.42,-0.33,3.92,3.54,-9.35,-0.38,-6.00,240
23260,2,86.07,-2.67,86.00,-0.07,0.08,0.00,-6.43,3.83,-0.28,-0.31,3.92,3.54,-9.36,-0.30,-6.00,240
23280,2,86.11,-1.81,86.00,-0.10,-0.03,0.00,-6.43,3.83,-0.12,-0.16,3.92,3.54,-9.36,-0.14,-6.00,240
23298,2,86.10,-1.73,86.00,-0.10,-0.07,0.00,-6.44,3.83,0.02,0.03,3.92,3.54,-9.36,0.02,-6.00,240
23320,2,86.07,-2.04,86.00,-0.08,-0.01,0.00,-6.44,3.83,-0.04,-0.03,3.92,3.54,-9.36,-0.03,-6.00,240
23340,2,86.01,-2.69,86.00,-0.03,0.15,0.00,-6.44,3.82,0.02,-0.03,3.92,3.54,-9.36,-0.01,-6.00,240
23360,2,85.93,-3.19,86.00,0.05,0.34,0.00,-6.44,3.82,-0.03,-0.10,3.92,3.54,-9.37,-0.07,-6.00,240
23380,2,85.88,-3.27,86.00,0.11,0.47,0.00,-6.44,3.82,-0.01,-0.06,3.92,3.54,-9.37,-0.03,-6.00,240
23400,2,85.89,-2.35,86.00,0.12,0.45,0.00,-6.44,3.82,0.07,0.07,3.92,3.54,-9.37,0.07,-6.00,240
23418,2,85.93,-1.27,86.00,0.07,0.23,0.00,-6.43,3.83,0.26,0.23,3.92,3.54,-9.36,0.24,-6.00,240
23440,2,86.00,-0.06,86.00,0.01,0.03,0.00,-6.42,3.84,0.37,0.33,3.92,3.54,-9.35,0.35,-6.00,240
23460,2,85.97,-0.49,86.00,0.01,0.06,0.00,-6.41,3.85,0.19,0.26,3.92,3.54,-9.34,0.23,-6.00,240
23480,2,85.93,-1.05,86.00,0.06,0.20,0.00,-6.41,3.85,0.05,0.07,3.92,3.54,-9.34,0.06,-6.00,240
23500,2,85.90,-1.21,86.00,0.09,0.28,0.00,-6.41,3.85,0.01,0.06,3.92,3.54,-9.34,0.04,-6.00,240
23520,2,85.89,-1.05,86.00,0.11,0.32,0.00,-6.41,3.85,0.05,0.14,3.92,3.54,-9.34,0.10,-6.00,240
23539,2,85.90,-0.57,86.00,0.10,0.24,0.00,-6.40,3.86,0.08,0.07,3.92,3.54,-9.33,0.08,-6.00,240
23560,2,85.98,0.78,86.00,0.04,0.04,0.00,-6.40,3.86,0.16,0.29,3.92,3.54,-9.33,0.22,-6.00,240
23580,2,86.05,1.51,86.00,-0.04,-0.19,0.00,-6.39,3.87,0.24,0.26,3.92,3.54,-9.32,0.25,-6.00,240
23600,2,86.06,1.22,86.00,-0.06,-0.23,0.00,-6.39,3.88,0.19,0.08,3.92,3.54,-9.31,0.14,-6.00,240
23620,2,86.07,0.94,86.00,-0.06,-0.21,0.00,-6.38,3.88,-0.04,0.02,3.92,3.54,-9.31,-0.01,-6.00,240
23640,2,86.06,0.59,86.00,-0.06,-0.18,0.00,-6.38,3.88,-0.07,-0.04,3.92,3.54,-9.31,-0.06,-6.00,240
23660,2,86.03,0.08,86.00,-0.04,-0.10,0.00,-6.39,3.87,-0.14,-0.12,3.92,3.54,-9.32,-0.13,-6.00,240
23679,2,86.02,-0.12,86.00,-0.02,-0.04,0.00,-6.39,3.87,-0.16,-0.22,3.92,3.54,-9.32,-0.19,-6.00,240
23700,2,86.08,0.56,86.00,-0.08,-0.20,0.00,-6.40,3.86,-0.11,-0.20,3.92,3.54,-9.33,-0.16,-6.00,240
23720,2,86.13,1.04,86.00,-0.12,-0.32,0.00,-6.40,3.86,-0.02,-0.06,3.92,3.54,-9.33,-0.04,-6.00,240
23740,2,86.15,0.87,86.00,-0.15,-0.37,0.00,-6.40,3.86,-0.03,-0.04,3.92,3.54,-9.33,-0.04,-6.00,240
23760,2,86.16,0.49,86.00,-0.16,-0.36,0.00,-6.40,3.86,-0.09,-0.15,3.92,3.54,-9.33,-0.12,-6.00,240
23778,2,86.15,0.05,86.00,-0.15,-0.30,0.00,-6.41,3.85,-0.13,-0.14,3.92,3.54,-9.34,-0.13,-6.00,240
23800,2,86.08,-1.13,86.00,-0.10,-0.13,0.00,-6.41,3.85,-0.25,-0.22,3.92,3.54,-9.34,-0.23,-6.00,240
23820,2,85.98,-2.47,86.00,-0.00,0.17,0.00,-6.42,3.84,-0.34,-0.22,3.92,3.54,-9.35,-0.28,-6.00,240
23840,2,85.97,-2.11,86.00,0.04,0.26,0.00,-6.43,3.83,-0.25,-0.29,3.92,3.54,-9.36,-0.27,-6.00,240
23860,2,86.01,-1.18,86.00,-0.00,0.11,0.00,-6.43,3.83,0.01,-0.07,3.92,3.54,-9.36,-0.03,-6.00,240
23880,2,86.04,-0.56,86.00,-0.04,-0.02,0.00,-6.43,3.83,0.06,0.09,3.92,3.54,-9.36,0.08,-6.00,240
23900,2,86.07,-0.22,86.00,-0.07,-0.11,0.00,-6.43,3.83,0.12,0.09,3.92,3.54,-9.36,0.10,-6.00,240
23920,2,86.04,-0.69,86.00,-0.06,-0.07,0.00,-6.42,3.83,0.10,0.07,3.92,3.54,-9.35,0.09,-6.00,240
23938,2,86.02,-1.04,86.00,-0.02,0.05,0.00,-6.42,3.84,-0.04,-0.01,3.92,3.54,-9.35,-0.03,-6.00,240
23960,2,85.96,-1.51,86.00,0.02,0.16,0.00,-6.42,3.83,-0.07,-0.00,3.92,3.54,-9.35,-0.03,-6.00,240
23980,2,85.94,-1.50,86.00,0.06,0.23,0.00,-6.43,3.83,-0.08,-0.02,3.92,3.54,-9.36,-0.05,-6.00,240
24000,2,85.93,-1.31,86.00,0.07,0.25,0.00,-6.43,3.83,-0.04,0.01,3.92,3.54,-9.36,-0.02,-6.00,240
24020,2,85.96,-0.55,86.00,0.05,0.16,0.00,-6.42,3.84,0.09,0.04,3.92,3.54,-9.35,0.07,-6.00,240
24040,2,86.02,0.48,86.00,-0.01,-0.03,0.00,-6.42,3.84,0.20,0.20,3.92,3.54,-9.35,0.20,-6.00,240
24058,2,86.04,0.57,86.00,-0.04,-0.12,0.00,-6.42,3.85,0.21,0.24,3.92,3.54,-9.34,0.23,-6.00,240
24080,2,86.03,0.23,86.00,-0.03,-0.09,0.00,-6.41,3.85,0.09,0.09,3.92,3.54,-9.34,0.09,-6.00,240
24100,2,86.02,-0.01,86.00,-0.02,-0.05,0.00,-6.41,3.85,0.05,0.02,3.92,3.54,-9.34,0.03,-6.00,240
24120,2,86.01,-0.22,86.00,-0.01,-0.01,0.00,-6.41,3.85,-0.01,0.02,3.92,3.54,-9.34,0.00,-6.00,240
24140,2,86.01,-0.30,86.00,-0.01,0.01,0.00,-6.41,3.85,-0.13,-0.01,3.92,3.54,-9.34,-0.07,-6.00,240
24160,2,86.01,-0.19,86.00,-0.01,0.00,0.00,-6.41,3.85,-0.03,-0.04,3.92,3.54,-9.34,-0.04,-6.00,240
24179,2,86.02,-0.09,86.00,-0.02,-0.03,0.00,-6.41,3.85,0.00,-0.02,3.92,3.54,-9.34,-0.01,-6.00,240
24199,2,86.03,0.08,86.00,-0.03,-0.07,0.00,-6.42,3.84,0.02,-0.02,3.92,3.54,-9.34,0.00,-6.00,240
24220,2,86.05,0.31,86.00,-0.05,-0.12,0.00,-6.42,3.84,0.02,-0.01,3.92,3.54,-9.35,0.01,-6.00,240
24240,2,86.06,0.26,86.00,-0.06,-0.15,0.00,-6.42,3.84,-0.05,0.01,3.92,3.54,-9.35,-0.02,-6.00,240
24260,2,86.06,0.09,86.00,-0.06,-0.13,0.00,-6.42,3.84,-0.05,-0.05,3.92,3.54,-9.35,-0.05,-6.00,240
24280,2,86.05,-0.12,86.00,-0.06,-0.11,0.00,-6.42,3.84,-0.15,-0.08,3.92,3.54,-9.35,-0.12,-6.00,240
24300,2,86.05,-0.16,86.00,-0.05,-0.09,0.00,-6.42,3.84,-0.12,-0.11,3.92,3.54,-9.35,-0.12,-6.00,240
24319,2,86.06,-0.10,86.00,-0.06,-0.11,0.00,-6.42,3.83,-0.06,-0.09,3.92,3.54,-9.35,-0.07,-6.00,240
24340,2,86.07,-0.06,86.00,-0.07,-0.13,0.00,-6.43,3.83,-0.07,-0.02,3.92,3.54,-9.36,-0.05,-6.00,240
24360,2,86.07,-0.14,86.00,-0.07,-0.13,0.00,-6.43,3.83,-0.04,-0.05,3.92,3.54,-9.36,-0.05,-6.00,240
24380,2,86.06,-0.35,86.00,-0.06,-0.10,0.00,-6.43,3.83,-0.07,-0.08,3.92,3.54,-9.36,-0.07,-6.00,240
24400,2,86.04,-0.55,86.00,-0.05,-0.05,0.00,-6.43,3.83,-0.09,-0.11,3.92,3.54,-9.36,-0.10,-6.00,240
24420,2,86.04,-0.44,86.00,-0.04,-0.05,0.00,-6.44,3.82,-0.16,-0.10,3.92,3.54,-9.37,-0.13,-6.00,240
24439,2,86.06,-0.27,86.00,-0.06,-0.09,0.00,-6.44,3.82,-0.01,-0.01,3.92,3.54,-9.37,-0.01,-6.00,240
24460,2,86.06,-0.17,86.00,-0.06,-0.11,0.00,-6.44,3.82,-0.02,-0.04,3.92,3.54,-9.37,-0.03,-6.00,240
24480,2,86.06,-0.31,86.00,-0.06,-0.09,0.00,-6.44,3.82,-0.03,-0.04,3.92,3.54,-9.37,-0.03,-6.00,240
24500,2,86.06,-0.33,86.00,-0.06,-0.09,0.00,-6.44,3.82,-0.04,-0.05,3.92,3.54,-9.37,-0.05,-6.00,240
24520,2,86.06,-0.34,86.00,-0.06,-0.09,0.00,-6.44,3.82,-0.03,-0.09,3.92,3.54,-9.37,-0.06,-6.00,240
24540,2,86.05,-0.43,86.00,-0.06,-0.08,0.00,-6.44,3.81,-0.07,-0.01,3.92,3.54,-9.37,-0.04,-6.00,240
24560,2,86.06,-0.41,86.00,-0.05,-0.08,0.00,-6.45,3.81,-0.05,-0.06,3.92,3.54,-9.38,-0.06,-6.00,240
24579,2,86.05,-0.40,86.00,-0.05,-0.08,0.00,-6.45,3.81,-0.04,-0.04,3.92,3.54,-9.38,-0.04,-6.00,240
24601,2,86.05,-0.41,86.00,-0.05,-0.07,0.00,-6.45,3.81,-0.03,-0.04,3.92,3.54,-9.38,-0.03,-6.00,240
24620,2,86.04,-0.48,86.00,-0.05,-0.05,0.00,-6.45,3.81,-0.06,-0.01,3.92,3.54,-9.38,-0.04,-6.00,240
24640,2,86.04,-0.51,86.00,-0.04,-0.04,0.00,-6.45,3.81,-0.08,-0.07,3.92,3.54,-9.38,-0.08,-6.00,240
24660,2,86.04,-0.47,86.00,-0.04,-0.04,0.00,-6.46,3.81,-0.09,-0.04,3.92,3.54,-9.38,-0.06,-6.00,240
24680,2,86.04,-0.37,86.00,-0.04,-0.04,0.00,-6.46,3.80,-0.02,0.01,3.92,3.54,-9.39,-0.00,-6.00,240
24699,2,86.04,-0.25,86.00,-0.04,-0.07,0.00,-6.46,3.80,-0.03,-0.06,3.92,3.54,-9.39,-0.05,-6.00,240
24720,2,86.04,-0.26,86.00,-0.04,-0.07,0.00,-6.46,3.80,0.04,-0.07,3.92,3.54,-9.39,-0.02,-6.00,240
24740,2,86.04,-0.34,86.00,-0.04,-0.05,0.00,-6.46,3.80,-0.03,-0.03,3.92,3.54,-9.39,-0.03,-6.00,240
24760,2,86.04,-0.33,86.00,-0.04,-0.05,0.00,-6.46,3.80,-0.09,-0.07,3.92,3.54,-9.39,-0.08,-6.00,240
24780,2,86.03,-0.38,86.00,-0.03,-0.04,0.00,-6.46,3.80,-0.07,-0.01,3.92,3.54,-9.39,-0.04,-6.00,240
24800,2,86.04,-0.26,86.00,-0.04,-0.05,0.00,-6.46,3.80,-0.03,-0.07,3.92,3.54,-9.39,-0.05,-6.00,240
24819,2,86.04,-0.19,86.00,-0.04,-0.07,0.00,-6.46,3.79,-0.03,-0.05,3.92,3.54,-9.39,-0.04,-6.00,240
24840,2,86.05,-0.07,86.00,-0.05,-0.09,0.00,-6.47,3.79,0.01,-0.05,3.92,3.54,-9.40,-0.02,-6.00,240
24860,2,86.05,-0.10,86.00,-0.05,-0.10,0.00,-6.47,3.79,-0.04,-0.02,3.92,3.54,-9.40,-0.03,-6.00,240
24880,2,86.04,-0.30,86.00,-0.05,-0.07,0.00,-6.47,3.79,-0.01,0.04,3.92,3.54,-9.40,0.02,-6.00,240
24900,2,86.02,-0.56,86.00,-0.03,-0.01,0.00,-6.47,3.79,-0.07,-0.06,3.92,3.54,-9.40,-0.07,-6.00,240
24920,2,86.01,-0.57,86.00,-0.01,0.02,0.00,-6.47,3.79,-0.11,-0.08,3.92,3.54,-9.40,-0.10,-6.00,240
24940,2,86.03,-0.32,86.00,-0.02,-0.01,0.00,-6.47,3.79,-0.03,-0.01,3.92,3.54,-9.40,-0.02,-6.00,240
24959,2,86.03,-0.19,86.00,-0.03,-0.05,0.00,-6.47,3.79,-0.00,0.01,3.92,3.54,-9.40,0.00,-6.00,240
24980,2,86.05,-0.02,86.00,-0.04,-0.08,0.00,-6.47,3.79,0.04,-0.03,3.92,3.54,-9.40,0.01,-6.00,240
25001,2,86.05,0.04,86.00,-0.05,-0.11,0.00,-6.47,3.79,-0.01,-0.02,3.92,3.54,-9.40,-0.01,-6.00,240
25020,2,86.05,-0.05,86.00,-0.05,-0.10,0.00,-6.47,3.79,-0.03,-0.06,3.92,3.54,-9.40,-0.04,-6.00,240
25040,2,86.04,-0.33,86.00,-0.04,-0.06,0.00,-6.48,3.78,0.01,-0.03,3.92,3.54,-9.41,-0.01,-6.00,240
25060,2,86.03,-0.37,86.00,-0.03,-0.04,0.00,-6.48,3.78,-0.03,-0.08,3.92,3.54,-9.41,-0.05,-6.00,240
25079,2,86.04,-0.27,86.00,-0.04,-0.06,0.00,-6.48,3.78,-0.06,-0.03,3.92,3.54,-9.41,-0.05,-6.00,240
25100,2,86.04,-0.23,86.00,-0.04,-0.07,0.00,-6.48,3.78,0.04,-0.03,3.92,3.54,-9.41,0.01,-6.00,240
25122,2,86.04,-0.23,86.00,-0.05,-0.07,0.00,-6.48,3.78,-0.00,-0.08,3.92,3.54,-9.41,-0.04,-6.00,240
25138,2,86.05,-0.18,86.00,-0.05,-0.08,0.00,-6.48,3.78,-0.05,-0.08,3.92,3.54,-9.41,-0.07,-6.00,240
25160,2,86.05,-0.12,86.00,-0.05,-0.09,0.00,-6.48,3.78,-0.04,-0.09,3.92,3.54,-9.41,-0.06,-6.00,240
25180,2,86.06,-0.07,86.00,-0.06,-0.11,0.00,-6.48,3.77,-0.11,-0.06,3.92,3.54,-9.41,-0.08,-6.00,240
25200,2,86.06,-0.07,86.00,-0.06,-0.12,0.00,-6.49,3.77,-0.07,-0.05,3.92,3.54,-9.42,-0.06,-6.00,240
25218,2,86.06,-0.14,86.00,-0.06,-0.10,0.00,-6.49,3.77,-0.09,-0.12,3.92,3.54,-9.42,-0.10,-6.00,240
25240,2,86.06,-0.15,86.00,-0.06,-0.10,0.00,-6.49,3.77,-0.11,-0.06,3.92,3.54,-9.42,-0.09,-6.00,240
25260,2,86.05,-0.17,86.00,-0.06,-0.10,0.00,-6.49,3.77,-0.03,-0.08,3.92,3.54,-9.42,-0.06,-6.00,240
25280,2,86.06,-0.03,86.00,-0.06,-0.11,0.00,-6.50,3.77,-0.03,-0.09,3.92,3.54,-9.42,-0.06,-6.00,240
25300,2,86.06,-0.05,86.00,-0.06,-0.12,0.00,-6.50,3.76,-0.07,-0.07,3.92,3.54,-9.43,-0.07,-6.00,240
25320,2,86.06,-0.04,86.00,-0.07,-0.13,0.00,-6.50,3.76,-0.07,-0.09,3.92,3.54,-9.43,-0.08,-6.00,240
25338,2,86.06,-0.06,86.00,-0.07,-0.13,0.00,-6.50,3.76,-0.11,-0.14,3.92,3.54,-9.43,-0.13,-6.00,240
25360,2,86.07,0.04,86.00,-0.07,-0.15,0.00,-6.50,3.75,-0.02,-0.14,3.92,3.54,-9.43,-0.08,-6.00,240
25380,2,86.09,0.20,86.00,-0.08,-0.18,0.00,-6.51,3.75,-0.08,-0.10,3.92,3.54,-9.44,-0.09,-6.00,240
25400,2,86.10,0.26,86.00,-0.10,-0.22,0.00,-6.51,3.75,-0.09,-0.06,3.92,3.54,-9.44,-0.07,-6.00,240
25419,2,86.09,0.11,86.00,-0.10,-0.20,0.00,-6.51,3.75,-0.11,-0.11,3.92,3.54,-9.44,-0.11,-6.00,240
25440,2,86.10,0.07,86.00,-0.09,-0.19,0.00,-6.52,3.74,-0.16,-0.12,3.92,3.54,-9.45,-0.14,-6.00,240
25459,2,86.12,0.34,86.00,-0.12,-0.27,0.00,-6.52,3.74,-0.01,-0.14,3.92,3.54,-9.45,-0.08,-6.00,240
25480,2,86.16,0.68,86.00,-0.15,-0.35,0.00,-6.52,3.74,-0.04,-0.13,3.92,3.54,-9.45,-0.08,-6.00,240
25500,2,86.17,0.73,86.00,-0.17,-0.40,0.00,-6.52,3.73,-0.12,-0.09,3.92,3.54,-9.46,-0.10,-6.00,240
25520,2,86.14,0.12,86.00,-0.16,-0.34,0.00,-6.53,3.73,-0.14,-0.15,3.92,3.54,-9.46,-0.14,-6.00,240
25540,2,86.09,-0.72,86.00,-0.11,-0.17,0.00,-6.54,3.73,-0.34,-0.19,3.92,3.54,-9.47,-0.26,-6.00,240
25560,2,86.08,-0.79,86.00,-0.08,-0.09,0.00,-6.55,3.72,-0.31,-0.28,3.92,3.54,-9.47,-0.30,-6.00,240
25580,2,86.11,-0.03,86.00,-0.10,-0.18,0.00,-6.55,3.71,-0.17,-0.24,3.92,3.54,-9.48,-0.20,-6.00,240
25599,2,86.16,0.67,86.00,-0.16,-0.38,0.00,-6.56,3.70,-0.02,-0.17,3.92,3.54,-9.49,-0.10,-6.00,240
25620,2,86.23,1.32,86.00,-0.23,-0.57,0.00,-6.56,3.70,-0.10,0.03,3.92,3.54,-9.49,-0.03,-6.00,240
25640,2,86.27,1.41,86.00,-0.26,-0.63,0.00,-6.56,3.70,-0.21,-0.14,3.92,3.54,-9.49,-0.17,-6.00,240
25660,2,86.30,1.40,86.00,-0.29,-0.69,0.00,-6.57,3.69,-0.24,-0.23,3.92,3.54,-9.50,-0.24,-6.00,240
25680,2,86.23,0.02,86.00,-0.26,-0.56,0.00,-6.57,3.68,-0.29,-0.20,3.92,3.54,-9.50,-0.25,-6.00,240
25700,2,86.10,-1.99,86.00,-0.13,-0.15,0.00,-6.59,3.67,-0.58,-0.49,3.92,3.54,-9.52,-0.54,-6.00,240
25719,2,86.12,-1.36,86.00,-0.12,-0.13,0.00,-6.61,3.66,-0.53,-0.71,3.92,3.54,-9.53,-0.62,-6.00,240
25740,2,86.27,1.11,86.00,-0.25,-0.56,0.00,-6.61,3.64,-0.14,-0.10,3.92,3.54,-9.54,-0.12,-6.00,240
25760,2,86.30,1.16,86.00,-0.30,-0.70,0.00,-6.62,3.64,-0.11,-0.01,3.92,3.54,-9.55,-0.06,-6.00,240
25780,2,86.24,-0.15,86.00,-0.26,-0.54,0.00,-6.62,3.64,-0.41,-0.25,3.92,3.54,-9.55,-0.33,-6.00,240
25800,2,86.14,-1.66,86.00,-0.17,-0.24,0.00,-6.63,3.63,-0.42,-0.45,3.92,3.54,-9.56,-0.43,-6.00,240
25820,2,86.21,-0.53,86.00,-0.18,-0.29,0.00,-6.65,3.61,-0.31,-0.59,3.92,3.54,-9.58,-0.45,-6.00,240
25840,2,86.24,-0.02,86.00,-0.24,-0.49,0.00,-6.65,3.60,-0.16,-0.08,3.92,3.54,-9.58,-0.12,-6.00,240
25858,2,86.21,-0.70,86.00,-0.21,-0.37,0.00,-6.66,3.60,-0.20,-0.11,3.92,3.54,-9.59,-0.16,-6.00,240
25880,2,86.08,-2.57,86.00,-0.12,-0.06,0.00,-6.67,3.59,-0.50,-0.29,3.92,3.54,-9.60,-0.39,-6.00,240
25900,2,86.03,-2.85,86.00,-0.03,0.17,0.00,-6.68,3.58,-0.39,-0.45,3.92,3.54,-9.61,-0.42,-6.00,240
25920,2,86.04,-1.96,86.00,-0.04,0.10,0.00,-6.69,3.57,0.03,-0.10,3.92,3.54,-9.62,-0.03,-6.00,240
25940,2,86.05,-1.38,86.00,-0.05,0.02,0.00,-6.69,3.57,0.04,0.05,3.92,3.54,-9.62,0.04,-6.00,240
25960,2,86.05,-1.28,86.00,-0.05,-0.00,0.00,-6.69,3.57,-0.04,0.12,3.92,3.54,-9.62,0.04,-6.00,240
25978,2,86.02,-1.48,86.00,-0.02,0.07,0.00,-6.69,3.57,-0.00,-0.02,3.92,3.54,-9.62,-0.01,-6.00,240
26000,2,85.98,-1.86,86.00,0.01,0.17,0.00,-6.69,3.57,0.00,-0.00,3.92,3.54,-9.62,0.00,-6.00,240
26020,2,85.93,-2.19,86.00,0.06,0.29,0.00,-6.69,3.57,0.03,0.05,3.92,3.54,-9.62,0.04,-6.00,240
26040,2,85.88,-2.29,86.00,0.11,0.40,0.00,-6.69,3.57,0.06,0.09,3.92,3.54,-9.62,0.08,-6.00,240
26060,2,85.87,-1.95,86.00,0.13,0.42,0.00,-6.68,3.58,0.01,0.18,3.92,3.54,-9.61,0.10,-6.00,240
26080,2,85.87,-1.51,86.00,0.13,0.39,0.00,-6.68,3.58,0.19,0.26,3.92,3.54,-9.61,0.22,-6.00,240
26099,2,85.89,-0.91,86.00,0.11,0.29,0.00,-6.67,3.59,0.25,0.24,3.92,3.54,-9.60,0.24,-6.00,240
26120,2,85.89,-0.75,86.00,0.10,0.25,0.00,-6.66,3.60,0.38,0.34,3.92,3.54,-9.59,0.36,-6.00,240
26140,2,85.82,-1.58,86.00,0.17,0.44,0.00,-6.65,3.61,0.19,0.14,3.92,3.54,-9.58,0.16,-6.00,240
26160,2,85.78,-1.70,86.00,0.21,0.57,0.00,-6.65,3.61,0.12,0.09,3.92,3.54,-9.58,0.11,-6.00,240
26180,2,85.78,-1.17,86.00,0.22,0.55,0.00,-6.65,3.61,0.20,0.19,3.92,3.54,-9.58,0.19,-6.00,240
26200,2,85.87,0.46,86.00,0.16,0.32,0.00,-6.64,3.62,0.18,0.35,3.92,3.54,-9.57,0.27,-6.00,240
26220,2,85.99,2.01,86.00,0.04,-0.06,0.00,-6.63,3.64,0.48,0.51,3.92,3.54,-9.56,0.49,-6.00,240
26239,2,85.95,1.07,86.00,0.05,0.01,0.00,-6.61,3.65,0.52,0.12,3.92,3.54,-9.54,0.32,-6.00,240
26260,2,85.86,-0.32,86.00,0.13,0.27,0.00,-6.61,3.65,-0.01,-0.06,3.92,3.54,-9.54,-0.04,-6.00,240
26280,2,85.84,-0.46,86.00,0.15,0.34,0.00,-6.61,3.65,-0.01,0.06,3.92,3.54,-9.54,0.02,-6.00,240
26300,2,85.84,-0.25,86.00,0.16,0.34,0.00,-6.61,3.65,0.02,0.07,3.92,3.54,-9.54,0.05,-6.00,240
26320,2,85.91,0.81,86.00,0.11,0.18,0.00,-6.60,3.66,0.07,0.18,3.92,3.54,-9.53,0.12,-6.00,240
26340,2,86.01,2.08,86.00,0.02,-0.11,0.00,-6.60,3.66,0.23,0.23,3.92,3.54,-9.53,0.23,-6.00,240
26359,2,86.04,2.27,86.00,-0.04,-0.27,0.00,-6.59,3.67,0.26,0.24,3.92,3.54,-9.52,0.25,-6.00,240
26380,2,86.03,1.52,86.00,-0.04,-0.20,0.00,-6.58,3.68,0.06,0.04,3.92,3.54,-9.51,0.05,-6.00,240
26400,2,86.03,1.25,86.00,-0.03,-0.17,0.00,-6.58,3.68,-0.07,-0.07,3.92,3.54,-9.51,-0.07,-6.00,240
26420,2,86.03,0.95,86.00,-0.03,-0.14,0.00,-6.59,3.67,-0.10,-0.15,3.92,3.54,-9.52,-0.12,-6.00,240
26440,2,86.04,0.90,86.00,-0.04,-0.15,0.00,-6.59,3.67,-0.11,-0.12,3.92,3.54,-9.52,-0.12,-6.00,240
26460,2,86.08,1.29,86.00,-0.07,-0.24,0.00,-6.60,3.67,-0.17,-0.10,3.92,3.54,-9.52,-0.13,-6.00,240
26480,2,86.14,1.71,86.00,-0.12,-0.38,0.00,-6.60,3.66,-0.06,-0.12,3.92,3.54,-9.53,-0.09,-6.00,240
26498,2,86.18,1.97,86.00,-0.18,-0.51,0.00,-6.60,3.66,-0.07,-0.13,3.92,3.54,-9.53,-0.10,-6.00,240
26521,2,86.25,2.24,86.00,-0.25,-0.68,0.00,-6.60,3.65,-0.12,-0.14,3.92,3.54,-9.53,-0.13,-6.00,240
26538,2,86.28,2.20,86.00,-0.28,-0.73,0.00,-6.61,3.65,-0.18,-0.14,3.92,3.54,-9.54,-0.16,-6.00,240
26560,2,86.24,0.86,86.00,-0.26,-0.63,0.00,-6.62,3.64,-0.34,-0.27,3.92,3.54,-9.55,-0.30,-6.00,240
26580,2,86.11,-1.22,86.00,-0.15,-0.23,0.00,-6.63,3.63,-0.57,-0.45,3.92,3.54,-9.56,-0.51,-6.00,240
26600,2,86.18,-0.06,86.00,-0.14,-0.24,0.00,-6.65,3.61,-0.50,-0.71,3.92,3.54,-9.58,-0.61,-6.00,240
26619,2,86.26,1.22,86.00,-0.26,-0.63,0.00,-6.66,3.60,-0.22,-0.07,3.92,3.54,-9.59,-0.14,-6.00,240
26640,2,86.30,1.24,86.00,-0.31,-0.73,0.00,-6.66,3.60,-0.13,-0.14,3.92,3.54,-9.59,-0.14,-6.00,240
26660,2,86.22,-0.27,86.00,-0.25,-0.51,0.00,-6.67,3.59,-0.39,-0.32,3.92,3.54,-9.60,-0.35,-6.00,240
26680,2,86.23,-0.16,86.00,-0.22,-0.40,0.00,-6.68,3.58,-0.48,-0.57,3.92,3.54,-9.61,-0.52,-6.00,240
26700,2,86.34,1.23,86.00,-0.32,-0.71,0.00,-6.69,3.56,-0.21,-0.23,3.92,3.54,-9.62,-0.22,-6.00,240
26720,2,86.31,0.30,86.00,-0.33,-0.71,0.00,-6.70,3.56,-0.24,-0.19,3.92,3.54,-9.63,-0.22,-6.00,240
26739,2,86.22,-1.17,86.00,-0.22,-0.35,0.00,-6.71,3.55,-0.59,-0.38,3.92,3.54,-9.64,-0.48,-6.00,240
26760,2,86.18,-1.39,86.00,-0.17,-0.20,0.00,-6.73,3.53,-0.56,-0.55,3.92,3.54,-9.66,-0.56,-6.00,240
26780,2,86.25,-0.14,86.00,-0.24,-0.45,0.00,-6.74,3.52,-0.22,-0.21,3.92,3.54,-9.67,-0.21,-6.00,240
26800,2,86.28,0.11,86.00,-0.27,-0.56,0.00,-6.75,3.51,-0.14,-0.23,3.92,3.54,-9.68,-0.18,-6.00,240
26820,2,86.24,-0.57,86.00,-0.26,-0.49,0.00,-6.75,3.51,-0.20,-0.27,3.92,3.54,-9.68,-0.24,-6.00,240
26840,2,86.22,-0.84,86.00,-0.22,-0.37,0.00,-6.76,3.50,-0.36,-0.41,3.92,3.54,-9.69,-0.38,-6.00,240
26860,2,86.27,-0.11,86.00,-0.26,-0.50,0.00,-6.77,3.48,-0.16,-0.23,3.92,3.54,-9.70,-0.19,-6.00,240
26879,2,86.24,-0.74,86.00,-0.24,-0.41,0.00,-6.78,3.48,-0.25,-0.21,3.92,3.54,-9.71,-0.23,-6.00,240
26900,2,86.08,-3.01,86.00,-0.11,-0.02,0.00,-6.79,3.47,-0.44,-0.36,3.92,3.54,-9.72,-0.40,-6.00,240
26920,2,85.98,-3.90,86.00,-0.00,0.29,0.00,-6.80,3.46,-0.52,-0.34,3.92,3.54,-9.73,-0.43,-6.00,240
26939,2,85.98,-3.33,86.00,0.02,0.30,0.00,-6.81,3.45,-0.10,-0.20,3.92,3.54,-9.74,-0.15,-6.00,240
26960,2,85.97,-2.75,86.00,0.02,0.27,0.00,-6.81,3.45,0.03,0.06,3.92,3.54,-9.74,0.04,-6.00,240
26980,2,85.94,-2.65,86.00,0.05,0.32,0.00,-6.81,3.45,0.04,0.05,3.92,3.54,-9.74,0.05,-6.00,240
26999,2,85.92,-2.50,86.00,0.08,0.35,0.00,-6.81,3.45,0.07,0.17,3.92,3.54,-9.74,0.12,-6.00,240
27020,2,85.90,-2.05,86.00,0.10,0.36,0.00,-6.80,3.46,0.19,0.23,3.92,3.54,-9.73,0.21,-6.00,240
27040,2,85.89,-1.72,86.00,0.11,0.35,0.00,-6.80,3.47,0.29,0.26,3.92,3.54,-9.72,0.28,-6.00,240
27060,2,85.85,-1.76,86.00,0.14,0.41,0.00,-6.79,3.47,0.30,0.18,3.92,3.54,-9.72,0.24,-6.00,240
27080,2,85.80,-1.95,86.00,0.18,0.51,0.00,-6.78,3.48,0.32,0.18,3.92,3.54,-9.71,0.25,-6.00,240
27100,2,85.74,-2.29,86.00,0.24,0.66,0.00,-6.77,3.49,0.27,0.18,3.92,3.54,-9.70,0.22,-6.00,240
27122,2,85.70,-2.15,86.00,0.30,0.77,0.00,-6.77,3.49,0.16,0.17,3.92,3.54,-9.70,0.16,-6.00,240
27150,2,85.92,1.56,86.00,0.13,0.19,0.00,-6.76,3.50,0.29,0.35,3.92,3.54,-9.69,0.32,-6.00,240
27166,2,85.88,0.77,86.00,0.12,0.17,0.00,-6.75,3.52,0.63,0.63,3.92,3.54,-9.68,0.63,-6.00,240
27189,2,85.72,-1.41,86.00,0.28,0.67,0.00,-6.72,3.53,0.14,0.14,3.92,3.54,-9.65,0.14,-6.00,240
27206,2,85.74,-0.89,86.00,0.26,0.60,0.00,-6.72,3.54,0.01,0.09,3.92,3.54,-9.65,0.05,-6.00,240
27230,2,85.86,1.21,86.00,0.17,0.28,0.00,-6.72,3.55,0.36,0.45,3.92,3.54,-9.64,0.40,-6.00,240
27246,2,85.87,1.10,86.00,0.13,0.17,0.00,-6.71,3.56,0.55,0.51,3.92,3.54,-9.63,0.53,-6.00,240
27268,2,85.75,-0.80,86.00,0.25,0.56,0.00,-6.69,3.57,0.31,0.08,3.92,3.54,-9.62,0.20,-6.00,240
27286,2,85.72,-1.05,86.00,0.28,0.65,0.00,-6.69,3.57,0.05,0.06,3.92,3.54,-9.62,0.05,-6.00,240
27309,2,85.78,0.21,86.00,0.22,0.43,0.00,-6.68,3.58,0.20,0.33,3.92,3.54,-9.61,0.26,-6.00,240
27326,2,85.92,2.15,86.00,0.08,-0.01,0.00,-6.67,3.59,0.35,0.57,3.92,3.54,-9.60,0.46,-6.00,240
27349,2,85.94,1.89,86.00,0.06,-0.03,0.00,-6.66,3.61,0.52,0.33,3.92,3.54,-9.58,0.42,-6.00,240
27366,2,85.86,0.33,86.00,0.14,0.25,0.00,-6.65,3.61,0.23,-0.02,3.92,3.54,-9.58,0.11,-6.00,240
27388,2,85.85,0.06,86.00,0.15,0.30,0.00,-6.65,3.61,-0.03,0.05,3.92,3.54,-9.58,0.01,-6.00,240
27406,2,85.84,0.10,86.00,0.15,0.30,0.00,-6.65,3.61,0.04,0.13,3.92,3.54,-9.58,0.08,-6.00,240
27430,2,85.93,1.33,86.00,0.09,0.10,0.00,-6.64,3.62,0.19,0.18,3.92,3.54,-9.57,0.18,-6.00,240
27446,2,85.99,1.99,86.00,0.01,-0.14,0.00,-6.64,3.62,0.18,0.32,3.92,3.54,-9.57,0.25,-6.00,240
27469,2,86.00,1.77,86.00,-0.00,-0.15,0.00,-6.63,3.63,0.22,0.15,3.92,3.54,-9.56,0.18,-6.00,240
27486,2,86.00,1.34,86.00,-0.00,-0.11,0.00,-6.63,3.63,0.05,-0.04,3.92,3.54,-9.56,0.01,-6.00,240
27508,2,86.02,1.37,86.00,-0.02,-0.16,0.00,-6.63,3.63,-0.01,-0.02,3.92,3.54,-9.56,-0.01,-6.00,240
27526,2,86.04,1.27,86.00,-0.04,-0.18,0.00,-6.63,3.63,-0.01,-0.08,3.92,3.54,-9.56,-0.05,-6.00,240
27549,2,86.05,1.23,86.00,-0.05,-0.21,0.00,-6.63,3.63,-0.04,-0.13,3.92,3.54,-9.56,-0.08,-6.00,240
27566,2,86.07,1.19,86.00,-0.07,-0.24,0.00,-6.63,3.63,-0.12,-0.16,3.92,3.54,-9.56,-0.14,-6.00,240
27589,2,86.09,1.16,86.00,-0.09,-0.28,0.00,-6.64,3.62,-0.19,-0.11,3.92,3.54,-9.57,-0.15,-6.00,240
27606,2,86.13,1.47,86.00,-0.13,-0.38,0.00,-6.64,3.62,-0.18,-0.16,3.92,3.54,-9.57,-0.17,-6.00,240
27630,2,86.20,1.91,86.00,-0.19,-0.52,0.00,-6.64,3.61,-0.10,-0.19,3.92,3.54,-9.58,-0.14,-6.00,240
27646,2,86.24,2.09,86.00,-0.23,-0.62,0.00,-6.65,3.61,-0.16,-0.11,3.92,3.54,-9.58,-0.14,-6.00,240
27669,2,86.24,1.47,86.00,-0.24,-0.60,0.00,-6.65,3.60,-0.26,-0.20,3.92,3.54,-9.58,-0.23,-6.00,240
27686,2,86.16,-0.15,86.00,-0.16,-0.31,0.00,-6.66,3.60,-0.45,-0.24,3.92,3.54,-9.59,-0.35,-6.00,240
27709,2,86.06,-1.44,86.00,-0.06,-0.01,0.00,-6.68,3.58,-0.58,-0.58,3.92,3.54,-9.61,-0.58,-6.00,240
27726,2,86.21,0.93,86.00,-0.21,-0.50,0.00,-6.69,3.57,-0.12,-0.57,3.92,3.54,-9.62,-0.35,-6.00,240
27749,2,86.28,2.01,86.00,-0.28,-0.72,0.00,-6.69,3.56,0.00,0.02,3.92,3.54,-9.62,0.01,-6.00,240
27765,2,86.31,1.67,86.00,-0.31,-0.78,0.00,-6.69,3.56,-0.15,-0.06,3.92,3.54,-9.62,-0.11,-6.00,240
27790,2,86.23,-0.14,86.00,-0.25,-0.54,0.00,-6.71,3.56,-0.51,-0.29,3.92,3.54,-9.64,-0.40,-6.00,240
27806,2,86.16,-0.96,86.00,-0.16,-0.25,0.00,-6.72,3.55,-0.59,-0.50,3.92,3.54,-9.65,-0.55,-6.00,240
27830,2,86.29,0.85,86.00,-0.26,-0.57,0.00,-6.73,3.52,-0.24,-0.47,3.92,3.54,-9.67,-0.35,-6.00,240
27846,2,86.28,0.69,86.00,-0.28,-0.61,0.00,-6.74,3.52,-0.22,-0.25,3.92,3.54,-9.67,-0.23,-6.00,240
27869,2,86.25,0.01,86.00,-0.25,-0.51,0.00,-6.75,3.51,-0.46,-0.29,3.92,3.54,-9.68,-0.38,-6.00,240
27886,2,86.27,0.20,86.00,-0.27,-0.55,0.00,-6.76,3.50,-0.56,-0.42,3.92,3.54,-9.69,-0.49,-6.00,240
27908,2,86.41,1.83,86.00,-0.41,-0.96,0.00,-6.77,3.48,-0.23,-0.29,3.92,3.54,-9.70,-0.26,-6.00,240
27926,2,86.41,1.38,86.00,-0.42,-0.94,0.00,-6.78,3.48,-0.18,-0.22,3.92,3.54,-9.71,-0.20,-6.00,240
27949,2,86.29,-0.94,86.00,-0.29,-0.50,0.00,-6.79,3.47,-0.56,-0.49,3.92,3.54,-9.72,-0.53,-6.00,240
27965,2,86.23,-1.77,86.00,-0.23,-0.32,0.00,-6.81,3.45,-0.71,-0.75,3.92,3.54,-9.74,-0.73,-6.00,240
27990,2,86.14,-2.47,86.00,-0.16,-0.14,0.00,-6.83,3.43,-0.47,-0.55,3.92,3.54,-9.76,-0.51,-6.00,240
28006,2,86.13,-2.27,86.00,-0.14,-0.09,0.00,-6.84,3.42,-0.42,-0.44,3.92,3.54,-9.77,-0.43,-6.00,240
28028,2,86.25,-0.44,86.00,-0.25,-0.46,0.00,-6.85,3.41,-0.14,-0.04,3.92,3.54,-9.78,-0.09,-6.00,240
28046,2,86.27,-0.26,86.00,-0.27,-0.53,0.00,-6.85,3.41,-0.01,-0.06,3.92,3.54,-9.78,-0.03,-6.00,240
28069,2,86.21,-1.49,86.00,-0.21,-0.31,0.00,-6.85,3.40,-0.16,-0.17,3.92,3.54,-9.79,-0.17,-6.00,240
28086,2,86.06,-3.60,86.00,-0.06,0.17,0.00,-6.86,3.40,-0.33,-0.24,3.92,3.54,-9.79,-0.28,-6.00,240
28109,2,85.87,-5.58,86.00,0.13,0.71,0.00,-6.87,3.39,-0.40,-0.45,3.92,3.54,-9.80,-0.42,-6.00,224
28126,2,85.80,-5.25,86.00,0.20,0.81,0.00,-6.88,3.38,-0.39,-0.21,3.92,3.54,-9.81,-0.30,-6.00,224
28148,2,85.81,-3.76,86.00,0.19,0.67,0.00,-6.88,3.38,0.13,0.14,3.92,3.54,-9.81,0.13,-6.00,240
28166,2,85.90,-1.59,86.00,0.09,0.32,0.00,-6.88,3.38,0.26,0.41,3.92,3.54,-9.81,0.33,-6.00,240
28189,2,85.94,-0.69,86.00,0.06,0.17,0.00,-6.86,3.40,0.54,0.58,3.92,3.54,-9.79,0.56,-6.00,240
28206,2,85.80,-2.43,86.00,0.20,0.60,0.00,-6.85,3.41,0.42,0.20,3.92,3.54,-9.78,0.31,-6.00,240
28230,2,85.81,-1.39,86.00,0.20,0.53,0.00,-6.84,3.42,0.04,0.17,3.92,3.54,-9.77,0.10,-6.00,240
28246,2,85.85,-0.59,86.00,0.15,0.35,0.00,-6.84,3.42,0.23,0.37,3.92,3.54,-9.77,0.30,-6.00,240
28269,2,85.85,-0.36,86.00,0.15,0.33,0.00,-6.82,3.44,0.39,0.45,3.92,3.54,-9.75,0.42,-6.00,240
28285,2,85.76,-1.44,86.00,0.21,0.51,0.00,-6.81,3.45,0.33,0.27,3.92,3.54,-9.74,0.30,-6.00,240
28310,2,85.70,-1.68,86.00,0.30,0.74,0.00,-6.81,3.45,0.04,0.17,3.92,3.54,-9.74,0.11,-6.00,240
28326,2,85.77,-0.22,86.00,0.23,0.47,0.00,-6.81,3.46,0.15,0.21,3.92,3.54,-9.73,0.18,-6.00,240
28350,2,85.97,2.52,86.00,0.07,-0.02,0.00,-6.79,3.47,0.55,0.60,3.92,3.54,-9.72,0.57,-6.00,240
28366,2,85.89,0.94,86.00,0.11,0.15,0.00,-6.78,3.49,0.65,0.39,3.92,3.54,-9.70,0.52,-6.00,240
28389,2,85.76,-1.06,86.00,0.24,0.56,0.00,-6.77,3.49,0.01,-0.06,3.92,3.54,-9.70,-0.02,-6.00,240
28405,2,85.76,-0.74,86.00,0.24,0.55,0.00,-6.77,3.49,-0.02,0.03,3.92,3.54,-9.70,0.01,-6.00,240
28429,2,85.82,0.47,86.00,0.18,0.31,0.00,-6.76,3.50,0.23,0.42,3.92,3.54,-9.69,0.33,-6.00,240
28446,2,85.92,1.71,86.00,0.08,0.03,0.00,-6.75,3.51,0.40,0.44,3.92,3.54,-9.68,0.42,-6.00,240
28469,2,85.93,1.44,86.00,0.07,0.03,0.00,-6.74,3.52,0.41,0.31,3.92,3.54,-9.67,0.36,-6.00,240
28486,2,85.87,0.34,86.00,0.13,0.23,0.00,-6.73,3.53,0.20,0.07,3.92,3.54,-9.66,0.14,-6.00,240
28509,2,85.87,0.25,86.00,0.13,0.23,0.00,-6.73,3.53,-0.04,-0.01,3.92,3.54,-9.66,-0.02,-6.00,240
28526,2,85.90,0.58,86.00,0.10,0.16,0.00,-6.73,3.53,0.02,0.09,3.92,3.54,-9.66,0.05,-6.00,240
28548,2,85.93,0.94,86.00,0.07,0.06,0.00,-6.73,3.53,0.12,0.16,3.92,3.54,-9.66,0.14,-6.00,240
28566,2,85.98,1.42,86.00,0.02,-0.07,0.00,-6.72,3.54,0.14,0.17,3.92,3.54,-9.65,0.15,-6.00,240
28589,2,86.01,1.49,86.00,-0.01,-0.14,0.00,-6.72,3.54,0.15,0.09,3.92,3.54,-9.65,0.12,-6.00,240
28606,2,86.02,1.28,86.00,-0.02,-0.15,0.00,-6.72,3.55,0.09,0.05,3.92,3.54,-9.64,0.07,-6.00,240
28629,2,86.02,1.02,86.00,-0.02,-0.13,0.00,-6.72,3.55,0.01,-0.04,3.92,3.54,-9.64,-0.01,-6.00,240
28646,2,86.02,0.80,86.00,-0.02,-0.11,0.00,-6.72,3.54,-0.04,-0.09,3.92,3.54,-9.65,-0.06,-6.00,240
28668,2,86.02,0.53,86.00,-0.02,-0.08,0.00,-6.72,3.54,-0.13,-0.07,3.92,3.54,-9.65,-0.10,-6.00,240
28686,2,86.04,0.67,86.00,-0.04,-0.13,0.00,-6.72,3.54,-0.13,-0.10,3.92,3.54,-9.65,-0.12,-6.00,240
28709,2,86.07,0.99,86.00,-0.07,-0.22,0.00,-6.72,3.54,-0.01,-0.08,3.92,3.54,-9.65,-0.04,-6.00,240
28726,2,86.11,1.29,86.00,-0.11,-0.32,0.00,-6.72,3.53,-0.01,-0.06,3.92,3.54,-9.65,-0.03,-6.00,240
28750,2,86.16,1.51,86.00,-0.15,-0.42,0.00,-6.73,3.53,-0.11,-0.09,3.92,3.54,-9.66,-0.10,-6.00,240
28766,2,86.18,1.51,86.00,-0.18,-0.48,0.00,-6.73,3.53,-0.08,-0.10,3.92,3.54,-9.66,-0.09,-6.00,240
28788,2,86.18,1.15,86.00,-0.18,-0.46,0.00,-6.74,3.52,-0.22,-0.17,3.92,3.54,-9.67,-0.20,-6.00,240
28806,2,86.14,0.13,86.00,-0.14,-0.28,0.00,-6.74,3.52,-0.33,-0.20,3.92,3.54,-9.67,-0.27,-6.00,240
28829,2,86.08,-0.72,86.00,-0.08,-0.10,0.00,-6.76,3.51,-0.44,-0.40,3.92,3.54,-9.68,-0.42,-6.00,240
28846,2,86.13,0.18,86.00,-0.13,-0.27,0.00,-6.76,3.50,-0.38,-0.44,3.92,3.54,-9.69,-0.41,-6.00,240
28869,2,86.25,1.87,86.00,-0.25,-0.65,0.00,-6.77,3.49,-0.03,0.03,3.92,3.54,-9.70,-0.00,-6.00,240
28886,2,86.31,2.25,86.00,-0.31,-0.80,0.00,-6.77,3.49,-0.03,-0.02,3.92,3.54,-9.70,-0.02,-6.00,240
28909,2,86.31,1.61,86.00,-0.31,-0.75,0.00,-6.78,3.48,-0.27,-0.21,3.92,3.54,-9.71,-0.24,-6.00,240
28925,2,86.23,0.01,86.00,-0.26,-0.57,0.00,-6.78,3.48,-0.36,-0.33,3.92,3.54,-9.71,-0.35,-6.00,240
30674,2,86.32,-0.49,86.00,-0.32,-0.61,0.00,-6.80,3.46,-0.68,-0.62,3.92,3.54,-9.73,-0.65,-6.00,240
30677,2,86.32,-0.49,86.00,-0.32,-0.61,0.00,-6.82,3.44,-0.30,-0.58,3.92,3.54,-9.75,-0.44,-6.00,240
30872,2,73.15,-0.08,86.08,12.85,25.00,0.00,-7.62,2.64,-0.33,-0.46,3.92,3.54,-10.55,-0.40,-5.92,232
30875,2,72.86,0.01,86.16,12.85,25.00,0.00,-7.63,2.63,-0.31,-0.30,3.92,3.54,-10.56,-0.30,-5.84,232
[Balance] --- End of log ---
